ABB,ACC,APLAPOLLO,AUBANK,ADANIENSOL,ADANIENT,ADANIGREEN,ADANIPORTS,ADANIPOWER,ATGL,ABCAPITAL,ABFRL,ALKEM,AMBUJACEM,APOLLOHOSP,APOLLOTYRE,ASHOKLEY,ASIANPAINT,ASTRAL,AUROPHARMA,DMART,AXISBANK,BSE,BAJAJ-AUTO,BAJFINANCE,BAJAJFINSV,BAJAJHLDNG,BALKRISIND,BANDHANBNK,BANKBARODA,BANKINDIA,MAHABANK,BDL,BEL,BHARATFORG,BHEL,BPCL,BHARTIARTL,BHARTIHEXA,BIOCON,BOSCHLTD,BRITANNIA,CGPOWER,CANBK,CHOLAFIN,CIPLA,COALINDIA,COCHINSHIP,COFORGE,COLPAL,CONCOR,CUMMINSIND,DLF,DABUR,DELHIVERY,DIVISLAB,DIXON,DRREDDY,EICHERMOT,ESCORTS,EXIDEIND,NYKAA,FEDERALBNK,FACT,GAIL,GMRINFRA,GODREJCP,GODREJPROP,GRASIM,HCLTECH,HDFCAMC,HDFCBANK,HDFCLIFE,HAVELLS,HEROMOTOCO,HINDALCO,HAL,HINDPETRO,HINDUNILVR,HINDZINC,HUDCO,ICICIBANK,ICICIGI,ICICIPRULI,IDBI,IDFCFIRSTB,IRB,ITC,INDIANB,INDHOTEL,IOC,IOB,IRCTC,IRFC,IREDA,IGL,INDUSTOWER,INDUSINDBK,NAUKRI,INFY,INDIGO,JSWENERGY,JSWINFRA,JSWSTEEL,JINDALSTEL,JIOFIN,JUBLFOOD,KPITTECH,KALYANKJIL,KOTAKBANK,LTF,LICHSGFIN,LTIM,LT,LICI,LUPIN,MRF,LODHA,M&MFIN,M&M,MRPL,MANKIND,MARICO,MARUTI,MFSL,MAXHEALTH,MAZDOCK,MPHASIS,MUTHOOTFIN,NHPC,NLCINDIA,NMDC,NTPC,NESTLEIND,OBEROIRLTY,ONGC,OIL,PAYTM,OFSS,POLICYBZR,PIIND,PAGEIND,PATANJALI,PERSISTENT,PETRONET,PHOENIXLTD,PIDILITIND,POLYCAB,POONAWALLA,PFC,POWERGRID,PRESTIGE,PNB,RECLTD,RVNL,RELIANCE,SBICARD,SBILIFE,SJVN,SRF,MOTHERSON,SHREECEM,SHRIRAMFIN,SIEMENS,SOLARINDS,SONACOMS,SBIN,SAIL,SUNPHARMA,SUNDARMFIN,SUPREMEIND,SUZLON,TVSMOTOR,TATACHEM,TATACOMM,TCS,TATACONSUM,TATAELXSI,TATAMOTORS,TATAPOWER,TATASTEEL,TATATECH,TECHM,TITAN,TORNTPHARM,TORNTPOWER,TRENT,TIINDIA,UPL,ULTRACEMCO,UNIONBANK,UNITDSPR,VBL,VEDL,IDEA,VOLTAS,WIPRO,YESBANK,ZOMATO,ZYDUSLIFE
,,,,,,,,,,,,,,,,,,,,,,,,,,,,,,,,,,,,,,,,,,,,,,,,,,,,,,,,,,,,,,,,,,,,,,,,,,,,,,,,,,,,,,,,,,,,,,,,,,,,,,,,,,,,,,,,,,,,,,,,,,,,,,,,,,,,,,,,,,,,,,,,,,,,,,,,,,,,,,,,,,,,,,,,,,,,,,,,,,,,,,,,,,,,,,,,,,,,,,,
-0.029998107262274587,0.04442728040894295,0.27494233640572574,-1.535826427309983,-0.8820270685906295,-1.340539732780932,-0.8304862629655352,-0.19766024691781903,0.9580632070887329,-0.2447101736742563,0.14416791453801814,-0.9349428020162365,-1.348591257335019,0.24920315040821706,-1.5269153646780942,1.0162843804932153,-2.187653921293997,1.1892379966355948,-0.14685881908687026,0.1558974480966313,1.1851357788433603,-0.6369414915979532,-3.773417200782847,-0.6674749882073838,0.11404529749792225,-0.2138117047684629,-1.5116388312416573,-1.272135984559275,-0.6935467065481871,-0.17578517954259798,0.01814075223176559,-1.1041303187687257,0.4758857534548966,1.5253458164642408,-1.5916740186733391,-0.23979199134981366,-0.8046391520881269,0.4093388528642494,-0.6162510885095229,-1.3871246476442889,1.873806128978961,1.8003809566120355,4.563244390750887,-0.7645987372509766,-1.326574091364352,0.5758374238187258,0.13357310859918314,0.23683974854051826,-0.742561319906021,3.053875927289984,-0.28364208810052194,-0.23466668110967426,-1.387693756746966,1.4109180407898325,-0.23446789253467326,-0.008155588153035964,0.07194794160465534,0.023802449614329646,-0.48915481436525576,2.6646049506177105,0.571063096028035,-1.5780031214481904,-0.026069123498584368,-0.048624360811366785,1.0804837580989046,,-0.6396718111182587,-1.8593126482766786,-0.31246165585151475,0.34487165247427676,-2.131847093391248,-0.6473164848890711,-0.42561283112678705,0.408052724195751,-0.07856023756758201,0.3635552523158392,-0.2785012732232972,-1.5324172571887562,0.2034460536466165,-0.5809883389667037,-0.18061010284287082,-0.09291187124245148,-1.1127246813602554,-1.591346106022018,-4.715832855594604,-0.08817850333575628,1.4424155837259311,2.2075342982495805,0.03829779798643074,-0.8756525609474153,-1.350272119450413,-0.2357259085084107,-1.1005445646685486,-0.3963575628491811,-0.3758078138570653,0.02903724777205685,0.8939253948448078,-0.9509672579263606,-2.012985233312803,-2.0332040675054452,-1.4143530644316393,-1.8486840963683693,-1.3662131594443072,-0.8882085109378934,-1.9591639759496404,0.5159595707708853,-1.2272854487224816,0.5150272535255018,-1.1761225417527554,0.8021805855792596,0.33265529724626486,1.4341958406910216,,1.1488445700672312,-1.9953955560204517,-0.3942406659654174,-0.9277646623408797,-1.3159991905037471,-1.9876562204092396,-2.907179142337235,0.3041471443571142,-0.10913848291982386,2.002527878132465,0.2643715373908062,-0.4040529742830534,-0.5085218999278718,-0.951245819067581,-1.5467228554436718,-0.26467404003064354,-1.4168874427645806,-1.1199076546382414,0.10184370970973688,-0.9824694565511605,-0.5333795604106295,-0.4941842909287453,0.13710456576674357,-0.05122249550699731,-1.9337055479308418,-0.9198941435910601,-1.916471425614763,-0.37747942341763707,0.4190334982201893,0.4407439159454629,-0.1505605137769983,-0.7732121320226937,-0.43055177165781666,-0.41136973275739397,-0.21810955472969518,0.45390634584470124,-0.5369964279912431,0.29148635517086685,-1.145645861833644,-0.5618534477254578,-1.380672572861552,-1.960151648790076,-2.070862138199292,-0.012438818656734796,-0.6219720485663105,-2.6099542148794064,-0.505120749492538,0.694817826408145,-1.347937244141606,1.5044144730417264,0.6736298002079089,-0.13031120191056011,-1.6209634266807216,0.06858555389266385,-0.49475732145285445,0.5549668319572598,-2.8473106651076496,-0.7833168181666461,0.1953135847791332,0.6326803747414456,0.3159787755716126,-0.7053092966873731,-0.29090831382656557,0.28237033026980995,-1.9482982140258343,,0.821881627101706,0.5532671286095914,-0.7400197986275336,-0.9494505278777376,-0.24465219748295297,-0.47806318923083735,-1.6822779970859347,1.1937720351304915,0.6183447166516087,-0.13255557536092644,0.9504075238652376,-1.7784093802861944,2.301992425172328,-2.1197566537079493,-0.9069531221049032,-1.2176620769095536,1.0814364091608741,-0.49470202134754837,2.2483943759763925,,0.2503591519239068
2.568515239523017,0.9212948552383304,2.1873308857906615,0.48743665191115504,0.3271608872769338,1.7597039971569695,1.9759154672105872,1.713899028547461,1.0322196965910413,0.5160000293352063,0.7917875260486706,7.756949086440401,-0.056566628775822636,0.6924620826857408,0.8081488086271182,1.168325958689742,0.8269037871487139,2.048755542272085,3.493157268350422,-0.2821309801715022,-0.4352804038906033,1.5595136798010278,4.016792717534967,3.8869237274513635,1.310019901613324,1.5678111141042006,-1.7697764793446535,1.4676376539144664,-0.28430639721735984,0.6828981695768954,1.4507255020501653,0.11549272899100682,1.6020082637375754,1.2181929733248165,1.7800725271755358,2.0239455826368324,2.125240871614098,0.6247342242239773,-0.22547640595437235,1.2056821193888512,2.064571840940399,0.38633124676104025,3.298292150935489,1.2616772950688082,2.3298358183418744,-0.1384178379854717,0.8271000792555716,4.085320483293775,2.3371702424739293,1.2179443798154166,2.3134731239481177,1.4087138641737162,1.2516079624653953,0.48935479188525477,1.2178212489458495,-0.6279035662178245,5.34451937422078,1.5713092462940947,2.9002184663087904,2.1357618197094475,4.037858619695389,1.5555081147057948,0.9754311312157871,2.957078441409733,1.6582811050213087,,1.1427574606542423,0.23103753714464048,1.0195921825383758,0.9348515000329405,2.132526154579084,-0.10508991029281045,1.262874233111555,3.185627652888323,3.072115806567033,2.2231611842844945,2.238832737150087,2.4873632819238933,-0.3872541708392796,3.971379867682434,3.354691015667699,0.9443376246108581,0.038050361999686366,1.4920431004723067,1.6108379973244213,1.3972680379072289,0.8857801711952051,-0.9517980212299437,2.3579873168379617,0.18458780724621704,2.1519508655055475,2.0477783569761376,1.734223849890637,2.057404260288931,1.4305984205683409,2.0266918168957204,0.2362611870555753,1.8052679579404707,1.0013989533421253,2.0277632310628846,0.4250797024442088,2.589823674954217,0.8277110559264722,0.8669404688121718,1.8027075782400814,0.7539213744717665,0.5017995027052358,2.9399419541976224,1.170279824526621,0.4234035387930657,2.5004536173105496,1.4769406882222391,,-0.07220498850416535,0.8214504709590287,0.16360097868592938,2.7526455722713727,1.2496804727113453,1.39791578862003,3.622442142229154,3.1552269615414907,2.002913407621998,0.7646270249083598,0.6490396878773064,1.6851829249059591,2.3304073596517316,1.928477480359736,4.788380328706099,2.73713304233274,1.722116281675401,2.593842062351559,1.1918582329948801,0.9617027763027197,1.5741296849916653,1.7010127184349688,2.143690837438461,2.4980791761000987,2.386085238452784,2.158309618106391,2.5751058464288157,1.9730340084850084,1.093942392506464,0.9113309758483235,2.1581368224767417,2.894264612872788,0.9246913310126725,2.462049086524254,0.7544804693745633,-0.6604045108453915,2.5941450889134243,1.6712151953195864,1.0500734595433547,1.3977051299023602,3.1143016123724276,4.329163758748744,-0.24314600515965568,0.9147480463784774,0.23816320025478177,0.5018029946808333,2.1647162865666036,4.301882456893691,2.032453845645077,1.439024870464678,2.454548533975953,1.819498150518295,1.749238525135688,0.4423647501889283,2.0478648917749087,-1.9567257798816518,-0.9991896833410507,2.317061132291065,2.534113587528397,2.429347773666124,2.0799343902742073,0.800727850527827,0.9044683161593348,0.9667659403606699,2.350017648920666,,1.7105382808065617,1.09400395224164,3.027774899295288,1.626833735374511,-0.2810876281551522,0.6882414504139733,2.8273241241818736,2.869010200387767,6.054154890197538,1.704509987280467,1.4715182763147094,2.675860588208945,0.7780357291138351,1.683266566671704,2.4604796274930507,0.7704189907274728,2.7583741594335853,0.38089921846058417,2.356014903682402,,1.0193166587500802
0.40567091799443844,0.19797934403356088,0.847658368694626,-1.8363297586890703,-0.4695801873671357,-0.4377932959519937,0.24689902024666033,0.06739270115290186,0.24717427335785302,0.28611194805632234,-1.8568048263216785,-0.035991337547758295,-1.0187663021121063,0.026455824775473147,0.1368733097811603,4.319925772963118,1.8433192377060648,-1.1750046182007479,0.7532160776883234,-0.2731695407774404,-1.159473346344131,-0.49930332311479697,0.6329083370764543,0.7081565896100983,0.08432486866878364,0.638022959874851,0.6058714664725517,1.6185898826570844,0.43386664941922337,0.9598149878595086,0.9205425844859949,0.8652189074971783,0.8500757994056363,0.722125547575625,0.727975065107378,1.342945742473134,0.06354366449108362,-0.7050440674491676,0.14124209091006534,1.0069541612605093,1.2994974694154005,0.7696889446261235,3.1302306654986456,0.9701423285184863,-1.5407923885400687,-1.1340765287007892,0.5821740453422874,3.8771827576816076,-0.5667070681118047,2.266763247726078,0.9730252505752768,-1.3839889030550112,0.868639500897328,4.000757733205029,-0.35884162681398823,0.4513399539623375,-0.16494813280314435,-2.0470362039330947,1.098721864829888,0.17563114612824116,0.9581616791560776,-0.5176877068395758,-0.01033751962012941,3.8960311145924464,1.9040564256549652,,2.1483074932547863,1.331834500110607,-0.859508082158722,-0.18388996355481746,-0.8782142607065113,-0.6416915096540965,0.1215182018753369,0.5463169937736545,1.2967079011816596,0.1876160610602584,0.49440492266570324,-0.16872356461459237,1.0379401620277617,1.1470506042511541,2.3468118566205787,-1.1906445480868166,-0.956374825718942,0.30388076236385064,2.458356478604662,0.7977902769878753,-1.1090564144400905,0.2217587964585377,-0.6507122316909975,0.7567258965979429,0.04301004956976939,2.9071291462997806,1.1435419874785024,2.0325196696440395,1.14378733204481,2.816097637904713,-2.931641738406754,-0.21915998605899212,-0.5248887026776283,-0.04668274665472483,-0.07936507936507908,2.0355174886150573,1.4240216331906197,0.820855618143379,1.2774640417152705,-0.7323644706901278,0.7449536267943868,-1.5830288227509315,-0.2646695653942821,-1.325814015206861,-0.29650951516922985,-1.2335872382710389,,-0.6530685452386886,0.5819728592008744,-0.4373079631444732,6.248501149312502,-1.0437391632328819,1.2427204866835684,-2.4401225977027208,0.6991325952995231,0.888577387128664,1.4356039229059814,-0.3022783647020022,-0.3253085512309406,-1.6423886639340801,2.9284304693821817,-0.646926761091271,-0.41697669411261407,1.2729134584412716,1.069302876392042,4.567650027890635,1.6933630164311486,2.256468962985503,0.8301749019000715,0.32254902059871693,0.499934443948713,1.7883132151430337,0.0472100014887733,0.545035470215649,-0.3848404105294412,0.7585894725093523,0.6132200030445123,-0.32287559237256236,0.054090915215554425,3.2034788055318675,0.051195433433437465,0.47588938364897526,-0.6881297231236427,0.7957974111804322,2.4477324421315894,-0.7983864177236066,0.5572395122112495,1.0667731578835937,5.115602145902032,0.9306434069823899,-2.1520574665559122,0.25969076886718234,-0.254953892191756,0.17944954317745676,-0.27908493867730977,0.41847553752671907,-0.6795717308987426,1.637525027231379,-0.1993445248709702,-1.2976913561418946,-0.26672590996965617,1.6516632038383605,0.12153049467473753,-3.2255851171141714,0.36066167192778664,0.6740397261224107,0.39925942650447244,-0.8937553378309593,-0.6085865763586273,-0.03534827486204595,2.3333768968736512,1.278705271132341,,1.4452838833195925,1.421526407233853,0.5833184308929207,0.4848978006685378,0.0552753580612686,-0.03906573990958284,3.3756044326548773,-0.6972461786227568,-2.9736744173085583,-2.3765381304650224,-0.7484828030291713,-0.3901399881628631,0.9688077698407405,0.7772247478140981,0.13921227936100067,-0.45871151599657933,2.032712047391927,0.22765841726875014,0.0,,0.5095549253719467
0.7808533675120577,1.1580625767269703,1.2759326527945758,0.7976864333272937,0.08518765801210915,0.6375819464373267,0.1981085473534483,-0.2843889641779396,0.15616211413302938,0.21817813673083997,1.600870947344002,-2.2923620255767885,0.8672480087384526,1.1458851798655356,0.7029358704512045,-0.44074806982250525,-0.12270959023887862,0.5472369611976946,0.5500985879206111,1.2424194927967758,1.6773504273504214,-0.14201243111910955,0.9023824310754769,0.946791931789126,0.6965566735277484,0.5214980605996455,3.1933450726791213,0.12284499255130754,1.660085133301581,0.7394278687265388,0.575630181156539,0.6862421647967576,-0.43505107780568153,0.5576191971336408,0.08814875196427874,0.8834331339882651,-0.031751656079725965,-0.17485827846893676,0.823698211546775,1.530466512915285,-0.5203999621222755,0.2800692779446834,-0.858520090329451,2.044082177830253,0.5868433870515277,0.586294526253095,2.5519634855370343,-0.034522353435728625,-1.2994329138320104,-1.3174921315536992,0.7342117860013708,1.5366901892417628,1.2718669293965146,-0.20198128369159907,1.260462315622557,0.7107251307686413,1.1735876705890602,0.677991179343862,0.3543907367112187,0.7423858696184116,0.6967730565661912,2.2320670677971943,-0.17048783107806997,1.7991660617419525,-0.7083423250291987,,-0.6465176954923213,1.703572769895123,0.05754710656196149,0.02729217962833541,1.2114633725828883,1.053464810604532,-0.8048576456898493,-1.0550940339253745,0.696538086845222,3.0515256692235315,-0.01122653247432881,0.6890349110459493,-0.45947407975656107,0.8391914960199198,0.060105899616780256,0.2008334242761034,-0.03839642293447243,-0.21289252498096767,1.6033190559841426,1.5829629288684588,0.46728934176891723,1.22924981925574,0.9561061958530903,1.090657299574782,0.6231129340841468,-1.3249969482421853,0.11937836429936066,0.4797160976937054,1.0822710536871227,1.0374948817439167,-1.608746895627533,2.2497267402461274,0.13924817338126783,-1.3077949791933219,1.314976612832064,-0.440054190183925,1.2718817827560347,2.70114883054291,5.455565796981499,0.6255080185989303,-0.11799727623034162,0.8539933377450959,1.0615177798767972,0.9111984582200083,2.3520955275370126,0.11681212984318012,,0.7245010603295521,0.7579686206759417,3.2491930989587248,-2.167205840409181,0.5692324872386356,-0.3835829099911203,1.5922029034167062,0.39447763274576,0.6212420290482523,-0.9637472265397351,0.5727021352768036,-0.4002709466271126,0.017209472009183102,-0.5565850169555464,-0.3341845853797376,3.1459623053804453,-0.22624354656215484,-0.3126926031135735,2.046707467778308,-0.6095638543890725,-0.5079516798449313,0.29664796047566,-0.17536712181120961,0.1741128747066556,2.416728183801653,-0.7550276558453972,0.2135411618837013,0.11989147712512249,0.36537073172961954,0.7599362162020951,-0.657099630514002,-0.1081233455239361,-3.404221258412299,-0.47969488759792567,0.7870755209370861,4.039932403295654,0.4202138732466665,-0.22672570108479562,1.3492862816035123,1.3999578203646834,0.8361878587655136,0.828689607894928,0.4463939560155561,0.24576790311019447,-0.20942148779260483,0.08519908168773682,1.5845661474399808,0.06218449810793114,-0.1833598167488626,0.2907930840514439,0.677044842301,1.9617584216764739,1.1349626676539604,1.0262413691503935,5.353808444323316,0.8625093606871914,4.022948941235938,0.8646922057508277,-0.4463490498424094,0.9110858607303429,0.8320339698578705,0.9410215115016607,-0.44994889563161333,0.32703767542461293,0.03685526644625625,,0.8030030109331898,5.972605288057031,0.5432397613217121,-0.30408742860742466,1.9333793188176962,0.6642671317799165,0.7358482475566364,1.2379847809182554,-0.12140998597536257,0.6965342215079717,0.023569903354792032,0.6266676363460899,0.982011432037333,1.2119407360973833,1.8188178388558685,0.9216580748085068,-0.7149683406014296,-0.5459605950645541,4.092077624702073,,1.214741158001842
-0.4934112560064263,-0.14648462870643364,-0.11344783608001618,-2.4791614039627596,-0.7005416440458823,-0.4325463631197457,-0.700009373465682,-0.31522061440878435,-0.0984759116863465,-0.18420721675942442,-0.6087778718106507,1.8056670251604068,0.17951690329707226,-1.0544665346521098,2.119960840105284,-0.030883626828548394,-1.7046821305584214,0.575597193798294,-0.3086050967223586,0.10628810126469546,1.4878597181359643,-0.4076936156648503,0.24842131565228076,-0.4936429658077168,4.289858782225098,1.8361218995686102,-0.3225059008333475,-1.0831336881786946,-1.3658729556612847,-1.8790398683258824,-1.2591356428956368,-1.4767203983198418,-2.246183844505245,-1.6371789526401614,-0.3698468842750491,-2.7100547672172737,-0.6193437751667585,-0.185780602654817,-0.6938662283423214,-1.2999531230945993,-0.8759076742396843,2.9620865624422787,0.9409549339969292,-2.0769928167527762,1.4863089276316854,-0.03800914514552334,0.42329255873989613,-3.5669074033488957,-2.269311073183733,3.472036443321058,-1.3119577623509238,1.2972404545277483,-0.8241890399779517,1.6927325747612798,-1.537658180651802,-0.49481273070559606,0.523680146135308,-0.728881573459994,0.839672707918937,-1.2019026228034968,-3.209260576787154,0.7656354440393587,-1.7233361369940137,-0.709927631638374,-1.8874304968711897,,-2.367698797034301,-0.4523112201642143,1.0210761723387973,-1.5551427500678394,-0.5002267720847886,0.7124489331857609,-2.8591664505789094,1.1876625097077653,0.037395374399928905,-0.5249344265517042,-0.31679445069935364,-0.6843197093453934,0.07131239146314083,-1.5856930117787882,-1.0349374168804215,0.6084477752664519,2.716795910509062,-1.5672430660053083,-1.942178418546614,2.3232813431713906,-0.6744225332514064,1.0078909991803942,-0.939595306318608,0.1033572490875656,-0.5765518209900122,-3.8256956917407714,-0.24548745853838483,-1.577931372949981,-1.1599104801914173,-0.8762320371360266,-0.030850382288793998,-1.7250362140048714,-2.53220337122696,-1.0885076798723192,-0.7839721254355392,-1.2867111312666935,-1.0764940975004578,0.018664195511908233,0.3403540295522145,-1.3548012467693549,3.0479705473016816,0.6987833266557386,-2.0873941082853786,-0.5356658143995774,0.30816850128090323,-0.5026001724656615,,-0.22772500989818312,0.8498862205352342,-0.6099120683791148,-0.5944979180772081,-0.782418280700703,1.2321809751651536,5.949489398314367,-1.776035051626923,0.38293948315952786,0.5239856253813624,-1.7753076930396516,-3.177941365042536,-0.15491121703492539,-1.3071633636131286,-1.095785878207134,1.5339870023318491,-1.6250903773719516,-0.7863106902815664,-1.1576318815906927,-0.25689051429924614,1.489781978241389,0.3138883333776432,-0.883025050081665,-1.9065414944334114,-3.6637484633429973,-1.4145541816402152,1.8686522868875288,-0.43909308478191633,-1.4561537758091325,-0.33580931628508504,-1.3694817159792483,-0.9922491708597381,-0.7471628112730389,0.22815153168267432,0.3040758560189927,-2.30274566563593,-1.0778506613764338,-1.4857485994763442,-1.9370368739471955,-0.8437189182385896,-0.9516153795156135,-2.286302659654482,-0.9689625876550978,-0.27660037668106874,-1.0824589744598878,-1.745244065217122,-2.0040663178600093,-2.289437341374201,0.016699098511030463,-0.08528496733691826,-1.7902152600024035,-1.6371616287773616,-2.6777775882362964,-0.3386055461902293,-1.6270785404437493,0.22804138937562168,0.38182045643879725,-0.8875013431097201,-0.9829341145426107,0.9675615530872816,-0.047912060879795604,-0.7534599980493772,-0.058111929536064366,-3.0152152417037725,0.009212711527206707,,-1.683150746338491,-0.61960779729201,-1.277748371208376,-0.5171660478681339,0.01354592852926828,-0.2051718129549296,-1.4685647584199102,0.9125761361460816,-1.540834957688586,-2.8227983012038993,-0.6439930826778406,-1.2688811038087389,-1.9003712867313727,-3.1172680221820404,-0.8533357696670518,0.6088274095571666,-1.9366670019883903,-1.8392350434643046,-0.29483766495167485,,0.371950998568904
-0.8793675448492078,-0.6194335570584464,-0.49017114726025435,-0.2800735291730416,-0.3164717420940044,0.11408612022945075,0.021519794072122345,-0.4818480489667154,0.16428830388228732,-0.9479041461036619,1.2790554734936288,3.6679548941490614,0.6035956423547706,-0.17614612208418645,-1.2088634454225367,-0.5561343117549078,2.1560880150357953,0.4399169675208148,2.3640317523296206,0.7818509252835337,-0.745449681236543,0.5236067914316411,4.510033103993472,0.14883520864823474,0.3048936117794776,0.6093346866781646,-0.4236965103726287,-1.2318602920060928,0.5292995034566816,0.13678405693404727,0.38344847044964325,1.0568877252472797,0.8101617952618989,-0.4563819698350402,0.4684262708317455,0.601638404607785,-0.12783872501960225,0.792379775926566,-1.6228023052650808,1.9195766456431285,0.4172756259206878,-0.11507354024264949,-0.5268856116024123,0.9992497083416652,2.0325834265322307,-1.5464647737802872,0.30654703938257644,-1.4318063662669522,-2.0206804647561416,-1.6757292443803973,0.120022645782214,0.03048649649899371,-0.3363658789461099,-1.0855751704156757,-0.4036957231751792,-2.0298371975106644,0.01680137318116337,1.2051009951870029,2.4202361612451595,1.5743324822898863,1.7502833181544997,1.298376247735522,0.326495880443578,-0.9500023171979621,-0.3950537785907926,,-1.1081647184702836,-2.0471321280795207,-0.20642019719173677,-1.6836413494981106,0.05386933304785124,0.22367054380347806,0.7026863641147685,-0.1388249883426007,0.22425061393749335,0.6427159905945334,-0.7234753502240232,-0.2600004485092011,-1.2450408190392226,0.5827897931994341,0.5555523545748953,-0.19209816423766402,-1.661765263250059,-0.5084989620792624,0.01125606140195412,0.5122462816220974,-0.9131389001132972,-2.055778133536579,0.00752679402591383,0.0,-0.02148654698307384,1.3962134003605353,0.4148497827736852,1.5045612981718248,1.0415887751912933,-1.9198962372594885,4.119738376819937,0.2914525842272253,1.141309630301346,-1.2576853258592036,-0.4389815627743654,0.3184074108470325,-1.0387487009206442,0.06526670108022437,0.290739085492131,-0.016161930084379605,0.27513990668239785,0.6612782644835002,0.009965792220589798,-0.21541241870586258,1.1674331423300988,-0.018039074027143,,-1.0855659914042137,-0.08541487177703422,0.24237282654802073,-1.039049549240012,-1.4345658715080423,2.4343898921680873,2.2921157959802763,1.1760945682375068,-0.7123595851595499,-0.9341917552808443,1.5891444654892117,0.7279709076668306,0.8446906491775374,-0.35816910286481374,-2.229836218283565,0.41041996658206514,-0.3457586493520348,-1.0264158372318977,1.4980294242244563,-0.4090130565866823,-0.338116340008332,-2.003746400608597,-0.6745258053924785,0.711380396031358,1.095800165455385,-0.1627803583861609,-2.2473730886820142,-2.06350640159102,-0.8507770041232599,-1.1710063445311114,-3.050910594104017,-0.4373121659028256,1.1325042425841758,-0.7694510259688592,-0.39961736461568975,-0.26574093506283036,1.1152458161249656,1.2597605216761787,-2.81173369168507,0.3190829941464912,0.5078351954926008,0.7493348221095264,1.1550109855192225,-0.21433861717613523,0.7928163194884652,0.36824794825789375,-1.3183791417383461,0.2968607200345641,0.3172495707552958,1.1437434455736417,-2.0701251481460847,-1.024255425473397,0.7192619409282175,-0.34594340972584625,1.324758164070694,0.7141444128598851,0.9320289636994383,-0.2657947949862405,0.7837004132522418,1.2641323601128907,-0.5645849731709784,-0.3023913452483984,-1.5311487003458413,0.1213677594821938,0.42372737794029725,,0.8363758443233893,0.5215491945508077,-0.5842767780460556,-1.4996015457729772,-0.6989774375038893,-0.5612218957082415,-2.4712332998687137,-0.009038901237534702,-0.21020974230135936,-0.9419095097971009,-0.39522699755795143,0.40210875942985336,-0.711318808053607,-4.055160957852522,2.249250970108796,9.379725764535518,2.153156123091482,-0.5306786754353365,0.739278520266029,,0.18775238225059443
-0.1778254176062033,0.5084791728144467,1.5978914180615478,0.7849617774844608,2.685361130387709,1.293065699916851,0.8446803494178257,2.0048423671045423,3.9609595743456127,0.3218081319067867,2.774808830881481,3.4217906239072393,-0.009365496401814166,0.6352471636518864,-0.2306341944859902,-0.5799465509705448,4.98583898735363,-1.9031645349373072,0.48799489655668715,-0.3735297869223553,-1.6502120167331547,-0.0378791954477431,1.1467460775336669,3.8417045405490624,0.7145896221743664,-0.29785486274295225,-1.1991386857262865,0.5109946845778701,0.7346603019412701,0.16221675612213549,0.5596498106598569,0.9127127332330565,-0.13855933275517263,0.2966613432491938,5.815093071597821,2.0342801122366305,1.2640028208079634,-0.4009958962583715,-0.011465519605757812,0.12372004942753367,1.0877609401785282,0.6500922155440181,1.3649279901955413,0.9053521917049556,0.20792597487739872,-0.7853779807027395,-1.4262027920310505,0.04237476476840474,0.24724177465493824,-1.423687018835118,0.7745511571830566,0.7569615633574944,0.2580929391422293,-0.09146217376880816,1.2053320312499949,0.3078764075270968,0.8457058034232467,-1.3800117041763094,3.563559335059785,2.2164998155612015,3.5372491695694785,1.9122978079954667,0.05247758491886412,-1.3679919654552064,-0.9197080384394485,,-0.1299205724346053,0.1274309719723865,0.003572203401436269,-1.1275611429952592,2.5123368046153782,0.26987552237063284,-0.7636123436334574,-0.20853474598037103,1.4917124105736868,-0.6789474969265519,0.8808542879878756,2.6850785728425697,-0.3607527783485609,-1.022493587967499,1.2736831697045758,-0.007134290603616478,-0.4020937705356942,-0.6032634192446706,3.82580599910598,-0.4545447838385397,-0.16540176372817905,0.049099141923947265,0.9333835957706427,0.38077194649488444,0.8950932035457271,1.532866008987388,-0.13304288061730674,0.8990776759075336,0.027493591241767312,0.14082912448629692,1.9857754123419502,-0.8321752015795325,-0.7423941696330427,-0.8099153227315581,0.4673721340388015,1.2100817385892304,0.38320675202749843,2.637224090254353,0.6474451859521668,0.549456035953888,0.579271660802072,-0.17031254252810601,0.7968921013493668,0.23643832463011716,1.3274946760639894,0.9833967885553685,,-0.6753706203200704,-0.09117664146434112,0.16975551107680786,-0.6921093258782873,0.5702586756077377,0.0,0.0,0.18188372772378614,1.1291383825306145,-0.1503402032630441,2.4370593865684853,0.40573249112505483,-1.7435966686445203,-0.21343655054392174,-0.3681966688359184,2.219956925626221,1.0537155322357439,3.058681697214505,-0.026833753190858012,-0.6084544575654549,-1.721144366917593,-0.3254275779592919,-0.6833846707299251,-1.1225901861472876,-0.13548666916638474,0.2475809405981355,-1.9807942708333304,0.9197538463681765,-0.0112870702710266,0.491825226937026,-2.3577588738622812,0.311115154795516,0.7641136933522974,0.28108595788143287,1.3350878481410255,-0.6255820595108319,0.190150660141164,-0.893642529132399,1.8603129937408092,0.44337773467351127,0.7783645704094067,0.8500398450350666,0.25454506535760313,1.5667419680793326,-1.351580473234637,0.21582713792032138,1.241314595947185,4.19661125130566,1.4813572761910532,0.717300031028345,1.0520939385585626,0.1437304440433662,3.0038491091303854,0.272752959940048,2.968824246677948,-0.7906552349254969,-1.333328414490087,-2.5274814536950463,-0.7257614942064672,3.299194661462823,1.0552270850492818,-0.16778312756907665,-0.9611972598996266,0.1678377774012585,0.3393916736383451,,-0.6609577810958944,0.6798717938001575,0.9076145032061778,-1.1638182686012133,-0.19916508776282038,0.9443696632368326,-0.2454569829459019,-3.852768639288884,2.731886009892537,2.4606281778055683,0.49995599159942117,0.5575666450140515,-1.2270391613031895,0.9368655912572965,-2.4915888652371376,0.8298747250519378,-0.949204840958362,-0.471949814790229,-1.272016742116111,,-0.41425634749183704
0.4619947284669079,0.6473306119395783,0.21285256796579333,-0.3286832301618192,2.305961277173907,0.03029208930438454,0.6935552619865115,2.4178555712742744,1.5461064418824888,0.3883162875849555,0.27691877031799095,2.4983133079615527,0.056244472521993494,-0.47343600165716815,0.5008646772687753,0.2916679946545653,-1.624298631683807,0.25683706624513025,0.0,0.35570788462535585,0.9672819881586969,-0.31266229035139537,0.29834788139200263,-0.5353226443767123,0.4341906417203001,0.8414672470339335,2.2942609826800853,-0.9091126713748565,-0.6563693598139797,-0.0639249860898361,-0.37985788562852063,-1.281326093345636,-1.2140997594910163,0.013450722658636671,-1.7542447174030529,-0.9968575764340848,-0.7900085298814585,0.3178464831803396,1.3919973373190508,0.09611339417130438,0.33852561233156386,0.44150789504529,-0.8374047680945962,-0.06474856750537938,0.8768415283560538,0.6747992750974374,0.2325363852590634,-1.4156954107307218,2.0572676251759736,0.42280531377956176,-0.8966919669308959,1.144551664014637,-0.8448890486525529,-0.35701195536018693,-2.2027786306703323,-0.41476781665293894,-0.02221385178531321,3.2544444668186845,0.8730728838084012,-0.13520124580123083,-0.140399906175237,-2.34147254719963,0.5298580603373182,-0.8137606181785717,0.3423011943800569,,1.2196025114635356,-0.7432682296106052,-0.2924385967593701,1.7177512604791279,-1.0503292443717394,-0.08798649970191974,0.9751185254885497,0.5002575703113132,-0.35826178305882195,0.5617619197821888,0.23404471929455717,-1.0154884522915464,0.6898254908233481,-0.4935714506864475,-0.5620222500779537,0.07128656497046304,0.10365718177074434,0.8429602539547165,-0.010831805786881699,1.7434623206968203,0.04733724148482388,0.6134184480552474,-0.06711895488934472,-0.282885554051282,0.028393071862398145,-0.4094259329901817,0.014025908054016156,0.20069325061582433,-0.31604723845979343,-1.898468122644159,0.8137108183912556,-0.6127244410156774,0.9349290072937277,4.9829076180726295,-1.0357236899850797,-0.8036098885537024,3.9170052014509293,0.2814580978560244,-0.7152881482218154,-1.0125358064412393,0.6062429385685242,0.7717935939036691,-1.1265959224246114,0.5281722293727809,0.17125319693094276,-0.3752325804540657,,-0.13033093510909088,-0.2110535445750128,0.5187023959763115,1.523026700540564,-0.7785995533798218,-0.12996145766791534,3.790747401664407,-1.0813825221493767,0.38381588195686156,0.26006112963947725,0.7012679297565771,0.8650050984662983,0.28706018711566195,0.712961530736389,2.3752338010027962,1.4305841055263446,-0.0890167599701841,1.4775763926725194,0.20131771788995945,-0.795851110692003,1.2208585714744036,-0.3634560538113507,-0.5160669338771906,0.15306271666519766,-2.705508732167794,1.355336565138665,1.1755485732759086,-0.05949483943329392,0.06773903248578073,0.22803738009127272,2.3947316179172784,-0.3466500470603817,1.6866059675550549,-0.11920194747746526,-1.7953430793857916,0.4663091696109234,-0.5694017303570553,0.3712923608333307,0.2664683035857651,0.06717367876696301,-0.2439100523860538,0.06020668280313224,-0.1668579358936717,1.9282248903351062,1.3925504225444918,-0.38764040878198625,1.6209413233771786,0.2536273928161803,-0.9676909006276935,-0.2932547071012759,2.194387400184117,-0.38033761133675625,-1.9478381881847362,0.006184338933734601,-1.5214910965631212,0.6767865056900524,2.0549353727372432,-1.8713547889383397,-0.6788501035147498,-0.6961245204904598,0.238525642689158,3.652229193770795,1.0069532880808696,0.865768073354034,1.5357868943810082,,0.3652913304922567,0.1954662962933007,0.19904848191607538,2.5672677841106273,-0.7627142193755043,0.8414352133540026,-1.2621147960273804,-1.8248530070751112,2.5778724340201675,-0.2550343950234679,-0.726464594578724,-0.632567652731375,0.6481428070869599,0.09492778686881476,-0.36832715062079524,-0.2743481622931254,-0.4861826606556874,2.7337863401682094,0.7928634538775237,,2.570191031129543
0.5845713641129402,-0.07566204454876324,0.04719610279604325,2.344249507377194,2.216202864052419,1.2372356875183455,2.0822256145733187,0.5938113023706171,-1.4293454509118675,0.5465817462090072,-0.7076348719936676,-2.4813373855904985,-0.2904808338465181,-0.13213017464374088,1.3226003711570344,-0.3843014464140926,-0.7774225622830588,0.236465541023545,-1.6142189078788949,0.6130878689896369,-2.6996933752014507,1.7012000145361972,-3.684344112060478,-1.481406038090316,2.0613648935734252,0.6369323777909885,-0.07654215054694324,3.6394340325724306,2.0433113189008756,1.5011290427246582,4.185510569900552,3.3021580261018757,5.112711067242426,4.328528743298854,1.540157644326623,2.568523185156568,1.2740810209707076,-0.12144608171900106,-1.745762562960007,-0.08229901433141062,-1.1808658792395454,0.9198171970806301,3.8981265869989956,2.4065206018092367,1.0151885815327555,0.7862970613859543,1.018161643094917,0.8407392373666056,4.24377266451228,0.354316903011509,0.6278264084230045,0.23180808270510944,0.42604412447639906,0.5971518290215805,0.08621486926609911,0.48313128668786565,-0.5832675923517883,0.9989850327288607,-0.5527711729883533,-2.3757692887862225,-1.0544833776578555,-1.1470471694280282,2.3221812565691335,-0.015482202555983093,0.5434628847326595,,0.9077112576207025,2.0208227561809844,-0.361242176962151,2.5786513518597953,2.6890753187016836,0.07770767501502629,2.1679157704975527,-0.7371920441874846,-1.3459954261115903,0.033654025223750494,2.323762058426282,0.6540220953455522,0.05676861277135181,-0.1384240917567947,0.245531500307683,0.014250664541370917,1.1063204866360365,0.685435621927799,2.7097332994947543,-1.1423806498032096,0.11828256122774494,0.7316142806998771,3.3432877646276005,0.0,0.14191366282367834,1.6957957172670124,0.7501335004649556,1.0895728491939094,1.7092939056614576,0.9795510046990641,0.6918433845711114,0.6835063845574085,2.6898896187395716,1.881268816286541,-0.32815964523281727,2.5489069150872012,0.25555441697688863,-0.2987865132569878,0.531857967019489,0.6819187095206791,-1.0168691021006593,3.877774704181247,1.3593178996439192,0.6580388777574386,-0.5342554359675233,0.5829083239308641,,0.7092233797679537,0.33726010762671343,1.1444282253054716,-2.7190736766273593,0.7847092964573754,0.11154380971882816,-2.4862735057703866,1.3485477694304304,0.7415112505236632,0.27986092835412535,-1.6726308948216806,0.7449154562793492,2.41130435280672,2.656469203134426,4.033914688413809,-1.505562120314774,1.2600234318303594,4.025099930227305,0.8304189453365529,0.4782529616216058,1.2726655207329296,-0.3524199874894607,0.17723534306803845,-0.4712652110679616,1.517512949756905,10.121240557229916,1.2172180869109095,0.31660480429893667,0.259545768473024,-0.005560031609808114,5.612935259778462,0.952041290988026,0.36643715774491437,-0.9515888143875495,0.22243673430162314,4.537019862488889,1.2980490801635325,-0.31706542960923123,1.2445820394190843,1.8987316040118163,0.7742674503911751,0.3158833467338029,0.05813609478000359,4.2777856476219345,1.5506480981716475,0.8647593926756292,1.5064848808613363,1.8012570001646244,-0.9937074755040132,1.6470585060572196,-1.4858543439448035,0.9724797480413327,1.0213184547172016,1.1559619947093092,0.20857804467071528,0.1068090560396584,-0.17509247337271772,-2.1925293120593548,0.893793041112545,-1.9908584955984132,-0.05816883460001421,-1.2971615133474224,1.9872922232472057,1.615134869334467,5.2219342413813985,,0.4809609383687796,0.16553082695165422,3.723046455069179,1.8555582360907152,-0.26169581370367734,-1.416298814184891,1.5274539753999505,-0.48863734967509176,2.652709409667242,-1.0014131954499073,-0.7476967530108736,4.141778279362551,-0.06899227699522781,0.27397574961645077,0.20795712733838734,0.6877605346085724,-1.2320292578119285,2.6490107043565914,2.1140624481316594,,0.38625448884133107
1.0887558588761115,-0.2434016031487296,-0.8256177627607331,-0.39927066706506587,0.24022324693948605,2.5040665680357677,1.3494576560395988,0.28795199329318955,-1.5446442539998606,1.4050393831380958,0.816967200896701,0.37154000471575355,1.3720473174349435,-1.1378640280836683,-0.6242852217267281,-0.3649287395174228,-0.33580494258892424,0.4954197481297884,0.1390380510101652,5.607911987576086,-0.8982275199047929,1.6166784805028422,-4.575335423508964,-1.4117216271828048,0.23760942535151486,-0.01961912875243499,0.3447187436801835,1.1747413438157217,-0.12590581599056794,0.10924237770344458,0.5191947140781084,0.9238735999686165,-1.008881531056538,-0.7473178371746325,1.0000862222556473,4.113077381184294,0.6447572770932997,1.1420049166851465,-0.6555152038822398,-0.041191790065164824,-0.8535522276942209,1.6373630148806217,2.11326595778194,1.2924771316092487,-1.7538088349413505,-0.19184366584974466,0.36999459235513843,0.4868586503842254,0.13569818772563025,-1.362448039950459,0.9266908797931128,0.4575629545697346,0.2717772689788678,-0.6210113298467657,1.281357082210688,-0.265270489651781,0.8046018926568532,-0.08434841064706156,-1.1482490720842398,0.5574081247542662,0.10657720649347446,-0.37282145823449575,0.29069506401686596,1.3005173255467906,2.9384708634317525,,0.8199248859495745,0.19606788765047511,0.47382903157746625,0.259581441160317,-0.09475487945078687,0.19670059198386713,-0.43080906732133606,-0.06347974447821203,-0.9064513951596909,-0.06728540619993506,0.5200186054949762,1.3632200344657175,-0.8133220913636663,3.0957566556018445,0.04160151800061129,-0.1638286018223134,0.8462770146142606,-0.6309582321576079,-2.015622223565894,-0.3439260348492512,0.3071876847969168,0.48420812340508324,0.49825980433861883,-0.19986628675049412,1.9767586403790949,-0.3537220764751381,0.1600487407087403,-0.5151432202296302,-0.6369865719209944,1.457437378615123,1.130841149454609,-0.35275039190870716,-1.003036226878451,-1.4941959712930664,0.8542445274960064,0.4913225292802803,0.04779918917907633,-0.19977679940152981,0.07695402285330388,0.20965905615442093,-0.8218580346746718,-2.1109780741871087,-0.2465240173736838,-0.05068191301719205,0.3394582658104328,0.3388031213807041,,-0.2901428311609777,-0.06267585324142289,0.41925455615745566,0.8433412304527543,-0.16925536348537662,0.8356580502926869,-0.2413725814573442,0.47240166052697763,-0.36419398121525504,-0.0612600147478104,-0.08604950196728911,-0.24853982473724834,-0.11855867370057505,1.4227255585942178,-1.4452192404259434,-0.7142670244245863,3.4188022474184843,3.072969869649844,0.7837510442773699,1.6582146050139857,0.2710493468835118,-0.49016612022373396,0.8716697793456074,1.0109981020001602,-1.0988991478848908,-1.3708254957950694,-0.9893940824525105,0.9144379458084329,-0.36015524746642047,-0.29411113576652825,-0.21221092092243987,1.106277423501334,-0.5892854136099079,0.29961732203585,0.3398526368369792,-2.6751066675537283,0.38944276429389024,1.3606613045500593,-0.19207296221503967,1.4116353425971617,0.9974277228168127,0.509815359313559,0.4575245705825681,-0.07608092550190904,-1.0634220789440985,0.28936360526115035,0.24511360849952535,0.06958417227185265,-0.20073097004310592,2.5214968877209643,1.3555273942814416,-0.2282896844683524,-2.244182031410924,0.6660979156037916,1.61887610526823,1.022961749487239,-1.4799346717774942,1.6532300365886154,-1.0943218194456095,0.48064461456960306,2.4603178975207696,0.037918404139514195,0.4565759055501273,0.3905648582417598,-1.5572883237016222,,0.41397215201881554,-0.01179292975715951,-0.39014935737545775,-0.3145437245881455,-1.0053664464901857,-0.22551786097206872,0.42758729907355075,-0.4236517253237704,-0.7356786419905337,0.6743707887194583,-0.6892096075030274,0.9131452730253953,1.1891017616789457,-0.24170096110223138,0.9222968861793746,1.2295037382534124,0.0286799430720297,-0.719446504757626,1.0110692337233829,,0.38475655139758036
0.5844969561668689,0.33074397122700994,1.2844204247730584,-0.6048258196510004,1.990907209536763,-0.28348165693149463,0.5479630004479707,0.0,3.8261477603577454,-0.1072176859430174,0.5172413793103514,-0.8637176211796493,1.0104793601229956,0.026761175390221936,-0.0634587063667813,-0.49182947031112256,0.39683203518494636,-0.3755954261544181,1.4370993135999877,-1.3342884429607405,0.5860927990726461,1.6461306649638185,1.77547500999089,-1.2508921283204355,3.4011873702209927,2.144468409432587,0.8550209249611918,-0.9454611513678768,-1.032472728438505,-0.33156095781132766,-0.6435248381881697,-1.0435688351026928,5.730287317967497,3.6738874035482594,0.9159109177710123,-0.1571496789046556,-0.6250015014690358,-0.5436493475277415,-1.2444273070686185,0.31589749374336673,-1.893982952402884,-0.8491381137446186,0.02547446185199309,-0.9904538265002594,1.109854634560059,0.8841549964017315,0.2542328505530156,5.867360959729706,-0.39525235259567637,-0.8801620074318284,0.009088905374809997,-0.23021858063319023,0.27104064212388757,-0.964902029927972,-0.5422045203393178,0.18285700313387387,0.34366297071022345,1.0436640319827273,1.7312831154904451,-0.24606174391086366,-0.9817935832310165,0.5634261142723807,-1.1645018695827347,0.03566065785824968,-0.2569575380173439,,-1.3264867304658035,0.2960404581035414,0.10718255218542527,-0.03407091044097532,-0.008621467747238487,-0.051658995496028925,0.6974540080662894,-0.11433143077953511,-0.009441243218333284,2.073653683212884,3.588583496900921,0.2388206465909981,-1.5827524453605357,3.742299191600096,0.004611578524427173,1.1486820825514554,1.2133131042204592,0.39266833526145906,0.1723248947106626,-0.5521891994809347,0.5418089521720404,-0.31321980676887184,0.2730537407314326,0.484522750991645,-0.9171234479260382,-0.025350714709282407,0.3473719661212016,0.5576398957602091,0.4910313059265148,0.177226170483058,2.4345372542449395,-1.0820133361338802,-0.823670527487852,1.0531931659025773,1.0675842597494212,0.8052971597011904,0.3980810302925075,0.0,-0.42771731375331745,0.16091984124413372,-2.5320306779145874,-0.6659746162534175,-0.6030027415139361,0.0,0.6209664167814877,0.781936957536078,,1.132865517863868,-0.2679246352642717,2.786721458107766,0.06144465466233484,-0.9579463176209169,-0.05524807904601081,-0.16130439889651127,-0.8776768156951387,-0.7464371813678317,0.06129756564556832,1.5236887304510782,-1.164823281288574,0.41548420065020686,4.659145971044598,-0.7280817961984543,1.69597684129843,1.4827534765094574,2.5286718398041197,0.790825704803999,0.19635780301443528,-0.26213442475534476,-0.11845674298259778,-0.21817336041254354,0.9502100176408401,-0.40849673202614234,-1.7346126876409906,-0.4140672333582951,-1.0718792964487522,-0.30499620649476755,-1.035229315655195,0.06472802679911016,-0.28699559516002227,0.5219082672305309,-0.029230297055193866,0.2903165837744526,0.23951147928045202,-0.9635797311544403,0.29636387229536876,-0.5901703507002587,-0.41760368909365964,-0.3603304256379558,0.8802067914206679,0.8458009292861446,0.2811175860662152,0.8819311252825202,-0.566359723897647,-0.4622451628832458,3.9932473143696745,-0.8380799426371377,2.0643443357266644,0.524277931694761,2.9889148993612613,-2.648041066586637,-0.012145676297659058,0.33377875752580444,0.42865746660942783,-0.47179274339810284,4.121026171540865,0.2985633785435926,-0.560923946955294,-0.7229513615175431,1.938979488410708,0.2944817911576969,-0.12666723393867096,-0.5388916763705343,,-0.4766854316852309,0.2184017693503293,0.0,0.2826748001047985,-0.3431726439410254,-0.4855476296141359,-0.03942284948356134,-0.7928824042406579,0.6196862703599093,-1.2185629878520454,-0.17753899336243606,0.119652412385296,-0.7050788479249781,-1.021810822950564,3.015760451794147,3.3738192327670724,0.594848235153389,-0.7758625473468839,-0.5719682292804062,,0.11020319042509552
1.7185583643258395,0.56204280567691,-0.15852011770005614,0.955213758743878,0.8735992031231321,-0.35953324191665414,0.5093205600312789,0.15074293538230865,-0.6784402415102364,-0.06604705502321062,-0.2744383509326709,-1.1767378907528991,0.9636599637073084,1.4628483014482718,-0.7365511258345059,0.788732610434062,-0.11186043360134068,-1.7162245307552726,-0.17794466168108425,0.5208288600803579,0.7451349828029086,-0.08142454827999579,1.1902574878586591,0.2833422612536829,0.6578574462034359,-0.07206621310773542,-0.09839609772944735,0.6237747190415144,-1.655852072634345,0.6611092225160986,0.5539471707011634,1.3320950570765433,2.438562997234328,-0.21287154623659266,1.161078521490655,0.4153482482025961,-0.07861780134666985,0.09986758384765704,-0.3516580012556836,-1.9030702994667248,-1.1031754544250094,-0.5602707442853516,0.7575670841623028,1.3969014377415157,0.3570688867549521,-1.6702566053646062,0.10143362626315877,3.557330551738924,-0.5498793480955833,0.5055972136353004,1.0817179375487873,0.5061598830083947,2.281120480473664,0.3804521595019983,0.6841287454903755,0.5061023456291336,-0.6518243125751666,-1.2075552461819794,-1.0763606707121953,-1.2496284431189886,-0.692861017895352,0.756782862587646,0.9827158194732677,1.532892754909554,0.7728849692842044,,0.6321567949586715,1.8860326978934694,0.014272792482783458,-0.04770161695001329,-0.9398984558239509,-0.025849262112609406,-0.3142416733577291,1.4371168646908128,-0.2452096649347535,-0.5804327746912419,1.0451781205360389,0.2758596351366993,0.01937064196677607,-0.604816163514621,3.039537443636231,0.11992144281534056,0.34854739566818616,0.7323641740262232,0.4945694806015588,-0.5829989031063798,1.382393024488282,-0.26585655504115513,-0.17198397103315166,1.6908807030981077,0.9676801172396665,1.394875051493094,0.4223142571355254,1.5447929019889006,3.406848655364181,0.7126451884145402,-0.7047225045201944,-0.08102217724108574,0.16169308635562984,-1.1274218783652867,0.01745962461807693,1.1887789554685169,-0.11101995922148111,0.17288546806930594,0.9990871566493809,1.33355272521678,-0.527436864609443,-0.08780187186578914,0.39781203381401564,-0.0760497940540894,0.9107945803201956,0.8199609089680537,,0.17877520938771596,1.0231481210388083,0.12723966113068474,0.5662893077730935,1.6690836910463025,-0.4606628282505798,-1.6602093349253,0.3241412428066637,0.22483348069219922,-0.9597680550099685,-0.3915229709352652,-0.3466313839574964,-0.7431104212043294,0.006841117692224508,1.2051518630147307,0.36908025261628286,3.724539978873187,-0.31209221349065563,-1.255395211966226,-0.18088448577818772,-0.4188563972576831,2.3784074018515566,-0.42443860306583536,-0.8659540700633128,0.7383100902379036,-0.09464941656149861,0.17185804978503416,0.5971366617375073,0.47587499552419477,1.0629219134639767,-0.8778433100991467,-0.07196395172206493,1.9260400918223342,-0.1558899178700779,-0.06202723003513322,-0.06827131692183075,1.554195369511291,-0.48668765166717254,2.8715263920852996,1.118262743712517,1.3795893488121713,2.7062916223389966,0.30823948774383325,5.127601624015465,-0.4371105486607352,0.9349841425762229,-0.7739588313769974,2.980220180003479,-1.0311086562380334,-1.4537300281181054,2.8638388728504216,0.5623826871207216,1.3308489634040521,0.1457130061137235,0.40072493672262954,-0.9031400885934127,-0.8809831184624861,-0.8096772638764071,1.680964934709972,-0.429504110965917,1.472040653370632,3.4882319661206695,-0.6861562057478565,-0.11777273152556722,-0.6379439154910016,,0.4530756171446937,-0.3239534483747031,1.3317246316802533,-0.3736555150171905,-1.05825744178768,-0.9702183300312917,-0.03942863524402096,0.058480156496143465,3.8035448169997155,0.0721355419097014,0.5254682402223487,0.5676726617721561,0.4275910530905147,0.3937891318214426,0.7762248021453866,6.266325136714079,0.8691985706512417,-0.2619731599731612,0.7190777283862415,,-0.7513704977295976
0.19105935504204474,0.27944747086281474,-0.1764083290055507,-0.3083838442833664,-0.07167611582090672,0.6713128851758565,0.11654640363629731,0.9317655625865395,-1.055655197564187,0.10740370263317978,-0.2579979251826958,-0.7556629956355088,0.04545058065132945,0.8615474011221647,0.460560210901817,1.471196857349999,0.447954470346712,-0.8670945782664696,1.2547135140033472,-0.7726570483262418,0.9718382135562198,1.521181937757854,-1.2615478044459172,0.5263160782347232,-0.6535579664558422,0.014425986699895255,2.4776529348101706,2.6044109090288092,0.3268818870072243,0.6400364059460761,-0.389864302703391,0.5294902273773605,0.01869590559666623,1.1168307064478133,2.1015174460972563,1.0972285680673988,0.15734923445347437,1.8377500056140583,2.1173939929283625,0.5443188015058942,1.2042080944953293,-0.15292757168964277,0.10742120769975383,0.6399491509443411,4.309150242748339,0.6910748454454163,0.2659842902544396,0.7633459877018245,1.4421617664553965,-0.41426468862173493,1.4658385453002687,1.4861271238040041,1.4245165871196397,-0.9613603552381833,0.9873646408231185,0.7016630438926752,0.7398342326305762,0.7380110042476185,1.8600194731568598,0.7713448445284321,0.6134977471884628,1.1453273361103244,0.07132405545942078,0.8677412871986867,1.2838412627122153,,-2.2423739181043345,1.1980796900907364,1.448765715090694,1.131942298829114,0.6180375440347774,-0.020678340679602947,-0.3667043860930863,1.2286886772265415,0.5200017727224671,0.30518439811519915,0.9342637767898676,0.537705384903453,-0.003871451999626352,0.45637233629167717,0.4976305776438039,0.154988713862525,0.6473044217912616,-0.2478518778643135,-0.19257548178560624,-0.0977469692189481,0.32354064338251387,0.10905223524506624,-0.244061472133128,-1.5426397668931613,0.6875532103632231,0.3251652566376162,0.2688720797078492,0.6085326080725428,0.37409445011518105,0.41897811360445125,-0.47313176672111323,0.31760933044333584,-0.7631309232423722,0.19226518761930045,-0.01745657676529566,1.513156137673688,3.5884410526638044,1.2989308544254285,0.6737986077322233,0.03170939950409846,0.18201800106489863,-0.28758797389847324,0.7528455260958467,2.582704951884951,1.657523438360986,-0.29732655470023905,,2.2753918353825675,-0.13013433312693,0.2834825444775868,2.3676961716576184,1.0860327134017744,3.128459711070697,2.2009479634774287,0.7643815028185008,-0.603382614097081,-0.49484618799283675,2.0176875915857595,-1.081455610548443,-1.4207960115670382,0.7213898450092238,0.3912618138056434,1.7500837868047903,2.309204029178402,0.11071599872332083,-0.09269922786040441,1.192981562314066,-0.6845267002942856,0.1829403607243707,1.218463879475351,0.9874651399735423,0.26873361792549844,1.9173776457376723,0.8356840656324582,-0.30351310286182986,2.244021400387486,0.21704364663064357,2.367863073025478,0.5580567208892218,1.788865258931538,-0.003255610368546602,1.9999956692034804,0.6148268802361967,0.29861343932569007,0.7336237514183663,1.9445513109983326,-0.06451174105004398,0.5416811955136547,2.2030325556946284,0.4287876866437168,-0.3888686022356813,-0.18658673861622344,0.5749517475877042,0.10512967142448648,1.9293227114808076,1.0247661375394568,-0.8899313378557538,0.610255846823371,0.8630184543358732,-0.33410512704881157,0.8244955776000706,0.11296721353859507,0.5305886241097735,3.1852877262294355,2.1774917311759623,1.5670739662380528,0.6470352092720955,0.733027730916036,2.6043240329223227,1.086156111929304,-0.9522916338700282,0.3869811978126858,,2.074742914630834,1.6486545233550531,-0.03513908815895306,0.7698405627061478,0.6423127278070373,0.11042353384740355,-0.42611246232220346,0.28248412646318943,1.499647467205123,1.3120040202590832,1.1499808994970495,-0.25996649056322374,1.1176134981676356,-1.8551910709435404,1.5184847013272273,-2.4570058681429363,-0.08476970895733293,1.0864309910299408,0.0,,-0.23146918003893457
0.6879691504932728,-0.5359074930064711,-0.49481765638946795,-0.34448942341359645,-1.2073367680733305,0.10836204834301366,-0.850327841930032,-0.14912653339786974,-1.074764833656816,0.19806947266094443,-2.069322209828317,4.026301166915358,-0.5542451762954648,1.464299656483492,0.4520842046181084,-0.5758317325825102,1.657510854816513,0.5119069999661052,-1.1579135347769776,0.37559322807210194,0.44929109700349024,0.42812040194417644,0.4774246958400008,0.1267613474492224,0.42362584350861265,-1.1200256905268713,1.020328178505192,1.8044041312616832,0.9897316032126735,2.2071645354525993,1.7952895084824005,4.086454178999488,1.2211840603825852,2.308263762355911,0.42748943479167245,0.9173598806688554,1.6653681349887872,0.0928116979830973,-0.570202297172373,-1.6240990705183256,-0.3632232540103364,-1.6928712574922233,-0.03155784486559288,2.667133095019625,-0.6127231216672913,0.038482127071315375,0.9979764012955528,3.782396169500424,0.6911683422095027,-0.33959067664608433,-0.33681442617636836,0.3502712194366042,-0.03812954997705065,-0.10265687311433735,1.4718250441898562,-0.7869474437270263,0.0,0.07630904224651403,-0.5341052911971067,-0.2587744919177126,0.1434644486649317,-0.4513030601152046,1.303396449980898,-0.1491837069798052,-0.3511835901470306,,1.1387722130673072,0.9946618638875915,0.7878961102146587,-0.1078793293259328,0.4931162463837291,-0.036199393523794754,-0.8135885978468593,-1.319058418949648,0.6395726427101733,-0.7738688630312129,1.0371976165360453,0.9079576759606578,-0.4339661219425528,-0.6057320548584655,0.26318691468656397,-0.16882009852803304,-2.11241744999755,-0.5963285905567495,-0.36445917456151555,0.4053051675526609,1.4282412650650667,-0.9198832506234655,1.280851231034963,0.20548250438279236,0.6621571288638162,1.1717806371257522,0.5156797623915299,0.28690292921602634,0.6734661208808834,-0.30133478853032747,-0.9368061420875762,-0.4311214255339979,1.6711027063553763,0.7344655915148657,0.33173286774335065,-0.9351014063206597,0.7817276888516078,-0.37660415104546763,-1.8702243505314131,0.12679739132501755,-0.8294487374531534,3.9016122729928604,2.8020844247470977,1.4146516203964454,0.771689920017482,0.3420758169763394,,0.48257862789260475,0.3172592155860743,-1.004000035955377,-0.437407518367694,0.32482123762420656,1.2385672844958728,0.6984444080070595,1.6110012177489752,0.015561613205372637,-1.6576874872897163,1.464075362660311,-1.6686897252945698,-0.42288151075156044,1.7311620530748195,0.9286008483578856,-1.5493182279735618,-1.5799583583544163,-1.5483750619966319,0.33138627441213764,0.4029277789716845,0.00830526423694078,0.8338341649003711,0.7614102468554762,1.1783835317628055,-0.7471836983149238,-0.1914032129496368,-1.4818880351262331,1.1099748973605772,0.044120122331325895,0.33316477272962164,0.8195907187208418,0.5728609261912876,-0.1423297542156532,-0.39037399061794265,-0.4868165784861711,1.1881860195720018,0.43419464756992987,-0.41617451144140283,1.7905528198717713,3.2552543386014765,1.0249512770172942,1.662438758643403,0.6048571305152572,-0.3624999777972038,-0.8137213667169241,-0.07410349007003214,-0.1287378452653587,-0.5005015340425745,0.37194075640303303,0.8332004528726067,0.2685728060631387,1.44431909983036,0.4739421610822747,3.0785881193954534,-0.14292345262292283,0.6023036600518061,1.3073538100180526,-1.8589864771803688,0.5256042314293774,0.005726022961360933,2.30014004368142,-1.2078471431191784,0.861491220391053,4.04725694297281,-0.42053550300831244,,-0.3534931884739856,-0.3836783692492407,0.39369787136855905,1.0251404756791205,-0.9502923523543982,0.36204578124601206,0.29320865361757154,0.9713461944943935,-0.5111011594084669,0.2774966056171779,1.136906689720174,2.0403725171344256,0.5338260634550451,1.760639867073599,-1.1164092171844775,-2.1410588799599672,-0.19085687534885487,0.05511513722316064,0.6663464451370338,,-0.0676625705753442
0.9320855912462012,0.1131516331772886,0.45584143172900937,1.5379245771920624,1.349139477792538,0.0,-0.05615271694462409,0.4765035379234783,0.13481218953401708,-0.01647483740150335,2.447607462818424,-0.32161574960219985,0.12791276126222773,-0.1803919684159161,-0.475405732223122,0.22752546004847218,1.4549814700174801,-0.5975279901770048,-0.03425649529895658,3.0300332866383117,0.9115384177463381,0.6216608202767926,-0.5204175924430454,-0.09907419914022553,-1.091812040561435,0.5930896408997022,-1.4345317495367826,-0.08362940453338075,1.6009299088772577,1.2444581965199264,-0.5265778831889167,-0.08725173167382083,-0.8863732939714875,-0.5579802907766385,0.0,0.07254841716730631,0.6645055041334835,-0.01030850837794306,-0.8862915418330175,3.965002028028186,0.27655658971006414,0.049205771306159996,-0.9344055419691188,-0.7225772790718787,0.8389540244464255,1.192613452139346,-1.6510263726578045,0.8939406028972696,1.8192913903109398,0.7581532744121766,-0.2045233550379555,-0.591454288455695,-0.4259659594999965,0.21488576978163643,0.39369951770718004,0.9997508623605711,1.2203202650469258,0.8616721419277606,0.49343743463803325,3.6350207943667057,1.5162411365588602,1.3559154691760167,-0.2713980999747512,-1.4990042296900041,-0.35794040784342673,,-0.40211363600655137,0.29306486614728566,0.4676489665287775,0.8302475842617785,0.7231412413613914,1.0760524816156192,2.154806109558627,0.050210052852595055,0.37383662881407265,0.006674377644966256,-0.6830150153543157,0.7272320349140493,0.6654518240485574,-1.0011957968552143,-0.7697082209534467,0.1761487574001075,0.7211096483809021,0.8165310697502148,-0.5164020906922029,0.15312136561762557,0.136261889727618,0.5497240236826961,-0.6394302507285787,0.23069181773209824,0.8291021903596096,-0.911785928749953,0.608792517671275,-0.0309331624243514,1.013184943687362,0.241797893927842,0.014114539262632952,-0.48711164639964055,0.7127300621724508,1.195472450113444,-0.5394588010093071,0.5233678837793576,-0.31938288768051937,0.9090834750933086,1.3544236781316776,0.4749171258090712,-0.19914048385033523,0.3469885780984061,-1.4919640350216645,0.2097260648972865,1.8444548208563782,3.706293059299459,,0.013565409756988167,0.45745058995998455,0.7581746253845889,-0.7854474254830879,0.008298133214945658,1.4007140226759196,0.24771622494081935,0.8927877627962433,2.649603102871434,1.1026836168167353,0.10125884703995336,1.1313409892108162,1.6987307690106368,-0.41374461499702475,0.7555174516753471,0.5268288568152757,-0.13760436761692807,-0.7708624359315741,1.3740223334584911,0.1634980112366291,0.39856837736804707,0.09052961863018627,-0.5445852997431277,-1.090324028282419,0.5891558289848886,0.547954975909648,-0.30083701471099733,-1.2603237392806332,-2.40325865223886,0.614312278728657,0.5780892655603109,-0.44500330847002667,0.7746173624732622,-0.2547323030113069,1.107488977210025,12.30149837825456,0.7905178667525492,0.6791003013791652,-1.5293476085348257,-0.09823696551132244,0.0,0.4711694480513451,0.08486758999204369,-0.17911196448450184,0.986695015867145,-0.15942782169484637,-0.35617081502409276,-0.3292460952947218,0.9263929781531788,0.5856491291310384,-0.14746853556626416,-1.3697754933021389,1.3805774667640325,-0.32667164048837405,0.32391162017419983,1.7528694820197588,-1.0207329745029248,-0.7363936661962778,-0.35418971366157903,1.3285292558171236,-1.5818535421179503,-0.5611031125824284,0.12291429578932256,-0.6160361368576783,0.8886155458655232,,-0.39274832089725153,0.3909816391946874,0.4761900628751814,0.22620531524824017,-0.33210009613423574,0.5382809702273894,1.4933628318584136,-1.029337908586636,0.08562234022702064,-0.8089080017463224,-0.7467960129205253,-0.32109885073231537,-0.7254487131325371,0.5307288279829958,-0.1096139643089078,0.9009031123965228,1.012813111878641,1.0938467569281185,-0.3782502371109442,,1.359060549424762
0.016553251646289624,1.1301845884904793,-0.3418026250620043,-0.13201116160738158,4.7218302269478984,5.07910408528609,5.291646283165452,1.0617187585411525,12.362404890111511,7.331746136652817,-0.6015813120376801,2.4810897030248746,1.131494274181466,0.2495719587534806,-0.5604683474461081,-0.8048737115578519,1.5350385062968597,0.12103792106923361,-0.4660010220085775,-0.8592499807254517,0.31510620371493214,0.2559631190560019,-0.7141857366180338,-1.140505039647699,-0.4064237507754087,-0.09181389659712602,-1.9380677696594129,0.5620530960546821,0.10184780222217693,1.257281216135997,1.2267894126919199,0.1047893922730303,1.369950072511239,-0.243970497433732,0.32318742986710003,1.1429010497630232,1.1820616242829152,1.0973229883568747,0.21624391390231423,0.21715453659987283,-0.23818471327533564,-0.5081553200236066,-0.6564211911357476,2.0362198748438587,0.2710162783075676,-0.1520636648412843,0.3433762446539479,-0.34601611145556044,-1.6004331386154313,-1.170956380613497,-1.3099253158757596,-0.5023183040436474,-0.6895624290123803,-0.15849509854255484,-1.1764731077463897,1.4397916888938544,-0.8401069226992575,-0.07560872406354724,0.7076321697883969,-2.8091784417930588,-2.5049995048638363,-0.9392907036105624,-0.25701325428826305,1.1724151173517106,0.3868516524041077,,0.040372707005076336,2.7591411518909537,-0.03126343849333413,-1.767314169349532,0.11111051406373917,-1.0236508275741407,-0.305880945867798,-0.21952593758924888,0.7076300521487777,-0.9131591377050552,1.2230396180080927,1.0890826139664966,-1.0514810414301468,-0.3957411759111684,2.694705431021549,-1.3715928375991449,-1.0394516619804395,-0.4049589194778491,1.3950480139482524,-0.2779642724928366,-1.1340345373626826,-0.21868743212193342,0.3217726369434848,-0.8311503590070379,0.9174285882430855,1.6662571472211285,0.16318188623063445,0.3093852409473685,3.433416625119401,-0.20873719730761797,0.7197309767732918,1.2169446576129506,-0.6282524610645712,-0.025963640219062167,-0.6386142944624251,1.4317568774811607,2.471766432821143,0.15164921809978082,-0.15749956110697738,-0.11029792005092798,-0.007972915536924585,-1.244822365296172,-0.6990303113622587,-1.148639097979287,-0.2708515227374586,-0.06743503067743184,,-0.2875771076904621,0.46660490779362185,0.43975815524344153,0.4394466280544629,0.9462950943493587,1.2589490381427648,-1.3755355892299481,-0.9764237971068512,0.8452430889363871,0.055576838429249875,0.2971520424416729,0.40503578879560465,-1.167554588429509,0.10429261235100906,-0.22662489069146252,-0.7675174622709391,0.8382198713618783,2.202938142174693,-0.26065401915977837,0.5045284054102872,-1.2075117610311437,0.7236854564004469,0.46692261869227814,1.2276037152003205,-4.238192108258376,-1.7111786591488487,1.1175681869045384,0.6881243563093831,-1.5700958955430333,0.47854298068579215,-1.104621282103302,-0.44699243961492385,0.22138099645470088,-0.19317957117580553,1.4582377121520995,-0.36845371062078636,0.26960552937345117,-1.003106997392289,-0.6322933915766771,1.2873274495094789,0.026024656149847836,0.26207975282483975,-0.5370967430211482,-2.248511516450502,1.0923229412107327,0.5535977176097662,-0.010219357465202084,0.09176717910435173,-0.267026871205267,1.0049355282280015,0.24413499234208214,0.3762759318506559,-0.9986397770232247,0.9363898952045036,2.267611081653209,0.44886478053096646,-0.21148588856061412,-1.4278442971574323,2.234258046570292,-0.4849728262277364,0.439725731325713,0.04752056773580371,-0.2360896226464182,-0.22137433038843524,-0.1918538529803615,,0.8140356172511742,-0.3197073857240329,0.9757515115406346,0.1999220779687061,-1.2559462700572954,1.7323589005823647,-1.5570260801868407,-1.2441717030909127,-1.775868449124507,-1.1231186977106233,-0.9345797342957041,2.7161595657199333,0.06025661517190528,0.19006250175788164,-0.010970020113065804,7.142850191878303,-0.4417334759070357,-0.40866873370243306,0.47461026539212803,,-1.0068118111815405
-1.3629082041453633,0.15964686119531724,-0.6977663608400242,-1.760126462999878,6.86883638180904,4.179874282975948,11.78326176343585,1.1486205135029515,19.99576694448244,19.848024734876013,-0.3458412661623611,1.4873550510302147,-0.8391260425119063,1.3477455117799853,-0.8646691267529705,1.1962991879010731,-1.0433673248724462,0.04028063467491627,-0.9639185659943927,-0.16082262654925072,-2.1799596597644855,0.7483016462894287,-1.2095748089568037,0.9251576359861957,1.415689764887662,0.10641288008357286,1.0501512727040696,0.5272114014325924,-2.3282236783804366,-0.3728990372451002,0.04980132769096812,-0.1046796990525567,-0.23903328919221423,-0.611387901798166,-1.312172828447733,1.0245853098731494,-1.2592967917824827,-0.3159450991221058,-1.4171487828446794,-1.9095385896216288,-0.5529046615954103,-0.21418684407936706,-1.1803963217085989,0.9425897187897991,2.4577271121080324,-2.1322586158983525,0.05070161159335118,1.162665184957401,-4.366959724284191,0.29514488532658145,-0.6501038369617129,-2.213013780361328,-0.5079130008563304,-2.5025705219117067,-2.276523428233146,-1.733872109297141,-0.5226384992022881,-1.5358948465652666,-0.39435472128289684,-0.8486812757233508,-2.5693546127192546,-0.5007804142333483,-1.4753468454456686,-0.9698557186672119,-0.3853608774818551,,-0.5408141148215306,-1.9345481276111465,-0.8269829558847697,-1.874057075876534,-0.4951697097906771,-0.2792426048868313,0.7159250969318798,-0.5971847336926794,0.3975584954310829,0.3228882876520345,-2.1866447129828104,-0.07262764984554693,0.49225028688704153,1.3685075423033322,4.767727211887163,-0.049917512320474255,1.087888364623768,1.1534313196829737,-0.5972751442289925,-1.156803922844185,-0.29822890528484747,-0.9009996948656784,0.43478365183611256,-0.7929789968152412,-0.13467815297049102,-2.641883079345231,-1.289707899174497,-0.8867353804946632,-1.125127071924359,-1.6594673329192067,-0.23819891344096789,-1.3568071292572093,3.023029903247898,-2.64251730701186,1.2061982743440725,-0.4674544507811573,0.8487196509664674,-0.516573928363051,-1.2954089634495292,-0.9936905503770799,-0.574721067392725,-1.7740368641235293,-1.2025799706460782,-0.4579067331495934,0.5634392320224668,-0.9277969815772336,,-0.8407239259343058,1.2254514385086956,-2.4907621943341507,2.10079455895662,-0.31246804933610095,0.24176647948821461,-0.20323018622440125,0.0539341341014854,-2.4693750620537025,-0.45824571972938877,-0.30257637591296627,-0.3201639339392992,1.0261290034131232,-0.2881121311953394,-4.723099556011745,3.8399970605397904,-0.10246868470437098,1.5291792760382394,0.43120667504399357,0.16241171833009105,-0.5190356250980077,0.22153865407024131,0.3295431053982334,1.2869674600080039,1.6139993873671044,0.4269253097332282,-0.7183908142898043,-1.6697039350659026,-0.37869509973516013,-1.8886507360824645,-4.268071697888754,-0.8979761188760649,0.521536369207487,-0.3378917433155326,1.4306499459100896,-3.1584183494190454,-0.06110602850727398,0.1572145343022413,-0.08030977403777895,-0.22948083045783996,-0.13004770335004467,-1.2519011886331421,-1.193697408733907,-0.29828707330631365,0.8687622716238463,-0.6670215604136498,-0.7898576902892862,0.7975757161731822,-0.5856749487275659,-0.8449201751633773,-2.47752497718583,-1.4176648070469144,-3.5763435582960246,-0.8233335110652495,-0.5212859552030213,-0.7246357945266957,1.9204981430218426,-0.8954050904253386,-0.7781476967376411,-0.10766295788253721,-1.977652964349419,-1.8700974041668483,-3.010211621932013,0.2928563203585588,-2.0183507434762826,,-0.25233254184008347,-0.05248371292980725,-3.057706023676676,-3.1149465159433287,-0.27976989946595365,0.7356925372291601,0.3242388295769061,-1.3681104152875379,0.6126809778283837,-1.200988476542142,1.1352705460315304,-1.0620180279600877,0.8809025550797767,-2.2130947586890493,0.6255504339864659,-0.11903899597163203,-3.0776789473475397,-2.1689859759938868,0.18894193686613825,,-0.15426505721540806
-1.1952726693519544,-0.185962144534213,0.22032698530896067,3.625810136111518,-1.3121451363107606,1.7836038968126244,-1.7966473812917494,-0.18003205945726908,-4.640231363573788,-7.403133504992676,1.1452432345816277,-1.5511387736050652,0.9008222405622268,0.22022398963905676,-0.7106870546227717,0.5448181625539839,3.313711202791625,-1.4419687739669174,-0.1390380510101652,-0.6712009876617686,-0.7985162572604065,2.3068949688824336,-1.5768475038224095,-0.7730937772540525,1.8877291867567259,0.7199763384731828,-0.1054292646323729,-1.5575675013612567,-0.674059980114905,0.8322059350128086,0.7467003678561346,-0.1222439912611617,-1.98438888007062,-0.47981927260485335,-0.3980846573787056,-0.3631116304078974,1.5365791235185222,-0.8945902746465006,1.1594827384804551,-0.7317369901143622,-0.45489256182743576,-2.0226187080550684,0.4219624757578089,2.5490064128595336,-0.3803642325664991,-0.9791167982819204,-0.16469061842395716,-1.9501804307697324,-2.8539766936084066,-0.8486893548208085,-1.1633328563053102,0.3784356563323543,-1.8546025765473373,-1.3504499019333038,-1.891431121812226,-0.6811657113462988,0.26545736091141414,0.5378857201219667,0.6406598671613972,2.250607087854606,-0.14857735361623048,-1.934813242866673,0.06666923680722636,-1.6961974441832894,-1.2655350646428087,,-3.246219795704919,0.0,-1.4225221722607428,-0.7014331287095277,0.9609590325422745,-0.7259905344918827,-1.6184302344793289,-0.5691549000284457,-1.0866494128289994,0.026822127498249415,-0.18300418638235172,2.798298907012553,-1.94386573945452,0.4899286025738192,-1.971160874790645,-0.51373259063201,0.4453064966365661,-1.4191913751397722,0.03219571853427805,-0.5781042203841458,-0.782345651331795,-0.9214921210402349,-1.3412876290458509,-2.2615055763533287,-0.04045360034876655,-0.3768786785351641,-0.6189024859395764,-0.9724557476286311,-2.150132069305022,-1.3565834345271033,0.8707907894373923,2.8530595648303736,-1.678762335392614,-0.13337641009982804,-0.26968247063940964,0.1657541260031481,1.0039847191421591,1.9158504342340121,2.9299234653509476,-0.41421187562669104,-0.9794478987653843,-1.0060227663558963,-2.0385923390338956,1.2860469276331443,-0.6771707314951358,-0.8002819061657007,,0.35944861682055684,-0.7573186614108329,0.1297153867991785,2.018316699213285,-0.5691668531824012,-2.566763524180049,0.831292488355384,-0.5928596997679447,-1.1792305933645775,-1.5135648794990852,1.776682448423239,1.7858321898961416,-1.2461485149341645,-1.2397431559357575,-3.007985319527029,0.43312876843799586,-1.25386116547761,4.480608957539967,1.6133194435707932,1.120283703426006,-1.6746648335329017,-0.471966794806411,-0.34109430745855596,-1.1484381845163871,-1.4044413512435128,0.5244804278114801,0.278303465876939,-1.1747347052273205,-1.4399364109797141,0.40173644399625896,-0.5786442525436142,0.01812179683755577,-0.7202617638060627,-1.9552255755244996,-0.48321699062136014,-0.30962946892423293,0.9905808794405502,0.6802848430054187,-0.7728433935495937,0.34500603880378566,0.7031386360789815,-0.36220847573993353,-0.05751644315916682,0.14383168366445265,-2.061682346797611,-1.193775179923906,-0.3706367058080695,1.9372467246029368,0.2861503558319489,0.15131487253856601,-0.0955794793369158,-1.721512539529091,0.1783209577206346,1.7947935360086653,1.3358900916754957,-0.7785922607738915,-1.089002103575365,-1.0430192273569894,-1.9689642902836257,-0.36589961515740566,-1.4425820099059683,0.14519464451383524,-0.3708909157990381,-0.14157797845338882,-0.9184958382956632,,0.05060038828845759,1.108579391519826,-0.6336858565926917,-2.22532801751949,-0.5292795872255396,-0.1203455614700144,0.8434494718587482,-2.384992606644909,-1.405932891724615,-0.820145228974134,-1.9683823329579742,1.001373106687553,0.09702542958951454,-1.1746958392754525,-0.2726567085752807,3.933252803364762,-0.2543305282499242,-0.2796267957792198,0.8015091166052812,,0.8834664254445901
-1.1587670038294196,-0.9421828974488289,-0.4040433052955983,0.6150525847122168,-3.90227829841554,-2.1147811548751116,-3.1994301766845035,-0.6936719947449044,-10.99476774403958,-7.6976335307826105,0.17155600585283537,-0.9779436464377844,0.5681237579713283,-1.5128306469071373,-0.5270710798077172,1.1553075078683417,-1.2357590870716417,0.4209433663292961,0.24365962286816423,-1.7118658962126276,0.2568010227784967,-1.016402361359059,-2.158139449046048,-1.6194634987752532,0.4144285522744706,-0.7292252681959654,-0.46739699325748507,-3.212497143076032,-2.2333309658200684,0.4501817895898652,-0.36234627436438904,-1.5037577443881345,-1.8177247300172894,-2.2252462374456994,-3.3573092376246394,-1.1393641413823374,-0.015133450665238968,-0.39201914662163606,-1.3099429115643435,-0.15299134584534357,-1.5993845426533815,0.6150956812715602,-0.43312807347059,0.8285468811550567,0.3941368298812087,0.7137721481933035,-0.30451624917000597,0.5091766142106602,-2.6800216427433132,-0.25377145254272815,-2.3816085082134952,-0.4069718156767599,-3.3908356444448895,0.5436970372702188,-0.6644129994714865,-1.1072510716842454,0.17098731384446175,-0.7872315395110019,0.30040562028552653,-1.0751333024333953,-0.905139781407438,-0.2776507692012431,-0.7943426576170087,-0.14892540139398447,-1.5392346487376973,,-0.520050859066068,-4.0214896146551045,-0.21681175476944148,0.8742347590107169,-1.5891952026811151,-0.6424978193304343,-0.6193156721464699,-1.768117672904257,-1.7409902643971908,-0.650229275921077,-1.5833734176954994,0.14140396623452123,1.0824035146849154,-1.8634929734782424,-1.1435695423861025,-0.8319695104019198,-0.8602900796958801,-0.6990013843640175,-1.3085929172739763,-0.6665786200637513,-1.646553313221022,-0.5456415789393043,1.8846249456998088,-0.7978712129488197,-0.9916335323739145,-0.302655086920256,-0.9894797679553813,-1.3355362688403982,-1.9018302963091926,-0.536683454683351,-0.264554253727467,-1.9198954573925286,-0.6169808278927102,-0.19365619738304085,-0.8025122121423589,-1.5996984764819366,0.20465178546580365,0.9399070133414789,-0.9456993303971872,-1.8556997463912928,2.2215089308480263,-0.7281751814440129,-3.202344825255965,-0.8008925794887323,0.1663897570575612,-0.3175335636813381,,0.44291774100764236,-0.3787757799224356,-0.8021937157346781,-1.4044288242879954,-2.156966801448934,-0.22983851168805192,-1.098328305306362,-1.2779834361336784,-1.3492998868077866,0.21955025547033546,0.9442792460104821,0.025246097447939597,-2.0570469479449516,0.023814271766764428,-0.9289496670931485,0.8984614523309009,-0.39247135401447864,1.5429710907189254,-1.1523728049077198,1.3411001174184811,0.8729878280723025,-2.7550872326854603,0.7859383788234364,0.5067386543568642,-1.4583748419653153,-0.4668276917050296,-3.685614193709519,0.08825030868655492,-0.8765711075191418,0.1667212676755847,-0.935023263215895,-1.8119087171163062,-3.0003104105825407,2.027792167586817,-1.14829562563582,0.5280024285154505,-0.5328043414020267,1.6285386947965774,-2.0063650295476854,-2.133471563587397,-1.2154106728869407,-2.7824465042946,-0.4892858315176718,1.660352102491225,-0.12641903111664243,-0.280471616480793,0.13434527275315578,-3.6759544630438734,-0.4699620591975706,-0.5804603554239396,-1.2158974543403422,-1.3577255025153723,-1.0798633659226176,-0.5053901286056983,-0.699203709052576,-0.25134716886862085,0.6653798054556015,0.5223840785421707,-2.127659574468088,-1.699544089568461,0.44275689477748514,-0.04229045018678823,-0.8816531567530594,1.0279147076235562,-0.9180099418272247,,-1.3147972120662432,-0.36354868378175587,-1.8988203466250297,-1.3248052661015808,-0.6076964773816695,-1.0105410190346498,-1.1725162198077066,0.12267561208831879,-0.8023004119234844,-0.15504771871551748,-1.5079380959257094,-0.7346618634904489,0.723231009197467,-1.2867995446640523,-1.913821891663059,-1.4908269548162933,-0.0291259312492409,-2.0189901884406947,-0.8886746219225361,,-0.8470102994413087
-0.6988344771096999,-0.49976268068300245,0.7218767455392516,0.7403284865836746,0.5849282572588654,-1.6566154557587476,-1.4334582215818292,-1.7043872863596876,3.114186851211076,0.659378806879829,-1.8667621096609022,-4.1918136837000075,-1.219507881351456,-0.5577990969478308,-0.25511440795058515,-0.2931093714594768,-1.2723084230960358,-2.165073219538771,-2.361278048702542,0.5591690759392698,-1.4981189956738028,0.6644148097174618,-1.594095244068261,0.03960551783850352,-1.6508844492405195,-1.623812899456878,-2.302511985791156,-1.2539832712020527,-0.7572374464391962,-0.6093473051748899,-1.0166143140368566,-1.7752542374301017,-0.6703281542986494,1.9471379163322533,-0.14060783179945524,-0.5889572812358912,-0.2119003771524186,0.23302894356969084,2.3820846698059173,-0.8357660828748781,-0.606298168607633,-0.284736104439931,-1.4283852194335145,-1.1959978958162254,-2.2941922558763816,-1.840053118866758,-0.08909842730134843,1.6833762373783534,-1.9652448618818208,-1.931875137617689,-0.19780604504610055,-0.3008409449187899,-1.7174425816823269,-2.2209379970512533,-0.13158028585869008,-1.4538829190203328,0.22575849347503674,-1.764111023900583,-0.36368974196204773,-2.5980627520840405,-1.6141171443909919,-0.24889109061171366,-0.12914385643265636,-0.591442082678717,-0.8470335935072404,,0.2698202527289473,-2.560546507177619,-1.025856292710392,-1.2826561591674168,-0.6735715172715095,-0.12618342628776258,-0.6751037001557991,-0.317247503644813,1.4686312997235662,0.6207468849436681,1.0859777935728454,-0.3294843257811486,-0.43931089610941276,3.058073298687969,-1.7588388667935995,-0.4990125425744507,0.18100786524921642,-0.2765531749209904,-1.2172619504168147,-0.15705651445316882,-0.9667569127865927,-0.22443294942919856,0.5930574134993316,-1.8565659939225543,-0.37474138214140806,-1.6190220324105442,-0.0768718272658897,-1.2023232058006261,-1.578457394168864,-1.2622275767819935,-0.47465094800218655,0.0,-1.9273825461189054,-0.6556827903324791,-0.20225114315863824,-1.223962109267851,-1.312913821527384,-0.052213401632061895,-0.09025435370668689,-1.6788924800203886,-1.3800802082961083,1.2171470301956644,-3.454397432625167,-0.8762858476897173,-1.1182297297322563,-1.6099856310055505,,-0.8002708838329875,-0.6765386413289054,-1.376261977484261,-2.1529203340165837,-2.543659671279719,-0.9037768516117151,-1.2559782651076934,1.7574133340080955,-0.13835632950771615,-0.5582713907988146,0.12308228739288385,-1.2177455063930753,0.3970990338961977,-0.5441942260084431,-0.8573845759859533,-1.1883575827223658,0.16224101460069473,-0.28535467844328366,-1.0621742822014224,-2.042573197075548,-0.43272681615100783,-1.2468408579843548,0.4821367825647682,2.0167196774551366,-1.7897029454216895,-1.6829433862856735,0.9220839355829957,-1.537608497886378,0.5187987298363117,-0.13314060391046434,-1.7143418421805667,-0.27681630975939786,-0.9507511227884846,-1.5663067652289198,-1.6594752447112282,1.6374896409951045,-1.2904897080286637,-3.0344327329216436,-2.4289366605843465,0.35132211875938957,-1.767020307580669,-0.3164162260636316,-0.7664448009885971,0.2543070201198594,-0.4017351070994213,-0.4759831498190037,-0.9631541830642854,-2.3897704582207746,-0.45530545601578654,-1.99153248506716,-1.3964318118655838,0.8985892661411921,-1.715453744057216,-0.5830045919305027,0.13202870720649962,0.018442584320887967,-1.1841428399860576,-1.7889455236729246,-1.4956532353940233,-1.2916354038622235,-1.2342519871040514,0.25384261073220227,-2.5696878778552423,-0.5175064971748689,-0.7811740238688247,,-1.1017114235785108,-0.16216574567695652,-0.6427558718160142,-0.557703320131897,-1.164324052806176,-2.2962421770509778,-0.7751324843787044,-3.1549916129582467,-1.9441521762277758,-1.042678632575389,-0.5976771386556834,-0.2874224919867552,-2.4650288084137606,-0.16571113008496674,2.9434682130036194,1.047731676241903,0.007281373416945236,-1.0589155859845767,0.7550724085870097,,-1.616791826487396
-0.5249410423755707,-1.468996248668697,-1.67032354596931,0.21575000580793535,-1.6774770515801674,-1.2692096428041255,-2.978094850624302,-1.080160701736843,-1.845637583892612,-3.3422713752413236,-2.6527071914539735,-2.7602749972561846,-1.3616518189540905,-2.4508124118091446,-1.495275894842285,-2.7065422636063707,1.0537444957443798,-2.5457490174287667,-2.2832336456782176,-0.6381039197812188,-1.27617648119549,-1.0800548975634316,-0.004899749507791817,-1.5889244320146156,-2.73019119706317,-1.5916712491097718,-1.558253997003478,-1.4166055168187364,-1.4306622203845598,-1.7285058287693889,-2.8640572281204757,-2.4218301322951774,-3.734168310078345,-1.7983366147546476,-2.170143745193054,-1.5386567745063084,-1.6077663442673917,-0.981604737563313,-2.9806639980194394,-4.790006521979107,-0.9733898732017132,-0.5542885697535471,-2.5951706825561693,-2.7667984959250935,-1.4377196097272948,-0.6822517662700256,-0.8535117153385507,-2.7349668282985795,-3.3180456475154885,-2.194172164897068,-0.9344192328155199,-0.736749914735213,-0.6934310385643405,-1.293699389533276,-2.1299916160424925,-3.51873188831755,-3.7962861224041355,-1.7330584104514934,0.8731796809052783,-1.6403989772103889,-1.106448036696439,-2.469767161829828,-0.78104452409955,-2.462619638093644,-1.3759803558960226,,-2.12748369577217,-0.4981230295800776,-1.1444674554048628,-2.0016964744608012,-2.260472910217992,-0.5053387398649578,-0.08496354261784411,-2.091454476572907,-0.49490426524045894,-0.24140710746825,-0.8188203148269402,-0.2951557432525509,-1.0440061524221722,-3.7814628116021543,-3.676948643279887,-1.1775061800240016,0.6483160682265066,-1.5966416483937929,-1.4523046580354082,-1.9162017096587047,-2.357136552760697,1.249681020159521,-0.8492450105455629,-3.052654584186043,-0.8070110243342699,-1.7742315184829938,-1.6505872849551628,-1.7488694310344832,-2.6552257140914692,-1.3125177752827843,-2.8475314133441954,-3.779951541749149,-3.120874753757663,-2.4178406698565857,-2.0001762269803547,-1.6080216636638056,-4.611976330007284,-1.5411374229150732,-2.1108644222189277,-1.9064908215613796,-2.380563957221027,-3.4164120741177473,-1.459301735625862,-0.9287378087125986,-3.183640990022818,-1.1288091328969352,,2.3350968371251613,-1.7732520521894668,-2.2256151418452164,-1.2563621902457744,-0.7221204652452573,0.05364754777583691,-3.7818676828188402,-1.7810295842996982,-1.7140388593562705,-0.7461588166937649,0.10449375911250058,-1.2774655283521508,-1.2569135241947582,-3.3034555645442,-2.7599902840046653,-1.025692578481252,-3.2280389299218726,-0.007152621214234767,-1.8198471252251158,-0.76358728565743,-0.9288412089059395,-1.3875849774373616,-0.6884442692343784,-1.0969049552853938,-1.4193160062795473,-4.42249623482982,-4.231382917544679,-2.3956082735747675,-3.249266037271892,-1.8333429888366615,-2.9691335127574936,-1.2213281901587103,-1.4270126994686105,-1.397332616094893,-1.1474861973553296,-1.6617716089124102,-1.9980295722118346,-0.7559723870813384,-1.7660469657109323,-3.240576129047945,-2.0919459623020664,-2.5248854078949057,0.37889514205171615,-1.4825292280908675,-0.6078025701740208,-1.032608230911125,-2.507732103766336,0.2657041574847252,-2.0498060201291968,-1.0853643577774519,-1.900965776335417,-2.7000281856540242,-0.6224795111550274,-0.4877241712910041,-4.028713615495738,-2.5009316102335033,-2.270312482401038,-0.8639453496603555,-2.4011310469754688,0.17603281268878668,-2.2525578700381854,-2.7188411247044186,-1.9713108950485947,-1.340145147206706,-2.902139323255215,,-0.5699510140921404,-2.888978469803394,-1.889288685315671,-2.534110105500731,-1.5154631559005982,0.8324761380762213,-1.689916301315264,-1.3389550693837404,-2.6052005390626354,-3.1534793297423036,-0.5847979615379417,-3.3796899368899846,-1.5330843933539229,-1.571322357306093,-2.9676135090475397,-7.603684610685546,-2.3462606668592123,-2.5826474597868465,-1.7798644558575605,,-4.341426982176588
0.6649510331052655,-0.915373633551475,2.1625218325415307,-0.6458483613548172,-0.8473626141484836,-1.3445020370471905,-1.150472460115326,-0.6321834171157392,0.27350010016025106,-3.0111632958101264,3.9261428636299778,0.12956490974624923,-0.44175557202141835,-0.5396312340837262,-0.8788293330016961,-2.9902087091785656,0.34524803432534057,-0.008537970016042618,-0.5168207024029536,-0.04587155963302614,0.2678316476904419,-1.8890922493005946,2.6526974233063383,0.17812306856475058,0.5938495264931953,1.073283767853117,-1.8585607098064005,-2.801610547465949,4.618755240969952,2.229829802666461,2.0974740479085874,1.6669692488395782,0.07343916020736696,1.0229959759212592,2.785542350736403,1.281331111139239,4.2392470091901835,-0.7513328210467907,-2.7322115916254663,0.36883971146277617,0.5111335656845739,0.14356199254521584,1.0684292589188793,2.032519429863777,1.3886150242508055,-0.7603056375905748,-0.2184215427436631,-5.45298821814858,0.890467507653514,-0.2652601778017738,-0.2858192347669486,1.1804605792028244,0.8519028252164773,-1.3806874515272294,-1.3013278330027744,0.14060373084192612,-4.757009879504315,-1.4763389906541802,-0.8798062549841834,-2.249050614895398,-0.06430096225881199,0.31654279844952615,-0.9071052252437761,-3.3363402527443964,2.598536925227002,,1.177071051907963,2.00756727256437,0.0036376760528256114,-0.5661871425322373,0.035577932804931045,0.5555229482790303,-1.0204134781249596,-0.14595214036744464,-0.516156091426867,1.3376371969953782,0.08235282843320757,4.618109209242416,-0.5533828782915862,3.7964768613907296,0.14542014206710974,-0.8458332616551045,0.5015869838570275,0.6234115537211871,-0.24561931612447907,1.3267223678992135,-0.41453739871101236,0.5307335618759845,2.5837033360608386,2.0428231578691003,2.944018790746683,0.8115119172837915,-0.4764540257296779,1.9276548841758334,1.709052516955678,2.210028524210972,0.2598941897253182,1.4942174211231896,-0.030382827360719844,-0.49002836454377086,2.6254270814601632,1.6246812604394423,0.030993843637916463,-0.7605251726568785,1.3453085784328023,-0.5577163129410811,0.024709407284850826,-0.24735311615687872,-1.6454585785128706,-0.1604142034957845,3.6184315041319692,0.39827193248012094,,-1.1020295844818784,2.590403171172362,0.697985562762149,-1.7906859043034906,1.2444115327628014,-2.4307367356813714,0.6359476694545174,5.275136912125444,-0.8417537220900995,0.05012431867055245,-1.854352871590248,0.9187418133080882,-1.014775160296555,-2.7054719356210954,1.3510516116705285,1.4700480671488991,2.666191759902037,1.849538833317399,0.053338303747585414,0.9026392371427994,-0.8687406225686312,1.464153659008005,0.8234557188611547,1.7062762151683009,-0.551008837621958,-0.7222563558110018,0.5604927881999622,0.13475695790987618,-0.37584991264890677,1.3752062373569407,-1.6259426985482106,4.364925889473437,0.5453144820130484,-0.5424507656819122,-0.6077118197788223,3.3487892838742983,2.303051841250414,-0.5845836328589815,0.8889496107830297,1.5956911756725756,1.2520465297108707,1.139735818597165,-0.34843534361621575,-1.2072957680830276,-0.5614898873377738,-1.1202652432211746,-0.31707379251266765,1.1546508113109422,2.853681330019797,0.9487696390454881,0.28743874613443854,-1.6054020212861064,-0.42986499740989004,1.6103630067215269,0.5266390008439981,0.16386660278764342,-4.902454712292437,-0.3708052344836177,0.0,0.7380601490930117,-0.5801399878263336,-0.043373035971294716,-0.10347842942232122,0.3663943800679803,-0.03770663079022407,,1.1073447376362733,0.9438508519357569,1.3337320574162703,0.21311081465689163,2.221016886866134,0.7189064057010697,-0.737867814998483,1.1006585913104328,-0.9747267202397158,0.9567905960305101,-0.24026528087434107,0.9844790998833952,0.8555559947255098,1.5626798577495604,0.9599225229684372,2.7431334264018004,2.55932275246753,1.6500552876941077,0.3338178562946936,,1.7538407441877624
-0.47045598158524937,0.9404226689250006,-0.5837278546027447,-0.9479978378662768,0.057355893318034035,-0.14345477724165834,-0.8209784324560987,1.4676141167462298,-1.3637913966854542,-0.6987509360392496,0.862515075851733,-0.6116977524922573,0.2958043964256696,1.3875218073823081,-0.4701791154777535,1.589521296094798,0.17552971026846276,0.31588975033938205,-0.021947157941548667,-0.5139950055931597,-1.2031170925388857,-0.05298972769689492,-2.727179572885219,-0.4473786001895963,0.8022666583212157,-0.9038328704799037,-1.7252456391250504,0.37175896376302475,0.018505705119076232,1.791413097576755,3.906717765898504,1.985786971323522,-0.3802891701523148,1.000121697497458,-0.13178936884281622,1.9147739547769493,0.45844324270860604,-1.2511805398428222,1.7969987953854627,0.24989398369006377,-0.5215775606289719,1.0457081181950878,-0.8497234013590593,2.680944435962429,1.1999757991687288,1.0282285260318824,0.4249360461719087,0.9932261631015349,2.499692632116002,0.18031189906586587,0.47772689216034614,-1.6949501972330139,-1.2670601168917162,-0.31449961318886777,2.307341222394488,-0.14040631432564732,-2.1345485070152326,-0.882885946809131,0.2934796352059621,-0.5023145007422292,0.5662093912503163,0.44521234152723466,1.4993632533124135,-2.0083392831222735,-0.1133298029209695,,-0.9086236669261116,-1.4071819671272245,0.3640485861723386,-0.16577511384910926,-1.6094619970614232,0.0736661837417385,-0.019818477961941472,-0.21258945880351376,3.2449906266033723,1.0811917306987162,0.13712442738191832,0.37351482752132625,0.6605482786548267,3.4967307582312923,1.4793410343226343,-0.007414638066127743,-0.719728228389005,1.0268989730178646,2.316731651006987,0.38849163712464385,0.856997584848096,-1.3996338468829195,3.601988228198394,-0.5522537701085461,0.3214826855490127,2.674636818714693,0.09289006295409852,-0.603575509858767,-0.05377862918108933,0.8755372336155975,-1.2384887797438404,1.679562782789179,-0.49398077424173126,0.0,-1.9712633607850027,0.4351589321944127,-2.323780096300576,1.8267699134407511,1.955239458757152,-0.3399106367325211,1.7049715750685035,-9.266005381955456,1.3383895077799801,0.05523553770225842,1.8134323382242856,-0.38787761701586376,,-0.7970898204337273,0.5921435973697209,-1.1328345917628213,-0.04456006671241797,-1.6878651820018575,0.8609589580601762,0.2603745828503312,-0.9842646612390427,-1.068239188794684,-0.18605769526097715,0.28153265036992003,1.0321820157675576,0.24279297033082958,0.3780212496633961,-0.8700199792419538,0.40461098258730566,0.5240415405662224,0.2177637844584357,1.7592990255127727,-0.14664604915134438,0.03470062127273188,-1.1681671874442023,-0.20001708202820323,-0.8268554691374552,0.42895878714253044,-0.5973824934975003,0.919063148532473,0.6070449171214465,-0.9735851609193769,-3.5672478335076474,-0.9855090432055236,0.08975835155649037,0.43258980892624255,0.08180972499693961,0.10991607322030639,-0.7776657819510202,0.93492559011914,-0.12474564413483824,-0.7035835383392586,3.0316871650262422,0.22848833473558816,-0.6439281414304943,-0.6410272444172027,1.5811432310970375,0.10622107802604752,0.322116348795487,0.914939991056074,-1.150824246547999,-1.5806296947418863,0.7028479620275752,0.7728947441608902,-1.6168357994472582,1.5788807074306632,0.19523655627546876,2.1030968586081222,0.3146095562865936,3.420373626716078,0.026092836253899243,-0.4160628569378044,-0.026168967194772907,-0.5997519584055144,0.018603055620625142,-0.26589141052391074,0.5520518649247075,-1.3959716415688161,,0.15462146465616833,-0.12427071366724052,-0.9908359156734159,-0.7372100863494935,-1.0055271043296732,0.4628295907952218,-0.4329257289187205,-1.12039061507464,-0.061321342375630916,0.24456331290312328,1.5032015560594525,2.296899281108078,1.2074959617770054,-1.7710869581279653,2.9961310102471828,-1.3349473268531309,-1.5278260099520269,-0.11267160122696573,0.9980944645191503,,-1.0281175361632422
0.3028955377888831,0.18085111178891555,2.668880887941527,-0.9365640373843798,2.7629665332115305,3.4638263421920223,3.686027802098324,1.3680058554207175,5.433806389218665,2.5267889801117827,2.5654181096012696,2.2487887015246955,0.635947070399645,0.2017742878709594,0.4319070944867942,-1.1206239757253877,-1.0093233512198596,-0.6042546251093017,0.7318579145605186,0.19374255361537251,-0.5697814844802029,2.4655392255770625,2.01941257400835,-0.5991816239557579,-1.1212353039975143,0.02989815871183854,-2.0494860421499728,0.4706425047398488,0.8199167283488462,0.4099904330894466,0.9885712509110967,-0.05358920551861157,3.2547656489972487,0.6312633175090232,0.5938549920480263,0.7213286467942615,0.014730739157742256,-0.5749575562954856,0.06024190896214421,1.5982468950205941,0.45877451222930965,-0.4089464429638867,-0.1552052796212955,0.040415095649803945,-0.3414403023830004,0.6452401337838642,-0.37184477677965067,4.023248677435776,0.6159591687772581,0.11249771785688534,0.14265550351124645,-1.9737703501533477,1.3043486551813643,0.7632793490204959,-3.466276193548923,0.36030783220346585,0.8025977208675483,1.7161079521327283,0.2283961112162114,5.5445926500630405,1.1004447136983897,3.821322591202092,0.43021040471125094,-0.7223666738349399,-0.9813364883665909,,-1.5682688601053707,3.128811135876197,1.1897459695325407,0.3176744213040372,0.41572717849798213,1.4984205365028425,0.9980840769637345,-1.11852156922857,-0.7309368008726613,0.5249697197890812,1.1987751678916192,-2.0297727696693357,0.8670134522764439,-0.22800260813651274,3.9529499071833785,1.780412178514612,0.7302279477417573,0.23520194212161005,1.017283224461596,-1.0749599670194732,0.6797948404266174,1.0086008449004868,-1.818304560969508,0.4095558201627769,-0.06008752270041384,0.050582845980207125,0.8209633102178371,1.6435884155441283,2.6765344131158386,0.23017691293869547,2.668419922099008,1.033248410893739,2.237831179147043,0.2774368840090524,0.2055590311913491,1.0549187664095516,0.5551192153760987,0.29754380777642364,0.11751231194954137,2.3362854755230256,0.32393834474298,5.0560241201520695,2.421307571113762,3.5429258535726316,3.730740650406106,2.1592982024636775,,0.308826923924288,0.4165063709524297,3.662428362050263,2.0024579611674698,0.35217157732809756,-0.6901532700416046,1.0621538344584902,0.39158855487584354,0.1601242584292173,0.6237368329062187,-0.3992802187158362,2.9189668943055747,-0.13456316120087353,2.9006102259933053,1.3635698781404582,2.190376731739896,0.05792630330574422,-2.8985026149725535,-0.24884396902423722,-0.0587482095458447,1.1709723617663093,0.853293417816281,1.4780782217257649,-0.6041522084941797,2.2067917494462908,3.820068046453007,-1.539362583541426,2.009401730237448,3.5025176626722443,0.8944219658270525,2.7558251828748492,-1.5423206008416512,0.5335936244374784,0.5040920839921137,0.8921262645643413,0.9344842924935648,0.21938220858752633,0.14273811977798534,2.1190698480030745,-0.24815998863263466,1.2605588334936524,1.4582373069955468,0.3445729911237372,-0.1425429582737947,0.5863984131327271,0.6975133493861474,2.9572139642001005,0.3312832097739582,0.10251229952997765,5.291356482813292,-0.2460616532467208,0.36019829054112495,0.48572830983044657,-0.9570811577900851,0.3271880245279801,2.628104008747756,-0.5961606796887953,-0.6967611248969163,0.23615089903163966,0.5554417201202311,-0.2500367691223193,-0.006207500477783956,0.8932218525602886,1.3725361095892286,-0.019122686152595048,,0.64324831431255,-0.7465797104204142,3.1217385178936574,1.1211811385767767,1.226614594787323,-1.001884801464914,-0.23791943555665496,3.3030453034561535,-0.40687027812460475,0.8615513167264499,-1.0391129867313276,0.17327751736120334,1.6914518224829367,-0.1690350668231977,-0.20394853366946242,4.797052125866719,0.0,0.7101985627376406,2.4000010770909963,,0.9420515365949678
-0.298126182579439,1.1542682308015362,0.4101424346409699,2.39459303124665,2.231271327577833,-0.10799859405877799,0.5259789530455139,-0.2530362715479795,-3.3637071725115653,-0.6005267561355332,1.367352349527784,1.852064458184044,-0.3205343292546625,0.8842620114350996,0.11423389905591552,1.176089612240494,-1.0196145590568584,0.941864536569037,0.5230996792388032,0.67219602468922,-0.7078810915141953,1.854244685451012,0.5765250505908925,0.6143880617301534,0.20754671464262575,-0.3039326059518177,-1.4754880394503012,-0.1214571143150156,1.4797677394727815,1.6756559860966913,0.7221358831484226,0.9651510100411098,1.2388110363449778,1.5129161487644538,0.04918906390618538,2.019405614229086,0.5445893298585691,1.558147320054637,-1.3126196802591528,1.6741197613810321,0.8089752012844009,0.43576874670476773,1.0408220806850332,1.7291551683964457,-2.1428966754623358,0.31064481948763767,-1.3256116028085851,-0.005369055714199433,0.7683677858590698,-0.4944090423154912,1.31991590974061,2.1745914032081703,0.9552828902988697,0.22219776794067947,0.6559962034433875,2.7320496082149814,0.8387528110374909,0.2731653126833766,-1.1464824660686324,-1.8748083562964646,0.7593963018676986,-0.6010101058014805,-0.7173832425880655,1.6075356538741703,1.6040334020842373,,0.034840646293998745,0.1280491028075037,0.06093340210031606,0.2878612051124163,0.6390077650382686,-0.010355236683690094,-0.6282730404529979,0.19526913137051238,2.172117291804665,1.880016641837945,1.3948438126182738,2.739417953084655,0.3430207287426379,2.108650024858183,0.567814143464429,-0.49562772723105164,0.4202650437617361,0.7542740708779361,0.270709262729496,0.02897975197810876,1.3021264371493313,-0.3205174488995266,3.9210432727824873,0.16591240506531602,0.46093009203682644,0.8341708920673208,0.19116957296123616,0.2469338132773391,0.9234962367111299,0.004784184898398713,0.29825759601624924,0.5718866137861323,-0.35110913642323327,0.05532335084172946,0.9097395647520434,0.6431143846968634,-0.39432337336177126,1.3611339665831501,1.0798167618472299,0.549919839462798,1.4610842799984258,0.3902267526314507,5.770472127212334,1.8029389117708572,1.450225267669114,0.21656389670472453,,1.7110341116692185,0.12720490927624617,-0.38863790930243614,2.995170586958218,-2.3512894868469747,0.8595418850617431,-0.04041696575149967,7.568826666838091,0.3443147240328459,1.311011414196761,-0.9959280489140743,-1.0974812602617456,-3.9525632648721,1.3970928942173222,1.7056798018584285,0.7346138548122827,0.6483719507554442,2.2378683490926754,1.234235299922326,0.5143171067443664,0.30007284553257296,0.6141929194920293,0.25510449283852044,0.8266511988048508,1.6890148725770215,2.728103475391963,1.473919945828106,0.9179351399786873,1.8166649130290091,1.2909919295038597,2.2884113575507348,1.6211349571175537,-0.08313395495154197,0.9624443857410903,0.5713521839288305,4.410159166562977,0.2553765544621722,3.2246623886140524,-0.7781643813901895,1.6170632678419006,0.7416477628195528,0.7694505295400278,-0.38722179717254335,1.8670763454563089,-0.888345690471426,0.5717451085128777,0.42309695303095474,0.6320781981876689,-0.39256250838339835,-0.44705568314099553,1.3647256813823505,3.581573577457964,1.4380666921564256,0.37033111417021924,0.02965353206703103,-0.305584074845322,0.6202706705057848,0.4653813892403047,-1.3048227921731104,-0.049164588147909694,0.866441232501014,0.03720150033834635,-0.42207379734314765,-0.6376785537049123,2.4779885363677367,,0.958717389309327,3.4027902642162378,2.411640273002136,-1.0875683467177266,1.320305037701397,-1.4689875270670338,0.41940789473684514,-0.3373228756360258,1.686060517757193,1.897347330518362,-0.6283566850034505,-0.7495402128629869,1.180667573206784,0.1128808527737224,1.3122553187683295,3.5211176166918934,0.5097913725762737,-0.03733441595478171,0.413603638057114,,-0.28754799400557696
0.6655692670431534,-0.8490583827401199,0.21861977533499388,2.8373128432444217,1.1240300215579646,-0.6332255354817629,-1.0184082889650448,-1.3106921370478863,3.1279688272619843,-0.596307829629017,0.03289211446697582,-1.9888624190097515,0.9555163960212942,-0.40788247006035006,2.852536285784435,0.3275966737764646,-1.4378550516388922,-0.12723386280668603,0.0,0.2926873711663003,-2.6434864944104186,2.692645389155346,5.947262844457479,1.296154710220132,1.9348403104326728,1.6142674190368966,-0.1438333159752947,-0.27358146935251293,-0.7049965922861667,1.0039768413756756,0.4062762564315481,1.239158287197295,-0.11532368802235071,0.14540231282715865,1.180137950987814,0.11835562403821331,0.6002066586551669,0.3374270511220523,1.7754736261676785,-1.2775028947219824,0.4400777311873716,0.3087164537909137,-0.2809394938768306,0.683080410837289,4.023160461510167,-0.3030905280495766,-0.3782467050014837,-0.4566314132449345,3.0562296956043733,0.6730326665864483,-0.2530482126858913,0.26191065308518446,0.8296751372734557,-0.564340936111074,5.785506292427489,-0.6733738256976096,2.7123139051292933,0.040059039346829195,-0.8788335901482092,-0.9048887937249228,0.47733261331188714,6.475959692006739,0.6705859393281166,-0.19429332477879369,-0.4172332567312975,,-0.12184564254813512,1.1559276300225463,0.5731937330420767,1.7366314530669058,1.2520074232828637,0.859965793966011,0.5071096933920272,0.6451135956941911,0.5585132038520513,-0.4677368795091841,-0.5174028887044879,2.240646699290405,-0.12180536828518829,0.0,-1.231870026895887,-0.1318458728779226,0.742832764461232,-0.10812725269355727,0.28077984936807354,2.9692869267032407,-0.2618285083683669,-0.8780626052138141,-1.0314002763932018,-0.12423030945364344,2.9589723187398054,-0.7771310186437286,0.38869556191396537,-0.4846993389284071,-1.9014791173478263,-0.4640511744909648,0.15575661862496926,-1.083758670331103,3.448527236516763,2.032352523606429,0.6628955276648307,0.20373788289331785,-2.1694393538815415,-0.15494125315885787,-1.913613940820802,1.5081098991301722,-0.8115258842980033,-0.08638945166251633,-1.3816901101900703,2.166151753092982,-0.937740790660746,-0.27660750193040373,,0.10447159561277619,0.2098895321520411,-1.8392725444956404,-0.5515882787490711,0.18866850903340726,3.0462419516951167,0.28884802485003025,2.935854756531908,0.3390542821946507,0.6470188474866356,1.2147280305483843,0.08104537422302105,6.593709869491637,0.23252489799088227,2.024191299881184,1.897331074926023,-0.36811792531902254,0.40600170928533075,-1.3489045236132258,-0.8479521612121843,1.0086170693615726,1.0527008275379446,0.9029031709634205,1.0851258522290186,4.811639655126276,1.4673046724001937,1.464276648871654,0.3704769729030222,-1.5860050490735023,1.5464284858414556,2.3772904063990685,0.48395004215293635,2.041601562499995,-0.04027876869785452,3.0096029938359026,1.3443912022784499,-1.5283873320959596,-0.9665306065859136,0.7319859804666873,0.1486361167228667,-0.6047212084908993,-0.12966638380860207,0.8508154209957652,1.1826708320050283,-0.7954742095229728,-0.7871420157988696,0.71247895400679,-0.4218626596924957,0.3941096350525308,3.9718205426186426,2.768559498460821,2.071757295835286,-1.2985512709073443,0.7782783580600583,-1.7338555722220872,1.4406528275064945,1.6816249198714717,-0.9026819688178422,-0.6426707308206381,1.5856024274116587,0.13506287019247054,2.7698552138832655,2.980814146413646,0.40439548356683286,0.7188879052184349,,0.16459061554339183,-1.8186097940662727,0.5374485070811508,2.7631151059719805,-0.8079253501234507,0.32151787833518686,-1.7279502088281107,-0.7974003254670348,0.4495929247581909,1.0904960789339002,0.29952908757671093,-0.747968377437469,-0.11742721852109339,-1.0147683708061184,-0.03186065640462532,-3.96824761797665,0.4630902731239672,0.47722466145370124,0.36613236754861056,,0.6425237002704254
0.028747706552834096,1.3199458106009532,-0.3272073003372511,0.13761960838389875,-0.8255570293541736,-1.2162471900834637,0.12270405209131585,-0.0714063952575894,-0.33555480439003693,0.4183397074186024,-0.18088729322470742,-0.6261606318455182,-0.0363945111153563,-0.6709686136600612,0.4959576110241004,0.8004999112277256,1.4878728243807648,-0.08494460114215618,2.5874528970852184,-0.5836775571420483,0.03254375841474921,-2.143800688222597,0.599670200152369,1.2738925964038916,0.7582464651919363,-0.029504067865848693,2.4317912466707226,-0.7358909891355903,-0.1941837343686803,-1.781696017818435,0.15867873279296063,0.03496567437759612,-1.8921123666734374,-0.7138585970925204,-1.4417477665712775,-0.18344527028895108,-0.4947611604891322,1.3609391321765862,5.886939103880162,0.014374253006699256,-0.0773216979885416,-2.0628858434425967,0.3488094032548572,1.0255588932877036,-0.1529919586672701,0.013224638315501025,0.7331826961703758,-0.712348799943241,1.4497105729526893,0.11664462308842438,0.05637430021019352,0.6188081555490665,0.2584187402338678,-0.22296971701233348,1.3726774794064145,4.771305018896954,1.1208262425913995,-0.008008599701259111,1.1191878956568146,-0.33925044439016006,0.7250906957555481,2.764939946678502,2.8451933788143924,-0.4115926532941794,1.8570912762233105,,0.45311699144803264,0.8169186249131988,0.021372369573802175,1.107435250953892,-1.8459618092549923,0.9296849251305472,-0.9763425161135042,0.3071461706185774,0.6001901205375804,-1.1458747057130347,-0.1568528985560369,-0.4492699443345849,-0.9678178962358119,-0.3255336677100873,0.2251878901229798,0.9168261764599617,-1.028145847657469,0.5079484890985642,-0.61382693417803,1.2659979990560455,-0.9785240669509032,-0.23704790107065277,-0.04617282385178667,1.3406109193276228,-0.3035471036538562,0.050522087269633253,0.9362914981786652,1.4691770522410774,0.8467884621063515,5.796401315046418,1.201753423009011,1.3120535472117112,0.2681365206698372,-1.1856395619015192,-0.5356045306875057,1.3031345868661948,-0.4370368300441574,-0.26726265356356027,-2.1024797002618945,1.1918392313513992,-1.5159952329157789,1.1930580361523724,0.484187920874235,-0.8900277475719531,-0.2270354141314157,-1.7682194536195683,,-0.1953466697522499,0.5732139603531916,-0.6452287295639736,0.8992475721322446,2.681381653511372,-0.5806845462335342,0.599075469326471,1.1313505802996726,0.9933600072756121,-0.08384601364689326,0.6875859598054479,-1.1399058521133432,-0.789679328839632,-0.3566453136388592,0.9096444286994521,0.4616390673578774,-0.173188054043949,-0.35161928473097515,0.03944096361632177,-0.3243832644096223,-0.41464399922482853,0.8814624023723683,-0.21963844553328782,0.7752850019942858,1.0945944248106798,2.6282563357627575,2.295118524725037,-1.3111530073525168,-1.18498112473987,-0.05020056938831452,1.5782456005360324,2.5865147289025003,1.0913211331928352,-1.215579565943592,-0.26262504838822087,1.0443104084089772,0.7144591327135963,0.7319617576969639,-0.6942255453907142,-0.32303612141145743,-0.07935139948286318,2.3802710032094554,0.712726183001311,0.28252162596034136,0.7453817106201077,-0.2644566442081775,0.8366760228913472,-1.9770255574956819,0.8021850827453436,-0.6925290046760235,-0.027675010868555283,0.021215122028417355,-0.048276732638441455,-1.0697326677793995,0.19605623224103752,-0.09669004831748262,-1.3373276819883984,1.323202478161578,-0.1848129508230434,0.07405155291591026,-0.512546646519485,0.2411838978015446,-0.49189958104596254,-1.9350306798788797,-0.08342934988134765,,-0.7710712056614222,0.8055968513864809,0.2954209748892156,-0.027793851395130353,-0.2101962372621058,0.30912230375435,3.3333333333333437,-1.9111161972486967,2.164943925143703,-0.2201476526869639,1.0700900598996865,1.3608521181006639,-0.6759662682363943,0.23920296000061736,0.22302977133088486,8.382526750451147,0.40243011702236764,0.5781998435615332,1.322384879813554,,-0.6786324413613709
-1.7434597805538132,0.43066335798978006,-0.6565699529730851,0.48429329419878986,-0.5440696409140355,-0.7119773001990626,-1.4707246444861655,-0.37155581233588864,-1.782411555581609,-1.0768726032383213,-2.718286655683688,-1.0385057425217226,0.027312555021286045,-0.6404065575944085,-0.49351001056554544,1.7554874929597952,-0.3289793093445792,-1.032812822842455,-0.9440643428787587,-1.7704730932994184,-0.19986283189054044,-0.5224207994956931,0.5826452079274791,-1.2578687001600808,0.6492564245721644,-0.9347675700641433,0.0330819757455636,0.2061824095852982,-2.267885161620087,0.019094084930415534,-1.1169174439082385,-0.9613711429902749,-2.242418485686559,-1.6207631571585779,-2.120319044177088,-2.3768679106046187,0.9359447198456827,0.7516870314250967,-1.466343563911332,0.34502912520204543,-1.0833110045867067,-0.8663158240907576,-0.5414432801180036,-1.5773835532640001,-1.4893301796726655,-1.2357213758025787,-0.6758530524066386,-2.33720975188344,1.6128061381848413,-0.6184406495931882,-0.7888071587946355,-1.3837711400476627,-1.6618020854624826,-2.4581036200272854,-0.351855074338725,0.26210631344987245,-2.1645775301764147,-1.1213429549180032,-0.7833816066063926,2.8934518409394094,-1.1170430104907814,-1.8978584544916521,1.72716569124296,-0.16755096341803943,-1.3229497318459793,,-1.9170687814970777,-1.9244656349225564,-1.0612559087425644,1.3813295209846865,-1.4577491430828649,-0.38676704279507756,-1.0984709200485332,0.07987083711862297,-1.8254608249329451,0.052100184819803275,-1.0025699836394453,0.6714392967225535,-0.6793209259382649,0.12247381890595488,-2.4845505657155487,-0.40700021400815745,-1.4637995102587564,-1.7564130199599126,-1.1268836333410026,0.0,0.7230652293534368,-0.012512591645930105,0.38273274901363674,-0.44323295515448224,-0.5182173846523752,-1.2121201028581163,-1.9179862015778149,-2.1875975745614173,-2.4927907767023028,-1.267485346038666,-0.8801297362990623,-1.074766980645736,-1.163636318403849,2.5025734412872147,-0.5120056497175174,-2.481512915397177,-0.13005232946643464,-1.0027715912690915,-1.4027143004682552,-1.6940943198832659,-1.775531939713737,-0.8287064819207823,-1.1790034562392249,-0.42785290426493594,-1.4385983479408115,-0.8118000416645788,,0.0026835736211427985,-2.033210617593151,-0.9975115709872973,0.9692939804797129,-1.4235899999176183,-1.8938016988555795,-1.8981863746068472,-1.7014885898574472,-1.0400310128573675,-0.5804680415401942,-0.5959738240820966,-1.1593487932144542,1.2116463928882881,-2.189244350897368,-0.635269164658947,0.6322013671792082,-1.1797291114521657,-4.816515089112228,0.18400592786307346,-1.2426000325870157,0.31440774019606543,-3.611139800335983,-1.430789205136096,-1.3374421928231572,-1.0261757775053448,-1.532286158356022,-0.04532854550283183,-2.37802403300299,0.011997721575540687,0.15906557260758625,-0.14417515578939444,-1.304124957260533,-1.2098274853743596,1.5500687969350668,-0.09873968197128269,-1.9459985487953912,-2.1526312574304374,-1.280276294377991,-1.0976043108191336,-0.9021607185542457,-1.3898032399552895,-2.339028752930794,-1.2565010212474692,1.6627053150230386,-0.6277672894482555,-0.6518747627985544,0.26646370967275956,-2.3818703039586664,-0.8296698371303646,0.01499406720231189,-1.0458963306572922,-0.9616080829742968,-2.1253505331842004,-0.7459256168315331,-0.8729708153851989,-1.3005803068267596,-1.1995654323887717,-1.715216215970261,-2.295867251073691,-0.8680742832052224,-1.529281839257235,1.6060121781446224,1.7991001292797737,0.017860960392090952,1.3081050851765585,,-1.796172719103717,0.29749748905869566,-0.6171520085060389,1.341292037244446,4.312212633094181,0.9075800145766477,-1.2096774193548376,-1.4810125842554034,-2.3676347315282675,-0.7428111048383812,-1.5840389254923148,-1.8189631907544856,-1.3833457009572503,-1.170461025863534,0.18014675687505477,-1.5250581554318687,-0.3570810591138063,0.30386233194024115,-0.810073822634938,,-0.19738768041153154
0.35097340810112954,0.4931400794757623,0.5855397671159723,-1.0030006858301244,1.9638963027386547,0.725007990541604,0.6123839406344089,0.09322878064947915,0.08738061828146293,-0.24632174183800704,0.9144833893416582,-0.2829829862967759,-0.23664417661353188,-0.07063047200672745,0.4307038974431965,-0.4210286314068612,-0.5237858906058546,0.3392733174405471,0.007119936815347394,4.5853542535482905,0.24916625269715276,-1.11807485537595,3.832107214491476,0.20474058308208587,0.09284628079491153,0.04966220297406565,-1.5215374196923648,-0.38962649064095967,1.5926300667836069,0.8591058781412864,0.7690471052633763,-0.12353849272214168,1.6719101094138766,1.412116907958616,1.5365193122185206,0.0,-0.3187540764313601,-0.07717859725244747,0.39646301945270856,1.002865254257168,0.29986413992142413,0.685400796319735,2.311981696482679,0.10314048553250466,0.8772508750763075,1.237794173354989,0.32713710059837364,-0.6455991715625164,0.37345679567066803,-0.40583682621280204,1.7983933552177422,1.1424849265204928,0.5655910793802787,1.0934149479890465,0.1497993206328374,0.18789091704625172,1.4176404294442113,0.9396480051585776,-0.08692748820732232,0.027563697522592356,-0.18827825276488408,2.598854624683722,2.334535375091429,-0.49790346372378114,0.5238834239281953,,-0.16803591339827895,-0.09344000494164728,1.1662293053337436,2.291488056206581,0.06391584905289793,-0.16348924815232646,0.9433964583924759,-1.1772508121482894,-0.00908072045757713,0.7680216496120718,1.1943749569924167,0.15307361090075577,0.6999740511004493,4.434251481376128,1.6793706296877708,0.43054701759028813,0.24492787100347524,0.08433466980302118,0.16438523383990322,2.0280639278317247,1.2443250507154557,0.03751845297790268,0.7362638443369596,0.294525454574468,1.0939557594682459,0.05112591592473237,0.9457456697829603,0.6194706208893841,0.1412915498654188,0.5475562766173114,0.028189290640323605,1.1066910867193025,-1.535642272885407,0.9565266367886238,1.5882874889086018,1.5623458403581925,-0.03256787856447119,2.619624995979808,2.0702543235910476,0.886264066669562,-0.638469030460731,0.13783698608078598,0.20749039831342575,1.265465749048711,1.8352479077703432,-0.275772395332774,,1.0563544591005947,0.15663997504160587,2.7288025138241023,0.7377059099976435,0.0,1.5154326478131752,0.47862033849883634,-0.9540818385102678,0.9980040317167038,0.7104709476186466,-0.1686229695002095,1.7530439762847294,0.9961537861494785,2.629048161027292,0.2643045349819628,-0.41677757999492027,1.4396000168093837,0.6487522657677713,3.371374568596841,0.6141331348556767,0.6183830759679543,0.8811384522170673,0.6534088465312671,0.26391571423722837,1.7470833527249985,1.3276080985703542,-1.6154631441333334,0.9749559959064014,0.09592265406510592,-0.6101684751112946,1.5521650725022873,-0.33474082466831145,0.09420335075063235,1.1180343653846903,0.5666834143270627,0.8166342973422447,0.5874945361863615,0.2979330673478442,4.564667693354574,1.0252833793242377,-0.24161825315136554,-0.6203884137804927,0.7605702038898432,0.3151440539198802,2.0813414201532154,-0.05559538823347587,0.8140753012028323,1.7709523268965466,0.6829441527558933,0.32238430487081526,-1.1937383914665367,1.6563167218451413,5.971624503537165,0.44858334006028233,3.598546499572186,1.6486861699412936,0.5601952369839847,0.5873273241404187,0.7580020991316605,0.10335748642245068,-0.20377078339804955,0.4499232419967081,1.1396792256689325,-0.1963915214600931,2.0695974714073584,,0.713451342478244,2.6055624654229836,1.2772517606031153,0.5760538139709448,-0.4206861720587818,-0.5183476861790215,1.2653061224489726,0.9595750211368825,1.5721544527258935,0.0370504651627801,1.676250177841787,1.3306822399921758,0.33756258273842654,2.541114348596607,2.4328327731209853,-0.11062200137206268,1.075108959509996,0.8719800930252042,1.7241340516410242,,0.8621128720436522
0.7675209574281805,0.5760573652651146,0.2074913882384788,0.4276369019689197,-0.6545454735976342,0.3343255500808162,1.2173132504160744,0.9888294664435193,0.5305172699648697,0.0557552457544741,-1.5438851871297454,-1.631781078866934,-0.4744110192773987,0.5919767510170759,-0.18193828233111775,0.7012455361419923,-0.7862094691567512,0.16264469328801656,1.4934788458934145,0.9286565039146044,0.3553878966909396,1.1135864686069086,2.3517294120860344,1.5493734938160975,-0.02441182990920998,-0.5112637520579777,1.3855043991171767,0.5229925715542594,3.6864726790920344,1.0600121331324042,0.7790741852593985,1.6610679152287755,1.1050423150861022,1.0138012121352125,0.8848047811834236,0.2510029712424755,-1.5406889774282395,-0.10813985697787354,0.2632625771748609,0.269508602943791,0.41597053726878386,-0.07658248000681489,-1.0181932037194863,0.9669475356270718,-0.4440668430793937,3.218562636536859,0.299994845333984,-0.4985433419653851,0.12790685848063088,0.8693147298277859,0.6787542456697881,0.22238275179204958,1.5363551896261818,0.8858709385764385,-0.6730756189069154,5.585450494700384,2.0294771318282834,1.4685830833511604,0.9932563819695206,0.2728731206673496,0.7671045670277543,0.4089270189486127,0.4630050133030972,0.3317229559794077,0.4258914716515738,,0.08858533432090088,2.973168927988845,0.014229118963982046,0.6054515186417531,0.7483140144932676,0.3889109053228923,-0.9345796669139483,0.6797702870368516,-0.21770049045841677,-0.019370638138882512,-0.2764993002008498,-1.2008698458739975,0.4488265200592201,-2.7232822457056827,1.5034618686680101,0.2979360584207891,-1.056984868016131,0.7246319221381192,2.2538266129136675,1.3342481471322332,2.5998468561197363,0.7251887624514453,1.3116705854749222,0.464380574693779,-0.7343031385081633,2.7848752416592237,0.83121915771871,1.1433546497672031,1.4175277917932272,-1.0708440668731,-0.3240765611689622,1.8954767114626403,-0.9951808537881912,0.3710290615941192,0.18342213293738308,0.5895347345525437,-0.016279275405761684,-0.6296739243079164,-2.4127693914531734,0.26028806154314577,0.5257320836120627,-0.7140398397950665,0.39341419369711694,0.2564532392990593,-1.6138880921484522,1.4183874060439194,,0.39265350613995054,0.2904329007682005,0.08684637067339906,-0.6139821956175462,2.409859408678594,0.26656927396222496,0.34854198655103197,-1.0251705472993478,-0.7864806311223438,-0.21652926879572876,1.7516415642614636,-0.908407495524266,0.05190701132951059,-0.6438828743634217,-0.8549505160485138,-2.8496735274716856,0.31152986712958963,-0.5340773425436929,-2.1192939218535045,1.1463511220360045,0.9850078432060538,0.5152644660446848,1.2120433595022018,0.07179774651044912,-0.7542344576573878,-1.0578335588872,0.558856571704025,0.9315615392724297,-0.23957207084454035,-0.07569121023858205,0.23198091017067046,-0.4949537953193195,0.25097251082035754,0.013235933361221974,1.2973364274034171,-0.3202319393532327,0.372818824470067,1.0484081533376877,2.444881259578069,2.5721718539025717,0.3633051913840779,-0.6968692688445577,0.28305316105254885,-0.14623850544778216,0.03315028853516644,0.2559174463205638,0.9209490959077637,0.6380493846814383,-0.13566100054932528,-0.5978657265185872,-0.9753328138453976,-0.905962520499759,0.7800661704892908,2.1517301166249947,-3.143784503775726,0.7476605942810188,0.261482364773169,1.402325112083802,2.144072303187583,0.10611767481853995,-0.3311093847020774,10.219226570129925,-1.0909009670644343,0.7602890569488929,-2.9696774026682915,,0.4894322190758027,-1.451081416788358,-0.45290185183426424,-0.6409413416614163,-0.5266736816239126,-0.4985305751637692,-0.09673518742442377,0.6479504981305118,-1.0214318061902428,0.9258546682591406,0.7299870844603706,1.044771560366664,-0.044868625551230945,-0.5046032298314795,-0.4130558191176914,0.11074450916450651,2.554269091759709,0.9334481374117631,7.047278850711014,,-0.1005624555815876
-0.7423915483637744,-0.8220161374181578,0.20706175293279117,0.5044202508997842,1.2745098168477131,-0.9212437293035447,-1.2214600585909952,2.015046945600507,3.1596498490072955,-0.42990832828539993,1.9430651340916372,-1.466523842888956,0.6966750544785905,-0.43917163596445263,-0.13019096565575206,-0.5939503305301463,-0.09450709325714568,0.09827993772899557,-0.4134280284840086,0.5750685410249368,-2.726594929872006,0.779393493428393,3.815517775256838,1.33572029549891,1.2599484053461119,0.8032744685581017,2.3190329535711873,-3.0210403303719713,-0.49610960551750294,0.4307856296843937,0.07099890499850936,0.08691807755911718,-1.8020920918926486,-0.9915363387922538,0.508197381817399,-1.9946535664907117,-0.2214389817154716,0.7732373586941232,2.169071756510088,-1.1458576820778998,-0.23301606568915112,-0.1617961545999136,-0.8428515777424872,0.19625036949288965,2.0443570391573296,0.11524729254066557,-0.7672462801549984,-0.9120109262355514,-0.36579782797480087,-0.29625928521185285,-1.9301790066545976,-0.2269272873095196,0.13509986502537874,-0.39820282007658747,1.92534829986859,1.2587880294617548,-1.433075379764981,-0.15818019231509384,-0.760946733657808,-1.6657142518050283,-0.5366264484475081,-1.398993710518126,2.2659645548183116,-1.0703264548017621,0.624959996712815,,-1.6817087696864852,0.23901152124423675,-0.46247205221003895,-0.053496686788934156,2.6992795527501556,-0.39759426940012554,-0.10035836065716008,-1.5241701710474564,1.0727296839486478,-0.4845262509522663,-1.810507176586107,-0.25414823474532167,-1.4274881451372345,1.4549450045069356,-1.0776163795472415,-0.06521067542991643,-1.5782710086866047,-0.6859722200874052,-0.24609001689716026,-0.967357841184957,-1.5664581616842699,-0.8813324339664197,0.9339745384211451,-1.2915515137835842,0.7462196417244993,-1.0688548597280856,-0.8523167719754698,-0.7905128621690793,-0.5895559810936479,0.06476741713323797,-1.0743640058379467,-0.4519520358864271,0.030006876499011348,-1.4324417147475232,0.9154315605928609,-0.2838814259733424,-0.45602354488137875,-0.5480350993094851,-0.7486280142039226,0.09736082479547825,-0.8633552226817276,0.077988760210701,-2.0728097729261874,0.09302170174618762,4.1165374794153164,0.6860663118210208,,-0.3831890893556955,-0.0612552611235162,0.6686018144285155,0.9588459761357138,-0.13841695136584953,0.779861363141876,0.13892970004365512,-0.8342093981591692,-0.7073418852194591,-0.1329978087207584,0.3565911508801811,1.6311594881829317,-1.1328173454169699,-1.4250438028216794,-1.1856782945788846,1.8087395622794267,-0.5636115357164684,-0.03702120719164537,0.02592920633595064,0.5887609265321281,-0.9503969351413177,-0.7251750785528976,-0.9133716189028029,-0.4184674179780523,1.0105909736659147,-0.17367295207368905,-1.4953578102933407,-0.558269855032012,-1.512965785550957,-0.7237858864719171,-0.5226098682135749,-0.08882223627277863,1.5709084252655048,0.19197702559079488,-0.5756752593680248,-0.15119508479866095,-0.18572495202482386,-1.0375305979553495,-0.4316731669134488,-0.24735705247522777,-0.49604802996814357,-0.8333406663385112,-0.48490284679943985,-0.09764619186496404,0.2706578955097738,-0.0665846418572702,0.7571416672527365,0.0,0.5773474828339342,1.0676030351189247,-2.22087801501476,-0.7795855820468933,0.681613097551037,0.26117082791843327,0.25724169070202585,-0.14961527553237763,0.4603588501200351,0.6324661209206273,0.07364592122758307,0.3695932319529138,0.8305234026836139,-3.8498564608554386,-0.6967619767011546,-0.8433199207462216,-1.0263563705431245,,0.26915773088556083,-0.47739764538409224,-1.9108194606228035,-0.4323259998580964,0.0481367118679632,-0.41326612425313103,3.5745985637053224,-0.20250808984741964,-1.3548666106556695,-1.1008371018519925,-0.8875473895357144,0.4523515444788462,-1.5631956106790024,-0.27047280357656023,-0.6014151178620364,-3.4292081960712206,-2.7375977630173187,-1.4354656650617414,0.12500286102294922,,0.20635133126647442
-0.5439445418448985,-0.4063951780645225,-0.9872547155282407,0.7235042636679845,-0.4159360435680326,-0.41148660225948097,-1.4363261633138835,-0.6120541797712598,0.3043458155760348,-1.3752278938899298,-0.3511077866004353,-2.23252629474463,0.009103356220707681,-0.5558071216385962,1.1471791196247638,-0.9580733007550468,-1.462664173806505,-1.0416078794397876,-0.1829318330925256,-1.0555946063135924,0.06186878589042877,-1.075983808485237,-1.118739130056523,0.402599875234122,-1.6976090743861638,-0.049495053699566416,-1.1575216176475611,0.6221367920722587,-3.4959649645278645,-1.5479282968058894,-2.017971516623629,-4.289688271408309,-1.3647847597181961,-1.709819313595562,-0.2691236651282236,-1.0304000171030503,-1.6274518501499968,-0.42457718216795115,-1.8939635002791388,0.7012046648220638,-1.362394261416322,-1.0491324665549806,-0.14724002334616237,-1.8959582527978913,-0.09106365374622616,-0.7226894332212241,-0.157250489156735,1.3862863566677097,-0.9032596105680968,-0.8463863754422207,-0.6968738676032982,-0.2982042874974833,-0.04047277605472299,-0.08201311356044183,-0.9392110181728364,0.07626641283418056,-3.2625763303285815,-1.9882719754980571,-0.3616941161354359,1.0146795731192926,-1.3425367375279218,-2.176081329785784,1.1360425652451545,-1.2235173494520857,-2.750515449525215,,-0.8462360185436557,-1.8837250521638538,-0.7934168319764234,0.046841058479873965,-1.322990315633088,0.015355572961639474,-0.40184492414077067,-1.6292147314639238,0.2248555421720866,-1.311350671276601,0.02950408498507695,-1.927555897856681,0.38110010698124697,0.01978655963361664,-2.3740252732597056,0.34072322565121826,1.167229808560366,0.7496667064593066,-1.598203839443768,-1.2345663633141712,-1.3105536429490972,-0.6136570171213718,-1.9591525508413143,-0.6748792099205758,-1.5780059553837766,-3.0150773516147478,-0.7680255767509414,-0.7808762698904737,2.965282227053212,-2.1357328809042952,-3.2437877132132864,-1.2501620063412378,-0.8398851894480086,-0.22099322892892292,-0.49244060475162055,-0.6244858708623457,1.06348401393499,-1.1710012830009053,-1.1512464129366018,-0.9239786089892843,-2.2525451446483102,0.13851846241621502,-1.126785114465989,-0.013942063375660396,-1.3691910954002906,-1.144405745101118,,-0.6685251597656205,0.5293918986421398,-1.7795558506773723,0.516305456716526,-1.0655824170039851,1.1079847164227274,0.0028951070622618147,-1.1496736134510743,-0.1801392975946725,-0.7219415106441085,-0.3798337909161176,0.22394871452178222,1.591873358633622,-1.0320845176719606,-0.17816549337467125,0.13378871800686643,-1.2608404575999543,-1.2780142496146563,-1.3220976751892266,-1.4779158407346227,-1.0605194857766564,-1.0705307767460037,0.24581311739659828,-0.5642913866435562,-0.36817476357060563,-2.6856608802152904,-0.6223505460539402,0.29057500257383406,-1.316758088031711,-1.051201863434148,0.15384875140782572,-1.5469371875578841,0.1786939657672182,-1.473409362326561,-1.00839586216247,-2.110336688582415,-1.2651874799400553,0.47179189353117046,-0.6812855516729388,-1.436512535674661,-0.21558970519387488,-1.7986058380373704,0.06545571950453688,-0.5266873900656055,0.049574776095351325,-1.6659241335936659,-0.11155944144850549,0.9125859355806343,0.0,0.3421828886873035,0.968319010188301,-0.17143214097888881,3.912786030916271,-0.6795441134712865,-2.8224212432384155,-0.8391349300112982,-0.08803551651263009,-2.260689894608847,-0.7359663705825192,0.05138775255300043,0.3514365167553546,4.137474244095585,-1.559585738446878,0.17009625415735918,-0.31763234719829336,,0.10226664235148952,-1.4563978441056502,-1.8124765568941936,1.1785676685758029,0.1075328520037333,0.10800877959880051,0.8725459644749245,-1.37559185148588,-0.5391172871362704,-0.571380071326244,-0.8379913423088858,-2.0729088917892047,-1.0409409873682551,-0.19211429669184765,0.15648272054786805,-4.238257788777622,0.9575557495628662,1.342141484638537,-2.954644076293622,,-1.6323458046538564
1.0547905863767415,-0.2738264943728752,0.5275348165760807,3.8115522515706823,1.119144546937756,0.6277423516917624,0.7334586001142673,1.5185413973240136,1.684958497865252,0.3648142853635461,1.8456375838926231,4.130269008987919,1.3380625781715505,0.6032732077130953,0.8635086738226772,1.2689806550417515,0.206782192846644,2.458897872140753,1.4239431668438662,-1.4046984479229252,1.2936340677523361,-0.6118395912681485,0.32675834070110543,-1.14803683883683,3.9984367068745863,3.2039248292422107,0.04913932898460427,-0.9005497381276317,0.37517287600352667,1.685918871051384,1.6411860314867077,7.602970092676098,0.812738933167001,1.416503446499151,0.7932009173352794,1.4455348244396315,1.6393358909587485,1.12503849609642,-1.2015938038044793,1.2931620267342403,0.9734304919051029,0.9826766693881384,1.5215425023760165,2.5475207133017763,3.2022818595581093,0.41228738814618193,0.8662609770546004,0.5996055226824559,3.8165254411966165,1.1215090800707372,0.5120957177716656,0.3092378217863567,2.0785438048285476,1.190102472366883,-1.8323225719994785,0.1828984050362248,0.8596849825658337,-0.39602513401392203,0.11616656774180445,1.903817963432397,-0.6486082766347101,2.27921419292314,0.41311195704301085,0.9978152228773629,1.140446257131833,,0.8352914301001713,3.8009212822593064,1.4770475071922862,0.020051931943920742,3.0389704242069326,0.11257119752032807,2.367028808989957,1.0420231434265848,-0.6102429058695513,0.545982923837407,2.0729808056562993,1.3554794925932478,0.6673831272441255,1.4931257304798606,1.6982230002058563,1.0331689873028127,8.922792010405068,-1.6804539352704317,1.5369562840007678,0.2335167664975213,-0.07113600673772646,0.7812508192054812,0.930806647158211,0.9152052612719563,0.5758890148011231,4.222800861528664,1.7041857211633094,0.28910882507529045,0.23944693713913168,0.11337422876616099,1.8461083164573733,-1.3726068303408168,0.9453225166318413,-1.0403422974573417,1.7624587602014241,0.8686836947264576,0.14569921699432165,1.1326036642329784,0.5421720215638581,2.3069306613560325,0.17989798859072703,0.7954407502997141,1.608262348843903,-0.10223948005261274,3.2784315086652693,0.5832451087486978,,2.2540898742933857,-0.3381330038753738,0.1651739343409231,-1.512412977044908,2.6269740787703943,2.226477826950868,1.0809845674582208,0.773002341580864,0.31171212055365327,0.2824075400795989,-0.30133393814043563,-0.12413878904520281,-0.490738806636426,1.8714194813932883,1.3331838209182267,1.3050399988371764,1.9681309558058135,0.9005536213142928,0.7618550979050731,0.7723198758496252,3.90472842412124,1.935066219831838,1.2382995574848676,2.161312552083361,2.6108610801064858,-2.1564187177609773,-2.0191970322467556,0.008442983970069484,0.1606130056508892,0.17134923747046393,7.244426241257451,1.0113610850497778,3.1061630264066276,0.6437853344213318,0.6637776321717803,4.891722195637027,1.7587911603925477,1.1999996507345623,4.51484865978149,0.9803123592427632,1.485294908910717,1.6664184819114913,-0.1162886150263942,1.4410495240833487,1.3434689832635849,0.9148270728920771,1.465175721421863,-0.2570151533705656,1.097419558814794,0.40032112857943947,0.36366395520850414,0.5437890430192382,-0.12145984823317413,1.0433873091187262,1.1803905903860823,0.04230770433570896,2.056079569421687,0.7126033794940811,-0.40778724298786706,1.9942858041551048,-1.1162838457917212,4.405640746259953,0.6950726128025275,-0.4200626683331321,0.6091809145362559,,1.2642087518005996,1.601087028298842,1.061044800440003,-0.6130796415592776,0.327929991008058,0.3066411216317899,1.1507568736484508,2.317414584973587,1.639023311319776,1.14933636764194,1.996690181049332,1.7810217672411532,2.3571759959848393,0.8491806304472549,0.6249335488209828,4.665076068648588,1.4658380130826876,0.7205620418339942,0.0,,-0.19913127111441664
0.744166102875421,0.1453634602095688,-0.351766084529026,-0.4488205217575647,0.397161613166519,0.9791495675916861,1.5807625242520773,1.9852531535772489,-0.08888286110781962,0.42811537207707584,-1.1532125205930832,0.28760395678975037,-0.7634898953123526,0.47619140343566624,0.09582940377110827,0.6470875125817122,1.1423073309223097,1.4567739005034719,0.41701518582386576,-0.2434581760031529,1.3264155954707535,2.282843946075075,2.153635098826867,1.7059280013022038,0.5519341275947109,0.2926887833272884,2.3246320912641005,2.8391984456962227,-1.004898070582505,-0.8383004397033544,-0.7281951626893046,-2.8161858065885004,0.26650066047697596,0.9066407577749125,2.644812712428979,0.15691035270746223,-0.5918925536657738,-0.055878848577994855,0.8934221638466466,0.5050595542997138,0.33871366463045227,2.868120428040033,0.43575758153411304,-0.8099072321667955,-1.7840269241031215,0.686471794262089,0.8718285844896645,-0.2339571918524075,-0.22092320034859947,2.635723350175545,0.7830955347096769,-0.4245222890135847,1.7717886473768374,1.5411234602109136,-3.0276749228499766,0.4183803922074736,0.39935626154854464,0.6329020553816678,1.3488023287931972,2.7100317203701874,1.8561190026360253,0.6459760236021905,-0.8459330094776507,2.8843998544471505,1.0148280627605644,,0.8553854606992095,3.263721263468322,1.5265547547327785,1.2903774544082758,0.6852922934157402,1.6457924155284243,-2.4042696863039836,0.7922452944993053,0.7584611269972674,2.0739229108681423,0.33227766903458633,0.7355479147924449,1.6871767834812257,-1.2665611330251236,-0.3365926651955342,1.3515496539897365,-0.5048831720638858,-0.17007491816810605,-0.901775580810682,-1.6171036404126538,2.2306578737486094,1.3128374473970306,-0.5481781718957413,1.4153129709643775,-0.013025560728963104,-1.1434230417768587,0.38399203945469473,-0.12811686330118643,-1.1362901471111186,0.8162681868059574,-0.24651427329764886,-0.08106596707965208,1.02635740560586,-0.19669028215346662,0.34979950516167424,0.5222157136027805,-0.11315564512474063,0.9734566998971683,2.1370027655437607,-0.17591271598471625,1.8128966084267617,-0.3345419600920385,2.1278813200176883,2.595827349394053,-0.8690804510262273,0.03513990210277651,,0.864528560632416,-0.5339567206126827,0.551401669595819,-0.03541578626925501,1.9453952703829103,-0.18718265520725197,1.8186025135328743,1.048556208132334,0.3925296580903126,2.182484113716132,0.530475139358555,-3.5237059245637137,1.687147153203017,-0.7186932392545753,0.06111477972006174,0.2515061673948882,-0.1033958952321723,-1.8966167198556594,-1.082004905971612,0.6632232086716705,4.519410934531298,5.351571616902895,0.2543283947657349,-1.3709924520807215,-0.25836128567854333,0.45106586020533523,1.0094991135847442,-0.1406400925874851,1.1965051678688,0.8980447039675044,2.042065887269162,-0.3218182516081525,1.1095851007664415,1.4792090120646417,-1.0511232187434438,-0.5714240711405583,-0.8518599445426989,0.3093389139876779,1.2470127686138088,-0.2491420964548241,0.4523643325344384,-0.7531099944722341,1.7463421964418302,0.6080471092483553,-0.2662236645382565,-0.4252831828589487,3.2830412843137813,2.3764007341223747,0.23380049706380746,-0.6867086728809313,0.012823212815860074,-0.12098116433557626,3.604196373757973,0.09592722993996272,0.8366042312135891,0.2356455038977856,-0.5822495314961151,1.0172838148530872,-0.22333693077818406,0.04476490782108211,1.925745298122683,0.8286052566518487,0.03029937522893711,3.150247377620441,0.6707022329886625,,0.6305131175615264,0.4386982148944396,-0.4602347004450169,0.3290055185839913,2.5725575138546564,0.028312870817726044,2.1302588379018106,1.4647931877055598,0.914237304656873,0.405813766002483,0.38177012638440644,-0.4518113518616085,1.9503420210264188,3.581445784259074,-0.8177177948346492,1.14286150251115,0.2478559747103981,1.438786558417804,-0.8576280369129163,,0.7469570482819821
-0.1918529773092259,-1.4730357735373456,1.5104152538158333,-0.757662760423139,-1.9252070008955569,-0.3206208085225426,-2.2257942628912897,-0.006761012060529925,5.471183120988221,-0.29759689037768267,-0.23333740234374734,-1.6847934292946842,1.0409072654450569,-1.070748238235808,0.8680751806508624,-0.3061573166047604,-1.9892228041565985,4.071049845926078,-0.16611166234142827,-0.4790787846153721,-0.315101534916562,0.32599311843364287,-0.9405330008935064,-0.01091863367096435,0.40815771480542384,-0.31098319414180065,1.2318972166209363,-0.2725624599788756,-0.3589975352976782,-0.6199483378357962,-1.8418071593392038,-0.9023098797259044,2.33238033626868,0.24283739604979981,-1.8653151142978608,-1.5031563009021975,-0.014876121955209598,2.2669502946164544,3.759137730725004,-0.572313096847199,0.6361987598871854,0.954278405993958,-0.3812702133610846,-1.4760193494308016,-0.8272902557177497,0.5224922101161322,0.3095919449300544,0.055834396576637246,-1.5100690269110095,0.41559702447124813,-0.8612577146121736,0.8704234618362561,-0.22736541082947204,1.5177209039623163,4.151749959120932,0.31815490803583923,-0.8549038233198747,1.2659357543919114,0.7799063906161807,-2.247245412706056,0.7791932728730355,-0.8241171737785491,-0.9883430016966899,-1.440396003638933,-0.8762511695204367,,1.080268189039657,1.4011636075460299,-0.8252376842271647,-1.1177716897315393,-1.51633068728253,0.8246599680788558,0.41731982401507217,1.0638276583517792,0.23299201728934626,-0.9357735708261261,0.353817935529932,-0.7412398583423241,1.6474709492734219,-1.2729409301463823,-1.5044575009402816,1.361736847435413,-0.4527095452765528,1.4906386556883922,-0.6391467376175908,0.12536642927480912,-0.603527834555917,1.7277460895473773,1.4655299674632083,-0.3590451909840642,-0.49455484679328254,-2.363587165927439,0.05562519572863689,-0.9621589748126547,-1.3583237549984473,-2.5459865898194045,-0.2761979002146697,1.5551021231482887,-1.4979507182354523,-2.0659234790761594,-0.5611290596837293,-1.4218006304229314,-3.8032019872326295,-0.7507798780057362,-1.4861186610082289,-0.8971480735368131,-0.44514882986748106,-1.4717222763198534,0.5542465854171841,0.018144771294448248,-1.0884412489580164,-0.18443061749479073,,-0.5800409679508234,-0.9674021874204408,-0.5739999190883749,0.4412107940473531,-0.6612062885494763,2.3184512847552297,2.426416832438827,-1.8942834145300846,0.8675130698706734,1.3021910578667528,0.6319777229713663,-0.3092018006078501,2.331313212869701,-0.4802297879131223,-3.2296391531145607,2.0192723074981878,-0.24152769762136872,0.22744859233549963,-1.2783243992145699,-0.14640987974304798,1.010492190628165,0.7942614136634552,-0.2657633590220754,-2.0012065779232757,0.8869740053473407,-0.18189609135045304,-2.6079228613800964,0.6421982643876722,0.048741872200852576,-0.33906729231656385,-1.468798182260811,-1.130045865905982,-0.4189023236572331,1.293494319670252,-1.827655837880715,-2.4100851708565574,-1.2700791757342178,-0.7195577371326256,0.5480523789092029,-2.075619834794573,-0.6754865696931178,-1.3093174826233067,1.3230393728203227,-0.8397043590723019,0.4575959611053504,1.2251271891544846,-0.6457725302502104,-2.3958228364661327,-1.0663148448453508,0.44610126957960183,0.07053435971957622,0.16387538480744368,-1.3552393476769176,0.2480438880828606,-2.0551165372840297,1.2115667018451237,-0.05343712898115971,-0.7358158657606473,-1.2870778465781552,2.166920725598609,-1.9816534826055499,-2.252319777456835,-0.2861195681668427,1.4530529825889316,-0.629219266794212,,-0.30075618478004884,-1.022988854498974,-0.996959398745878,-1.1067199280134887,0.9477184718538423,1.429057232197617,-1.9288277511961716,0.4381070835932199,-1.3400519477003825,-0.9185746577626053,0.0971014859704411,-1.5272572372160953,0.16923462834705916,0.05419529315371374,-1.0540650582623767,-1.6949216467680994,0.7770573703281825,-5.086482864667463,-3.7629792718564814,,0.30977459302337085
0.5670818471063654,-0.09821728361582016,-0.2850464665407615,9.180384869058877,0.7905749692838304,-0.050978785984423514,-0.2507934511811749,-0.8381735979045457,2.6027276993729753,0.14521352920002784,2.0213894277642863,0.9115216469700593,-0.4389517317417102,0.3371264640519511,1.3731547700394087,3.7977272948729768,0.9887787251579905,0.32698556914441124,0.4020938541966945,-0.1453202167064016,-0.6321951263800085,2.149644647172,0.34197449623636356,-0.284142746042948,1.0186050248487843,2.6923299730122086,-0.3951038745367841,0.6391946860026421,3.7333865936268973,2.6276059964345455,5.409795223181901,4.377520507945221,-0.3506504932573762,0.8963180437719709,0.49130008964501926,0.4900708839484791,0.5508417513555575,1.963225439270322,-0.7267881470683801,2.288359948364782,1.1869422353087966,-0.21371150073572487,-2.3162203561883254,1.6734386479098529,1.1485248749296462,3.898323141133475,0.4629712021830157,0.2790230395382398,0.7205089728615999,-2.226282982146377,0.8120716695129371,0.7924702541369566,0.7813080935232586,-0.7475213699144168,2.05221610996269,-0.2642919463040072,-3.7425149700598848,2.0781926031391063,-0.4117820847750142,-0.07843652061312323,-0.5237590119664959,-1.4015483866142486,6.921554504468874,-0.5599417584016719,0.4617020481129108,,0.3798082428873695,2.486359917388281,0.6276057234105181,0.6190387242885897,0.00874742236947057,0.039898441231578374,-0.4960158446540741,-0.4089864821271827,0.8672362677580425,1.753363767705629,-0.37920666434552164,0.9696824526499226,-0.3571828843193292,-2.7686182924085423,1.8925874563642031,-3.2228811727195716,0.5047459040962599,0.16785216261685498,2.5948508741196585,7.025600448122549,0.583843345741264,0.21836907962169416,4.019940307516912,1.0334485666638749,0.6147463255964825,3.425181441257985,0.23635085012656543,1.2548603491009613,1.4564737571902686,-0.4994429141200518,3.3236097825869226,1.1651117380807152,-1.2647781573503547,1.3739582056557342,1.4705882352941124,-2.884614731280477,-1.0599044263034263,-1.5559248655112712,-0.19848887757752953,0.4526447312960258,-0.32060093930849076,0.15723385672050672,1.0309253302125176,0.36267714188127353,0.48072608571549935,0.8446958317090303,,0.8673201248357465,0.7171056232988526,0.19587938378042846,3.690524861687128,-0.10952574691047712,-1.082965298569305,-1.3188123660685336,7.5672654109564474,-0.8681256219099209,-1.0610125149000837,0.140236444973052,-0.9240066543939052,0.5737038181847787,0.684805122415244,1.9972514538193709,-0.3688681158044216,-0.20750701290197515,1.040096275076996,0.4405214223835108,0.2785993808740894,-0.3179525717320275,0.04120996437173563,0.42391907998906575,-0.4768808392198287,1.5716136625290256,-2.220817741075376,-0.22466896516708523,-1.0914853482871356,1.6569193330956855,0.4082734611518424,1.5462941636007033,1.2336579811783155,-1.8663348198070695,-1.063060706602592,3.145373511002436,-2.7545649401741867,0.37835909687087277,-0.5349483294452617,0.6622961548512496,3.8698347944911005,-0.06668428256679793,-0.799040651210492,3.5290716445324666,1.181233232099621,-0.2386003456473551,-0.9327027787433328,0.33129032350349696,1.0219637637438383,-2.728191978529826,2.731310847097279,-0.781753068719182,0.18495309375736735,-0.21635508089316025,2.0637674750559,0.9014638857122836,0.5657821112344363,0.744164872684383,-0.3825158828979047,0.3212433664488312,-0.05473811559678632,0.04985621541619967,-1.1313552712664876,1.7892050757828626,0.8919494601036249,0.5214660662904436,,0.5027698540946091,-0.1567836367726949,-0.6348562901991373,0.8236845726427022,1.6980551301521318,-0.38780563444101857,-0.5793660437853565,-0.2513371042532464,-0.3220246897028045,0.9864267481995981,-0.19401458089982615,3.3945370394206975,0.30849885341970307,-1.1266249698405506,-0.031639219174961486,2.758618119308176,1.2757648876933203,0.14114284764188412,1.7528062456109605,,1.488371776561448
0.1624738119428537,0.9831250364209065,0.17151678245235225,-0.44498945181943306,-0.06402813016951336,0.0706264377148269,0.5705468091438126,0.44307667213521196,0.2818530351953008,0.41887668885272067,-0.1637465171133834,0.746721372633119,-0.17094731521761775,0.3536627786466573,0.024969931887564023,1.6074969056001587,0.29446311349452525,-0.45309398886812513,-0.10357711602335673,0.10005235232950493,-0.018707569621734255,0.9217039411091532,-0.2525961599141646,-0.07122996446967678,0.508779918940605,1.3692928336942467,1.0075377869810387,1.2483460195927831,-0.598839924492689,-0.4604934523278925,0.37758708900226257,0.7045750216539748,0.4626624970603066,0.28811650924103205,-0.3446347205014244,0.35934795836871647,0.39975148916795433,-0.3899617828776569,0.5379879141125032,0.4941071227731131,-0.03825171513571757,0.08237025478594617,-0.1553812953350442,-0.3683639620757351,-0.1792864940916128,1.4947258479044878,0.12800725594168672,0.6566583128742476,-0.33765033160096936,0.7307686060000096,0.05621165475089285,-0.13727698045699066,-0.2842650862361573,0.36666845696580186,0.3474402858897552,-0.2574196062080647,0.29237947122862096,0.5226158812559945,0.07129192806394347,0.2490217124096361,0.12536148290349658,-0.24080534733181835,0.1585369159138761,0.6250338100873609,-0.01680853090265666,,-0.23757959830774666,0.07418067286260044,0.5851370554194046,-0.6286136140444931,-0.1487019026598313,0.47360425532414485,0.19535669493409014,-0.08751464859687585,0.09750506486383426,-0.17803338878963348,-0.03704078160616797,0.5408993140992191,-0.1040755398912685,-0.5242591985419209,-0.26658931860417123,-0.5970007587131843,-0.20386983480749077,-0.24298651622405298,0.2125447193197516,-0.20799030499210058,0.3714790315278105,-0.04841383851613701,-0.06143917651740827,0.16823526169498226,0.18199066267909902,1.2699161441009466,-0.4160896217829224,0.1039368102987881,-0.07177875687121027,0.11100814369973122,1.664783886535326,-0.17110282222292383,0.4193664042892786,0.7871842773240711,-0.353892821031343,0.5521641939850941,1.3603143552627595,0.637442511176145,0.4176623313450367,0.35402365073708975,-0.008465093147103087,0.5058470643620971,-0.565768403212874,-0.7588780362008718,0.11587558960566291,0.10471478367835019,,0.4002382816324479,0.028030331311934553,-0.0771713145621078,-0.009273922533314938,-0.06747992495480526,1.145351916179993,0.614036428578224,-0.7061237319534786,-0.3869495996953076,-0.7286733643247167,-0.17048276524762596,0.48914105270734254,-0.4629547254076827,-0.2079270498049235,-0.24749250177555915,-1.4297777115078514,-0.24261591131724547,0.13101554309176144,0.49176086876570047,0.014609023624823081,0.14781244867290155,-0.011774575641188001,-0.24925863743672227,-0.08601023495700133,0.20681357118919053,0.4076535107939261,-0.41382223465641355,-0.19807308767075815,-0.3235730719676533,-0.26259486055961734,-0.7630903222983876,-0.14335221278911625,-0.2716899032384812,0.3734474662684839,-0.8926857767292073,0.58605793189066,0.12566040298218617,0.13880068067644302,-0.23871927765802825,-0.36409562908409354,0.6538529940911753,0.9118562311529299,-0.10908202546936474,-0.13327261220066333,0.07066491666622987,0.6388629135875012,-1.003173806601243,-0.3781726090684612,0.24238862852112852,0.18733234329260107,0.19697418872033357,0.1633052346758257,0.16261647883826225,0.038561555389104996,0.08472012742921642,0.11251980531681305,0.5551088832665307,-0.0596318912765903,2.053117629412471,0.1725154729594669,1.0795539111004837,0.5354086718152296,-0.28190525032880664,-0.15302094722090542,-0.7966691892268174,,-0.2501235218184461,0.4827005436177645,0.6095304844886629,0.29769822125031986,-0.21941985673019637,0.5741600520641654,1.150130457248033,-0.23321390408200804,0.1151513530616377,0.022032548791139916,-0.03239862153309181,0.2334997891421331,-0.4320486187709305,0.6792974956557618,0.3692759671675594,0.6711456647979785,0.7613442015022454,0.04973757669652912,0.4858684333792773,,-0.28432893051744124
-1.1164060983864132,0.36778536236170556,0.08561155304498413,1.085514047924807,1.7032422445529383,-0.16078014337930213,0.45191838191105393,-1.3844550526515564,-3.2322311230336576,0.016045323434732417,1.0332930403205376,-0.15541527847107162,-0.243362637173139,-0.5550726033365483,-0.5429390582111782,-0.23294462633619561,1.1817454418594942,-0.08785047870190077,0.6290266886312734,-0.1272171207689632,-0.15206456895543452,1.737651818184771,-0.012063065628387104,-0.7786793372531409,0.7040967065284676,0.3457676692246725,3.2359411167588448,1.5963639063077961,3.2050087354116963,-1.221323579565825,4.045759603613552,-1.0161567794850668,-1.744819285552357,0.22743144270003235,4.560072022307038,-0.1321474084374108,-2.2858030910883342,-1.7421060084299222,-1.6991179145635082,-1.0379788543449564,-0.7142818453790611,-0.1152250811359945,-0.8322082298556799,-0.6922596064039777,0.8621105945899155,-1.112050427410316,0.3963102439133559,-0.9066824326592005,0.757961099428095,1.163402685004833,0.12170803201103642,1.8245895529537481,0.3304165397738368,0.987359512896413,-0.5980433656365247,-0.32639921398013305,-3.1695819377248524,-0.7216527177009491,-1.9092400263284293,-0.7290020626002702,-1.8029344052220675,-1.2224497040913995,0.1846613600395619,-0.8393956351426923,0.9473631660529946,,-0.13230299064023177,-0.6409465154830651,-0.21248316181633475,2.550490336386435,-1.673239343041255,0.10915842847574186,-0.006720747268029736,0.8287924986555284,-1.027184829754657,0.9491023011863664,-0.9880220214863344,-3.2279288809727857,0.3819982989902604,-0.3513481071318214,0.24539475159517377,-1.32416506831885,-1.0647303159736943,1.9906037904190876,-0.2120939248824283,2.85268809498489,0.37011306737164684,0.7508787592487742,1.5861374350462532,-0.900234412190648,-2.601709357874904,-1.2785755261318532,0.13927605379979724,-0.0718815419019303,0.26119750582225265,3.538709485136904,-0.43019477237943304,0.15161589414969256,4.768428524957269,3.8101028516390967,-2.0970742431929645,0.9846734257506151,0.5703834413699038,-1.240785481754192,-0.06932489816826592,-0.8819711984177636,1.4728332992939297,0.7462633833732912,0.41657950976279334,1.3017756913374479,-0.33228335308401746,1.237680420444054,,0.7844273046641703,0.879949175826189,-0.1287097505865642,0.38037258486547376,-0.8018173879535406,-0.6827612045389286,0.06628155825496584,-2.964247950437504,0.2208007085428676,0.38086094563158923,-0.01830042695581957,-0.5841121310221298,0.5813925734467373,-0.7663205862151856,2.1344846330808354,-2.827736901504563,-0.6137694588901677,-1.8878556688028514,-1.8780558657963242,0.19006183855316827,-1.1263799663388863,-1.471440010522651,1.6887007639348361,2.6561754367743884,-1.8422241618606505,-1.0266226062877748,2.0227313060441565,0.39975738459085974,-0.3005836482075308,0.8323354161593022,0.6172266976849805,0.1615155433848381,2.385270685256513,-0.9725914579779116,-1.1374069379662122,-4.903870522498366,-0.46430131703504296,0.36381958262898806,1.3832125705093734,0.4674115662494316,-0.5965811936728072,-0.6174694574332618,-1.14659946029676,-0.8647373051558827,0.6355218698723686,-0.5902614580139853,-2.2426985681659795,1.841123334644168,0.06908062198336395,2.071200986934163,1.5147150833191736,-0.6025404934170031,3.4852238981767814,0.4075600793163936,-0.46941179274865297,-0.035494551466119795,1.3790228312134056,-0.9402393195224956,0.6459920120887475,-1.6701819992425815,-0.8982399344379499,-3.2945287109593213,2.211729988685329,-1.1578369841069414,2.1757431314441744,,-0.2883640845462443,0.7987103531386319,0.9343100561009399,1.0147008516270262,1.1611709357621347,0.6460853649736809,0.6974018060564857,-0.16280359819325074,2.4441732593265098,-0.7783269919996227,-1.596177499930962,0.8400360672902618,-0.6251393838447972,1.3276696190354542,1.5978135526286463,5.7777828640408035,-1.6897916872396501,1.218099308290177,-0.13187115009014594,,0.950479811724203
-0.009650071001732208,-0.3017710216190572,0.04562322304193511,-1.1887065614376469,-0.8557354268314499,-1.6340691687957043,-1.3018068557083762,-1.6585261246188754,1.4885675878232085,-0.13635357514333313,-0.6006513323102647,-1.9037313239914089,0.19878088659714965,-1.6567640502145098,-1.6439685728151132,-2.753189796140132,-1.0881498268004997,-0.031954005156598075,-1.7172702495452552,-1.2828656081463996,-1.2675749216553456,-1.3425473617747707,-0.5025178045169776,0.3260664561267834,-0.4021321625581997,-0.7856302257146064,0.0,-0.9325513429790377,-0.7646920940518998,-0.262259306439927,-1.2026908092308775,-0.8919549435709495,1.9276410595948201,0.8121304974105126,-1.246049905733282,-1.429847570652787,-0.25655047271612164,1.0657906084966973,0.3198816273141558,-0.7728334372745338,-0.8607365465652328,-0.24720039438186348,-1.228080030576173,-0.42775912564558816,2.902599451170307,-3.6897398490435718,0.3565506980077737,1.779735480268041,0.30204535517939224,-2.0770405325067465,0.40204949327955486,2.6829437659959154,-0.2389209145752802,-0.5768448616926825,-1.4355115337372881,0.4188583252358047,-0.7750944846582564,0.3282732896019658,-0.6463829195291537,-0.307339188550837,-0.8797620021322006,-1.2336453049634821,-0.20187889013646432,0.186233003844527,0.5219929572628512,,-0.1677984739119509,0.39494829619002303,-0.8133820719104623,-0.0065707066599807185,-1.2205962423933348,-1.392744811264468,-1.1699086979480855,-0.10025068839600859,-0.8589177751726629,4.044673815703637,0.08316617707779805,-0.5105538972325019,-3.2749099084724675,0.9436885066758993,-0.8349359261150768,1.0266168997269176,0.7427250040350275,-0.8564689466833086,-0.18065693060778099,-0.9625229101171362,0.2996124101769748,0.20434733429721685,-0.7443727090602037,-0.2237075099740693,0.1665416970707101,-1.494401658818434,-0.5841424116553751,-0.2659988861347107,-0.09118496090545491,-1.6762881501978244,0.780481931837107,-0.5989942504567969,-0.1449563692019984,-0.20280904023657342,-0.17274140611505118,-0.4031478745163519,-2.035031701763146,0.28114905559697423,-0.0891808612466849,-1.003069396510381,-1.4764845722128328,1.5245430419828843,0.23272162515199923,-1.7343639534594613,0.014990879585807804,-0.21524009664524169,,-0.3521636242574733,-1.1445012175279046,-0.4433506623257699,-1.2970117198727094,-0.20420347304330733,-0.016774083235659987,0.03863012169100788,-0.47260757489009375,-0.7588779133516965,0.14486850381079108,-0.7259174316756822,-0.9009040598139784,-2.2213059934990897,-0.16014579900346382,0.7037780752240597,-0.5970862691435319,-1.2001886585089494,0.6477387580653415,0.0,-0.8901173248444083,0.7228055808783607,1.5471796325073228,1.0502943879683535,0.5031114079119936,0.22584101465614737,0.3867753417418296,0.9703474795971889,1.1860419681826384,-1.0492104372340605,-2.1310605466220434,-0.16964129456538135,0.7167119892836915,-0.6208609450777391,-0.6591495597822017,-0.0731541497117183,-1.041561557661086,-0.7564399475336492,-0.39703802633891394,0.9786432736243356,-1.0827304715587682,-0.6134951473925399,-0.1515384616100568,0.2209355342217556,0.03769523360754867,-0.6962738603727092,-0.3136902900258587,0.14949103133443664,-0.9877844501659516,-0.9147338202197708,0.8173010946108672,0.07302027432256608,-0.035658414824923934,0.13597743172866217,-0.7734076780455901,0.09278674762216443,0.5384899450823655,0.8157293023282719,-3.5485379399964323,-1.3020339269514514,0.0722818043685125,-0.5360949966362161,2.3647605016356543,-0.32539302042934315,-0.49094968576866016,1.3343067555513954,,-0.20118224394688466,0.16076904456832075,-0.25310664701186925,-0.6628425203420774,-1.5216216605806188,-0.904801633324892,-0.19572417946401854,0.13171475352451445,-1.4720607126779806,-0.532820831026104,-1.8690797425504613,-0.7560368357501179,0.4588570074596232,-0.8914158580564102,2.5556179061086315,1.050414107006259,0.7126909939479731,-0.5403252527450553,-0.22006707117794289,,-0.40634236532984813
1.1001759680276058,0.6810416390019336,0.7181928528612325,0.44749798647920613,0.22239614359942372,-0.4552300246405294,-1.357773284015873,-0.5878235832687317,-2.8380601432098973,-0.5622040469982381,1.5025334624279019,-0.20749196669364034,-1.253385994527989,0.9459423018518764,0.10207178938848038,1.1504625774865884,3.27099296429183,0.6875560692529259,0.30751361136687194,0.8940047163018328,1.0441633883027768,0.9823619477257406,1.4222187760175586,0.20933190869218965,-0.4909446853209154,0.495475612572438,-1.4531306814925093,0.04298560151416719,1.1999950386492042,2.798634246794207,4.33906410981344,0.0,-0.4015527659059215,-1.6348737583837814,1.3630332638623566,1.7580283038447275,3.797843814432844,2.5033243674443373,4.615126411045289,0.2642608697499771,1.088505015293717,-2.3294191341282744,0.6216789031760817,2.728725370554552,-0.06921873416072533,-0.025243471965052944,0.6725084347366517,-0.22474641408734009,4.011359145185689,-1.022599682674541,0.717083035476529,3.0670141455824362,0.9126804619095319,-0.2753474772089648,1.3064909366582889,-1.5622651662491882,0.09683666881858954,0.05454117226866284,0.9722251376256708,-0.15277917691648435,-2.2510889719423277,1.8157161571696,2.9199618694833784,-0.2872808830043483,-0.46957232524657,,-0.5042525392882302,1.420582642620416,2.907120967723853,0.6365696896229567,0.2796017708952325,0.8243283616533814,0.3129433829922368,-0.1538483827069448,1.9131959759540518,1.9892037975580257,-1.19231842460501,3.4895649532225015,-0.1828067247824805,-0.9040528983925822,0.07053400110887953,-0.007255333966060817,-0.3761435730683438,-0.19935408584302872,1.9589016628473566,-0.2173817959575941,2.5505538602778044,0.923704212848353,0.707265648700961,1.447199523340137,3.2120807332532975,2.098614025450929,1.3010563770053052,-0.226302317961391,-0.019559610763741908,1.0939613642026336,2.696728272270743,1.9866186101474836,-0.9508023744541405,0.13976956201109392,0.9690257830074378,-0.33889608566488594,0.8002698524994578,0.8060279567014828,2.5887778648603366,-0.13074455710918587,0.8720755478884401,2.400952216162522,2.1300259581182646,-1.7558263298607102,0.056178503760317966,0.8369248250309491,,0.4840162636333467,0.8992307564302138,-0.42978368327112326,-0.533746053432449,0.3495544535842221,0.31863545947452554,-0.36964836752418906,3.0348974119260186,-0.6454510689935189,-0.3099798195501213,0.7005022220603285,-0.28985668076828563,0.19423854678832786,0.17465329200596624,2.4761428603062408,-0.5437742514512789,0.2712507959323318,-1.3817839065407234,0.24262115189788158,0.6331011794939334,0.0780028575075642,2.123660986301701,-0.6628474330688583,0.6793802899748513,1.4918376978923842,1.5236563464619879,3.7788500378079792,0.7479364300951197,-0.09750089952442753,1.6438665347223935,0.8942719565153245,-0.338016159925969,1.8087716604540782,-0.17914978741463417,2.0431224786897184,1.207307037641514,0.8384074236608807,0.8838853102686173,1.750190920543604,2.3003258595228893,1.5489143959537044,0.16694342985323907,2.2389029988648,-3.030306426880369,3.4405862310906032,-1.0227037465493138,-2.031158051819093,0.6399998499194259,-0.4006311914936611,0.58005760870945,0.2442662536410456,0.014269848055037393,1.0758226624494105,2.0176908083279654,0.33986340166785034,-0.31783103447925454,0.8005154964662475,-0.06993892907585231,-0.20438612221348462,1.113947376319313,-0.7001150627838348,2.3892436026140107,0.7084031677260905,1.263734033102648,0.7485598996744169,,0.856746227550409,1.272642638197552,0.8917515341932969,0.6259975058315659,0.6702814842009408,0.4188405485131774,-0.3092565818657578,0.18999190168325075,-0.8039953911476716,1.160627679773496,0.8138940164354125,2.25012967346665,-0.3167815381696748,-0.44429842132446273,1.9471287213757016,3.638257646916654,-0.3330141583052115,0.38275639596394573,0.4411132824577946,,0.8906288944952712
-1.1932095885199723,-0.10737270139038468,0.5659309564233217,1.8167144516248346,-2.657575318616612,0.06417827411588917,-1.2683082969768833,-0.19005558424726177,-0.3866009185423569,0.31500228721368373,0.5953358337942527,2.9476467340341372,-0.7944509289351975,-0.9549236450839715,0.44611730635291114,-0.20770012051802844,-0.504215331603608,-0.37717162797470394,1.0451531396205915,0.4293480818333917,-0.868972987825134,-0.6219564821390078,-3.605281136705074,-0.4177892511705861,-1.0743187607386018,-1.3823585045870335,-1.2815585647563799,0.3823842364282237,2.080914316550575,1.2059260268969973,0.9877509543044782,1.9188385473670078,-1.3135702452424791,-0.385404568717751,0.5148218624236867,0.9957437866248142,-0.6851251865148567,0.48554852840942964,-1.2619631169440315,1.4703760698163704,-1.192157137887384,-0.8626523918185192,-0.8031825968677575,0.6582430613099488,-0.5310515985619602,-1.0037941666166228,-1.336023829272437,-0.51092844630104,-1.1362287285205608,0.7308891431290432,0.08321086726594817,-0.6007106252527206,-0.6991690222440061,-0.7198536169346847,0.5919635925938138,-0.7935296199611197,-0.8577878103837477,0.3971042267553626,1.3899914330177898,1.759659082240983,0.1973880026058028,0.6741341875161178,0.7434666749706498,1.5647991190966826,-0.9490947322788323,,-0.8179760224257704,-1.0214172185052384,0.3078037450223503,-0.7433972683931089,1.5740294696661161,0.059820699978896386,1.3224849526906501,-0.8039731454386856,-0.655283877624524,0.9633132922159504,-0.6790211483683861,-0.35261786573367315,-0.585227553857881,-2.3014628522284086,-0.4801629253766926,-1.05255548365224,1.6411596617785795,-0.04161633693042788,6.693122989237832,1.4994129495877973,0.06721499605248926,-0.6537467462363722,3.2754206005405795,-0.6429534172882945,-0.4381461255217656,0.5200571543285015,-0.3314398021946996,-0.550828087760491,-1.2388276620202143,-1.4615640946175068,3.9321300105744195,3.8568931312612076,1.5388020411786663,-0.28580523068583163,-0.4455869751499586,1.3223735412837057,-0.35472001399770026,2.9202132676845016,3.7899979439197207,0.7854743114560803,0.847736360814455,-1.3835905417573957,-0.18780511921884235,0.5678107181884995,0.44918723089997226,0.26525899830633914,,1.2487855312223406,0.25064990202323667,-0.21842186605002256,-0.7154835268147863,-0.679688213093177,0.2674734339246809,-0.899881067359487,2.123958381246882,-0.42206113203788753,-0.4905989021390056,-0.4698560024730236,0.6937103705974446,-0.5647333413250188,-1.067457617094436,-2.000905478980941,1.1475268450971132,-0.4587155122866782,-0.1535492901182156,0.34959986232914186,-0.7607943430807063,-0.9353047256783542,-1.6071448357768525,-1.0779012831977686,-2.272995023783586,0.26795285031666616,-1.0810240722511244,1.4633574499069768,-0.6315779741345451,-0.1708003641907041,0.5334409523317651,-0.8710283138368857,-0.8032869446370938,-0.5318202159883323,-0.8242522294365839,-2.0413461578456804,0.6219450139697047,-0.5794831800886913,-0.9620260097418787,-1.4903683216369812,1.2538626177358347,-1.271071319669459,-0.3484800757856732,0.18867452120525652,0.5495137988015708,1.7708004077193307,0.10219679325831343,0.27489062810439613,0.04675965686928851,-0.017487618546274675,0.5697611083120169,-1.5886523082637494,-1.1841099091313922,0.10334028233904835,0.8127858628698581,1.739807445584618,-0.38970358582869347,0.06617458950417543,-4.666446069674668,4.67324926273569,-2.1401686735634806,1.1527063318325315,-1.782317084545748,-0.8752225441310713,-0.08547461825791913,-0.7250939014533331,,-0.3997507561017133,2.9151987384662403,-0.04311711154363351,-1.0527807351793483,-0.6096624064177658,-0.5533328416036709,-3.3668669444305244,-1.5274980111047998,-0.26485786299413894,3.3463211515430302,-0.699122818366904,1.4555700819363082,-0.09606977807333772,-1.1320340438091825,-0.5541795007809491,-5.315954588268578,-0.5707918633263587,-0.6272820131233092,-0.17567375811670116,,-1.2427810935692674
2.1930290758843007,0.9996262660041166,1.5644371878517083,0.2898010150603758,5.031477960458464,1.7238586923314259,10.7946586398326,2.602438554158537,-0.14168405405331486,2.133653304639749,-0.5758215852212145,0.39206586459976656,1.8961688190554549,3.0365762020236664,-0.27917045181027333,0.20813241178816444,-0.4425445923731841,1.1716457425139382,1.0067562652541717,1.118785381541887,0.20137885751045914,0.20059161981065277,1.1406316751692458,-0.25945306244815614,-0.9135501427307569,-0.14951845489985516,-1.3138376397886953,-0.2996031631208429,-1.930305403975241,-0.848526448596254,-0.22679292556172514,-0.39987616501444556,0.5403342828488533,-1.5354792527784045,1.077905968501236,3.3917622853014917,2.186998143940655,0.4975724566974815,3.6718173014006927,2.1736206599847208,-3.009863861912665,-0.1450278846027664,3.6124510863302817,-0.9309038354649579,-0.742803361075639,0.8290272857045089,-2.4016358281087946,-0.35342277021364055,-0.6851624937031175,1.5676015225885909,2.3373984321428676,1.687037747191189,0.6007447471960914,0.9237193510592157,1.8705390168978209,1.14157163596178,0.9107468123861651,-2.9858895627199233,-0.7211697334746803,-0.07250158865832468,1.024431019770633,0.46718534433800585,-0.3689867727898144,0.8954878117421794,3.4629536547404305,,-0.7799347566806114,0.6400706373243192,0.8796786866902995,2.31259676952682,-4.400956972976489,0.4284793179051949,1.9143229789768013,1.9451609297284733,-1.0339602042743201,0.859882114730981,-0.6222848653750557,3.693466543897239,-0.3604162823988233,2.6315754763692967,4.320118571210219,0.5355470699744957,0.5398709456271522,0.08326732667207626,-0.2642362911137397,0.1894015696833895,0.20151815394078287,0.8853838297131933,0.18173657755951034,0.6740750787527006,5.546200470456508,-0.246362339850148,1.2401287306796238,1.889708917714561,2.7068124364643786,0.9317787348410045,-1.2568048448213909,0.9628024643181021,0.2453677717620284,0.6799131223506949,0.06885866758479242,-0.35423393073032994,0.42379196044775025,2.0013554418751855,-0.27015195150182914,0.5845045890523703,2.0474437773662757,0.31924958156734906,1.6438935256253062,-0.47667712202350554,-0.06707506087653137,1.2886113720506076,,-0.3700112428115965,0.9834403955724325,1.9388147641087983,1.0777881309133708,0.8725314036380771,5.8519560469380005,-1.2405392964618178,4.264221851301575,1.5458113929721629,0.24303458668026856,-1.060630652836636,-0.34774141084642496,0.8307178283558425,-0.2229935181896736,1.54369027900092,0.037712222164443254,2.741352431332067,-3.075744231380484,2.7736880586627377,2.4620343867049588,0.15735587790859373,0.3102892678675362,2.0355984814597994,1.8776451788738102,-0.030533890101480665,0.6742964219215164,-2.907040878080991,0.4934114654813193,1.0876198421992944,1.8613613608399193,1.101784934126071,2.1234444315667345,0.3466524332586651,1.025472918028414,3.002662621334018,-1.1450044126641967,3.5985771566971803,2.463132159886583,-0.29007168198406097,-0.02476645254693155,4.499247883690538,1.1859481407875405,1.163483310742941,0.5741073455431955,1.7348132990403275,0.8620561694945073,0.003310364743924765,0.7010670364987037,2.186458313725592,2.038135522713347,1.2541414050883937,0.7724008338802824,-0.24775683732415343,1.0212301410774005,6.3483649796945985,1.7131002817123653,-0.9984326489660966,0.9202440701282955,3.504086380703253,-1.7714742687889307,0.9570197504285893,0.15733643638979888,-0.009808810217004638,0.7015062110313108,-0.11722738850580283,,3.022703765587509,1.8590855056327849,0.8123699067605683,0.3316237153745183,0.8420802636540436,0.6374957612306442,2.8499746506125634,1.1681571796086976,0.4895243724189813,2.4836335077560445,0.569942746808505,-0.6459537206428001,2.6335177782080166,9.093908060135236,2.736591483509976,-0.8474568565903118,-0.6720727850814123,-0.04126065709800786,-0.17597452258802937,,0.1647919992932234
-0.18906924826520566,-1.058905147099698,-1.1192416165604402,-0.47028413253527024,-0.19636849804940404,-0.41381155878903453,2.4716879923997404,0.2130908871520676,0.28994522085519225,0.6937382291206662,5.148005350199036,-1.857987804525707,-0.18066024061781372,-0.6733636491982109,-0.87166701309771,-0.5044040984200859,0.9248694256521084,-0.5987364240392257,0.0068341284343187425,-0.8275570366065965,-1.6148816916000563,-0.8167840344126542,-0.18387043310823525,-1.2286853737374703,-1.0019198138306318,-1.048196431407522,-1.3709428468902107,-0.12018450664671443,-0.9580199509073406,-0.6737127986272018,-1.371036961716543,-2.2582690193050925,-0.7012760890016234,0.6630639631115764,-0.37815330946493475,6.479488768958075,2.7290958475937765,-1.6328709021409593,-2.4865575280550556,0.7760260490443205,-0.4547835636265707,0.11960569900246742,-1.8567907585938292,3.199493241692508,0.08184698236857191,-2.593129185682619,1.492149265475895,-1.2191737912397693,0.5730491102600821,-0.5468038603619219,-0.7673544747077821,0.603507191856445,-0.27611047561875157,-1.2794011942423467,-1.9393489121777518,2.195943834746572,0.8509541000515819,-3.893203409632928,-0.9062148823724026,-0.2042199454213245,-0.4030227543733833,-0.4998870639099984,-0.04257414268699078,-0.512681853810637,-0.8394695023141496,,0.5692167833394324,-0.5365044200823177,-0.2805267920841348,-0.4815996453296223,-0.6206046856300773,-0.9624384416891729,-1.9309121421699715,-0.2053780649671988,-0.657471462240955,0.5956221681076901,-0.956315345229386,0.19195860991454428,-0.7435399546831034,-1.2406931945909139,1.7226850642793279,-0.5837700814689262,-0.7783694366082949,-0.09982950718098182,-3.934846425406824,-0.5293006363777275,-0.312840340403564,-0.6760047796400714,0.04680715183515982,0.3883582823536402,0.2575246991120217,-1.1360900965695864,-0.34216601587467865,-0.9113445420107169,-1.176325815598489,-0.17898915626775036,-3.35913185467388,-0.8049974454620523,-0.3599382179217403,-1.0990478172126061,-1.513848271116458,0.6922967533499635,-0.2700921884907781,0.173855948073931,-0.037362881878688636,0.01614627757198228,0.03262868486730852,-1.8926422617639216,-0.05845436200958565,-0.6184632602772022,-0.10440518362941908,-3.8756344091255834,,0.7427770495425978,-0.8803308839829493,-0.516382572328633,-1.1038176315775305,-0.6614560197660824,-0.5512657920516362,-0.922278425052947,1.9821858844009776,0.11867850154778647,-0.04156424615173737,0.42136182646070885,2.462463862350206,-0.9247568930380812,-1.1030126026169484,0.664431952104394,0.2575978806202972,-0.9200696850940715,4.680677398744026,-1.0560611489702554,-0.6762558214450487,0.5420239020605955,2.1536077185703384,-0.4342009549516801,3.38883074379257,0.03818834349296196,-0.5427414806127073,7.02680595743348,-0.25242492132060423,-1.0033869553264352,0.8020479404045044,1.1984151568261714,-0.5814861799388837,-0.2576277505219937,-1.3865870507554723,1.4155518728726113,-0.973759761965387,-0.9173257145363323,-1.3035352864617877,0.12550077255377712,-0.8340212626732568,-1.8804224541793424,-0.3606337822405825,-1.0437403705000348,-2.766340121966804,-0.10150064746135001,-0.6972477739289995,-1.5423765673430956,-0.7890111443180747,-1.6090321524069862,-0.02708682267472673,-0.6955270173178207,-0.4226408258536596,-0.04139218841129333,-0.574620305088891,-2.49021695055468,-0.7284794075506085,-1.3942652808890288,-1.0391488536853122,0.5499221556560352,-0.2057826111067862,-1.2876715250095816,0.21470287008831246,-0.7293366961630965,-0.04247066977218772,0.01805614959968782,,-0.2191411863635362,-0.4535807372366807,-0.17827643719356967,-1.2670354316970833,0.06402739781885547,0.08612706253134927,0.18271345832117092,-0.7551382573822263,-2.5821471261232687,0.1805429863478869,0.450038351672033,-2.6006028922011204,0.518954605900257,-2.058733428542525,-1.7919407296632328,-6.730770700311806,0.07047910949480318,-0.14859183749881266,-2.0273291361577073,,-1.6701528395278498
-1.1176394972708281,1.1885575403365545,0.3866426374794063,-0.05123779693889663,2.1280989254298444,-1.8164514309332414,-0.008769019215715268,-0.4389895060075255,-2.9033653245090107,-1.1039017345046975,-0.7955861943252596,-1.555529857446336,-0.3348428542091275,-0.44021560390316017,-1.399230953004238,-0.2982081520427782,0.5398759687100352,-0.5032751196270446,-1.0103125631518495,3.3015895160147357,-0.182646354999505,-0.46827077624237434,1.4819000466760768,-0.34181813419615903,-0.9027782478856272,-1.2437345570270986,-1.1489652719119836,-2.011529322087824,-8.219018515007992,2.071497917113052,0.7490700463683053,1.0268570055088855,0.9768375841357368,3.9521783085475937,0.5693877583307083,1.6073966822119479,-0.22371777450975738,-0.571074059508947,-0.3160604609923623,-1.1949027758204833,0.09405625940126505,-0.39252188704312907,0.26541077642019406,3.085271428164771,-0.8762637533979212,-2.519313778913068,0.24503801953430493,0.39271140187491227,-1.4192972907471901,-0.5453817367697567,-0.7914906499285057,-0.9146418502568365,-2.614124570173315,-2.791349190008152,-1.9671735379909516,1.2471831993992488,-0.958834057785729,-0.3826243874126889,1.712878798784656,1.954820381788891,-0.3002180849875802,-3.4388701756712936,0.766582721020459,0.11082174622443208,-0.18023798323210105,,0.4941026066402676,-0.4741331151850714,-1.9895648056810655,-0.5355602603309029,0.2703011652220866,-1.087016654431583,-1.9756251019886983,-0.8232111074231274,0.5258385555101608,-1.5673062129250237,0.6365135885328721,1.3304922918804252,-0.16602041663625888,-0.2303179582421655,-1.1429092346117775,-1.255137010901397,-1.0128553121548922,-1.5406407918282405,6.026559176630153,3.598123547654386,0.4034966433465126,0.38209979552097373,0.4503736877287112,-1.047162251225875,1.4616863967537919,0.19985469271626144,-1.2978067039536745,-0.5163337096789289,-1.1773170481535145,0.00472583202895116,-1.2627309281151855,-0.7678483720813034,-0.4190497506671331,-0.7698438797820617,-1.7467248908296984,-1.9882979309365334,-1.878802888122555,-0.3305799379243135,-0.3176860589388708,-0.9683734130820798,-2.511219937728282,-0.40973411306108876,-0.6239056452935321,-1.6376519483967233,0.9705294067751558,0.08764184499725491,,1.088395755994731,-0.6716565871714875,0.9096476143914067,-0.3920671557417932,2.26225004614371,-0.0475228797758076,-0.4254649774210528,2.349612125924838,-2.5586567137072636,-0.21482515362135635,-0.12340887247467291,-0.6233100807239156,-2.6050038678467557,-0.5321426606200941,-4.468329555039152,-0.3979441724048738,-1.5206097048418021,-0.6062958214110292,-0.13177472933402212,-2.375778325495803,-0.6484888730274085,1.5997403881563788,0.33001914435411006,-0.32202694631708884,-0.5039011612616107,-1.1320866681732933,-3.2041190342064207,-0.5117104248901438,0.6228009130534895,-1.1729875877475426,-0.7564947394433363,-0.3013222033999563,-1.2268872564756395,-2.8121672484231586,-1.7973211532437583,-0.2484177041253588,-0.44437358650800673,-1.1492258296896374,-0.6038921579666123,2.3315887213795516,-0.9119709664992426,-0.8294394265437433,-0.1410731810844834,-0.8015785399335451,-0.6451942239920738,-0.3057829623738906,-1.6973649101099553,-1.3940853425111754,-1.4961746144942945,1.4425988980815374,-0.9754373273062722,-0.16545507737896203,-2.1120219934207984,0.28362062149152045,-0.14592991155691903,-0.7455694996938433,0.4086808226768657,0.08400743289065371,1.3501981510681382,0.4868726462822881,-1.1212829791236278,-2.006485085641796,0.747865325484498,-0.9858930351569262,-1.534432836878863,,-1.1957023531824484,-0.8191043993376557,-1.0930145248863932,-0.6555974292516642,-0.10665057884926554,-1.1742131874603934,0.03798451653675983,-1.0580682159123778,-1.1994626652722995,-0.17328058340786434,-0.8794510567914027,4.461774369337634,2.638756537283271,-3.2148367723717763,-2.6432619401653645,0.0,-2.549657262213423,-0.5166964019918452,2.2941981078895335,,-1.186433937185738
0.6896520921717997,-0.5846425265348287,0.26234726050098356,-1.241667675801772,0.8466817564979578,-0.5642849506095615,-3.0526358621162264,-0.4684908586304992,-0.7095409139497133,-0.8074612637936518,3.099934427686235,4.581085119708783,2.2155626046093557,2.0870075755973216,1.8682457740830882,1.5852477479212368,-1.201152136332817,0.055766810839807945,2.110197792749413,1.7297348976711202,0.06019020103527062,0.07300336972930754,2.7954826670042454,0.3373666469626224,0.028761807711408238,-0.3208257433787165,-1.4305451263166513,0.7500481740186915,0.6642847368263816,4.597708173348836,1.608515033016067,1.5415942715702347,0.43793170296104744,-0.8918133846119614,1.2078087041991648,-0.20338800104202637,2.9428256706786726,0.9491386373890132,0.34931532697020096,1.3571559306310155,-0.5906853880321195,-0.2741436180170309,1.181014812798531,1.9052412140358133,1.278871995762132,0.6794129711723551,-0.025744808744387893,-0.1397098385784612,0.93920261628051,-0.8382269516809759,0.843656991363817,0.8195052775675338,2.7702494645645004,3.2304383293514594,1.3520737478099898,0.9795198967776031,-0.058087001419904194,-0.13360461138496316,0.235473152744059,1.5845789692985335,0.36658483223941385,0.8631117885683492,0.5409715408849491,0.531360929634328,0.508862915312891,,5.363853657380768,0.8522751031837528,0.28357114165014075,0.1297412762356842,0.4740639542013314,0.5418867341157929,0.5670634819336495,0.2275910162256034,-0.09019103479793733,-0.07666210003499652,0.31839438905658657,1.7016836459927909,-0.2230863300141217,0.8709327570026737,0.13924522167123587,0.08175821802771654,0.6971956555782866,1.3702060504940716,-2.2061665204243575,0.269043801989155,0.8930557574322595,-1.522543331035131,2.5212468002943744,0.7212206783537178,1.1030753354133171,0.8476692780207573,0.660919050855524,-0.1703032756430689,0.9017333663557947,1.514572265637315,5.266777648932286,0.26422694657965984,-1.3567413946512397,0.21587102122944124,1.2533333333333285,1.0332833320696677,0.034501166671674355,-0.9121024471937633,0.9561184854197213,0.0,0.4265415265235495,-0.23142894790776358,1.2065848992776296,0.5375317543495628,3.4049462618074067,0.8056752654214794,,-1.2503378262465836,2.816585360472579,1.0338712583214171,0.5364604600398781,3.1054287301677697,0.9665733952611166,1.769322123721384,1.3161107863050026,0.6501677852349008,0.31252009352777943,-3.3053272703196024,0.8664742589112429,-0.16553206300765622,0.7182057910561923,0.7162559466953988,0.37436909350536673,0.5775623534440388,-1.048411658579318,0.17153007377441742,-0.5193634160722604,-0.38534873745555975,1.642008419040275,0.8536559386368214,0.8422728479375863,-2.1792436623568,0.26237837775022754,1.3890403505484095,3.0161617137300034,-1.0679639062775137,-4.025561053921689,0.24338236663006274,1.3511144676282116,3.7976955510064414,1.1006540756125505,-1.00597435580827,-1.5046176005324097,0.03718914531103401,-0.05205383978742484,2.0633905846267453,0.5126468019358343,1.1604624300129762,-0.030409961018096343,-0.11437600722541408,1.0072255881529824,0.7107446570860709,-0.022713837239562995,1.2830633299020233,0.17079308104346325,-0.9032977143630827,6.349311976800309,1.0076520384253218,2.0391996440108473,1.7979879910268393,1.3553921454855011,0.8184107177461986,0.9286144787238548,1.9675669813855157,3.367087685752801,-0.10117632270769672,0.05130021644963456,-1.7178572795368607,1.365046171606621,-1.347283922236231,2.789698890549275,-0.3758332067464454,,0.9138062900541533,-0.09296894164463332,0.5778280540555958,-0.3229453984962771,-0.5925161857864736,1.91567260314347,2.149648797784476,0.4068755604968999,0.7773722421126061,1.458124554450535,0.025106320261736315,1.4865137453466293,1.1317466849435354,1.085920983756461,3.9408408355926072,9.278355808586959,-1.2937301463958217,-0.07062899935804667,1.0114315943329455,,0.6773031627061554
-0.22830948955260277,-2.0261983865555777,-0.9464425154286915,1.5398798392820767,-0.8697364119526707,-1.9132569713660397,-1.7010430318856296,-0.020754646058196435,1.059148668002985,0.41499882126418974,-0.8376926830123366,-1.4757490599304202,0.6307122239358254,-1.6978480414738595,-0.17892710301748993,2.5321301235119664,0.4362478838200845,-1.0150441305820324,-0.9117249538256988,-0.8199551355242862,0.6352238292528956,-0.5755107448675023,-2.028796176135239,-1.9221091779411892,1.3325651593784293,-0.4035466749775396,-0.2968618993748007,2.9344033989109564,-0.9137069817170662,-1.064568925263476,0.02110868255325027,-2.502504406653716,-3.6118706215208185,-1.693104013608726,-1.178473343387021,0.8680875335077554,1.5382631076907183,1.894887907770637,0.3052453826555057,0.8882433768381492,2.228232046228973,1.2370119544304448,0.30187313498981627,0.0,1.5944208993544873,-0.5425069478387945,-0.198250459367888,-1.0240620508074616,-1.548921241983503,-0.436279142763063,-1.336726549267253,-1.4361914879825965,-0.334540497244018,2.7319690591633083,2.668079640765608,0.007350097994107685,-1.4917662253793984,0.33445324464429493,-1.331241315456344,-0.6291418434806961,-0.9392025901930778,0.2999040285143195,-0.016811181469500447,-1.216764689870975,-1.12690014874407,,-1.2896641159429678,-0.6197178965802186,-0.6172567384353234,-0.9329448407383478,-0.03700315782437791,-0.7454795197989084,0.8763629348629287,-0.727977088433529,-4.152368664707284,-1.8649685809237648,-0.18958123888676015,0.15492743038680867,-0.5812930147231943,-1.5187746927606272,-1.8076177108706015,-0.705581714285719,1.6138683658802222,1.3850656730058697,-2.2165303444486306,-1.0489108143029724,-1.1728291530334944,-1.219961585096463,-0.9030433058600296,-0.5286767982026763,0.9062260498872154,-2.2249728279448933,-0.6842215399222806,-0.6986165717009496,-1.493804084181205,-0.13942903272581297,2.560415214183953,-0.8407633519972757,-1.5372140486383579,-1.1847834929373469,-1.0271266789570688,-0.9007474624889711,-0.08621789024917392,-1.138076085844275,0.34354440035457845,-1.5971312496554035,-1.1575627343624606,-0.738826497352707,1.308519980510403,-0.7996217878983414,0.10725534455144903,-0.2693039086225202,,-1.4093712414268933,-1.5436456218160588,0.6653897187012259,-0.28101268550371206,-0.9877691267201283,0.0,0.910149002167282,4.3478196578973005,-1.2502604709314413,-0.6784811957827763,-1.7698509913615879,2.0834668562947023,-0.6545073079944008,-2.173130299345505,-0.6321351784437823,-0.07208821708755142,-1.3711378588613599,0.9824700909200734,-2.173346233959983,-1.372316404668672,-0.1341938981107682,-1.460582763554874,-2.0190162909448084,-1.2585748650268402,-0.533420816415564,-0.9753786187165714,0.7126298067631431,-0.054267594581047796,-1.533376886026594,-0.4497204358131057,-1.2223891461839331,-1.5962041413729366,1.2138534882264462,-0.36288771644399365,-0.8719606271009539,-0.4108748803104634,-1.7848280724779064,-3.1076419532753197,-1.9205920893273665,-0.21858520220958688,-2.254757006808361,-0.8822692432810086,-0.7813038184024901,-0.7999979572170912,0.09646508796086195,-0.7953684752357582,-0.8894705011796233,-1.0230185157092397,-1.3404809973578402,0.0062805074681149264,-0.2525887622123024,-3.792103131172886,0.5298738752534282,0.8318359988754631,0.1522008068567171,-0.9610890084951196,1.931744630711929,-1.0408443334238293,1.2660364259790668,-1.065369597884669,1.9420840381040971,0.231457197363083,-0.8817284265361769,-1.5198289240273666,-0.9753426692386324,,-1.957907947589721,-1.850341423573676,-1.3572799500268018,-0.7465861519895034,2.389577616437255,-1.469007538778333,-3.0116002379536044,-1.1202120595924847,-1.772522388050124,0.10265371233613152,-1.0962287180403152,0.43743028009155527,0.2279784378218963,-0.7898919830420348,-0.945423798624101,-1.3626846431943451,-0.46129314149353506,-1.0727699935370594,0.2176802172567216,,-0.9530613561464119
-0.30511239922682565,-0.010906927795129029,0.3653327438390974,0.07952061657696685,-1.8003853900449118,-4.359855703062998,-2.3840228122262275,-0.5261707528396942,-3.295663388356751,-1.835954818016583,-1.3275076940754915,-7.1802195890593445,-0.3619363831556366,-1.5861749206231512,-0.3648944502238405,-3.168371288791838,0.5625050828605094,4.672858912740985,6.740723187541597,-0.7397093534586285,-2.39575252274955,0.15490167234646357,-1.6462461188147648,-0.34853654597895023,-1.4285662826844514,-0.4823452219890001,8.667606382874338,-0.9939488817971132,-2.0683993098863596,-0.6074238751799577,-1.3998287941693777,-1.7453825845093696,-2.903245417231004,-1.529568837879114,-0.3924912796934743,-2.6941181726846675,-1.340661162206369,-0.8706798813170824,-3.1553634913141115,1.2352197175197643,-2.192867547438493,2.053453410445538,-1.9930364859954475,-0.2578736192317965,-3.5798188366689465,-0.11974026795787962,-1.1654073967043543,-3.7315527470197396,-0.17543228645586773,-0.7850971578874044,-4.267299848821859,-0.016200007538613725,-2.097850544524571,1.2861555249920942,-8.714035158943489,1.1609923517043041,-1.1472400681788342,0.4333235194276419,-1.782108036014518,-3.4691193918176544,0.039498747887267704,-1.8697932492801161,-0.8492747768120701,-1.3376435544056542,-1.4535830647111947,,-1.49561400787932,-4.33892044545845,-6.311592816186796,-0.17656570433060015,-0.25914569383513886,-0.060895376139147306,-0.862017473661636,-2.9668980248689247,0.32020796248881656,-5.172000283964994,-1.967636801767414,-1.396276031045085,-0.39662084124880703,-1.2992483205068517,-2.368691903029674,-1.2341985651076581,-1.9117676119969507,-0.6254641029533881,-2.0149102931260043,-0.9367593588929912,0.47021476613855473,-0.34238335194413105,-0.7565344421845532,-6.216364476267467,-0.5199408103603864,-2.0986043801984877,-2.1085676336821235,-1.627942900766266,-1.6224056046517443,-1.764026015511122,1.4647794522053115,-0.506200785551203,-0.8889288041509902,-0.08175638856127154,0.9934362249423456,-2.0355994193245963,-2.0020825529923125,-1.0665238662890486,-3.257137470863458,-1.2586902435725245,-1.7187643107450135,0.328892850918705,-1.86567172894877,-0.6391308281492813,-1.71429093681148,-0.6707336385767815,,-1.0906059398611334,-1.0599613921210227,-2.0781188622345237,-0.4179490196362212,0.7850103266316966,-2.1029624586000883,1.0415499863118072,-3.44474234444625,-2.549056861943444,-0.578557785471856,0.507344813354127,-0.514950585058227,-1.1419527868527068,-1.956757206560722,0.26385178849088753,-0.14113753283839792,-1.5565743167782697,-0.8202877649924778,-1.5483952777886834,-1.1948046636992005,0.08694745133517312,-0.03930569658134875,-0.33683299879141426,0.35920533989215464,4.148263058827872,-1.3513503729829068,-3.60374922119997,1.8135844461876438,-0.9343493321391616,-0.4430475715183624,-0.2816447921565546,-1.9607863058215713,-1.2954631994286592,-0.8521115729313467,0.4166709118109013,-2.0628372211796475,-2.5492140404188346,-3.171475800647716,-1.2195805558255723,-2.2636872665688146,-2.1448699656392956,-2.455500000659794,1.5613345081491259,-1.1585685576373184,-0.03550323447735204,-1.5805716204572606,-1.4413297087109478,-0.545509319096138,-0.5434790320580363,-0.5021997065093875,-1.1572031675923022,-1.8203167842643198,-0.18603045870334567,0.3289486490758442,-0.19538936747910407,-0.24260206919163307,1.738075244356252,-1.1186550822664398,-0.6334406692501182,-0.7572514853697698,-2.185239407509476,-3.3273880863663896,0.6922583655192938,0.9412339446740026,-2.573871890270041,,-2.209187169726856,-1.126659583368661,-1.4414561552236083,0.31223545817034015,-1.025306106509416,-0.6041971158211812,-2.384420762094608,0.3990945170014193,-0.4979070664977381,0.2734681310280873,0.7699465868525879,-0.917253536639917,-2.370954971239203,0.18046265528175454,-0.6297282742096844,-1.4877724964781902,-4.928652248996091,0.8952595798304541,-1.694184575333224,,-3.601933831546622
-4.045521606405156,0.44204007259125433,0.8288093875128633,3.1441578885321286,-0.7798428588270068,2.3808415646127346,-0.06600199640499627,0.800392871893707,-1.1033508269303383,-1.0282560312235844,3.3786939987723974,2.074788779709258,0.4429979095629255,0.07161872825349747,-1.7990239967573096,1.8980000129538377,0.035401746766439146,0.41876928601987107,-0.5619010504963939,-1.472902605418891,-1.7441563868383136,-0.4639763503125893,9.073509913969268,0.011469629783067425,2.370655154520196,1.8854260153947422,-4.254505818820609,-0.650464974914422,0.510049422863168,0.9428946947444228,3.1461740964463525,3.831420720257639,0.6675458354242769,1.3331667753822662,-0.19700963340881783,1.4612691104387787,1.858775185014827,-4.472766425357754,-2.872261393354103,-1.2461096502565994,-0.5672658030455802,2.3946131955213668,0.0750618627964883,1.0269956672222857,1.2177763329385805,0.27971522977459085,0.7637742148528526,1.3566722143397936,-1.3436207008298173,-0.29445403607726295,0.45250833268231094,-0.5630128279242586,0.14505228206136422,-0.44150595055693076,-2.948490314185559,-3.2977354698841777,-1.525300086212611,0.01660418268434327,1.1680034794585126,-1.63969574919276,-0.6581521045061156,-0.10969540632586039,0.6063663762550187,-0.24290627479488514,0.8324959026629442,,-1.6827357662378972,-2.3248381181706357,0.907379715114276,-0.917189775973315,0.8165607830997956,-0.23867007140820906,1.7933587614614277,0.42986570109557753,-0.5632770524161002,0.2536787622829717,0.718384724978427,1.3526347383647996,-0.12411805418726107,1.5624912700881177,1.3932799567716758,1.71159848480682,0.9595174874604817,1.921323888196258,3.2490190862721757,1.3686709666707042,-0.8468818314545934,-0.8466229489861643,0.941330307905619,-0.8177841264172869,0.46920159580072784,2.246897997047559,0.11375392432582121,0.9230765679512976,0.5452323763371458,0.4453740540047546,0.6276691182246275,1.4054991531671446,1.4018708907142408,0.688631835269149,-1.9234147198313734,0.34793598271494197,-1.3032648144268633,0.24810590781971786,2.3338055287214,0.40254202069136547,-1.1573146823615654,-0.5348449061530758,-0.009747059637010835,0.2448174581570317,10.319773287825097,0.18416656738524662,,0.023181601810584596,3.1302377314918806,0.8335503103940489,0.9602358499862573,-0.47869592904211666,0.4328368542013017,1.981483086205027,1.5483382508040267,-2.0484191601799706,-0.21734904494095098,0.1747404713971168,2.139882935167736,0.8796879947477576,1.5130142486599718,-1.3663057797486333,1.4510919573695436,-1.6535719754901423,-0.6539800755403946,1.5317208311409702,0.6792275507225387,-0.2685441935925903,0.7020896983329861,0.27832714114610635,0.1501051190238245,1.9612316290230858,-1.65601365220025,1.502220555781797,0.21865969824672593,-0.050296501722035813,1.0296709342586308,-1.0441662343014357,1.2727233578599728,1.6334249886766017,0.8317142340978911,-0.6520498196616709,0.1512232050683071,-1.5151486254179392,0.6661775890579813,0.7767230893451549,1.5938885178134354,0.6203524891681855,0.06294441082814739,-1.2098138921255441,0.20684728711422018,1.4258128854656826,-1.2568393833906288,-0.08622982691572911,-0.11546777617635895,-0.2732208666836988,3.6371693663035387,-1.6247839000096742,1.4727879507947073,1.6980791470002865,-0.5100173196345703,2.24058897530115,0.3262337833904949,-1.0373783105454781,-0.36150143660613754,-3.7409822502989187,0.290121813205535,-1.6898687397181145,0.40174041370133473,-0.6343576055434119,-1.9489276709569792,-1.1921793715850892,,0.3701419264075856,2.312853729317177,-0.5835430211228343,-1.9029499427521968,-0.13511251816182845,0.7485788563435181,0.6283380458686816,-1.109170557585637,0.26866916965855303,1.9908712727781275,-0.512178708576716,2.097910950706172,0.8895222444677886,-0.34968492796184636,2.000189745788572,3.667736592491999,2.251628145612372,-1.4830233632831535,0.9721662786648988,,0.7900026048198727
-0.48838655533812725,0.24449926680905065,-0.07775753479936087,0.6492736809146971,-0.15094224533896972,-2.9983016733285406,-1.7456122992687506,-0.23475875186483863,-0.9374162985186563,-0.07362339485764702,-1.3457610850068469,0.4516946350516804,0.19405557359131187,-0.48317922909977273,-1.4721278799602167,1.280555927171223,0.7078175446916024,1.400245473012074,0.7127754360525707,2.758497833518181,0.19945150835203318,-0.4743213868323326,-1.9788619302433252,0.5790363300303802,1.7251093738826606,0.7706506010035419,0.2702648537407981,-0.1292301330208856,-0.7871955583734436,-0.4670381681902036,0.9406603629743548,-2.214025182047774,4.607309356823275,0.6276431153134032,0.8579436992595779,3.600529911858108,-0.5447362206854267,0.9294460297093243,0.5278657659128605,0.4600380174935692,1.276833379727771,-0.38976202716886066,0.6682594329859848,0.2630273264259353,2.963784966794192,0.38521115828402674,1.4228676007280505,1.6977659164577608,0.9998873991130752,0.18458011727686685,-0.06709732757672615,1.3374406520145543,0.07241702375391235,-0.616988286550546,-0.4539592002952064,0.5257972086675666,0.12122028419421227,-0.5558369452560608,-0.28318233547540705,-2.2208718811862815,0.4637643991365792,6.080454103358868,0.5057778615836339,0.05096689515937669,0.5818164761484335,,0.43678828634317046,1.166747573927096,1.4057054081398679,1.8579639659833225,1.1688866947566545,0.22396834592501857,0.19353153563386183,0.6351319918846299,1.199013412026373,-0.6578896300374115,3.5274370969174518,0.5109007984945402,-0.2154128095071428,2.1285602755676036,1.3437954274330366,0.3723047366240406,0.2574047069433094,-0.0893796742061137,-1.4240194495621972,-0.3191368062726241,-2.4050458294532007,0.3712392480349713,0.27460513742703085,1.8081789521694702,0.13596204042407578,0.6062179276124846,0.028390804960953808,-0.4861642586009296,-0.4418493405173973,-1.4198122439613714,-0.5114768635686939,0.2633996016569773,-0.22298493718657664,2.4850994777016355,0.08954956568461014,0.6452813125706003,-0.4996512447857371,0.6486340586528527,0.14019961700564298,0.8854165655292956,1.3616581675176542,3.4605361564054027,-0.4680175416566734,0.2106966501091767,-0.8893383892304874,0.08752677032974887,,0.9272396571315067,-2.6456770277875408,0.9331528640416753,-0.5920719560715382,-1.6712856020045685,0.07981100371801109,-0.7127032811520384,-1.1131048542803557,-1.1141546833430938,1.075041826138201,0.6718774334265376,0.061800878504914,-3.2854801317423465,1.321958031523729,1.4692982094462792,3.040250089354113,1.0186378435916854,1.703770013940198,1.1314730539606854,-0.1993196974232947,0.015850742455425504,-0.3179180797346137,-0.31720710557112675,-0.4380956702132788,-1.1734161773579665,1.2381592039800937,0.8240806575564363,1.655006469011533,1.1575215573566666,0.19000586663413532,1.4443869718943958,-0.3052058610349184,-0.6992626218138898,0.12372680344281406,0.8751015493128733,-1.0893050569587892,-0.7758136040057595,0.2616827389529286,0.6959582427866318,-0.032686785088842374,-0.6987460272571244,-0.6603846831312321,0.7645503023053557,0.3497724340381092,-0.4802578628748333,-0.7306926341195896,0.24508984921796095,-1.2042413224275794,-1.0410980579431683,0.5818639239780543,0.692297482806814,-1.2230189672183478,-1.099572377057234,-0.4917066232604572,2.368791729000441,0.3783900981600308,-0.15390633319952718,0.9213852519703858,0.08713704449254678,0.9835691456997697,-2.0568638744495327,-0.2973938375600893,1.1163810027504883,-2.099040940157715,0.5212370864955851,,0.6739538545435853,0.06064696912413403,0.8841636084852444,0.8004705154291747,0.8940603210475961,6.634078971394031,2.419596958915382,-7.425491615683299,-0.17752192042376214,0.360989146349211,-1.0211789615183986,0.6131852976942964,-1.3714841656948806,-1.47809183256975,0.8834076057572471,-1.1446374672949733,1.4528866569939236,1.4165473005951723,-0.48140310072277703,,0.45546706063821496
-0.27043272515201444,0.016263744161459925,-0.45022376165057,-2.755294694791033,3.143404327943866,-0.16450815250543815,0.2784886399471054,2.041656931320457,0.7397045371256628,0.3028980704356199,-1.259176088490821,-1.6862334690093683,0.29932321489594127,0.2607468455863682,-0.3785122724752621,-0.30651309237784696,2.6426744986028927,0.2565725128397922,-0.7084019460844249,1.1603655851372796,1.3237111513280775,0.4519281857694679,0.7199085051394993,1.402188268984328,-7.354832428969161,-6.085065460213612,-3.630887516055359,0.987674915320147,-1.022954869905246,-0.6430362542048651,-0.2946518158120637,-2.0754639361586613,1.2546239667185155,2.5068988824778593,5.54803037202829,4.55459093591053,2.4647393209109136,1.1139709356207783,1.428490299077656,0.7719551402365354,-1.6094437802121386,-2.983618888647799,-0.7044624045844494,-0.12052943097368152,-0.718190295037513,0.22494270050583687,0.38023241702382915,-0.03419007192422274,2.247383152861926,0.5020239782834723,0.29731087111264376,1.4945239338523653,0.6907938445104733,0.8730204376875106,0.584658551055961,-2.2715342830463725,1.5268715948072886,1.0678253622794065,0.09466217839271263,1.842974420059651,-0.553946646408543,0.4600803833125555,-1.0777548207464904,-0.7188178000454015,0.4517400899978208,,1.0384439449852012,-0.4244025166058596,0.46690687293122757,1.9149569428662527,-0.29112413207250665,0.7313327082023147,1.7583610290909046,-0.9672702647649412,1.0821904536069127,1.0888928027089406,1.5198979669084567,1.2240663430789223,0.7763206635174491,0.5984309287510481,-1.3217003373182656,0.76409310334562,-1.4466297334989497,1.6102833549195283,-0.18183686135997412,-0.6403171000884833,-0.4145463543469785,0.32055698532167387,-0.9642190622970337,-0.8596131057222345,1.800589946551212,-1.7574710789836745,0.9015515375041083,0.6955402084922291,0.2218999991438375,-0.3349484569607486,0.4639489022488785,3.3464669303481465,-0.10429646680494287,1.110013639610563,3.471414511944171,0.8325379590729654,1.6499332967145008,1.0345055182094942,0.8213582126690211,0.9769752980925084,-0.7358561299714017,1.643056378397878,-0.19592476723321317,-0.277151214199145,-1.9441646574946625,-0.03498009118783063,,0.9314734105382749,0.10003429826717092,-0.7185187770810675,0.21542622774899378,1.2353818112162074,1.3556552939424593,2.325401316457487,4.561171684974008,-0.7198469531107254,-0.8689619615383726,0.39786486279655975,1.0129099290565824,-0.23678955199095686,1.7334444947012084,0.046828662898090734,1.8358254908305227,-0.5102674215361924,0.05710817001547408,0.9456513544755518,0.368711190657689,0.4117512821882441,-1.3708599524196674,-0.7756583144644558,0.9610926873869996,0.14278383435644137,0.8010764234082757,-0.11676261250694875,-0.8820777966728977,0.049755867375234075,0.4310426185244465,2.8391238609897673,-0.03602655906673746,-1.3743013746757127,1.1190444698101043,0.6769195729346533,2.1589847732222056,-0.6095946625718107,-0.2050786272814742,0.45125205760354614,-0.2615669476103699,-0.09656848724730605,0.5856258754422861,0.27530023395538894,-1.3256392208510714,0.402151345322066,-2.3625831473797376,0.8953460788798662,2.8376354371198342,-0.20302699390876144,1.3640265788916528,-1.0607692026559756,2.8418018636274134,0.8441386024693465,0.22604282192533187,0.04156682840237291,1.0778600738008626,-0.3416285068174929,0.19914178962825435,0.6790865185025696,-0.4755373086624992,0.22011695376895624,-0.21150888653307387,0.7206176675012665,1.1814118530953044,1.4691773162580857,,-0.06315872271063228,-0.24244942484230592,0.8764146689232089,0.7297185079629953,0.2471702242579088,0.21742422331278988,1.8747238288811863,0.7493430705429072,0.6408684126292252,0.2264640178353705,0.8270795326428493,-1.0503250584184443,0.3547354917575962,1.586608001865475,0.817934657664221,7.789471274928039,-2.752283187496063,0.7713499495430431,-0.4837318006100988,,-1.00168538583999
-1.094707743482004,0.4118569230832758,0.3015089008410188,-0.8264096075552119,1.2736315350820204,4.972958323628962,2.547414183116703,2.2042893861989876,0.5358189908082789,1.232461712128785,0.07590708831546333,2.7061329922415833,1.2463752309032072,0.896786050019216,-0.03999649957213691,2.2963010913867876,-2.403445828079842,4.237551887921631,1.8896983127834055,1.3182695649502474,-0.3487046643617986,-0.07361845235965836,4.9618021688947245,-0.3035490804850993,0.7958603118560781,2.3172802514482616,-1.2997676203604258,1.1659210215329674,3.2529529681716074,-0.29735706003141127,0.7903306831596124,0.8407700688555231,-0.06521506230663388,-0.5967676682652301,-0.9200500569058967,0.43736564648604315,0.34745658092660836,1.5423800918270558,0.2505022514150079,5.4011922039269855,1.5676045473470346,-1.1847763591654514,0.9413958547035639,1.9166661911282024,-1.3204710871341452,0.2904499314258402,0.9665600287212861,2.1373552130501627,1.7027422752412757,-0.2153899376323487,1.4438724268983627,-0.4259113751635679,-0.5292352142509449,0.45196301106844583,0.3022524469938892,-0.29818798243650413,1.4111567510268985,1.4940175821171797,0.08729341664781565,-1.2064248360564855,0.9018498255212393,-1.9883946544270281,1.2929804606477857,1.9953252657852971,0.060326444503822074,,-0.21960623673441537,1.6353919210209344,-0.30262825417349815,1.528665583923683,0.10036582583237141,-0.22183916416598226,2.5134049896526234,0.9975080625267196,2.150448907223357,0.08188719293269475,-2.3464846913339277,-0.6148825275639203,-0.12358118859420175,-1.1487164842421849,-1.530117667180897,0.04417187699663483,1.628175421808864,1.3206384352148826,1.1739739811464922,1.102992530929403,0.11562913338356573,0.036863711570012114,-0.04608895664212076,1.3185283970151174,-0.08119018059085104,-0.4088930310366945,0.7246343406450251,-0.016446695808725043,1.2681184964669967,0.9313922254138962,1.5851225345645314,4.636246677720268,2.6398357089242097,1.3984138460696016,0.22481625594465982,0.22776697232433918,0.44107448193433374,-0.8140938975621181,-0.02777029022726918,1.50869515491161,0.9050936898385764,2.6226791425996376,-0.127599902684028,-0.11500653659302085,-0.05083769337524968,0.22747194349284072,,-0.010110339835822657,-0.04996716483088859,2.9353667968612163,-0.24657274766953785,-0.3112241238074298,-2.643581752083657,0.13869434771673905,-2.1530724912903976,2.229227651429855,1.1150082030412234,0.32598447089546845,5.093246641890858,0.7485823766594679,0.18891212234846133,1.7389797465612533,-1.9000996137416015,0.10991740929318095,-0.9512870683541896,1.8340140288096274,0.1530762758882087,0.7964556846805637,-1.3615550874836124,1.7638852621151946,1.1927954524171946,-1.981091467636753,1.8442117446084927,-0.5622342155796711,-5.226052576081797,1.243169497349439,0.9956979866883486,1.7161388311307313,1.0448729386499434,-0.2591121164576271,0.6178266365802987,0.2676431956108116,4.450843215417155,0.08000707607134228,-0.2054885339427326,-3.2639628009850763,0.35239873458690063,0.05522783055540437,-0.44058355576095387,1.211992909292925,0.7354204970186906,-0.030050487879773602,0.6079758866823992,0.3925128727812144,0.4361823280223165,0.22193194656772164,-1.1774595914762376,1.1449405293229908,2.1467941596993834,1.6231089071979454,0.4038632746635962,-0.6301859015123368,0.9323489614925018,-1.544671848949597,1.0350568987144815,1.1414732806911188,-0.5670360193041901,1.1931549041966472,0.0,2.783063238573047,0.5016440915291076,1.9778590343405122,,-1.7568243390669758,-1.3422396185979735,1.6426941951176666,3.41618674805535,1.0151165619134428,-0.031365698029706124,-3.2914329920424756,1.3902441456307812,1.2035823898977283,1.0965629363824503,0.8118343071603418,2.40466960033201,1.4916915146515608,-2.4011915975275633,-0.6204028466531897,1.2695323959633464,2.5924174826965185,1.4605473458051632,0.5302732818543099,,1.3313443242417122
-0.22340385021062392,-0.43715608017289576,-1.7256735459080907,0.5271831951906281,1.9463019787232971,0.14892156591341799,0.5603287006352264,-0.5242534645307884,-0.08553074593874443,-0.13706815335368105,0.6674701604107991,-1.5586276149364031,-0.7282211427111163,-0.5688430867100025,-0.766863876276036,0.8547062136796901,5.528656898814832,3.9569485000523708,-2.182689132121185,2.2473788555773977,0.11089206505667804,0.2946907562126011,-0.5476634803491587,-0.005639428561732274,-0.7698356133613471,1.0169442287158992,-0.14168744856372095,-1.2875827726232192,-1.1036228075529064,-0.6140419820861331,-1.3909792046648106,-1.0595777642674942,-0.9462235000340602,-1.1653983282874814,-0.028783339193827473,-1.9334544891006167,-0.1331692801019524,0.867976021584238,0.28874580090210156,2.7346611621658745,0.3489524829157098,-0.48469523221208455,0.7231248398616108,-0.08359193696811928,-0.47708520627025575,0.4278278093834187,-0.8538113561385452,-4.726556257829584,-0.9574932455563956,-0.15614791577587273,-1.23480880730088,-0.6643174762417048,0.4729288234407658,-0.019141150656598604,0.6142776852055887,1.127294430950898,0.10452734043249201,0.4310345258215609,-0.34888347175848766,1.0531092379037377,-0.18400712329323943,0.05452071561409255,-1.3183255491832302,1.16818650155186,0.6686756458717413,,-0.22010047401221922,0.5606771827232349,0.37581193102660393,0.2823132036636089,-0.1458361474079406,-0.28802007299384424,-0.11491822713995958,0.5555576186466737,-0.4607972310544328,2.2092147115085226,0.052642564261184965,0.2371628030622297,-0.6970469621976227,2.7599115837808608,-0.7835628477719014,1.986902126669654,0.2563388413143741,-0.45028303076263265,-1.750525136172132,-1.9367569432316212,-2.1714005318908436,-0.3193992249677424,0.22478097830671562,1.5206159506193417,0.08704684239093652,-0.33359267139609905,-0.8311801042496181,-0.6908431434184181,-1.0865947250273678,2.278464606867381,0.22116072888263005,-0.10989836363960448,-2.11420465258102,-0.6380099214911006,1.8980243292209487,0.0473426529468135,-1.159315841384423,0.17769554691116074,0.7315478406763276,0.38772480848736635,-2.0160504310651306,-0.45005551821729606,-1.9656019656019708,-0.4461469477214708,-0.9155543771614427,-0.8554424907560088,,1.2112439344295067,0.29994592743061155,0.9341625393367803,0.3422553734232503,0.03286906698747316,0.16162428421262476,-1.459658795688179,-0.5042680649034459,-0.5726872246695991,0.14564212400560717,0.33766336598819446,-0.6632548341987232,-0.507432252519846,-0.7868922232205255,-0.13448043127419762,2.051197066007582,-0.6343071771639508,-0.24971081109876891,0.2720904815694869,-0.06112940523644861,-0.2347042795542431,0.3163354804995189,-1.18179794295189,-1.518747793145503,0.09952908258483717,-1.0781510196485988,-2.888657909968795,-0.4569689769180929,-2.7873381890906157,0.6649081288393477,0.0407447659047655,-0.5526840532963928,-1.0044973348474318,-0.04048532614331357,0.5338511697984716,-2.115261770723109,-0.6394852110354066,1.0295814015395255,3.174231401362837,-1.1269885704605742,-0.883367482499775,-0.648025675239905,-0.039690971869799085,0.9025106027356289,-0.44072400223358343,-0.7372575157639449,-0.9995276169148082,3.0305925460127225,-0.36906990798510897,-1.0334371364983164,0.310805088078836,-2.3075866375273146,-1.7277743937910262,-0.3291032760174506,0.8571995821671674,0.3059895870374474,0.8003772875724513,-2.1025483350130436,-1.53898378629711,-0.11289083878573969,-1.272946708689604,2.64673689284316,-0.8333917088250931,-0.6196160874105017,-1.4940649294641006,,0.038595688944509376,-1.0973710127375247,-1.4509363179843415,-0.3227785290478291,-0.3090090669966572,0.03921942398321665,0.061871608992114524,-1.1289373592977103,-0.06918425959029362,-0.32210626954676247,0.10905363330577789,-2.8088879114481546,-1.030932005604046,-1.3716483345794006,1.7287767897585127,0.9643238435227408,-0.05232848962182235,0.04485656068842214,-1.1868151989611997,,-0.7620326083459861
0.8039989329824637,-0.243929368564888,-0.11895182717212016,0.43982891079110686,0.23986206317945236,1.149423774380831,-0.7429420168309164,0.913939360038829,1.356600247476747,0.944615480778066,-0.1205527158530062,-1.4325199339258798,-0.05239736459514699,0.688302142357955,-0.2687982812909717,-3.389840069886818,-1.429417740153971,0.9376961831816466,-2.3603737034960104,1.016365007800113,-0.21661658653846505,1.3385643760962518,2.44185209175678,-0.2762805770588739,1.3029634494805764,0.4668916771855658,4.916113404170841,-0.3720646122472804,0.2984344026983221,1.2356603834234425,1.3138037484608622,1.843400326978406,6.31793398211955,1.679376790410969,0.5688243881139421,0.035531987925008224,-1.013474610370091,0.4254671410808708,-1.6167420191457782,-1.4028789998544844,-1.1501902820280074,-0.8202971998353847,-0.228131095593187,1.8264307344751929,0.23383139491892635,0.41289067808989444,0.97860148413349,1.0542970940870422,-0.5855708720102326,-0.05980032848708072,-0.9639249106928482,-1.9009598362171864,0.006537313514853871,0.5361969019971324,0.541413701095772,-1.2436466540234337,0.6265091692227331,0.8988564196292126,-2.3340616569603623,-1.5770499472512411,0.34237362843605457,1.2375919535738467,0.19932960266999533,1.0552472699413062,-0.14155569399297852,,1.1558137196175045,-0.46688887608841156,0.20159516383200238,-0.24397367289028526,-1.1775479485347407,0.2989826603262635,-1.0866832090177247,0.22508282287450054,0.5446245411983242,-1.0222268466915096,-0.44622432520161626,-0.9875513598670671,0.8348499774590401,-1.64580378332555,0.9317258549733198,-0.9308000734386312,-1.4111570587766464,-0.10315075397154816,2.8711053347348248,0.537501221898018,1.4403721522844748,0.6038849905465327,-0.11501339982822323,0.43193358037787455,-0.6958436274799307,-0.12873129985612186,-0.6479781616713143,0.21532342125742954,0.2143488254072734,-1.0975761468314582,1.1033479094908039,-1.7603862505574774,-1.7665182987773198,-2.529511684151775,0.05080010160021242,0.09465209298789024,-0.15995117257090463,-1.3599125594206063,-1.0663798944367309,1.351775892465179,7.2885673186134925,-1.3320464281907918,-0.6516290726817031,0.21684381470696845,0.6673359898746734,-0.03522511457481059,,0.04746958238839305,0.7310208256319006,0.11691815459657917,-0.5779650717522622,-0.6652440827955908,-0.38728041252977796,-0.0243270142891161,-1.0366916034512785,0.44750100382144886,2.3130256562856166,-0.4127234927964074,-1.9913318211218778,0.4644799522968368,1.6849509927572504,-1.7682419995250998,9.799299181924193,-1.4240109210693963,-1.8101314049042916,-1.0853984746459489,0.45877918448034016,-0.28230385553841275,0.47013396524553386,1.1231331690349178,0.5524150472061118,-0.6348029696462754,-0.9634496793723302,0.22482414964200004,-0.33589329893727315,0.4547098024328733,-0.44880727115195196,-0.5866042536620708,0.6252264984318856,1.2596206537723642,-1.4580786413995628,-1.1526989501925766,-2.0357030486483074,0.4558893680534304,0.5373226840860612,-0.5868241539999985,0.9416045642141269,-0.27849938993312895,2.147634731208825,0.5294826136542197,-0.3076441435952759,0.6539615933077059,1.595035899949404,-2.503434108415581,0.6505987261719248,-1.0927919242148754,-0.5773981341561596,0.5903259047089549,0.879425570645509,-0.7257447714587917,1.4517780112230483,-1.8863983585625577,1.1338729595182562,-0.5686651709925439,-3.1889375753777816,0.17366875814714966,-1.857654293262434,-1.03980824206501,-0.778311600519277,0.009666000134100905,0.25978746890571447,-0.7724944080335194,,-0.10288476172191086,-1.352956697821539,-0.8965053023973102,-0.8405680321133202,-0.26047069746123475,0.14897538384883724,0.5720470006184364,1.4977858449376047,1.1274525330547291,0.059345926764953205,-0.5027652464306254,0.5661656823447103,0.6052917411743408,1.412799488469263,-0.8024902412977819,4.489009564159918,1.0472001691216093,-0.3913122346910547,0.0889700096572188,,0.03176951816317164
1.79706831177322,0.34776815465251687,0.8166450374296863,2.48147942096526,-0.22464109467331683,0.9016421093852589,1.852537972796875,-0.3371466135582146,-0.40933329076880964,-0.5278798993874512,1.025948690133771,-0.2804706958894676,0.008746089141009605,-0.5149194311185767,0.9028992463284036,-0.9061083814637994,0.12814781513244,-0.6365249591664957,-3.1902304507102075,1.1779161074897848,-0.43170437404823625,0.6443250153074453,-0.5552478972925989,1.1591047446437575,0.8149277136561661,0.6680266841630811,-3.548125250713796,1.382212101914515,0.12290740069813566,0.41848708732767914,0.5664731032281489,3.2752998932104482,-1.5057600775262303,-0.5388297490676042,-0.9307688196263153,1.3849400275000479,0.8352422624434697,0.5474300513890862,0.4558495541588048,2.383567161372935,1.3394608917553175,0.4652350758677981,0.8406146868402908,2.0880331821828024,-0.8690095755558014,0.22844854278203375,0.23259051154123078,-0.2086694790179311,0.08335723572296949,0.6397677408440439,-0.13490791162075189,2.2879975705664357,0.47722501182336785,-0.1428615338342487,0.8478488219018976,0.10750116747608729,1.4397820870354794,-0.12840497730975953,1.553392906690232,2.0359835283211503,0.4461948129691917,3.3098778264511575,1.1851348386067384,-0.5631144768078133,1.030478818045033,,0.5058839878289589,-0.5100700143854109,0.247901525683214,0.7399983995915127,0.47109551946284967,0.7023032569990706,-0.4459088512083653,0.7486078750882141,4.694399411055694,0.4355098647419897,1.3827336651234923,1.0909067389194727,-0.11121796984944199,-0.6467500216451039,5.121110130806006,0.4369984684746253,1.8851971079552055,0.18269491146605255,1.2272346125631994,0.7211231555700026,3.6778461684984887,-0.25725545303378894,2.4987047708790344,0.20810180904917708,1.091965874448042,3.7638542150387755,1.0988188470864246,1.2312966915671408,0.7352512957894186,-0.5642755648057607,-0.5335353737500714,0.6837640593822636,0.6573510584948705,0.3194060436778612,-0.6008293137006016,-0.21747657911124207,0.16020742622770978,0.659357849920239,0.35309473777027645,-0.9209256096487706,-1.9665085830509965,-0.5072755938960616,-0.010088353777748527,1.1155419890236828,1.7848053766686744,0.5812930735721755,,0.5818621225513132,0.6487400187304981,-0.15569685619893914,-0.16836305957347308,0.8929322896141567,1.7981559552333826,0.9814483391738849,6.803245153596382,-0.8865994790891563,2.97820334672807,1.2369310982317527,1.487989963594094,1.6770902573275848,0.6613625500678122,-3.0085566546030673,0.9367564032217945,1.1830522484190586,0.353015904928089,-0.013073100919003267,0.5328120578135032,-0.10222627511058402,-0.4108624405757544,0.18174362485965379,-0.13735219713107982,2.5939096758578417,0.7660998013091502,4.434601211814315,-0.5027360778273149,-0.7418425475085977,-0.15310595584686615,0.2540562476550656,0.8954676919237237,0.5298290165009378,1.0754904243072794,0.6682405830660265,-0.042628346510564796,0.4805037032630688,0.8293459473693421,0.4756641608030243,0.6464283038987162,0.9356174777100934,1.8533000824131118,-0.03949759893837612,1.628665042367472,-0.2448954307018858,-0.0719086178973205,-0.21133287655601407,0.1638736695166676,-0.07491038293551133,1.0626554988142578,4.811620040841258,0.21613931756661042,0.08237302606197705,0.5682667728609259,-0.4648240274496951,0.38700544494127964,1.0591021706082948,-2.266969782042705,0.034674857243155444,2.6251286914674044,0.20414253585945286,1.7556023386646524,-0.12234260644071737,1.822423223958447,0.6930591964193988,,1.1199875528828507,-0.6254947141272837,0.4339214210438813,0.9449757642738366,1.0289382033231265,-0.3236111364654848,0.6917755572636519,0.3051590283553063,0.7823761031950927,1.924605105580568,-0.8084841616427862,0.8641040639330244,0.3847817940318299,0.5006587984095479,-0.866093405273316,-0.09140105659097841,1.7025690095384238,-0.1309433557908246,2.933332655164933,,-1.0270520471700628
0.7735783170192301,-0.4332053110882028,-0.7819037366000425,0.8162636087723385,0.49924493975201933,-1.02355740589265,-1.0104721887467694,-0.8357653514741936,-2.4334523468451774,-1.45533068632544,-0.5077603797597363,-0.4985929219663787,-0.17474277976551322,-0.4461868040236294,-1.362267461161426,1.7120546483678112,-0.1492021746301142,0.7838022960469093,-1.0848037634469176,0.19403544075435875,-0.9662554004213009,1.2644158659726124,0.7895081846195362,-0.27388261373462175,-1.285556385351494,-1.4137482110922805,-2.078522975792574,-2.252518815325255,-1.046637336359435,0.1736447699127508,-0.5836431489140148,0.8679640187647664,-1.96918101195932,-0.8597358040945968,0.9322846515207761,1.260940401920263,-0.6412772253560628,1.7517353027993066,2.4817913401138147,0.15440712469154683,-1.0814399839236044,0.1629338965338789,-2.1340391589976915,-0.08047021751058647,-0.2588640424881272,-1.374058431564995,-1.0055426230019426,-0.4482711338021472,-0.9327579424068477,-0.269838422298152,0.8588147643740607,-2.9398417764600837,-2.3617481132263585,-0.6485434896338238,-0.9656896026037254,-0.6903389626660705,0.35803337382520617,-0.0482137753784917,0.2279745159106561,-0.1269437925814021,-0.3135690171536365,0.09675142333607223,2.2797615990168607,-0.10446582158861739,-0.534273537012242,,-0.8851819170870634,-1.5471960545652808,-1.0142295109304977,-0.6972182821119,-0.7722725041629741,-0.41141661334664903,-1.0970455008315283,-0.8376134305418947,0.01724824165936223,-1.238929146843848,0.26484695965094396,-0.6063753378252046,-0.8659804928105364,-1.642899315832691,2.0029925384067226,-0.4060941981072319,-0.8370434162777274,-0.6026018405754674,0.2346478946361863,-1.1109714225155054,-0.8095393829176678,-0.30704825716798556,-0.36510465850351226,-1.3221699122528463,-0.8837836844561187,-0.8944114542896009,-1.2972447474145166,-1.3714286361691141,-1.7450771198466608,-1.3619611958805677,-1.9383059788188106,-0.7142454242366258,-0.547963155378961,-1.4062095178724365,-2.2731142516601355,-0.1326645554083461,-1.8482400420821055,-1.0633753537969803,-1.2685096435561372,-1.939100538847649,-0.4724904191387713,-1.7187574830492491,-0.9688198995423836,-0.466018835987958,-0.9685957606403339,-0.6042008159742318,,-0.6976669740708763,0.016391880873478648,-0.22903823235642662,-1.225056580918682,-2.319101928475875,2.768929804578546,-1.0736522738438836,-2.795340595272544,-0.8945303807854965,-0.5586957366312428,0.3274999914582466,-1.0893245874170177,-0.4368803797097809,-0.04284857239175155,-1.1232151201841734,-1.7178565208794683,-0.8861507550983361,-0.2736040835433662,-1.0713333091625699,-0.5299882166899916,-0.409362368212951,-1.9940512420461243,-0.44345763982213127,-0.6647510194402684,-2.805913701629903,-1.3153937343822975,-0.8481523796820434,-2.3796118774842223,-0.5447228154104478,0.025553285903545664,-0.6049226055374612,-0.4347021910341309,-1.2316682115433242,1.0504893681573257,-0.2863450272718393,-0.7462686567164201,-0.47820590617467795,0.23761940620532496,-1.762480831915103,-0.5040626358209344,-0.6502563901121028,-1.7737024252648559,0.072443569496361,-2.457267606534108,-0.1352662850973796,-1.4991633428321438,-0.5823962051824116,-0.9634534340827949,-0.97451365144815,0.28120616589790703,0.5227997030657905,-1.0064677362375263,0.5246887255041299,-0.09246088238860084,-1.7193857659997258,-0.28913162322394825,-2.471175977201656,-0.20134147632377974,-1.3864804618414883,0.12948291777856724,-0.9287531589289855,-1.3634716995952867,-0.486752398872059,-2.103666928557313,-0.4902893006802467,,-1.6550021672545046,-0.4157811019921409,-1.1350369597680654,-2.1200459659531212,0.2739971309287048,-0.7488082568625765,0.23664122137405652,-0.6947356430792695,-1.9375219147614087,-1.752458423197889,-0.6028215092467759,-0.6295444741508671,-0.013942033862868186,-0.8230480784834571,-1.9393162304562006,-1.7383396958154163,0.7496784908531229,-1.2907228907065416,-0.7340245138772739,,-0.6793260708935489
0.0492095712616214,-0.09789010760365979,-2.4322498710987905,0.5977247895109006,-1.9870475750200622,-0.15183419881900084,-0.7145463387458029,-0.7224137933861896,1.3774640699143248,-0.3753259317638147,-0.7355185115997531,0.30836163191989563,0.19254403685300403,-0.4481865532817819,0.9951891205964847,-0.02868313775555853,-1.2021997199122225,-0.4232668287714958,-0.11036327792850464,-0.28241748261929045,0.7330143396888422,0.3951277489293803,2.2652673771595966,-0.40914367340351143,-0.7892648206400787,0.0,-1.170821673821365,0.38985229559251877,-0.1828214924436078,1.68139413344226,1.4335326445429342,1.174917958999222,-1.373372998455047,0.5464541435975745,3.551477959044913,0.0345979060377255,-1.6673482135006301,0.4932071010872008,-0.06560278699853095,-2.727704856336788,-0.4723971851254172,0.5907573116194387,-1.3151667509358922,0.9261792250738754,-1.0145637961746168,0.8121566572463212,-1.2762141927782022,-0.6257274579878347,4.141670582172585,0.12380950870620744,-0.9663109239693379,0.20930018072435885,-0.8929108997462465,-0.6335825959045249,0.03441410907052411,-0.3012281340351586,-1.000191119322158,0.5145382207863536,1.2033192136619242,-0.9505937036324408,-0.15727366381084185,0.05575981281946696,0.6175652326485093,-0.5724048805281101,-0.14106415678780682,,-0.19262179447752104,-0.9484906296101769,-0.6263600572370076,4.225171830420815,-0.08338977252501101,0.2166326784506456,-0.09189512200847849,-1.8801026444792757,1.3277026665102332,-0.7777659591990171,-1.324902808378181,-1.323542850263859,1.5640716953394307,0.12605696845233716,-2.325757480400348,0.7062755700877554,0.78486837596623,-2.050092950197746,2.048386824306103,-0.6241414282469493,-0.34005955328939574,-0.5667151718031338,-0.1522222779812954,0.9540493099943426,-1.3170886408408133,0.576584471685937,0.17050860715819294,0.024831352930299033,-0.6617988069886782,-0.9684588762870705,0.2610601998144224,-0.984726625801069,2.8153061411955616,3.680031238369086,0.331039289136692,-2.5239517287026225,0.41644160678402375,0.16337155998409347,0.440769877594116,-0.4902745925642882,-0.8661492785657754,0.6693946675140561,1.8241133839531853,0.6115294340849786,0.3878565008935908,-0.6959742361292487,,0.500052484307556,-0.15838566571856338,-1.074529695829174,-1.1951604217133593,0.838923984646911,2.152374055237316,0.7497016684133939,-2.4104544003896056,-0.17063203799599913,-1.0972291333107287,-1.0169519441460606,-0.7024674654794172,4.271523494277174,-0.5680066785132887,2.0763509105175215,0.15693325846617423,-0.5960458395025459,-1.2541635871613943,-0.6074976762284634,-0.5632464248512159,1.098732494178134,-0.09938913111979808,0.8301273359426542,0.807661067491594,-0.9957564194567725,1.9015622237016583,2.7995279107255966,-0.5320628262056037,-0.8177970867211393,-0.7069266903639404,3.89012803303177,-0.2183056663444316,-0.5220114916445806,-0.9590951592036601,0.35242883174460005,0.6659519019367677,-0.25361911936371273,0.3464623007284562,-0.29031299571659064,2.1898991226148246,0.11142270243078567,-0.3269075206321359,-0.03290652512906167,-0.4208162233156232,0.5769313558576794,-0.09739164148495627,-1.072222267174383,2.936856394915144,0.34065447818221184,-0.2621352030335533,-1.1694115161745344,0.28322142945642614,3.7662478545905875,1.0591789320213651,0.7847456044469014,1.4384756966518975,1.30021421940274,-0.7572383799901328,-0.6502684299819372,-0.06322152533827508,-0.8830277584909507,-0.28709550938954553,1.9630076862509505,0.6931903781288717,1.3359924897105024,,0.7378666864885419,0.4407169665466171,1.0740002396092407,0.8368440739699112,1.3894659396374465,-1.5669501045755263,-0.9367146447338381,-0.3452198802110784,0.05278787475579971,-0.9214730361566281,-0.35021627625547724,0.8947867819851574,-1.6031268272403199,-0.7316025137544035,0.21538631837576538,-0.4655511340821761,1.2715042788500108,2.146117842218498,-0.26098071570126447,,0.1938837746226385
1.2590966092349332,0.789369010762897,0.01742848239627559,-0.6860079666633601,-1.2571452833850971,0.5342957563521322,-0.9253223841624192,0.46490042278617416,-0.09893403857300642,-0.2375151766087158,-0.8468131996534511,0.3970764183496067,-0.41928015031406085,0.08103191537423005,-0.4826342812221496,-0.6505347699516495,0.5362332741169817,-1.171501549787135,0.9805298832657572,-2.273838529371852,1.4528747050788438,1.1649857675142261,-0.09660274708889194,1.0692785017394124,2.287193675710708,2.2144318922242556,0.1193211636981939,-0.7723562987679733,-1.0858202178506415,-1.7217881487560316,-0.5854959010939131,-2.2407554409113684,1.3144170242317843,-0.04726643650807549,-0.7467741837052233,-1.3658429171604758,-0.1640878390409939,-0.06945502415187654,0.43761426337745046,-3.645449055867167,0.4882044539978203,-0.9447611901073905,-0.39358727545035777,-1.6225634872170325,1.495732860235166,0.15718290022423975,0.1582865374853082,1.494732094499862,-0.6511665938193967,-0.16945340472596104,0.08739574329350575,2.684637367425191,-0.3429101404566981,1.4491321823914438,-2.2935779816513735,0.13169739681893056,-1.4607464607464649,-0.1279736129100817,3.3205271840923256,-0.7421056001993831,-0.026252225522149786,-0.15233277778451404,-0.44305946526173035,0.0719650610642164,0.14126342885256715,,-1.1053681484684108,-0.3097946014464781,0.14210283101925292,-1.0345090920414801,0.12982054431165402,1.43274100845443,0.144532546783549,0.5623373084115757,2.0930818258787953,1.1189005492149962,-0.5817559786098436,0.1571839036204059,-0.5406412766746138,-0.9233017623670459,-0.07586071578705722,-0.0072270071477031905,-0.20081213082916438,0.7248181869240256,-1.7396287966391588,-0.8541650687355462,0.02275148712191921,0.4708221749281538,-0.36135580048739513,1.9178678137787841,-0.37204717031706913,-1.6949160600185365,-0.28368851537630135,-0.6371479373879496,-0.312717001645868,-1.2102979565629557,-0.6819615117834354,-1.2148601381034574,0.23491780493942738,-0.29848784769667125,0.4688721021099296,-1.7132347146224358,-0.3786519469673122,0.4377995314470029,-0.14938429077401283,1.2810023682523264,-0.6721081741296153,-0.5402698559837549,0.900720565457247,-0.34189951108478667,-1.7974207582349244,-1.5613877096877782,,0.4428266745987841,-0.6290668522772713,0.26661182015899065,-0.9161670271937039,-0.09982356859422614,5.078066761166911,-0.15580985868821617,0.08042289591339014,0.7377041798990458,-1.6039563048055427,0.20928462828302408,1.4748186802120866,0.3864693001134345,1.6562571590431174,0.9838987138961697,-0.11346165805400377,0.08744881792315251,-0.9724129395024428,-1.062991143115799,0.0,0.015629450319654126,-0.011709111538715788,-0.38152722787740956,-0.14879225519509598,0.10136042826065506,0.47401909095721173,-0.367424592706489,0.034894822538666936,-0.6312715053815476,0.2315895020799319,0.5462257528092263,0.03646950845181962,0.03498195991358255,0.832944650252676,-0.5137878925271178,-0.032008940360794824,-0.2408627255549578,0.7450519974042225,-0.005829001438673043,-0.9595392865425323,0.5424852446587636,-0.3279701189601525,1.9882826481121718,1.2041165385794583,1.112330381171378,-0.25594856611937944,2.3399403067298596,-0.1426577401512974,-0.11316352550474473,1.0451664680553918,0.1494654690075814,1.0283139068272051,0.138080344626057,-0.12210831291239455,-1.2858082585372244,-0.3755351768106485,-1.1053127332503188,-0.6209939628040395,0.3007287941156678,0.2501647934423312,-0.06102059286180461,2.2340728422342693,-0.09212685965956924,1.015397702023657,0.3553017629756239,,-0.2570017509359035,-0.4330019037734001,-0.36641248830692197,1.5412549342814996,-0.7805551734168859,-0.2680000506943281,1.0070725707256978,0.6882431899554176,-0.9329803424984684,0.11292702475853567,0.7457573550923469,-0.8350598850927038,0.3187591841193438,-0.6709875468763671,-0.4005473356791134,-4.86435476614594,0.7133644968230879,0.0772112935526259,-1.3083346725532463,,-0.23651196180607403
-1.0685748964747277,-1.1504821439714763,0.383459089210203,-0.4296746809605345,-1.8921083187308008,-0.9729750563868378,-2.783018867924525,-0.757820708893675,-1.5449699544120232,-0.1723977014575495,-0.6710422955845896,-2.1306433113870593,0.0,-1.4754829144647652,-0.4310924959914586,-1.319201395059988,-1.0599015157641167,0.5874543732805382,-0.670135224252344,-0.14903757808932827,-1.15055079559363,-0.7313993162706756,-1.2847536162782336,-0.9744469197344285,-2.381881044577794,-2.0614696849209357,-0.902359777034345,0.8609879099924056,-1.395311581283576,-1.4223702724733278,-1.5299192735203526,-1.8236612800341723,-2.845214502444271,-1.5720946524491741,-1.7556174977625627,-0.9640639273278184,-0.1369717711795282,0.20385954057038358,-4.182773611943835,0.43021589509286695,-1.4844855447848637,-0.1031130290098492,-1.53205818435449,-1.4668040375973024,-2.554016861795172,-1.1378420072752915,-0.38192677124678776,-1.5886805631965872,-2.6325788221475133,0.0412963237885533,-0.8149036161867351,-0.957582752885966,-2.1252160257139385,-1.7902976679788019,-1.784038991435588,-1.3849111050990182,-2.2725788545680192,-0.3764238631084327,0.12630704001275195,1.6779982341265764,-1.431190438363017,-0.08186396840725862,0.05307843681472413,-2.328802772382965,-0.7161797531616276,,-0.1862816889056207,-1.549108387686693,-0.5020803590529477,-2.273011405447589,-0.10187158893524284,-1.0705245599864077,0.23616281355440805,-0.5108716539461322,0.05000271104107501,-2.7631885993759653,-2.5781355412770934,-1.2554910737757385,0.21825872174181526,-2.933392725956885,-2.986084840147618,-0.9761437231621262,-1.644091484213006,-1.2128068761410815,-2.490277346294789,-0.7601687217225872,-0.6822845784545173,0.5919349514120098,-3.4623453316646513,-0.020448200136213845,-0.8002442656430797,-1.3945214406982376,-1.0888283290574896,-0.8244587216179933,-1.5207364642947807,-1.3035408006212834,-0.8739049996762227,2.0677506958840075,-1.6581002415789525,0.5532043516112584,1.0025062656641603,-4.0209980656101045,-2.29864132060712,-2.5384523931570757,-2.880124178003418,-1.556683332000719,-0.35524157079127594,-2.3148836026173902,-1.5175548113192217,-0.5193682455672088,-1.2316046966835081,-1.6041765351685666,,-0.30960672953933566,-0.6495613873714112,-0.06893688974868306,0.3211546734309456,-1.9986703415051488,-1.1685005504847523,0.8851942405223578,-2.267120867654693,0.1161017037843326,0.5094044082971205,1.1138535598936405,-1.837408486028802,1.0437047438328628,-2.979332544743185,0.24449289518850836,-1.6632867171981092,-1.622572178477688,-1.603202459903652,-1.2758438513414516,0.015298671971719635,0.11726522155885988,-3.107989367484054,-0.44345763982213127,-1.7679745692361082,-1.4097651874567019,-2.424609274820666,-1.7951068467747189,-0.3981300731308979,0.8297680440274346,-0.8472311468640914,-0.8503244652011577,0.2915934448128432,-1.031646073066883,-1.1349895678889776,-1.6669879164126322,0.3735724099472426,-0.8182392725647358,0.14429246538611995,-1.671319819084005,-1.2029657494077695,-0.8854275264128075,-1.5982449677359956,-0.1613860485537244,0.45189432157237697,-0.22692583485292017,-0.989740354718982,-0.4628960042445618,-1.9642760579769658,0.0,-0.3992251484145837,-1.330725055675086,-1.383411307446436,-0.8864405498177907,-0.911820258222884,-2.9741663924597095,0.12939511077767474,0.8945598492625884,-2.6171984828957218,-2.821873487282489,-1.2763874126052954,-1.0868267157309042,0.1825412473257959,0.18443167855544118,0.7837121597030317,-0.8571665675030204,,-0.2834335118055309,-2.586111223235976,-1.3754010936988026,0.3777491432582325,0.04612115036994879,-0.9378104725897951,-1.7124590912550475,-0.6789817813611765,-4.013313411488473,-0.3516892016505402,-0.20420827599293423,-1.5014024951317984,0.7696778360826162,-0.852722951133067,-2.618930985175827,-1.9665664480311262,-1.133300379461033,-0.7187434265779946,-0.8837775652133284,,-0.3987044442517851
-0.6873585375837821,4.568054152404177,-0.6713796347047052,1.0651662361211844,-0.47701717656297715,-0.9536459847416245,-2.047547363991997,0.4122138428998223,-2.4678063279772067,-1.0032843964356664,1.903888322811409,-1.3687856014794497,-1.315794254416991,-0.5387665466694225,-0.4938432843975993,3.073767809720507,-0.06911673552777442,0.09037592687330953,1.4181451883054974,-0.9868168316726433,-1.250619118375429,-0.533002020434159,-1.9627066720311337,1.2989246181358105,-1.0058735844534206,-1.0524244228470314,-1.443178575311188,-2.349652868263463,0.5365140336641927,-0.7918457593249717,0.2681199226502562,-0.7839106552511077,-2.3600198703052855,-3.014298386063652,0.14182572368843793,-1.6283171646421235,-1.3441214462332929,-0.49011701562322596,-0.8071430345199748,-0.40317365092427115,-0.8219187231421898,0.04300597412416618,-3.8299122881663927,0.6174018926463853,-0.48201254023428897,-0.515943564067789,-1.4939201761204446,-1.7616227569359433,0.5952818150993577,-1.0960305058841047,0.7335620097020268,-0.8029772341238472,-1.054658943935216,-0.6302718618432901,-2.999519114733473,-0.21967482986048337,-1.9779485466087543,-1.422947330456592,1.7380319948094192,1.456808571733137,-3.170378430839138,0.983172484899475,1.2690768732961821,-1.8236366348939548,-1.0383126222546335,,-1.226446578368412,-2.1282679316795394,-1.6856791642268054,0.14925245061281345,-0.417171548408235,0.11021386425635882,-0.3075943477874987,-1.1449632733612658,-0.34152143828795056,-0.3921752397163414,-3.2622428856586283,-1.8754006975844062,-0.39036033620380994,-0.9382421288907983,-0.7955784487484796,-0.0803135022053203,-0.32932069398610153,-0.5811193507841206,-1.3068611198237434,-0.45958711499309857,-1.0762450823209035,-1.0543099500177844,0.3463279431801247,-1.6434818650666205,-0.9919337696997044,-1.1828210123219884,-0.7966337445910909,-1.8389372479740485,-1.3295428641475149,-1.1966198061874933,0.7808602184673052,-1.2403225836735476,0.44016331397438435,0.19417916159578663,-0.6502951997946482,-0.7326378628400243,-0.333450940511526,-3.0079815986000846,-1.6657064644861164,-1.2189063399696387,0.0,2.5066327206477945,-2.427236985447334,-0.02394753827212881,1.3335625870714685,0.009158323810054547,,-0.28819975937314224,-0.814500116431327,-1.468418683357997,1.9811784962348034,-1.4360964657932462,4.378925916303711,-1.5681682285492937,-2.031942458629421,-0.8652667427584859,-0.5338542767261534,-0.1189237557533418,1.0893755995147414,-2.142061536862294,-2.1528316056431795,0.6625186513313563,-0.5940608540630277,-2.3598020807333087,-0.6924667208173418,-1.3195487724749655,-0.9796335695463454,-0.8979482497789459,-2.9177206247568255,-0.4859274253935286,-1.0469278368431256,-0.40291495177074976,-0.2815342905654994,-1.62911415973791,-0.0671083559354968,-0.06429183465203048,-1.6485415028674288,1.2387827032128262,-1.3628975791091236,-1.1837441452260067,-0.6181624021389664,-1.2498345593283444,-2.9349251280901045,-1.9069599274281424,-0.6484194387094244,-3.387620277700709,-0.5066640934280664,-0.6560653735205091,3.455418211236072,-0.6918402716518335,-0.9509653769025461,-0.38071188710765425,-2.0239346960810423,-1.088644765303437,-0.5282397695786534,0.03775898012594592,0.5951655824757207,-0.3025103878263602,-2.841985861662244,0.5266810840855785,-0.20563558280100036,-1.4916467576723824,0.06181758655310343,0.6612394374099884,-1.2315494503418734,-0.8892883436279364,-0.011616553788451611,-0.7283960138600443,-2.08756313480688,-0.2983667861892081,0.2451243326011987,-1.6821742794098093,,-1.1498739994540985,-1.5714278033493678,1.1186476805630008,2.2716336935503234,-0.7658365947164181,0.8653180537422589,0.8440452222394201,-1.1057334626840776,0.8632595455834613,-1.08543278276374,-1.236252836176921,0.06627702108215061,0.2872915815600674,-0.34624297541463456,-0.25181199063106785,0.1002936302879398,-2.951716993669218,1.137058923363532,-1.025410339309074,,0.25424756619818467
0.2669567305466414,-2.330561893166039,-1.037170916224428,2.0484300329418614,0.13915121908623096,-2.7634269939795786,0.21794641556027727,-0.1345965749193545,0.9625920468809168,0.47349957451177094,4.098238919204156,-0.303995963257897,1.351107319439615,0.22952485460554506,-0.3263324387090094,-1.154978913299043,0.8576016541101072,-0.11808311234445812,-0.5226689036609167,1.1725293132328396,0.027588655956112262,-0.21276253685029722,1.3703508806871545,0.44962033599709184,-0.784705683781417,-0.029550966091584918,1.455598807289693,1.7571764862928108,-0.18677474249427783,1.8978444969360408,0.9324585774434624,2.387493395312057,-0.9884829600775746,1.5973229496042851,-0.17702239888005566,1.7992062749732973,-1.056580569132426,0.4414250304579648,1.8508967396051013,-0.5060110163185416,-1.1878415682636922,0.8855627173862013,-0.06588971081609163,1.377239646576367,2.040323763294749,0.23270855803028123,-0.6710482524779793,0.9056025651242416,1.2996280872005217,0.5100378883325041,-0.47577538887035864,0.2861119729750117,0.5015931718573619,0.3903220028320442,1.1826999435216257,0.8334625442635746,-1.8269820710341556,0.8073751551459729,-0.5510777968552594,-0.8882286979977172,-0.44022769437926934,-0.2618348744244936,3.1510681859994394,-0.028843380444187883,-0.4804255249639122,,2.978223198973118,2.3260394452807365,-0.07066401401839562,-0.5774982042350385,-0.6423321833664564,-0.9357957943524453,0.6433362512771934,-0.3650072600658416,1.6633184749674346,1.8976239505781756,-0.07873217011564737,-1.6844775903225417,-0.41662169169445207,1.8942706642466334,1.1262509193755266,-0.7746249668727279,0.07509067808213477,0.8067941536895162,2.294548302905075,1.769906033023383,0.18517838795084618,-0.6814564873353746,2.146823550758281,0.7418641691040451,-0.9475599886664021,1.0668744318403922,-1.0804579489938626,-0.13687477013850646,-0.7930370774035023,-2.080509841947531,0.8747786302268468,0.46050317157602105,-1.0621700686237245,-1.1240338961612806,-0.5253638790801873,-0.914757743578043,-0.6319805436609816,0.5424922474149163,0.12728798521997042,0.3168264349767691,0.6790579766919436,-2.1866086451509226,-0.3303067967951989,-0.833604708579605,1.4869233413703498,0.393794669112002,,-0.41363140200509907,0.29049554601179306,2.135431126426224,-0.434210521016376,0.025853773885309295,0.7831112851125699,-0.5825308263610385,-0.6174374812794814,0.8638121021126599,-0.6250481133084684,-0.4323822156675705,1.0895480527582713,0.19899451061664575,-1.6045640559676166,1.1535741216473605,1.8536963303309673,0.3508353985195445,-1.5381477580123204,0.22055909432920906,0.07729534913190061,-0.47273716216038597,1.4000378893425314,-0.16276249989116698,0.10698647541553807,-1.530889783875411,-0.7672001009657148,-0.8645384826769575,0.6831921979360667,-0.8363417275067064,-0.07021128108151142,-0.06274642183785595,0.27634810124421705,3.206384526789674,0.24606665229596203,0.1615730210310362,0.7340066056783057,-0.3446816118160445,-0.8520564425712029,1.5080010141750755,1.0677627153554248,-1.1521813099373723,-0.6002803261857093,0.24740929270772316,0.425432869793263,0.8040428750061501,-1.9020021074815596,-0.4879735320293288,0.9064320343031396,-0.13212133281617078,1.2134748753863445,0.5436429989757352,-0.7481071439667142,-0.889682804674452,1.3393791397273258,0.12870848469759277,-0.22462216410367164,0.6294622963742169,-0.1514956271485568,-0.769093534056775,0.1830602853149177,-0.024871124108527543,-2.9189702942076456,-0.7003532936831314,-0.6998408065607142,-1.2808293298409934,,-0.6665810470212419,0.5865949699469519,-1.2464063812613557,0.0,-0.4955734353520258,0.7207334195147075,-0.7141211702372696,-1.554193792526426,-1.0174268369154027,0.9425029864984724,-0.034529816419059944,1.2318674338722246,-0.05589504509505572,0.6612805595595628,1.9186074126766206,0.7014093357648576,0.12550022002992822,-0.6591965535005073,2.2522521748499003,,0.19964264342602345
2.5046882867719944,0.82392572417751,2.025437112551276,1.0274904546627939,2.027793330625971,-0.767278797087767,2.2538601599825903,1.5027889500724978,1.2122029581102423,0.16535475601895389,1.2592199832751838,2.001858849425009,1.262941024089681,0.7602855821383425,0.8526044427421109,-0.11492105304909961,2.139469596879362,-0.06258799161736883,0.0341216547951495,1.6059622859323275,0.7646793173856192,1.8873794852480419,1.6228927939747617,1.2820566142436318,2.484279709888093,2.7041710591989565,0.8075549374593871,0.3557824957524991,1.0358795718895308,0.40034197202036825,1.1140526656117533,0.5703771654953949,1.7231862774376383,1.230952838871091,1.532236620255234,2.4036769528130053,3.316000606317715,-1.60991643288384,0.07877376501033151,1.3223135102074401,1.9988776834330757,0.23010833350749493,0.8570861919378059,0.9886401051926175,1.6316654946515463,1.081264211674049,1.972705431123356,-0.3150139970264254,2.151004169046611,0.7980786400607842,1.1902390357395154,2.247595606469033,1.3101427808013932,0.544321371424239,2.1307683258375176,1.528386132671522,2.9442399833344846,0.9627104845314483,-0.27706916380695334,1.3470393506007206,0.9119828387674334,-2.218524580951753,0.14843797708308237,0.96942001316358,2.7410975792567793,,0.847525236916602,0.9742067641271834,2.128921125925576,1.0492854635993254,0.40288072480942905,1.4245319807291823,2.7395469481885426,1.437228110167399,0.9043918312535038,1.4505587538359954,1.7155900124400159,2.416254944403051,0.4597904764414906,1.6536943873997956,3.6444757092147118,1.2667508544113248,0.5652860312378438,1.576155366930121,0.741106741716191,1.2854457802186747,0.0,0.3742575459207531,1.5633962360602105,0.6744780678807016,0.8956944502773734,1.7507731784354164,1.6236224004847033,1.1478511483597131,2.1151653314246177,2.247877240725815,0.49553975773088954,1.2858595482677648,0.7132095785334469,1.7836172185772492,2.389610389610386,2.2345761394638286,0.9165824224498964,3.8129483932560104,1.9362449796195058,2.3936133159981887,2.0150116998947976,1.9539233166975256,3.0550953547921367,1.6377591416518733,3.6039122404351476,1.4048573071459236,,1.6338504008078347,-0.31750332962358074,1.4346584358443382,-0.18735973554638852,0.29304984592577465,-2.9138313228056267,0.46603095313126897,-3.118405935685775,0.7582854159647212,0.3760178244403889,1.6804050170353468,2.285171458855606,0.38856111062715026,2.0242170479915833,0.10724863472406643,1.2006353684844928,0.25896690167215297,2.853570458982335,2.18707973162513,0.7414185408494145,1.0766428042930931,2.037322595124058,0.9578100912398302,0.4987513554945755,3.6329929675347428,1.1566063155781015,1.2005181991494362,-0.3015774387395864,1.2066977026970127,0.05270358220810234,0.6985327462311286,1.0839706328394927,1.154934490034809,1.2136904110702895,1.3442610712329328,2.0880926815694645,1.2997862407581717,0.5851075535482364,0.718640680988103,1.576591004624861,1.3219666108005956,0.21678779171367957,1.9614227507197768,0.49804945066311834,-0.09354881520181602,0.8859714896468862,0.5726949643875878,1.4517697981129896,1.814402890218414,2.189082129077602,4.328689855238332,1.4547351014400078,1.1769485714978822,0.030505435071681575,3.531189541735591,1.5814968090248627,-0.8459244723874715,1.0678963293839105,2.5650548801833706,2.6335607191075194,1.380771727039698,1.374662483613287,1.4009858717275225,0.6453381795542779,1.2683990092356323,,3.0263214459680388,2.008053298657786,2.0612451205334947,1.719410378702313,1.1050238371987264,0.2830329143400201,1.7865429234338759,1.142811645499675,0.03473174670971524,1.453910774449385,1.5457731455928547,1.6682894983774732,2.0343906175114057,3.663297286667677,2.3085280941541164,0.2985048000182955,2.2635036156957167,1.8522995406712761,1.0132138083970066,,1.2977924829490783
0.82731312967812,-0.7588240858760198,0.12118972338197587,-0.6920020908226743,-0.6910852034637593,-2.591790970290997,-0.31903023494168625,0.1925367178516213,-0.32969334576322673,-0.3879391719280756,0.5574649156893097,0.142969335665577,-1.4983599116505597,-0.23636040221639565,-0.9536053532468114,-0.47944000610709026,7.250764415431488,0.17745369795170163,0.3410667995039196,0.684375447855512,-0.2985743004260577,-0.22476669968383156,1.4688132321488911,-1.5440840675076561,2.2855503025646318,0.868059299065016,-4.158856191739513,-0.5447422100675614,-1.0186519034185437,-0.17336291390395164,-0.812897450641803,-0.8340289586502125,1.1360611846118696,-0.5417702137596292,0.1467234056547584,0.3969620283130082,-0.8023885339853765,-0.5266124389333604,-1.3492285067980059,0.30116218205398226,-0.452242233027389,-0.9182948776618405,-1.329173948211937,1.0655191177903145,0.6830437541550438,0.09187391328289163,0.18549680535124846,-0.07154312025029474,2.089679811629175,-0.6269977703881935,-0.8773615547497116,0.9346138311717489,-0.7321283031001657,0.37702860053527854,1.3948512610039598,-0.29953922083200135,-1.2276559865092795,0.10417169085330524,-2.7714121959354188,4.37259300269075,0.8763563167136557,0.1512550115411626,-0.5850900896838707,0.9943937511833534,-0.7345017662968134,,-0.8317403281084434,-0.8560352276114402,-0.14577154092915157,0.6860735197028456,0.03733360749182957,0.5578208294847675,-1.2380114693546385,-0.36117093259002697,0.23628277842207002,0.842906611191041,-0.7658617519894273,-0.6112652186552991,1.0926928460351704,0.9144060821016042,0.16725449420234018,1.2509050045779624,-1.4724231893227469,0.5386660510783292,-0.7454580966998692,0.16174760917915254,-0.18483611141937306,0.4971388342616123,-2.3512753988954027,0.4921992867301439,-1.0749554115209503,-0.7591073724332764,-0.09441391609953387,-0.10162368702333335,-0.4087361548238966,-0.7579107071543523,-0.3328452519019365,0.7934702231280122,-0.15653519338709732,0.5456052746726447,0.10147133434805777,0.15392698256482262,0.03707196602495966,0.5370720067860324,-0.12471731543485243,-0.5032395093715225,0.27272791654568973,2.0085405748552887,-0.733593404890831,0.3042059469174685,0.2113119553632803,-0.9985562879663346,,0.47513460417436537,0.6090773666060256,-0.009662647764918653,-0.4790000179332399,-0.6015787190856936,3.944544756893631,-0.14106002479492563,-0.2365721904093787,-0.42497914607303455,-0.9126814131064198,-1.5659817307829726,-0.47791368636890263,-0.06880104527942077,-0.708333875457301,-0.31068514651234613,0.9367564032217945,-0.619929271070363,0.42527689351234965,-0.10769234676406558,0.3833172647404792,-0.8145470462612714,-0.07217923675393312,-1.4937401852477938,-1.406115818861542,0.5130179235085519,-0.330174514760595,1.2086607286117657,-0.17161021289560097,-0.1794903824795191,-0.03511721344261476,0.26500019048494305,-0.4180361256644338,-0.6108324182298897,-0.8151395603676503,-0.7958569288729733,-0.7989772986543686,0.7588337624966579,-0.49081201479089787,0.1019241592795872,-0.04800320607647457,1.6414010403927204,0.29356539946245874,-0.41403961681787393,0.30191509924393234,-1.2123574760206979,0.39454798489855225,1.074808454598175,3.863692790418738,-0.6682749584204783,1.2899918541614097,-0.20188016380465745,-0.7949458221151673,0.45346633494964816,-1.1230900052700443,-0.5185447447947467,0.299182714397217,-1.009770228391671,-1.356857467539152,-1.1694881332582563,-0.5821531872097774,-0.8282253933762695,-0.43759961402166647,-0.8315086480391476,-0.6412002694083818,-0.621470564334281,,0.14048208941597196,-0.9076339185691285,-0.841503596227744,-0.6971787141663688,0.1436771135423065,-0.6762942047017995,-0.24314261834207374,-0.6127117029837814,-1.5239320577037696,-0.25637244575521523,-1.2075910955876568,-0.7207172417864616,-0.9386740728147824,0.3866722585248672,0.5423188118035993,0.297616400776346,0.793080362798726,-0.2518081029131647,-0.3924995699523648,,-0.3508607614274073
-1.249879548955568,-1.0480130037406776,-0.9222433439877165,0.8551929552447435,1.0362180586187986,1.1175158832765542,1.6584207148506724,0.5168689519915448,-0.432052500203961,0.5386103228332884,1.7910413057480534,1.4276423498415403,-0.026369691278638197,0.2733739781732414,0.1775364336408014,-0.9538515559136207,-1.0203545346580856,-0.16325731138208122,-2.05302593382094,-0.7363729807972841,-0.264532889069824,-0.5903903559072998,-0.9115524906299632,0.5652509252459303,0.35790032443292485,-0.4374278669817766,2.249695021277298,0.3694890821811736,0.48116066884633657,0.6599450206312252,-0.3386673548448793,-1.4970534708437566,0.604854370987451,-0.31472954322980806,0.027904334057038405,0.0,-1.5355044426261566,-0.66174748732033,0.7693222510719799,-0.32528068618498107,-0.5781879964066761,0.3346795946834291,-0.9348521292112943,-0.11860036817110675,0.6610202424605305,0.3999495569306566,-0.5025721222822743,-0.5906916406105744,-0.07852444068390252,-0.12434549389791494,-0.5446858969401669,0.6719943658114236,-0.24814295337824976,-0.3370859444408736,0.223400871729873,-0.20800040489638016,-0.2868264699856571,0.760420119505123,0.7786877271877435,-0.7900665263514184,1.7510469070290524,0.9288243905558602,1.1966990843004677,-0.8148428441388855,-4.194777580712461,,0.08737101356219856,0.8729757499584601,-0.021898098583628123,-0.2946645351622035,-0.2612004870827245,-0.18821130851079948,-1.7356688738269344,0.5088565695069436,0.38205563736544157,0.10526327785516099,1.3204808394982948,-1.2731981129475378,0.6077528855863878,2.2442351331978916,-0.1210586713354278,-0.2442093885728691,-0.5149674119574787,-0.8796446314053852,-0.8004794628375556,-0.4596312494118515,-0.6712938748844266,-0.012365406469194706,0.5023615665721737,1.2653009918301539,-1.2575321086844227,-1.0963801422545494,-0.16718070390607798,-0.33062113449569,-0.5982224904511058,0.8395708536715896,-0.7915934971755467,0.12827840006206515,-0.6868863445939177,-0.40220045055175957,-0.29565805034633685,0.13319040850852115,0.18529113905672023,-0.02584272895832518,0.3169809264074841,-0.08158077245102868,-0.8489212218904196,0.28714116338177664,2.3182855534578106,0.6729239469396742,1.330092487337975,-0.20899886590025618,,-0.28666947382358643,-0.6442677613202719,0.521394148523302,-0.8650406305420355,-0.7262677461477574,2.2549134691919104,2.06725906924754,-1.3604626605666192,0.07557689658881372,-1.3747579755332917,-0.018861546572390697,-1.5216413131584394,0.08606841138785182,0.08217819876896737,0.7128766362050953,-0.43345297128558613,-0.2728950959146048,-1.9157126385478285,-0.3907884105865178,-0.2749330561021224,-0.41851067923802665,-0.8666363760909679,-0.30737727215760513,-0.9587682920308205,2.126672377945016,-0.5337106884675036,0.5639450167275628,-1.0663686718771936,-1.566909585855436,-0.22828792932853004,-1.2282283893958357,-0.7665631180688415,-0.24123786168150918,-0.169797448921305,-0.12033722761526366,3.157212520780095,-0.670950165700035,-1.3701150835333187,0.46721117289054703,-0.3441902930896523,-0.3726564418320977,-0.13864628128873457,0.2622519213936192,-0.028398266133500272,-1.9206773675607747,-1.2930956165353225,3.07394297805359,0.1549977072829556,-1.3268563979071724,-1.844065112682025,-0.45591033437498707,-0.6066050911945675,0.44161396020092614,0.6321663035905534,-0.9544108271638874,1.1765985163603832,1.1227262303777685,-0.7404289839738509,-1.6748625132556039,0.3837449633647738,-0.9712272415339895,-1.5030753640483674,0.028696172869047132,-0.4500161862413865,-0.7408127890460081,,-0.49738482135102124,-0.1011122158488309,0.22138325938647618,0.4967479487983706,0.1127285421527402,-0.26269739857145424,0.12186762129635653,-0.36801584029309,-1.8471606884065461,0.0,-0.146330559008645,-0.6546424199572076,0.4011597034915493,3.049435317178628,1.3292346203375827,-1.4836758024141417,-1.5522113464915943,-0.012021434312536883,0.39404619959118037,,0.560150857929198
0.28020357702411847,-0.005400420264156658,0.8959232180656862,-0.49725524366396323,0.45749211691870073,-0.7981768566845515,-0.8204518208880685,0.89656832139271,-0.10170801389005613,0.0329613348948099,-0.5446115782527627,-1.970570550811035,-1.3280611265126696,-1.2450061738607299,-0.6543553635419141,0.45719689007264197,1.3787079896615317,-0.2365606082037286,-0.020823965448169002,-0.8559550352936207,-0.8307256642530958,-0.31256613821013524,-0.5443707813921117,0.2479721293296988,-1.5807290707900656,-0.5826100786829325,-1.4522989079448934,-0.3811176688047535,-0.2061762173041215,1.9841291842439768,0.06797006704053477,-1.5539668621350367,1.1033294616185074,1.3357641139122745,-0.05580164877756477,0.051568811889946,-1.4202173264906026,-0.5662400388652622,-1.1084172909105239,-0.9664859347326304,0.6230913248065129,-0.5559387110475655,-0.46812358040724256,-0.7124991668151059,-0.6393969378893694,-0.5355002784881435,0.9304762264944255,0.04202070382548495,-0.319587111639541,-0.7239812304115634,-1.0660193099138238,1.4488967600607694,-1.5339929758500293,-0.41554562454954036,-2.0178333780380253,-0.8414342617418691,-0.23970960893089366,0.10326818127968096,1.0207707627884588,0.7020496208671956,1.427422178075477,-0.9015763286523204,-0.5117925883571517,-0.2966723583596509,-0.3861626926468631,,-1.41410562793709,-0.8559657910676366,-0.2883851362127654,1.1513401581046745,-0.9053445014981842,-0.5458524762346428,0.3205608544698979,-0.4577209755667888,1.9596757409802157,0.2968786643078536,-0.2575611548905288,-1.2131069787231552,-0.08514753440096445,3.019375991273332,-0.31761778664848306,0.09360093983852291,1.0606496648648989,0.29043762602694034,-0.2490536031484969,0.7238325693143643,0.4660747007959598,0.0,1.9649483617455665,0.6381840283572249,0.7542312020795583,0.1546727434330375,-0.34950799938400223,-0.4082711669751937,-0.29391242740749446,-0.2307207858063376,-1.1095804671263698,-1.3278161879431538,2.623665500453698,0.24998325291267776,-1.8215707870880338,0.6446373684507734,0.20342630724359267,0.6980927622395106,0.34468982365294387,-0.4735508139313782,1.305063819390373,2.9286559246145316,0.31661345289226706,1.0920696108126515,-1.0245014673597175,0.2822875450598783,,0.08845491876467992,-1.3807375284359713,-0.014420186276686842,0.0,-1.7418523704740951,-1.0622599318651837,-0.4178473710014896,2.467421334248887,-0.9418014736505942,0.2160614325556809,1.2389925897545728,0.6638886663655086,-3.2163713477226574,-0.2761714649127778,0.7433996541543308,1.786764626104409,0.7297352843416149,-1.377464216551716,1.988641711300465,0.1991154151688379,-0.039652683562585445,-1.7180632500823245,0.6495357597152918,0.24201053661416783,3.5741385820672322,0.5242391853054418,2.4575265584635186,-0.19731278774781646,-2.3877735484899687,0.1936111994494949,0.834246225125046,0.018395737276177826,-0.39728375288324846,-0.08165110393781871,-0.9236969630338598,0.9265068332563464,-0.48250109947300945,-0.11114007170032192,-1.0791168743422563,0.6425722818930835,-0.7481182898607996,-0.7559431675366102,-0.08931406081523763,-0.41470323489121164,0.28483909988830103,-0.025700704343356584,-0.14689297130484613,0.20634817580000853,0.05681752014963237,-0.01174058454128657,0.4003653688383624,-0.18083559414637795,-0.5862257411313743,-0.6026554820552033,0.10377243039669803,-1.3212486772515186,0.6809581600448533,-1.6835757629753867,-0.5369322529944598,3.6896513759864025,-0.6246910613120216,1.1789400709196318,-0.13068232970623317,-0.7335372803575102,-0.6881830293407831,,-0.08971924362851658,0.39890551793646534,0.17672269030271082,0.804060127661077,-0.32756261583990476,0.438090701199334,-0.5401293267402019,-0.8116912439347757,0.48126080479282685,-1.0281418600196712,0.5344824875762377,0.6002475031880783,-0.3099974760619628,0.5399230201964311,1.3878263007464975,-0.3012021371113671,-1.1552722570413843,0.3005656463503259,-2.0933254943218738,,-0.6419084815352027
-0.1252575239826026,0.07565641042279747,0.017293821678388,0.2682820021207233,-2.2169916845324766,-0.9902698528270859,-1.6352443631425184,-0.8101968100247658,-0.3936485987990568,-0.856873302861938,-0.09828871033882303,0.6134985210267896,0.5169820316834883,-0.06441345263556997,-0.6243551295866734,0.5616332872752539,-0.18714878139335367,3.0269150815124712,-1.4439428808835864,-0.08222332183425163,-0.03784724803875816,-1.387476788322617,-1.5034963908251098,-0.11543771175738238,0.43091292978754137,-0.7637753215075982,-2.497358995486476,6.3258048057128535,-0.17994350494006106,0.4567772976427964,-1.0255470699136682,-0.1387739903114693,-0.32673585477509537,-1.0065951595289002,-0.8094772913519455,-1.8900291399306934,1.3418005480058115,0.6843109948293069,-1.0464907920567978,1.1406854413514633,0.8944535891281191,1.066483773215765,-1.500554661614406,1.0166110994393351,-0.7710561440731234,-0.42676046071976614,-0.184373033881835,-1.6138730170312088,0.5939283803421125,0.24618107251235255,-0.4744939112402702,-0.6535892939041554,-0.042103049947017634,-1.4167827759935636,-2.035440583277437,-0.07785170814571529,-0.4943017987093179,1.1983207132055584,-0.1824496572170542,-2.2631466695861135,-0.4471844576399264,-1.170255256678876,0.7209736073418904,-1.7566921263878932,-0.23374218930802826,,0.2390612450052565,0.05724345611461956,0.1281394018977755,-0.4504275085475129,-1.8800984773571172,-1.2274202782653676,-1.0107593041182805,-0.8918049877464695,-0.39710816228856194,-0.48717360235068785,-0.4899928755035865,-0.3318964219600318,0.5396705756899767,-0.8402571955302474,-1.0145913204176904,-1.2301264078151686,-0.23602247671371535,-0.8044435610962575,-0.36951475815093504,1.5735361806475057,-0.7422867529774946,-0.8163206814514101,-3.144186733970744,-0.8744378488136473,-0.3865665582415079,-0.8494157768815347,-0.6356781812498546,-0.5722067345825366,-1.6142639357817123,-0.24632781418406635,1.348970600599353,0.37183394323019314,1.5749853470501618,-0.19181223691103755,-1.6655160510873346,-1.5555133129801058,0.7382806047078416,-0.5477536782317771,-1.8320581292365024,0.032822374942731436,-0.9682401636599169,-0.3735473594076111,-1.1145131231903638,-0.24212373669543208,-1.0027434950325542,0.7264136607286531,,-1.0483133066375272,0.20406044596725792,0.03843575228950069,1.3679322303338903,-0.7445390857775402,-0.7882556891244952,-0.6708414859895151,-1.8399680074159375,-0.6009573141509961,-0.22255471250393066,0.8821508544017309,-1.2606498936711619,-0.7019726995404318,-0.7858662694213647,0.20478483298225214,-0.8186632797954396,-0.025874248331925198,0.671257949217674,0.928499113607284,0.45857821576751334,-0.13484325694204102,0.8462584772478632,-0.5268976269257597,0.5914995724509486,-0.26320350400150794,-0.61966652162605,0.14488480776775337,-0.4396752748287325,0.5346640791523694,-1.0364583039942588,-0.19512797232407175,-0.2942322486537252,0.07514461757711643,0.020427363893893435,-0.7296328720986733,-1.9391426294965153,-0.18008761337025003,-0.8158577252529775,-0.403806180988886,0.03990161194866726,-0.20938783627320046,-1.1658662544277942,-1.2642863060538412,0.7929244952741499,0.5021289080252567,-0.6037865898896322,-2.17242201781791,2.3251844353696205,0.4921413579252576,-0.9570745111533885,1.5346556007814316,0.44535523498738794,-0.4619166380884665,-0.5960354971400239,-1.9178054641716735,-0.4370916174182393,-0.44950211017590336,-0.07197205116069583,-0.5584568967623049,0.2430470135097229,-0.7040552560504065,0.6370487479147924,0.07341045743285424,-0.13748888680861215,0.0780726542354504,,-0.33354665843935427,-0.5040712846064777,-0.5659653351242855,0.4707384791776681,-0.2336345009566143,-0.23815655110452916,0.45127734434755595,0.25143181119868796,-0.14655027930275955,-0.5460445299190986,0.034298865480009155,1.0247059511537593,-0.42843975859480077,-0.567999672656927,0.9563117963234724,2.0140967081430095,-0.551312089107181,-0.04394967951460993,1.1581216601222133,,0.6674137462911789
-1.4663288460410207,-0.6317901228429235,1.0088781417219028,-0.4564277262615768,-0.7625786492597375,-2.223615276277302,-0.9778994952811426,-1.343789443271659,-1.219673857407666,-1.3712309314609872,-1.6163035839775075,-0.44110529217472605,0.1596175056642668,-1.4088369955715163,-0.8008865860266834,3.071746095083161,1.693753295381395,-0.030457271673611785,-0.7114155722236726,-0.5184271733830403,-1.3150612603899825,1.0095367908270703,-3.239304676901633,-0.9355560455644341,-0.399805043840884,-0.963249956148704,1.565754942680786,-1.5129150810129666,-2.0029331166378284,-3.334451399611349,-3.7260618021331404,-1.6154178067962044,-2.77322323068796,-2.20312166236043,-1.034199952913295,-2.4343329240830935,-0.09755961881950936,-0.8555174069687088,1.4331971891929918,2.75688873760751,-0.21822031285109178,-0.8680114336851674,0.6821223579059232,-3.9136935834402475,-2.4947434741109276,-0.567054642014464,-0.9763881798512952,-1.0671370899750232,-0.07315078458375313,-2.6086552442762923,0.6158099494000702,-0.008851755337047074,-0.5897256873089729,-0.38390054517163374,-1.7477374211222085,0.5843350919259693,-3.284117565889333,0.4313042164775016,-0.43585202341682727,1.1391438783292962,-1.5325671739843116,-1.4132856615635347,-0.07739285142184249,-1.6949138081507442,-2.7028565232425916,,-1.006974603591848,-1.4253675688501999,-0.5374752524452076,0.3057226774337396,-0.1077402500065272,1.081023547315052,-0.9288539080509084,-0.13357306877659347,-0.9409158890279268,1.1712192070672867,-1.6014234680741146,0.05549552445336392,-1.2026821867133441,1.7653564063832672,-4.536215362634488,1.3474141858950128,-0.7197774395682033,-0.8596231903061802,-2.1150767493671285,-1.7077306492956912,0.42067056956069937,-0.1122344489831395,-5.427894998940341,-1.0639754237034782,1.090309951583457,-0.9345810126515808,-0.801529329080708,-1.4688208860822338,-2.382642791688949,-2.8977507317872964,0.6717196903270217,-0.3998551419329366,-0.6779215809343708,1.1338870666792955,-1.7902588854760815,-2.8813309440041013,-1.0076948037781808,-1.5834877661721314,-1.0594844919061486,-1.2629257155287954,-2.3614227447783964,0.41484149434674045,-2.2541368577961185,0.1726997299916766,-1.0619208526395085,-0.9465435216048257,,-1.0544588650272968,-1.7931930198199053,-0.12482687532543446,-1.595417639433916,-1.419898377559048,-2.6027372315659547,-1.8054665037857354,0.2704817474067589,-0.4872678741809966,-0.9339838421273949,-0.9668055667504283,-1.5959332793909264,-2.8188003921946314,-1.2824353250729836,0.8068746650682579,-0.43651730358578167,-0.5823011022178415,-0.6543543054273848,-0.05255688686353066,-1.7194163835625775,-1.3503904361629626,0.4900085754314887,-1.445347259648322,-1.428052039955885,-1.8545614765694274,-0.29016179242442597,-1.457433024194943,0.01778455118230937,-0.9705984250178545,-1.455568081820846,-0.9775550210707196,-0.8668321853153027,-0.5776340273826119,0.6603554539380774,-1.633316971160892,-2.703272523092659,-2.3175047374778046,0.3738990666369846,-0.6233016228977872,-4.42760047634847,-2.000295206615821,-1.9660220645704607,-0.48502691452472213,-1.7544822961702566,-0.4390584675526332,-1.7836432520199508,-1.031651946594847,-2.2555767481904243,-0.9229552153454001,-1.8140915994501183,-0.9253293845293831,-3.547008214374725,-2.9127140782635674,-1.6799340426468135,-0.4076766703540735,0.40010736524631607,-1.0380991994468514,-1.0413911936795528,-1.5537215365161283,-1.0597405641582291,-0.8483113260979058,0.8981240775054466,1.4127448216133764,-1.9101655707739251,0.9264755509706957,,-1.2356821053282285,-0.512574847186853,-0.7761678937782013,0.3253764184534935,-1.7499610128023035,-0.19045548903198206,-0.8451991167288564,-0.9061794957827662,-1.90427425791867,-0.5021762815270336,-0.642896038916807,-2.8182544938710308,-1.3602611045455015,-0.810140014745897,-1.0401158565715884,4.146101397325852,-1.2565611075564975,1.806772935217671,-1.3650351318346687,,-0.8221067140680716
1.2825520068170615,-1.3585492688445333,1.1871496557249284,0.005267760321547854,0.22692235245294068,1.2832204476492581,0.07900936672076142,0.5274820471043995,-1.5451510480115616,-0.06741523090334489,-0.1714303152901775,-0.4691173056723841,0.20363067148352343,0.2895403422467524,0.23664099251579085,-0.8594981533262991,-1.5364764851149904,0.12526805186918732,2.206289882048451,1.174617494011354,0.09208117505721258,0.7318811654260848,0.5052453101047183,0.9388459505061508,0.753861069149786,0.15640243818693111,-0.9267516512793894,-0.19928942961080498,-0.44965192398636056,0.4181225212052553,0.8695678542580687,0.5473140102460139,3.0343885306305607,0.7921807252686763,-0.8814968104800203,-1.0052013716594033,-0.669637287463376,0.8533121531119514,0.5526461596442767,-5.280481937623183,0.7244450573718364,0.8927853835200672,-0.2785338055625197,0.8967631500804485,0.407445843775589,0.8620674158845709,1.012660976011981,1.1094623684458238,2.8078416117628846,1.7222555591830613,1.2240940492061592,-1.2139810952277896,0.19067667524264031,0.41502275837643765,-0.08707702273569318,0.2168918288177668,-2.2185761164217443,-0.24205352706567762,0.26124859633573916,-1.7421006648487003,2.0662799341515825,-1.0073638287605657,0.15488187381691443,-0.6635900532153682,0.21143081088428328,,1.061834867720024,0.5706512518854678,0.3712724435722681,0.859485694452311,-0.0076971685950888435,-0.32983193993855187,1.1769363389877663,0.9080755516641448,2.0687468498562733,-0.6737692891111702,1.3637431197884187,-0.6101549039876142,0.5800598324911865,-1.5166515808781034,-1.3576364064932012,-0.3449614738172402,0.5374117300332548,0.6707558101959998,-0.010242842881902359,-0.8687146312841287,0.09307585177091848,0.6366911718167056,-1.254921142841714,-0.6874460559480822,-0.822636136309296,-0.9695988819818036,-0.09637358335564672,0.1220452244201864,-0.06576877215296317,0.5345760903052721,-0.6548890047418099,1.9010519756774924,1.3796038401652666,1.197184689648667,-2.841569118041287,-2.201195809392076,-0.629267671434286,0.6121075051313207,-1.1887276043966777,0.4152895243280996,0.28852875371763176,0.8818637776548677,0.02040940888075049,-0.49858120553335494,-0.7760790996060973,-0.4459443609303726,,-0.11033055089920696,0.9907326244534387,0.5720816223847569,1.0424863021885278,0.5072856422982719,-2.3909957787885405,0.6083245558572203,-1.6812030207467465,0.03173518048982249,0.5628591800307392,-0.5471956224350261,1.4776534637450212,-0.19336250436197133,0.9170096086243307,1.656761607214996,-1.6315052318061407,0.0780975976676146,-0.9129609958190343,-0.10520005842494795,0.0,0.0402657199902956,1.4080279766988335,0.9207519187699909,-0.6209007749999884,-0.7692918545305516,1.4364465152370443,0.8264952120041524,1.0401203403670456,0.7115948406823502,-4.755480090081665,1.9112334480300142,4.539530708022532,0.749478548688054,0.4125528351012653,1.6811961170321021,0.31351615287162904,0.0284108100475855,0.24213367323782098,1.0351974116082907,-0.2253791911501879,0.6994194360952388,0.2406551400905066,-0.2079562098127874,-1.3883290541257698,1.5257507973204687,-0.8027360246664506,0.356898543345463,0.8492728879816003,0.5703355523803966,0.006040941275009537,0.9790110556774367,0.8258674977516645,1.6271689251749155,-0.31018333921443153,0.16676866567371107,0.6420674778698565,-0.4797293587838314,1.3252914665930593,-3.3086169869143367,0.40199570440957455,-0.12769831542053245,-0.9705610976464163,1.5471819021763977,0.7368375926149362,0.8116664809599383,,0.2085237076960622,-0.08985626263443569,0.49168937021488723,1.336188856408671,-0.4557643072735984,2.01027431468328,-0.1919923024401915,0.6589779676717811,-1.3464763753537223,1.8102273715979944,0.14666738768103205,0.6936042358860472,0.7457897130870528,0.5026171578004224,-0.5912181245706694,1.232228550622061,-0.4865611108050505,0.8794938793655893,1.6071456092961345,,0.08556324858857156
0.01933372307663106,-0.9365370874449441,-0.10717042066094029,1.2595530276789502,0.7358200359251388,2.141665101033441,0.4243129750717056,0.2523914248305559,0.7356568928665874,0.025297766136200828,2.6760178210780694,1.348528994147502,0.29156330246131734,-0.5773974285873229,-0.15970394882186545,-1.7244514610173844,0.40570873052099277,0.38212083852235956,1.304931905822282,-0.44967705909446654,0.9914917932179579,0.19531997496773368,1.840862892640116,0.26416151066288585,1.8365581080048932,2.308222380441971,0.5666467557739141,-0.8652949878558136,-4.133590791828123,1.5267067926269196,1.1235155639963246,0.05267644676585359,-1.0144017858782162,-0.06140835197304684,0.8391277017552268,0.7252916210803484,1.2078583598419401,0.23765978728245152,-0.35130403941956434,1.107239958166062,0.20355031707492977,1.437930095652784,-0.15097834391680776,0.8480907584586195,3.2643170363621854,-0.013139748598212098,0.23743807270681927,0.21945916514072294,0.5950548123526911,1.2300560260140703,-0.32183331025250617,0.21528259070211497,1.4661323522467518,0.3936191785554266,0.7470119408381493,0.06956137377724936,0.3064127817903328,-0.18785315012435078,1.5211281582370173,-0.613326542002679,-0.052588434510913995,-0.2739714083139666,0.21265396457219587,1.0378160961133087,-0.38094361626894724,,0.3001891400510326,0.1346338461915897,0.6079745727548769,1.7164339768408254,-0.7126339287902295,0.6117109077992566,0.9858076990644227,0.20927335302711736,0.16560632462234715,1.5355188912288709,-1.1964006937945748,0.535766145803418,-5.019891578427149,0.2717723978108877,1.2998599197068694,0.41826466458532163,-0.4336819295509109,1.738852697419846,-0.24579871494241345,1.2393668081088771,-0.48825408636962164,0.47141422440906133,0.7911838866251131,0.18505119769409717,0.5529829183271495,-0.026467679248876053,0.2003473014459134,-0.21767080357336654,-2.4497295502524996,-0.9860164933668036,3.407964478524095,0.8227022962020047,-0.5371668745336122,1.1642478246658872,-1.2140163708268203,0.45667360755503594,0.2980005174388234,1.0081644203022488,0.09942508531073369,0.49627628330284335,0.3892332707434498,-0.2205184900308521,0.4896947289524167,0.9131853990547834,3.045424356909354,-0.9415875796997653,,1.3706174177292585,-0.7699768114128647,0.32504426571111633,-0.2701363285219638,0.18927472658507583,5.9221862859479835,1.2392471629926627,-1.9077391257408483,-0.03626201379771654,3.078428470618011,1.800677495811298,0.04734975412883369,1.2455044853888708,-0.9427493204569259,1.554125332804901,2.649922158133422,0.23409982938091822,0.7194259125372637,0.6449965913930988,0.10836769610582664,0.36219598961988453,-0.3606494237658353,-0.4128289618965719,0.9310400009231223,1.2042751990074096,0.33571114677384273,2.1301838407955076,-0.3988598287871792,-0.13330436436990167,4.170211138150304,1.0616806246829924,-2.1890028277664286,-0.5190012183097448,-0.6465955210915086,-1.2451516848272837,1.4441171490827243,0.17043444850024514,0.2601153649831822,1.8382289838945187,1.8238098875754227,0.1559120780207257,-0.4961579558378726,0.3256017134998901,3.4174555660432038,1.0384876881143645,-1.7378653688312595,1.59500814351079,-0.43381278614000873,-1.4177677387544052,3.230092594994538,-1.088472024744025,-0.9427383871905226,-1.3609520328275004,2.468098057545398,0.3027046301891545,-0.7149595113943086,3.869139786125775,0.8979139311620976,1.7502521751276978,0.5210623671065173,-1.029279480591594,-0.4819160103341269,0.27870148298749786,1.2626335172663872,0.01917070502839291,,0.013003115955534383,0.20386422200180387,-1.1861560183382358,0.5440672595012686,0.3394406132643857,-0.25819747791873127,-0.754001185536457,-0.7756444623021941,-1.3648538094561569,0.35031766963677935,-0.0947649551830132,0.5707619850793044,1.6551480844077204,0.01041895691247241,-0.9723452416100731,1.1235944019676314,-0.18053045501522647,1.1598531693531866,-0.7029870202245103,,-0.45952479516486733
-2.2422016547081536,-0.12233966031524046,-1.9706394361413082,-0.8483394232741803,-1.8746463751968978,-2.171800523367773,-2.3484351112693647,-1.9146662517160573,-3.296707145226785,-2.7143289032779627,-0.4599286122604518,-3.6558606086721013,-1.347895210988903,-0.9085798870281936,-1.3005093591301864,-0.21096261159788687,-0.982219615661839,-1.3542201050040559,-1.7951322765860644,-3.3015729285416406,-2.138103740087749,-0.6783580030908287,-0.607261071494114,-0.9111815430183023,-2.0610615811080146,-1.7791610037502625,-1.9050173311612184,-1.1036599582947781,-3.2909691176910116,-2.5290386961170808,-3.4658753147234767,-1.3337996045067246,-5.910739783229834,-5.038096271013814,-2.30440339260769,-2.8982764308870923,-0.7632546697965537,-1.071698743149263,-1.7512885005479428,-2.253912656974333,-0.8802809026457581,-1.904041758340591,-2.1471101432291584,-3.90204227062233,-0.34674074575250513,-1.5255211178323624,-0.684302822121341,-1.7031627273020211,-1.3448550569620354,-0.8316393883606055,-2.1328610606597853,-0.042519133610119386,-4.487665340879965,-1.107625305233595,-1.6188873484275446,-2.2399051993284735,-1.352825660048007,-0.6822432751530494,-0.9156546707060897,-0.9350724662103294,-1.8150660484160142,-0.8634210839453149,-0.6751571377467513,-6.074381606497193,-1.8649225461340846,,-1.2676040363184038,-5.152701679535287,-0.10192774764283818,0.33273128253967776,-1.0087336079699805,-0.019937400026992513,-0.5531716904292217,-2.0327168611659507,-2.889533041807435,-0.4615844727681506,-3.5088796548359724,-0.9770165435482592,-1.0519216806196274,-1.535834165321226,-5.519051397049068,-0.20825682899053843,-0.6736255985423045,-1.5653710281918976,-2.6899411761157954,-2.163965541793278,-2.1261666565599135,-0.6544015154844263,-3.6899732642572625,-1.7512708259397658,-0.9531971707235631,-2.4616207920192257,-2.0586530358203348,-2.827227547375011,-1.641669326773676,-3.5349305461126246,-3.0550881775263217,-3.2984616724977323,-1.195367341813447,-0.3341107568014867,-8.323247369891074,-1.753435499576761,-2.339825566655984,-3.7084761547406586,-0.9237196863389308,-2.156379263899133,-1.517196590347325,-3.6700798980695115,-3.543149686706848,-1.081258679413999,-3.326874526904955,-3.506832295138873,,-1.0276870515277592,-1.4197041505098373,-1.3388595703637374,0.18927968185238342,-3.5624377641236604,-4.393962509297367,-0.9523584497421411,-2.100952709308579,-0.906823849467242,-0.997758343951205,-0.583468043958113,0.30174522562931294,-1.6402470572333017,-5.0682250057952904,-1.9230741483268643,-0.6420920857428958,-0.830406466846445,-1.0651568761216423,-2.3541700103319907,-1.1753755190920923,-2.5743768312711524,-2.8774790390226457,-1.1234068791846408,-1.9419891331163175,-1.7551670395987706,-2.348220257115252,1.0613567994348427,-1.9551830594401465,-0.5873834129880962,-0.5355825756418908,-2.660835280199836,-1.4556022606729724,-0.23187061947765875,-1.2880461631210594,-3.196911875555619,-5.099330778973432,-2.892374999045122,-1.704961842844377,-4.7168102583377,-4.691477913626896,-3.028583662555162,-1.1902894305910294,0.1557889183141814,-1.7002811232391224,-0.14824402529824976,-3.820704983959855,-1.85416712847164,-1.4950905071086096,0.23011030214659112,-2.4154902926120103,-3.6591626119011678,-2.9877569812419513,-1.3188600785445925,-1.5542975702947714,-2.1050199392342317,-0.5040749120292953,-2.6627783158707508,-0.6733755517712603,0.07730401919705532,-1.4377672248399587,-1.4340109793417155,-1.4201024878552237,-0.05249365186679178,-1.4704636955059969,-3.5074236995950914,,-2.691806163122845,-2.1781980944098334,-2.3407647635792728,1.3369014869246687,-1.214174310403271,-0.6841111073883521,-2.6978928927358647,-2.2136695865073497,-3.746190505091218,-2.535903152008545,-0.4915025904420611,-3.2224353800067274,-1.7999493543528922,-2.114808771452248,-2.526209595364448,-4.722224258101004,-0.3391148685753409,0.565581244628377,-3.097348456300908,,-0.735414921124733
1.1764649340927802,-0.6124680761961598,0.2707259552031882,2.047136383443271,1.4679828824505359,1.3085471556835149,0.513185417965234,1.1279868600389875,1.9850473956404269,2.261507301912191,1.9462283871926056,1.7564997672717686,1.22343728120351,0.7751143340896549,-0.07045856148092389,0.8167687162305537,0.18834725696106336,-4.517973830787925,-0.34187039735715796,-1.1720781843021166,1.096284550448856,0.16485199045663812,-2.9655506210466864,-0.7201387262181447,-0.9450516773718998,0.5001962670808213,0.8661557436115519,-1.3620587135747653,4.082076668270873,1.6304311804870908,2.5262443766123743,1.4407667006271163,0.3021604719078308,0.7893389992747135,0.7061774553302591,2.7066967234162354,-0.6991982108276784,0.16777127743405895,-1.857743267010037,-0.03908023796195259,0.5055294499646257,0.6241945753215239,3.1908995046673105,2.3452862543615227,0.3943392383346289,-0.4674143244459805,0.5300098523639996,0.11757599472062008,-3.98709089950372,0.5823766500614225,1.0996717546725598,0.270878611705605,0.37820741372833755,-0.16849981299927874,4.333626561740278,-0.5451541854486486,-0.339158003391582,-1.6028459171852916,-0.26602680592430206,-0.038091020867037084,0.0401813129373485,0.1385553587766486,1.3206462545669595,2.042612060755733,0.6474395815653233,,0.6419447891692576,3.4378003086040554,0.06559374926373707,-1.8358390776162303,0.29002903223662724,-0.5981423099213901,-0.1505082237985289,0.8882307976554316,-2.6917444237674615,-0.799314595109546,0.37087345883659584,0.6278722158611139,-0.32410689153993255,0.20389411141388258,0.32426140294457007,-1.0362728725219372,-0.8056702329204524,1.1926984267702778,0.622498390888393,2.262389481821203,-1.1697286596124012,-0.3107117714135188,1.8996326125600982,1.3438274901318437,0.5613695521988094,-0.10854030525446756,1.3080284301951073,2.0474153375437343,2.476949541632978,-0.7458665075888216,0.012407135069159025,0.35060145143508414,0.30611527578456865,-0.7325620214527873,0.8936731999593883,-0.5838942190754648,1.3120287128582708,-1.0097407548399384,0.5313284246547312,-1.3458974859343886,-0.11981908951950171,-1.1798428641903391,-0.357853222426352,-0.18296122254667369,2.6728979895577876,1.9892918364007528,,0.020022041516676303,0.39648049444169775,-0.9127333047365682,-0.7524456778883915,0.37314251498101747,0.5691523577900481,-1.2439957211178854,2.1261125100607847,-0.2333606797643606,0.1645388129496883,-1.0316943087350205,-0.25954251680131435,-0.43542600805415166,0.21741782500186435,-0.6213753716305503,-0.8898968850055256,0.052327354631609424,1.0048470291200706,0.22770027252432268,0.10954749273091036,0.0823177946018161,1.118012847757166,0.5534149649708109,-0.5074922276517957,-0.32551467283308266,0.4485446813708771,2.2676223345234225,0.3994360001710051,-0.10742316724565715,-1.6154107813516227,-0.7089983122039234,-0.5723764171477463,1.051651609010995,0.25410589496293046,2.4056902948462744,1.9366380867989141,0.014585596908145426,-0.24510100539936186,1.4223607798558469,1.5775856193369187,0.07295863352771992,1.806936986359431,-0.8814042063944538,-0.5459121002115319,-0.7175725203825145,3.5934941659937714,2.2211322766880537,1.2575847579958666,-0.1339234637220188,1.4923551315641381,-1.9162303865362218,1.2222572834452716,-1.4804153880771276,0.30844819445055016,-0.462432449723027,-1.1245987152028403,0.07627291578076179,-0.561461468106017,1.4870615602863735,0.049823420832528775,-1.7760042446957947,-0.29804500344936535,-0.8713122039908594,0.07853766520307115,-1.092465987054414,,0.5612720404469806,-1.7128527740006616,0.19205428480535414,-1.8972305955056834,2.1768017619678837,0.10372244622780524,0.31073221257269523,-0.12468046856759507,3.45175928284176,-0.020265726741208745,-1.0918622224686092,1.3952432463568698,0.4197580277415236,0.3725032328040667,0.9584369623145017,4.373176005183388,1.0132322320238751,-1.5188620944859066,0.547949047139995,,-0.4704710161086423
0.6840004028892066,-0.15125942680305204,-0.2757380913078644,2.227255060394895,0.8157205423950042,-1.4965140663923848,-0.911005746188831,0.06011337536520056,-0.4372428509400339,-0.20334567948114834,-1.4008998096266434,-0.8301452872378046,-1.2174724682711746,-0.6284467337454802,-1.0224247130899977,-0.7339061038030503,-0.9838351736196849,0.30400100053638024,-2.52030329678532,0.7734616869055966,-2.396418188539007,0.21161193314744864,-4.937777430063828,0.3347766683880815,-0.6294938444987519,-0.178783851834452,0.3525278047078473,-0.4215963673498524,0.24113740094466873,-1.2937715816545126,-2.456922369040526,-0.543571219825667,-1.8985603568074105,-0.5392204297940184,0.03613705994622851,-0.7220186680372054,0.02816591713687977,-1.0862852932700617,-1.521409471391466,-1.172945137975956,-1.0331699686683682,-0.9432358502178384,-0.35189622482593164,-0.4309547799375868,0.7393708295766466,0.02012812231815264,0.7381001291607125,0.055629680567204076,-2.8449406465534954,-0.7364906349394129,-0.4746346538147206,1.2636481240771769,-0.760819216457409,-0.2085003133397656,-2.564409874674378,0.007945673405562736,-8.626174446992675,0.36912478115067593,1.4811115401865749,-0.748335187176985,-0.803426661726292,-2.3324743892729205,-0.4792079668192395,0.24020845483536668,0.07743963916109209,,0.15060533532735842,-1.4047943931905338,0.029127721939237183,0.506756253655638,1.9734980716422212,-0.7321218272822949,1.068289002544609,-2.1059325236279625,-0.9248483585383105,1.088695480222368,-0.2068272482288136,0.16713158451568955,-0.20810930191802468,4.313765983204942,-1.1335972495206792,-0.8435157562706408,-0.5397584812283585,3.086912162650579,-0.9646699924970026,-0.7292150263671027,1.2801973472193584,0.5236195412271716,-1.3981683970443304,-1.2573090301324585,0.036812928818874546,-0.46183639581695024,-0.31345641883897546,-1.2671643157149193,-1.070960624585382,0.6044461095821241,0.2977264447471262,-1.2435615061695104,-2.434065793461415,-0.8880512717761135,-3.26119778560644,-0.011082601144174475,-0.3002937098837588,-0.9929549922539138,0.6082982678523363,-0.8015019097289189,-0.0685621758546362,-0.6135522863638165,-2.67243978733952,0.08459013439809926,-1.0901287329732945,-0.33757597794861205,,-0.1550996742043509,-0.23230534578002615,0.17545026621961224,-0.4397867932038335,-0.3438628719858783,-1.768537664270109,-0.16226897281534924,-0.04554297196831536,-1.4446891125861838,-0.7871308689948675,-0.006243316834109169,0.4672082500442265,0.22331903102343897,-2.008757685152096,-0.7399014184636843,0.09887410631375104,0.5230813543364299,-1.2498379480300303,-0.5612706446291971,0.5471284743484794,-0.5346306444617421,-0.09827863011374616,-0.22932535874699012,-0.5100731388540392,-3.6758490270067723,-2.381545574576649,-1.7575243220710357,0.1316147555058489,-1.3442602089402178,-1.9016651368332416,-4.260551698006498,0.24140800854099975,-0.08049116737881556,-0.28086812067660283,-0.7645255455039246,-1.3397706456147018,0.394170091376167,0.35910022902205796,-0.8879858214486336,-0.5686104964127692,-0.07290544271294497,-1.2152231339721098,0.4903945359473916,0.0,0.41372229728597887,0.0677389788533711,1.2746924736789955,-0.40257172592079726,-0.8237577141708141,-1.1160984357092896,1.1804719780177386,-1.0486163399961224,-1.5861428923706011,0.04169773108770869,-0.48779686705087144,0.534912583201197,-0.671202997885767,-0.9760911751935386,-1.921975901420958,-0.21855943406764444,0.4270006943289051,-0.5757302972673295,-0.5953347755306981,-0.5755588921288468,-2.3395856904651513,,0.9568161613536796,0.9709306259066519,-1.3494818534424913,-0.6915931159248601,-0.08573914807628036,0.8103287782836421,0.6354249404289192,-1.6424276892834544,-1.0356221310082292,-0.37852853831081834,-0.8498326107123866,-1.5754831735147246,0.07663295688893346,0.29689663667356037,1.5596218156496366,-0.18621512584328093,0.3742820081835685,0.221441721219362,-1.3624029889763523,,0.3640307095687856
1.7566063861243153,-0.19076771865491615,-0.748847926267282,-2.0831250638641774,1.7352794264714033,2.9887794867309303,2.929884861350973,0.3938407306154357,-0.42498291248990183,-0.3141572413964733,-1.2536564554856522,0.25245124451074297,0.4912048178763673,1.2082179665045434,-0.12823142529166942,-1.2769968922578978,1.4682683186837853,-0.8949963761453961,1.026998069741314,-0.034114311989696944,0.3799491605606997,-0.46144648798195353,4.535777815134878,0.6951417180635966,-0.38601662583686025,0.0,-1.0628717744666005,0.10368781951195505,2.7946726532130484,-0.3844865047064827,1.881869125110991,1.2870235545801023,0.9355184697862562,0.03872681936822886,1.7054552386540633,0.5454550515044954,-1.0840515445764254,-0.6676311210682129,1.6646766565494797,0.6857441530832009,1.3186849985093119,0.3174029967060399,0.15778507806338826,0.8518877266769032,-1.4105467155262064,1.4353793742893028,0.48411025860812806,-1.3466824755774764,1.164707534197218,0.5179784168167334,0.5365104500588691,-0.08378585582661247,1.2923524494871552,-0.15918401919903236,1.4951237864332168,2.1526780049687666,5.157477127358101,1.814833122388837,0.38044308100673163,0.7676935691886211,1.1339157196879501,1.0119408901509974,0.5007661357387283,-0.5099876392089087,0.5534948746121815,,1.5391531331722996,1.0574379080255047,1.856712653549164,0.384163051263231,2.1192649551109,1.0608204874447358,0.5382261131180455,0.8993415783085768,0.5718642386770112,0.31639547037143334,0.6217677297722934,-0.3225828789775953,0.16944477958142912,1.9506520510060632,0.6964847594551626,-0.26400116130178564,0.25325003044662786,-1.0889070523719013,0.7411377451079337,0.3610601488101217,-0.35774886139808837,-0.06201133622163457,-0.019151324769994815,1.447266268191183,-0.8094583180248915,0.9825344332655028,0.29947125210156855,0.9714853304807924,1.0975803829042396,-0.3085304649843357,1.508974369619609,0.20387536212291835,0.052127880364682966,0.8329126564652345,0.28092810321507233,1.4740067907969667,0.5271054744542703,0.7841008713997955,0.3964722761220063,2.61304196699621,2.5381735861447208,2.81972153053629,2.0295149420868297,2.380848815497272,-0.7402568486463479,0.3763640163991333,,0.31568423152013025,-0.06985824143985742,1.2844217147142345,1.2427949615349432,0.7647086375439427,-1.9732123049951533,0.9696980982891068,-2.577458582697445,0.8329911721272731,-0.0068949472303847514,1.4295563649386223,0.2825480703937844,1.002696427659111,1.1643623211161858,1.3088394806295867,-0.30968531013949585,-0.2341506077783828,0.029623701686576354,1.209497859187847,0.3109504108526506,0.4713424004106681,0.39350878123391997,-0.36774959114821426,1.2504689103434163,0.9619136404786399,1.7153762116543625,1.3105180119571624,0.8544007585028268,1.008311136007678,1.0023691492312192,2.82589174451211,0.44460741518654867,0.3452641173560922,0.8037439695131043,1.11360056164167,0.011128181569519668,-0.378087061965815,-0.26365400058884214,2.0884788642534513,0.3499419030768225,0.4086256935371013,0.9711804239707522,0.5270284298839245,0.9071446033725783,-0.3772662110604563,-2.3967458360501626,0.4093155224352385,3.0271767351471635,0.753338437190787,1.1824480979036878,0.5220281272251492,0.016058161452692232,2.4599739807188437,0.36467394059365166,0.793642218926105,1.215342805156383,-0.04477216728669964,-1.9077418914631106,0.9701202776839057,0.8539873063156067,0.15945472478908762,-1.152559112498075,0.0846686511916106,0.17541751279217532,3.156480392871308,,0.07897158607346189,2.558097876985821,1.9353376277682965,1.1219983636413522,-0.023400574849075095,0.12123666198735616,1.2391378245953932,0.7266710281774946,0.8828336191452291,1.2145390434202596,1.3696203251673866,1.6682458018523194,0.04872986656532241,1.1734860682477422,0.9252180608172011,4.944027236653126,0.9322067718435356,0.49227504120497034,1.0128969965844226,,-0.11368720382657349
0.6771543827780224,-0.4047508322569948,0.8647721656449558,-0.5087414007866053,1.170469437053856,0.206342108395563,2.100506835032956,1.249997860471952,2.781337040248655,1.1327871445778515,2.3980814521837868,2.942347661360434,0.08887341638352808,2.2477291420939016,1.3053646944887864,-0.797505693635181,2.2017107876104447,-0.5252824170469128,0.6895604658257337,1.9535937014132143,0.3184700589007994,1.0528874133548527,1.3413314668280663,-0.4252512873376024,1.0830652478255987,0.8374433705534257,-0.7647461391166455,1.372345235443695,2.945846883971237,-0.19297420035424562,0.255747175010157,-0.731072415199141,-0.2476360769820496,0.5032220785400332,1.3642129078295984,3.128392745209707,3.914033969640718,1.4708655182868124,-0.848156253641319,1.2049790615549227,-0.44739852852325734,1.1715421634620027,-0.09001561781982748,-0.11580020518701106,0.9421879865434413,0.33722740411403773,-0.16927751426679682,0.13149366320521771,0.521348031972102,0.33423944672230643,-0.08894427476429101,1.5071074169118903,0.8289492898468698,-1.3452958727366071,0.3895728118778141,-0.05443568064806836,3.010471204188492,0.45544566489328364,-0.3721061864293995,-0.42445800683929,-0.22690900089560317,0.6211192277310262,0.17248698747884816,2.161561330005557,1.0417398129603184,,0.5139767306322485,1.940463325479369,1.3903730676984027,0.04782998774466307,0.3752740264366672,0.11996455584211141,0.2966947092116978,0.5134065164221546,-0.32611738603969265,3.3662849624495506,-0.42351657021568734,2.6447932182321,-1.9517688547049827,7.461962435117631,0.5458140007607026,0.44117567193278084,-0.09279265330323083,1.8400581713830633,4.865998086357037,2.084108939866347,-1.2446150748589457,-0.6949563295934214,0.856056956197504,0.82989802605824,1.1870013022139636,0.08107778188344295,0.6568677864025707,0.46782484248055756,1.2641217466171861,1.37365987080178,1.1819202266160511,1.2686286620961162,2.5455824224003942,0.012510205026106114,0.8611745175347574,5.329844271800321,2.7153484200162614,1.8183371075136678,1.6388571801114304,0.7706348449039613,-2.400070268730803,0.4381370979601451,1.9678758090031279,-0.16512738007284922,2.038453779616445,-0.1874822506414242,,1.7532975575474508,1.0776504177468116,1.5419334795710116,-0.6577325854832172,0.9810249318942033,1.7043834233208655,0.39288824486718443,-0.4877089597589368,0.5538120606232155,0.3242625387761766,1.6863602759456642,0.9039695136627168,-0.606670190991343,-0.3566451748897692,0.6148729012986243,2.769004732499525,0.5737306844612267,3.2118837465386463,3.4922487028978377,0.7594445424579988,1.9177022447573577,1.6536017466615816,-0.1635809816588285,-0.12350099963333028,1.8898829497754788,-0.1873802442343142,-1.1703673858398767,-1.9223923285463629,-0.36422536444424836,0.5242869991257892,2.135717205913057,-0.7930570529208758,1.5540758588778125,0.640594781634718,0.8034906849234247,0.48970778119783454,0.4816931528664137,-0.45317143084232514,0.5265721764739162,0.20413100846046195,0.1162882278895605,0.6412327169282639,0.7443411420030577,0.16032615995875688,0.9467342018998792,0.30522642300134795,2.7142804221153893,1.2520893753503515,0.786036279891289,0.10033593845946154,-1.6236441617212272,-1.2361544125127244,1.9352135034245377,-0.010379001261417997,1.8218316602338414,-0.7580746944941374,2.008961594292291,-0.4050397342610923,1.8831658820050556,0.4893615473564372,0.6699360779397034,1.340613829779258,0.8960189159548992,0.6304230877473449,0.2790802469404996,,0.4735040861334694,3.3116972767959663,0.6481146421703832,0.650427619302496,0.9207229883552603,-0.19742502682331686,0.6314901803947448,0.6893157210981826,0.16974667381544073,0.3351854310714941,2.187938822526303,1.4681563420258836,0.6888414122319331,0.3030273750384893,2.750208754346195,3.4666697184244866,1.7585338551176388,0.5207388074193409,-0.09115978704113958,,0.7154129447376256
0.13262148244332916,0.33301525196687276,0.06904604148789684,1.1363103507491257,0.5092479458347343,-0.15335171413614068,0.7114040339769145,-0.6698209624788176,-0.07613025549837449,-0.19370029263295896,-3.0720551147694675,-2.8839937126007853,-0.11543285217922028,0.9668830227864911,-0.20418871915403036,-0.6862745810978121,1.8064214891922337,0.5569948163453464,1.0025353631891276,-0.7363339417271852,-0.45276873129715955,-0.10107705337164541,-3.14808105593386,-0.8319449093274089,-0.4521777071790467,-0.6048724572594644,1.4862386502777492,1.3452624793462764,1.4842377303525334,0.22850136728678194,0.46061322569166396,0.6487901171175592,-0.517763432967322,0.3338095023456056,-0.8762034876976799,-0.8942691295912852,0.5341770141168212,-0.6575700652016847,1.003919551541843,1.1129796884805199,-0.857962003698387,2.070829293410581,0.6382371467265724,1.1320943342072676,-0.10947883343500608,-0.6194799564466336,0.28694784547580454,-0.7191474687292976,1.0264696764383352,0.143424650113122,-0.5440105557689923,-1.3108219221675488,-0.21446710566254135,0.4444485523649844,-1.2248333598070649,-1.229288355047109,2.675835264220039,0.10161336910061713,-1.4870700143049587,1.6230854551206875,-0.34782413217694375,0.19912385019771328,1.4922506892110166,3.6634082604898754,-0.49792284822708366,,1.0660234669262136,-0.351790689918563,-0.5534557899701475,0.6454680150004943,-2.5311167403128665,-0.5391967575958834,-0.6173562643466246,0.19153858798497403,-0.008390429926474763,-0.49876320836867993,0.4439275965510525,1.3589918762336728,1.4553602676970145,1.1394982383456487,0.5428437055557067,-0.05856685051376376,0.717270721610852,0.1467165596291009,-0.942075017945665,1.92003735800359,1.8662157937051393,0.549861248769079,-0.696772593758721,-0.5305654154387329,2.981612493056085,-0.16202419814091984,-0.2595523370770403,-0.5007910935788229,-0.5287002002000274,-0.6534134283847748,-1.384880312945136,0.6027279721035672,-1.1686142234291874,0.5381134286299716,2.1602715769982517,0.8813772478399873,-0.47401664426797163,-0.9506799008970779,0.43710412754440764,-0.3823758257517573,-1.0453262455460965,-2.4638531677030007,0.16691390171543752,0.21593427687860434,-0.8932953076407513,-0.1784321615726725,,0.44672372147376294,-1.2332766393175598,-1.0076074267656443,0.3965936777106993,-0.009161333782414793,0.6356512700448125,-1.9458650117076703,0.5438027025593595,-1.7257250235731103,1.4579565231581215,-0.6476240670020061,-1.2041856411794671,0.37916622560474345,-0.443308394201003,-0.5081195154110763,0.48988857006222464,0.10371500880683726,-0.42230341212705635,0.782652084596025,-0.33840278501688914,0.4199311072778711,-0.23496962453651848,-1.1217531784745494,-0.19785207132421156,0.41389013690176224,-0.2816043116507405,0.057132683635829906,-1.9842432234831842,-0.5144822096469159,-1.3225185504089354,-0.6154813451981878,-0.14874125460763166,1.04466653932771,0.17604858428081904,0.8658029380867571,-1.8495970490053693,-0.8715888444583375,-0.5310970710578955,-0.331143177276072,0.7894095839027226,-0.5516814834627626,-0.23893017042472264,-0.019279610688960336,-0.5259457316893812,0.444249108225403,0.1659550587581604,-0.7474548572084405,-0.8161624639591913,1.2935157928959162,0.8667377029091261,0.41976085755359716,-0.8777657558980967,-1.137053133554744,0.4256864431786411,0.31084433743882034,0.20072294326980433,0.36586590975808964,1.580201793987257,0.22632767040497992,-0.43499298336793224,0.9290441214902412,-0.3724029497003012,0.30118866041095593,0.7047828598488071,0.35782168159295136,,-0.07855347131013879,0.5701271735039537,-0.40909358090781556,-0.1900617984513353,-0.360809601776213,-0.23473342743285386,0.14718594961449227,0.824455754331832,-0.2974992296689405,2.311762254784888,0.04265474351263787,0.5957685070221874,-0.32478594235997305,-0.4896335799194018,1.066969770236259,-2.491408533500472,0.8495565495664437,0.43744388960620384,-0.7299263086460783,,-0.812576276210053
-0.8136159307433388,-0.3487834400733525,-0.35650343619757496,0.1583132259311837,-2.1791553099564487,-1.3603028101642378,-1.8518542254844728,-0.8991089871512092,0.6579837346682993,-0.9535031092380741,-1.0659465975328075,-1.6836757761212184,0.6933887546372919,-0.8582563214128425,-0.4938987254108351,0.8884423957667309,0.5574852342138392,0.38486240925286186,2.2578018712987813,-0.6912309622079005,0.8155570466183759,-5.074721609482424,-1.6233227077679935,0.7606303087018595,-1.412062128332292,-1.7049019789492914,0.054234447436507516,-0.14701642025274353,-1.5152364735617874,-0.7891961742251818,-1.6858359085038077,-1.533107575217274,-3.350919507552186,-0.7037719831552769,0.23336356024670213,-1.150029234726191,0.31334834539435974,1.5606071862750204,2.546606825123754,-1.4719062465072819,-0.467027744051296,0.46373288985543937,0.4327301265713679,-0.7552733130420597,-1.0555406898663522,-0.5570272964864453,-0.74130854969503,-1.7132808765803031,-0.17112043687873557,-0.18480748488003407,-0.6265605552918108,-1.0044238836336317,-0.852557104571694,0.0,-1.3382473190991395,-0.18905025554419863,-0.7934774696076285,-0.2889232990610835,-0.8425153273412422,-1.0997374793951797,-1.6646556184154448,-1.7090631746601304,-1.1498572116130035,4.571955919719484,-0.9066319606871431,,1.3978303498793698,-2.1375397646638983,-0.776321971516114,-1.918054347391407,-0.8937564325916969,-0.1807024642456856,-1.0806379348449524,-0.021242348006123013,-0.21813557987440113,-1.2620156299795293,-1.3930089619151098,-0.17161146184754283,-0.5406585347625725,-0.06160874649450143,-1.7826355861778276,0.05860117137421739,-0.03074331522803231,-1.626836618113292,0.6981004319824402,-0.4888507773468165,-1.427554330757863,-0.1491464237277973,-1.365055914154134,-0.8069562685848464,-0.48056818286889014,-1.081962436222228,-0.21561676891540538,-1.094920328395077,-1.1737821018414807,-1.1159690396418287,-0.3175038723191137,-0.7283439982413542,-1.0796070017094261,-0.8650738716598161,0.1711811499345517,-1.634291653040909,0.07327468891058508,-2.888422236920729,-2.205026215831396,-1.4519383869586067,-2.9872767025955094,-2.5757760779406724,-0.2082899369479252,0.0504318980178331,-1.4093791261883815,-1.0631344753582295,,-0.6964308993221868,-0.2800868676057777,-0.09557453362318835,-0.32646042315067625,-1.4298828768864458,-1.923622388250379,0.36030612687256713,-0.7011109575975061,-1.6439357357826423,0.15589359237853095,-0.3716118875183416,-1.689929483426167,-1.1424405376267655,-1.6259632115336764,-1.200860008778637,-0.2437533729165442,-1.554204069857168,-0.9964185136178361,-1.782312622886273,-0.9106318242098399,-0.23322083356143164,-1.7573516414657542,-1.3341833621524302,-0.4584265114822794,-2.190668781520977,-1.7445833807445466,-5.497301862123538,0.4283007279403339,-1.0479011761608703,1.5290079171392357,-0.5478381981433023,-1.433613434173009,-0.46943245218815655,-0.42585133075527803,0.29974642240082616,-0.22568268702898298,-1.480075030620287,-0.7055704141571639,-1.661231659481066,-1.4401220652223268,-2.072998441034557,-1.197502263323802,-0.8931955777110256,-2.5632205643382533,0.05405256037811501,0.16571237120774907,0.4898343810069816,-0.6150751624716011,-2.3849757786067682,-0.812523541955934,0.11399958045543723,-2.2794367490833745,-0.4004860950824196,-0.6306550125712795,-1.9877597546230752,-0.8791867291410349,-0.7311462904835087,4.089244918491541,-0.8844584608608042,-0.5413119068693129,-1.3056525086590276,1.8076321083909885,-0.777034188672987,1.0799983747907138,-1.0002975235838152,,-0.4716269916299809,-1.7585398001799812,-1.0573603393750797,0.17772774646847012,1.637267787798935,-0.4626469754383189,-0.8896014031573918,-0.007295174295751661,-0.9555399321397151,-2.0570748237283443,-1.7053263323732915,-0.29286880561261164,0.6239579640714643,-0.09422218677661576,3.6585268055863596,-0.881060600077066,0.3887945218571609,-0.9627795213423718,-1.1948539804551128,,-0.7866730452341097
-1.3544568749247143,-0.7056502687480259,1.8235313717317458,0.9891927155452507,-1.6846022534084182,-0.6850816170707819,-0.7294241704928872,-0.8472332928779025,-1.6032490206415173,-0.3833688793854373,-0.35914381377410987,2.9935187185580636,-0.6179860145826943,-1.3486375065520861,-1.8435804798912603,-2.289631360333233,-0.9597688798382187,-0.18631985549710794,-2.324153812646579,1.2647504221067418,-0.7934063801297575,0.4181598322953395,0.944022663006594,-1.2544388143637009,0.12018197244578754,-0.6878918016251845,0.03614265504159331,0.8203166296648634,-1.1037614641400073,1.6793414778699445,1.8510621604614919,0.3892444296412556,-2.308941423104971,-0.6185593919128651,-0.289267541168825,-0.5369612687340264,0.054327360960226834,0.2854477511007536,1.0495517204792915,0.3117722172732096,-0.7038341177166396,0.49456379994954336,-0.3937211111985639,2.0656363564508284,-2.4425745315334813,-0.18004945546810092,0.8254675828109459,-3.6913538688739256,-1.1838487160134026,-3.3790012186284413,-0.6505146839216103,0.4094069849206905,-1.2789983155209628,-0.6134387625054472,-0.4977600947639993,-0.6708189203717296,-2.597593190490166,-0.38374335835278384,1.0337772055182937,-0.9597051739937412,-0.6689443432177811,-0.8896065188409019,0.5339434654552999,-3.8924787340194555,0.4455869671397439,,-0.2283455483305552,-0.42992954060493416,0.2679467917604095,0.19979532264811084,-1.644927928067108,-1.0359015914392256,-1.4194983200885636,-1.0623169222971462,-2.1777490137763422,1.3916261166893928,-0.7743868294386669,0.02148744715197992,-0.24110998165700614,1.8671809185263788,-1.4738008546008818,-0.9956094237207558,-0.21525054778174235,-1.1677967362789587,-1.6176033659175082,0.5871061453108117,-0.8930724379329957,-0.47298255566586844,0.2392794494202377,-1.6614889282677514,0.2503857171811008,-6.207275025175751,-0.7376536759436614,-0.8302828844606758,-1.822670066982679,5.081236084049379,-0.2327533275579441,-1.3253649195429928,-0.6459341979135558,0.5712833950994423,0.13067953357459583,-0.6792056643838973,-1.4094881419237537,-0.3048080354646987,-0.9592579753386898,-0.711261442661415,-1.0978238447041822,-0.6290958041889061,-0.8870799302560961,-0.42155279264279866,0.365686647225294,-0.19019216134055217,,-0.03445699327427887,-1.1644241934900212,1.0762509386627483,-0.5895698259682614,-1.0786623648055382,2.9566791580861285,-0.22645576761133324,-0.3093300454355963,0.24691126172244893,-0.08797120718987417,0.2690473367220836,-0.3413962179697916,-3.9049409750294695,-2.134538015329268,0.07683172075736433,-2.0925373529786184,-0.815683836211134,0.5572885339903522,0.16850634112481888,0.07787571897344137,-0.48363533454426344,-1.0388436095155495,0.30144789824162466,-0.8837508398814697,-0.9989112364796493,-1.481768344158907,-3.048613018401536,-1.6291827039354723,-0.8252136595361725,1.1248626167943643,0.31134826951839667,1.492250111927218,0.028074115665366328,-1.520603417207489,-3.8307368367737626,-0.056548291460878364,-0.1487404252358271,0.28807174590230744,-1.2592921835664739,1.9653133741913686,-0.43232529864023483,-0.6948989397612682,0.13616007284771303,-1.5689479148829122,-1.267189400806612,-1.1579923722532803,0.5836098749196106,-0.008360754234926215,0.21161990452203128,1.8623281724786667,-0.6737430497960828,-0.864233109846213,1.0207126677314493,1.5294151567640801,0.40099036229976903,0.6512089795983389,0.7029555062420201,-1.7793197385773452,-1.3859874076599832,0.5331982513891331,-0.5622467438257672,0.1589166611651427,0.3962348559577,0.846233445145872,-0.5902396839325807,,-0.34224793116918173,0.30029107519189413,-1.3146726882952486,0.07604070296463039,-0.5496867681785367,0.15139554665646315,-0.5229472369653432,-1.545505571039596,-0.31649906483192103,-0.48007272504343446,0.10410130440845489,-0.10443813360800913,-1.8258205397169713,-1.3203354308456206,0.052683669054154336,-1.066665649414067,-0.9897477116431519,0.7406884436406136,0.2790672834529495,,0.41012850715496096
-1.4213834511136447,-0.22741840945742497,1.768203523483991,-0.267592733914912,-0.12787069874781176,-0.14333332640426022,-0.9503293907146326,0.6324377791364411,-1.1888090547148122,-0.4618214575812907,-0.7352906236233858,-1.2568723736497645,-1.9099209815957807,-1.0160819682589528,-0.043345190731214345,-0.6709298201416414,3.2683404130110283,-0.9333382720052574,-1.4696632639886076,1.3663075295997418,-1.8033558329555444,0.4164384873431626,1.9920126310496,-0.7195109636717545,0.07002967614269107,0.2523339454348239,-1.1831594644854393,-1.247609946554551,-1.6977734090212748,0.17384512666758223,0.2394997023597023,-0.6344707291632057,1.3743068221732102,-0.5575690856963744,-0.41038895707117273,-1.0077447458016309,-1.357403965873616,-0.7590078307241677,0.15323881516704496,1.5928477037320032,-0.7088339859085746,-0.9104329927196786,-1.2828243980530396,-0.25297498498393356,0.32864774422729504,0.1336117515124302,0.1429437020724844,0.21958175903307176,0.5475240302694528,0.1245625341552925,0.3827928186564744,-2.8209345088067384,-0.5928903997316937,-0.3237924517784929,0.6378235088559725,1.3824863250377684,0.18833810456531097,0.6289306961310581,-0.3924610683806895,-0.1235259176911696,-1.3056652043333283,-0.4079967258661221,0.6828460558005123,-1.3345711775662572,-0.8990397796531657,,0.601854049474082,-0.7494159341835727,0.03562785876918273,0.38670874738275796,7.150171127608318,-0.43699227745961355,0.46449619965045486,0.3006411051993618,-1.1775905589908042,0.9307265684045829,0.735500009333756,-0.3115286275270024,-0.44383849363904826,2.3949530025119126,-0.48578625133421927,0.3253524112569517,0.14381201464388482,2.402853127631599,-0.3880690977570711,-0.19058879633194747,-0.7306394296565322,0.15007104478219624,0.36773846234650076,1.2338673768144126,-0.8641817131012974,-0.6413918685110542,-0.3377787852108183,-0.24307115665511692,-0.007609739860103826,1.7069623575702408,0.38064629616409995,0.12592646791653728,-0.3362728551142724,1.5480693681181323,2.710571227788372,-0.683850415139442,1.763832611171301,0.2686798774810706,-1.5476780799311474,-0.2899568476844805,0.8392794724415342,-0.6929589982546669,-0.8423712643120473,-0.3957310227548194,-0.6790242981812189,0.6288111361131721,,-0.7704763446151563,0.3374659712320316,0.28394196965815244,0.33278306131743207,0.49820696160887135,3.824274196532085,-0.7251928778560179,-3.069141334490244,1.4588882881997334,0.5825332880021072,-0.4207803019503076,1.3642617247913602,1.6875191092373454,0.059394193798523176,0.7887425185953978,-0.44073072505773636,-0.4642503567520939,-1.7370460500965912,-0.996377465804843,-0.8560333182712099,-0.0890883946858656,3.000167427701683,-0.3907112027503934,0.4269788168950628,1.3794734618308047,-0.6482977527614286,3.9320127146777573,0.23704547402971787,-0.9984719696268685,1.1766808041302257,0.5730187608267823,0.055833080347467146,0.9261857984844246,0.06203824623980392,0.275440361898438,0.4865890838034126,-0.17875250185990232,-1.2064365978259883,-0.4479340960736433,-0.3603492523718499,0.9133158838832145,-0.42309723930350485,0.0,1.647886778059937,0.2089366432876938,-1.8549375339489416,0.5736312837969049,-2.015725816147418,-1.5358031010638151,0.6074970039584793,-2.1050310665963745,-0.3639441402065735,-0.7042196581680371,0.17420939434347193,-2.2503843117143374,-2.62145692102691,0.19169841036816848,-0.1285487899986837,-0.30804746176837927,-1.2833486096899605,-0.3658637737478765,-1.9696923949135692,1.9578615003923439,-0.7035185422274437,0.9057119968500116,,-0.9509865196401512,-1.3032746065879786,0.19476242605038774,1.6588574426472436,0.29171877087001974,-0.2996749096481399,-1.7104844066203384,-0.3757519557179956,-1.3082951405499088,-0.25457973081269847,-0.6845769927625422,0.7253028125641547,-2.3650909799801223,0.5840503037336076,1.6409264306838978,1.5274040839709846,1.5356708214915527,1.0377591609172399,-0.5565813305066336,,-0.4846943952698357
1.5595871656990168,-0.193746262707839,1.3588029780887911,-0.25312448212939653,1.224010279263199,0.43510929829875256,0.9792309014898581,0.04680628835229683,0.3255424240221849,-2.2682330081604474,1.292668760212412,1.856273614251247,0.6248801527828141,0.7185665348033554,1.3586816555548165,2.238124301353439,1.1598656875750901,1.4566810003084907,1.115132294521981,1.3065348647859132,1.6581510070735828,0.06504576746555468,0.07081933924515393,1.9363615994983263,0.799765040778988,0.8636383862382191,1.891962084489185,-0.05492740964845311,3.2752978554408285,1.3710477725585868,0.6394911443913909,1.6495208853698928,2.2793309670033235,2.451422463221098,2.3019562221080037,0.2545009059582215,0.7155683262825674,0.27245444872643354,1.6321047152085155,1.6061200064340753,0.6159036375873006,1.034681211138233,1.4808044179841273,-0.8342794335349568,-1.8403861269772892,1.2142182600644036,0.07785947754941347,2.801945600808997,-0.5068050418714498,1.0095734496330167,0.6221812476145505,0.5700737715992332,1.7892705653988594,0.2842434460480714,0.8947448860208151,1.543890604322895,-0.2331002331002363,-0.1406280921049219,1.5549163340052408,-0.6211488518833463,1.1697601500627153,2.0278561345643986,0.9231434529319626,1.511406186948916,1.3190043646896354,,-0.050566920527783665,2.250227021039275,0.17452567188196433,-1.143611023065294,-1.861991812561159,0.5920174882679152,1.248349332936316,1.1204747222019806,0.5653645353938197,-0.5486155523073633,1.0752274706743448,1.2392267463010365,0.6400355669661018,-0.5741780865194612,2.1121388526548213,-0.19900226683305933,0.23078937961622525,0.7356940681363389,0.6048762890637827,1.0621757068310256,0.8096206504507597,0.16234001107739982,0.45639412976064,1.274242686828564,0.5255019668495953,-0.2640849405878831,1.528956111067603,2.860759548279801,1.3468397041546787,-1.0559585353289824,1.2966324324282352,1.1737891562656921,0.5323713800811758,0.7314899368866756,0.7428403870589406,1.3241536694521772,1.1129370527440452,-0.24024501656371156,0.6693704998986805,1.59083990331641,0.8949381131144518,5.496207303935985,2.973346037702318,-0.23561106704005352,0.15007164262899053,0.8237126630672442,,1.0518189790121202,0.542828128727213,0.3161644087418036,0.8669264327647808,1.9736102601838112,3.1356985337662513,0.4739840155927544,3.1454483198752436,1.4052333172852371,-0.16836339008402534,0.5205490159645221,0.1956628054010645,2.603733067850822,2.1289309429247893,0.07964415944421432,0.8346899041324463,2.092228000032792,0.597673246424546,-0.27447317292652595,0.4395657863894842,0.8836603220439443,1.0312524798248512,0.3836202642729436,1.3004808476519747,3.879949098928215,2.101143294111818,2.9709986521292198,1.1139410015694295,0.14007496682726384,1.6536476192781313,0.6251495205303659,1.8787298659731722,1.852060557737767,0.4615680541207201,4.789409108192388,1.0810783317497075,1.08939062723179,2.1321993889099167,1.4935661694503333,0.7737602314618064,0.6528233549913054,4.314422269024587,1.3403186310904314,2.611561574996113,0.694997292624211,3.510007966347639,1.2980651442406232,3.269318170291702,-0.17547076063826328,3.7092418938784233,1.223166001225584,1.1807683145173886,2.127654873890039,0.2813139953108834,-1.0685888401263832,-0.05727807638233884,2.5643210025834806,0.8141599511165554,1.5643132336551568,2.0544519240435433,1.6557592966144785,1.8418268777610658,0.03657729205728266,1.0670102979035256,7.978448185696085,,1.4935182247566736,0.33904622972829035,1.7339289040866568,0.4297452043779959,0.2755586559272105,1.085253776096784,2.1074580003685117,0.7990038418873135,2.131868086048372,0.9605006902289714,0.3053827635544737,-0.07784842008674575,1.1141508320358984,-0.8868280073720536,0.4230291764876215,5.84070651568005,-1.8691480196240562,0.22740115858848053,1.2126876045027268,,0.6512322107500523
0.07726767548381641,1.769911194256668,2.373500017672403,-0.07105719248182707,1.988365738837583,1.0942478028154623,-0.009798865579535576,0.8219667580973367,1.0510761504665567,-0.008792131782786594,-0.7456283373950545,0.8200953604799555,1.2330169266228985,0.05558032738290919,0.5917960234490316,0.5324921255628556,2.010837968226098,0.2750193364038145,-1.0887838584203058,-0.04897360198301559,-0.023560736843830643,0.2112811821660232,3.3782775325958303,1.79960220547144,-0.04958872178766338,0.29357621572958514,0.9598114273814851,-1.073815615552054,-0.7462132515430486,0.6676977276206308,-0.3421567306026052,0.6281603283156745,3.677806755713142,1.5527584218091084,1.1320174859852372,2.2121477714089455,1.07937711635111,2.378806956146251,-0.2620762447537839,0.18817721776924756,0.6121334851851401,-0.3277075874526747,-0.08189075749269747,1.1576231140169924,-3.83471621510193,-0.27683899026134107,0.16857512616115233,7.62125864744625,1.2625986079380924,-0.13738078346946514,1.4062004901998382,2.482762549358597,0.12296807175549151,-0.0506118799168509,0.8375400404595723,0.5093737607352544,-3.188121796804344,0.4068225086157895,1.0322793592941082,0.2682636712970199,0.8258760946962873,1.8470149722385587,0.4853421037047445,0.990671214170713,1.1545733126433033,,-0.06743926419031654,-0.7042233244005436,-0.09956266962399818,1.6987315084712629,-0.3517580011011101,0.2232410988758149,-0.6066929706809443,1.0092356070286357,-1.4097860807532836,1.4730038940066859,1.876779838375886,1.2346941528923017,0.41666459343940865,3.014852739364504,1.647170244752738,1.0634405240484757,-0.18932767732885436,0.015368243164037843,2.078875952945447,0.7912139030851639,2.190317915375428,0.41142105421088093,0.8318428899869224,1.2240183169691443,0.6519048445378095,0.35304185336590965,1.1350213848370094,2.649581981405702,1.861989290662125,0.9692626110419544,-0.6279376981425,1.3851084718052187,0.3579893289635816,3.106121656564742,-0.15523430678180405,0.1463679053984368,0.7217618505134693,1.417193964592789,0.9570775933923636,0.6061668632283856,0.8515147994401451,0.38380665188291196,0.09280843225503155,-0.4538116497976974,1.0156520310679262,0.27232379227573045,,-0.027003697666794224,0.627936199447432,0.023517579824705592,0.20837157385715788,0.48615384062207223,4.699942629364817,0.3635187110574867,0.4452831053429973,0.6537429461559885,-0.26308387944284917,1.4316969628645593,0.16568594102384093,0.16731231784226086,5.672288277281767,-0.11071052320696939,0.2433074340197905,1.38362524086717,0.8660698485326357,2.9095639182958655,0.25007843185502754,1.0286026760417455,-0.746127958341336,0.5539110689669613,0.2345490560704766,-0.5314352983486148,0.47293042302058996,-0.3600004627155595,0.5323691564081301,2.7696247490890835,-1.6535564399696279,3.232154659948927,0.876388781330828,0.857311786887216,0.06170649527679206,2.204598181140227,4.801697615127365,1.3876483984018861,0.5883405121746232,-1.293026083355997,1.2435264259685663,1.5035345575754144,4.1829824870660115,0.658110679344337,0.21832310933433963,-0.30073065580881186,0.1510155318651174,0.04206783094773403,0.10744838599292539,0.4296875926273369,3.6763849478109956,0.9127091978413882,5.952478419828222,-0.6743082791414667,-0.6120547718759695,3.296000139608646,1.4270188926895244,-0.32241067142882995,-0.7541425500163568,1.7493785249590665,1.1893100299031678,0.9457542813495756,-1.4687265264907268,1.3071311218222137,-0.4391791010635915,0.8312607744294542,,0.06569802293492355,0.31418357138979225,1.4062981939877428,2.120929567849039,0.09414746899056858,0.4131214507198333,0.6410757563912073,3.5596495050625343,-1.4118152903681347,3.3264572135585757,0.3131472162048121,-0.798539931586062,1.4217664773859218,3.461866818069259,0.6963632714627188,-0.919729567946459,0.9087575512055857,3.1083436636679673,0.36866322992339384,,-0.15224006538411272
0.44392695838033625,-1.5876585549138733,0.24687250927892812,-0.41648097961588526,-1.3195801672747143,-0.6494443331193533,-0.38204970861512866,-1.000861189133273,0.7329864235656736,-0.9319405543803061,0.2022483898032057,1.5235640434748454,-0.4800871163998188,1.2871682922360073,0.2764411516972709,0.4610026644251475,0.5139837898499033,0.007122172894247214,0.6320547091913653,-0.5308289097590846,0.251397194524694,-0.6649304889976171,-1.3691225423721587,-0.7092942006154068,0.357213498285347,-0.1073332933595128,0.21324411545067257,-1.2863244089414416,0.2483624084758329,-0.5102036989232395,-1.2822293481107416,0.05202560687962432,0.5479161596715354,0.11278696655907527,0.274691163946561,0.01773850082402717,0.02703516836835007,-1.1501352731287828,1.017499835271729,0.5634866324580434,0.40099203583299214,-0.3616643611427328,-0.7078403722059701,-0.0532326234181979,5.905732754791848,-0.8064023528633779,3.663423308066771,-1.170255791802055,-4.735915501064792,-0.09486116360996055,0.8261116978614202,-0.3694694339707705,0.3179062037834246,-0.1114062756823131,0.6717967409299641,-0.5375133670552312,-0.10120669521214154,0.007791442794302661,0.15771841781386797,3.351261218103696,1.03753812674654,1.2615857614951098,-1.3746889889605485,1.8988124474188073,0.18634441858287332,,0.9363943711196532,-0.536844474046283,0.7153883231541869,0.5747497098664844,1.7462790606162182,0.9010763931792232,0.2822303506535784,-0.30742868099115084,0.7807637370131681,-0.08097207939351536,0.48560850263663635,-0.0946263016852189,0.5721739291545846,0.5441048544170934,0.6146664146995384,-0.40190590472455323,0.48703199573436606,0.06150118826659945,-0.0998287670450404,-0.41006875689368893,1.64325679345938,1.1547028399641501,-0.5901803801436678,-0.24995752867321697,-0.23829102557153536,-0.4983933761378623,-0.11736877837424942,3.7606875795631156,2.255479019770079,-0.030629019363936916,0.704827337274061,-0.7589855008734658,1.4863196432183479,-1.2606480409848464,0.2234962588669731,1.3988905339914037,2.6513788916224135,0.17353285350534264,1.0478027474184248,-0.016740783456381525,-0.37819138684889175,0.07320791167355623,0.6284810194242318,0.6047357958724797,0.04944671514239829,-0.00936416830733533,,-0.3339507764328342,-0.22744477449692102,-0.6019801934395219,-0.3508863286956654,-1.1592748586087942,-2.0542693356182085,0.23226387358843414,-1.4911344977488694,1.980517214521127,-0.2570264243136444,-0.38440533825998546,0.28947979886631003,-0.22272938192852143,-1.241756491552004,1.7803911325776856,0.46961076375047206,0.7209976463113499,4.48399339998613,3.8334145129050423,0.7951329411423957,-0.055676157803652426,-0.018052177424165983,0.5594029975768189,1.046796455303567,0.8578541804970641,-0.5534010583546856,1.6949165733946447,-0.872389126056583,-0.09526790124587681,0.581656544207787,-1.135061823274719,1.1402712929812875,-0.24905119577355306,0.198739382120805,0.5524083634093291,0.11693160111232448,3.3488682624047916,0.7547117956558047,0.10605300378170313,-0.33797047114066947,2.875404742070886,2.812033133398062,-0.2983431547231463,-0.6019281842008617,0.1236242181608338,3.1802647980167187,0.6501482931328351,-0.7183579535973816,0.8945881961184288,2.4549406979934796,-0.1847162662514501,-0.5942974850891347,-1.0436771046407611,-0.24632830521725824,2.0375282216037016,-0.7853982385580105,3.6352890544711025,0.2453153823748444,0.20557019959257516,-0.6227149868857973,1.060510071894183,-0.23361029894130025,-0.4481384353624107,0.5768453160206244,-0.5404448070558732,,0.3676496380312644,0.992792508243201,-0.007538710155652328,-0.8319690662176304,-0.20336675623205958,0.10744135632481111,0.10875475802065715,-0.4136204734869309,-0.011547817942392236,0.5730488484265495,1.2660473449549015,-0.28795926438945907,1.0584008112243914,-0.8030503720821702,0.12806122865245406,1.3502096393372964,-0.17291745626423216,-0.46577709446411486,-0.18365892684232277,,1.0455226322433564
0.211374130113251,-0.8436816612290232,-0.49788793332460335,-0.6426272792316778,0.19605994921549907,-1.1606209557804448,-0.18684476039395603,0.04687209793716729,-0.790020350338827,0.3194789848284252,0.17301214666529674,-0.9029621127727983,-0.553870193082806,0.21940774377104955,1.3925263065310167,-0.07809458860024154,-1.4891033698029577,-0.7942235924119911,-1.4396581142009368,-0.5418699167436425,-0.7314142510092436,0.10611852424944335,-2.432878486984702,0.7803053307168906,0.02966082347433119,-0.5811700706184753,-0.4876339658809625,-0.46321829567242956,-2.0155332761691236,-0.6666704723552463,-0.7878504345737114,-0.7625750507243123,3.4791005601643388,0.1502336913037361,-0.6642878639507299,-1.3125140033822036,-1.1081083923248025,0.037695095701528736,0.5313011639817677,-0.7969093321984699,-0.3029788096783004,-0.5114670154636736,-0.810447956588578,-0.36613248300444434,1.1498404649687322,-0.2931900496179196,0.48701658226000255,0.1518125901696088,-2.387369725940236,-0.6124800357286908,-0.780326389356889,-1.905322019025213,0.09362128964327532,-0.5272249641327664,-1.4559572703556012,0.3088103925992014,-1.581982543640903,-1.3790353586220272,0.13008778003160693,-0.49372751091784073,-0.7836779798950366,0.4282678907441051,-1.3938731643481805,-1.4580883692003166,-0.6045089266973558,,-0.35938241476031196,-0.663532141115486,-0.10248497061626782,-0.30954836788382734,-1.9636056648360878,0.06020808426916435,-1.1257361928880494,-0.16821175569381452,-0.7921269387002772,0.06946088340180623,0.3153838619859739,-0.926119549967297,-0.8859545933945334,2.468024379887912,0.0740470013758543,-0.23476497762444648,-0.040809176963674254,0.17666489609704517,0.8394163783819852,-0.8941271660127925,-0.4686043538860596,-0.18411588937489176,-0.7724253324566166,0.24380797819487654,-1.286218824861629,-0.058928870279717493,-0.17624651976001493,0.07413179988733365,-0.45412040460171,-1.0470994161783431,2.3048112583469837,-0.21767707301950656,0.08788550441831688,-0.2937153174881635,-1.4640294745006832,-0.2676824146827683,0.9598600483215369,-0.5014623326220158,-1.343076592453385,0.06695386440438433,-0.47673322263488416,-1.048612644771707,-0.2354855906852582,0.046236342627548055,-0.08236707616892103,1.0489900329327728,,-0.12811561685820427,-0.17535579598262352,-0.30755433163159873,-1.2552073211955728,-0.24936518899520976,0.8933189178916834,0.31998557244063974,-0.4159280988640601,-1.62809684419567,-0.35261008296532115,0.7114830618500712,-1.1251163914128282,0.5766449524885697,1.0783118910102418,-1.5824934122849577,-0.09190824097414785,-0.5368798505585137,-0.84163597789364,-0.12264931783066979,-0.2165532851778229,0.2546669724868833,0.5954904151423968,-0.7303960928640496,-0.32907186116492015,-1.1639257694491478,-0.4477379380846469,0.1201697402364088,-0.6237645754800347,-0.2588586152093897,-1.1114072981781131,-2.103569839632635,0.5905447651161966,0.5970473216585059,-1.0601170847974295,-0.1896615553556691,-0.37162880073952076,-0.7326035130533981,0.3932534335992388,0.8225289990634321,0.024813567053194596,0.15527382130431366,1.1262330132374432,-0.7958179116025921,0.07497251231602942,0.02963028074629559,-0.33214240440013754,-0.4338429472622751,-0.590477996372496,0.7902861714942366,1.6600587772865882,-1.1549986234733467,-0.47827260736345023,-0.8806058692133689,-0.3035290098217125,-0.648029965220176,-1.0763679130155968,1.1816886103518165,-0.9131836789319614,-0.596791684443565,-0.5777843732723276,-1.4420973070764065,-1.243237511758688,0.27191345547601387,-0.5398122571823483,-0.7644071578187583,,-0.6541037609499978,-0.48565710011635455,-0.8668208403969313,-0.09184966872073375,-0.42029673275022494,0.37172103816767166,-0.6130208737487375,2.391752947947823,-0.0654546050100735,-1.062736176965151,0.7364238125782574,-1.0501495352889023,-1.3663538879623904,-0.8510609088448806,2.003754804752167,0.08326585088471727,0.6567574771406681,-1.2306570165684705,-0.2299872934082181,,-1.077819172398331
-0.6136086837580601,-0.23571361212582076,1.4796083267638371,0.09240214981141026,1.881491167495275,0.32393015029488215,0.30541631388547597,-0.48183205615913716,-0.677564400593722,0.8138702327448399,0.21588946838710932,-1.4630382654484908,-0.5569550008212354,1.1950416743184311,-0.22309317004699514,-1.153031006764027,-0.35937077714328636,-1.4000990693265103,-0.47257366531555656,-0.42926144439386915,-0.33682566687518456,0.15492959430203346,-0.8199419682053177,-1.1504935600417543,-1.156471599214326,-0.8891303664166128,-0.6147557770826095,-0.25226837666356694,-0.9909048377949481,-0.8087980082518209,-0.007147006368157793,-0.47152823253920895,-0.22278663008942212,-0.3875036126826714,-0.4619022153593222,1.186189203483834,0.02733071529035236,-0.8617132222214607,0.633080425917143,-0.7279977106112279,-0.9393565302937112,0.04145832882267442,-0.7414150925845631,0.2672624273132085,0.011783313431745768,0.648258698724602,-0.049709329311109496,0.1697578248802234,-3.706043432669137,-0.2818535520332843,2.3004291408615263,-1.607268411742313,0.014389803410197466,-0.4790503839782523,0.2831799751786379,-1.062105364209065,-2.3834032781692938,0.2765018819228082,0.15726547536336621,-0.8153394862989161,-0.5447328088203585,0.581508016675758,0.09552142002038355,1.5367929638293587,0.011704190928485403,,1.174304692386574,-0.1744674200711227,-0.32544334356779947,-0.8240192689922488,-0.3350858928228617,-0.5114327770677218,-0.9134748796232661,-0.43527634670234017,-1.0792309753552276,0.9775049722679396,-0.27366503493452266,-0.6373443410848556,0.14021318455643694,1.920458522900037,2.4973586382880164,-0.6912867917709731,-0.4746629022842841,-0.3220573648536895,0.45585082526895526,1.0446479900424688,-0.6356015307580565,-0.6025562117769279,0.160835197699849,-0.06756110299547258,-0.5397930006815099,0.029487431516517226,3.803427193407205,10.000823781675772,2.09268529845259,-0.10323546862440747,-0.9554134893505095,0.21224795330270219,-0.07316463299393838,-0.4388606103427617,-0.14759421430680097,-1.0219894122827533,-1.7113239092736099,0.28406300776262494,-1.251251732196601,-0.6523889801238747,-0.6830532109310616,-0.6654068702017679,0.8107515579812041,0.023114551606306932,-0.6430395772269226,0.0,,-0.1554223082463002,-0.48600351430080346,0.25628648251325714,-0.8122370348748631,-0.611055456021603,1.1548793735617569,-0.37396075562513564,-0.712093122791313,-0.013680245358371756,1.1636568223360788,-0.6406003045742126,-0.38725052129877646,-0.6565448162881071,0.043297017151333606,-1.4281271032081655,-0.20237637255526852,0.7068580889647347,0.06404960290733452,1.4490971115757034,0.48054741032514947,1.0240587782151644,0.4903105642117156,0.32510415799547054,-1.5040309912812022,-0.7095872794012359,-0.06425207933411503,-0.3600701475889423,0.5251484112588578,-0.36881323182473835,-0.11879086429397168,-0.8185671626124602,0.23128339382596508,-0.1618646789944056,0.8295295204943542,-0.9697966999767105,0.8206343714383779,0.6528624444954056,-0.9699571181094657,-0.5191648793234527,-0.46307600864915477,0.6624458051872839,12.221580764707562,0.06417426942348925,-0.34578566964390545,-0.31104993142634374,-1.1730174830231976,0.10973814078247823,-0.20078938075210884,1.0518266251783093,-1.3813333965397523,0.09360628673125149,-0.38446153353686174,-0.39255741541572853,-0.2734992793149704,0.3564665900236186,-1.0074950814547456,-0.10282081479168204,-1.421560514659792,-0.18761440066130675,-0.8485152236896831,-0.32007330766086195,0.35000069190711525,-1.175060775715664,-0.29680699934606647,-0.7331801304134578,,-0.03951352270656905,-0.5586009501215905,-0.4638042332420267,-1.1768349072648454,2.11546615273579,-0.4616184511712307,1.4366021236727144,-0.10024922088549548,0.19648300969661303,0.1747012632324907,0.25501955932085707,-0.3581795426276235,0.4430009858561901,1.0886629183448404,0.46810343155161416,-0.6655646783166214,-0.9751174799611073,-0.6565766989096278,-0.7837716556392538,,-0.6809758479483174
-0.34729244067809306,-0.5820374679190943,0.1325486470685755,1.200062614033115,-1.5709654682162455,-1.1973596179805757,-1.5911945349523893,-2.198909143096106,-1.2307475701191728,-0.8599447255694836,-0.4021237745305384,0.2604904673307207,-0.5419985393237847,-0.45975582756602185,-0.9991628040666667,-1.8287825237571553,0.1373956483826433,1.0522373459391998,-1.2949688886418231,-0.5057184407950888,0.015844581288559922,0.30939976088311116,-0.7814323577033488,0.24821833424522044,-0.1999950994537647,-0.2725975707891126,0.8516356801013591,0.606102112796636,0.8075627768567406,-0.20819076811406934,0.10016670400134764,1.368660789719045,-0.28419254502899394,-1.30506285085088,0.13158869985967492,-0.7460086059845161,1.5300504284100125,-1.1304127793756447,0.7439842554759712,-1.277028127517843,-0.6275336875510851,0.1491914244472925,-1.3338388550641511,0.5663952011329965,0.04711330598947683,-0.7968100761170827,-0.3729937008469131,-0.8897719074014487,0.5976134545050638,-0.8287739690574614,-0.06725972417116477,1.2838176281445124,-0.8992777767057647,0.22531006729225034,-0.5033733070518687,-0.57565295781421,-3.820571057754707,-0.05515563392686218,-0.7099989241521887,0.6462759133068374,-0.8900443980897177,-0.231260772898656,0.3435021983439368,1.2715903316853572,-0.35084542762863213,,0.008278575928821752,-0.23968568173892146,0.8765927333438395,-1.812266591954248,0.0,-0.04031869971536928,-0.2672219742034021,-0.21153108628011452,-1.259531389088564,-0.9050370082349657,-0.7915502334259195,1.3790863386622387,0.3456770832377831,-2.873514591542503,2.3101522840125455,-0.5257614543818345,-0.3487249195298525,0.1923302901925883,0.15783370659940843,-0.6813991515771556,-1.397780989025188,-0.3835252886813967,0.7707660776123282,0.344789598768358,1.0480240630868387,-0.2652524367179665,-0.8929842211180095,-5.454953938267726,-1.6171251874213866,0.8164110555533233,0.5716338065157922,-1.206092094436928,-0.4612773732662001,-0.6883662704066817,0.22664564446195357,-1.7209031349729842,-0.21103735827437964,-0.16446934824659865,0.4054747992196628,-1.0102678043038549,0.678817807565979,-1.7366879669534985,-0.9874796220679216,-0.2587567626398113,-0.43146073670456975,-0.1297726566334867,,-0.21248815128059872,-0.8826160237304981,-1.4343712911541795,-0.9620182197499383,-0.8197459297698106,-1.9662559308942895,-0.8556180028139737,-0.5516801074113453,-0.5015959872321063,1.3184507294484726,-0.32537853947079975,-1.303830671538575,-0.9494648524641991,-0.16132574603865413,-1.3435785141409862,-1.5933681193190719,-2.003583133925224,2.5887291972805704,-2.14259735103699,0.4319706883809449,0.5814886465957514,-0.6009746117460191,0.12365493872590338,0.881431455824,-0.47898187442007023,-1.1058269185796443,-0.3613713378986638,0.17310075817493775,-0.4524223019062634,-0.8233520857466758,-1.1427711128291884,-1.153704707000358,0.0756606352999789,-0.3976338371703192,-0.8337148158278684,0.6765353503237259,-0.8601298667753277,-1.8270804809420782,-1.1555619205446899,0.1412271564976475,-0.32203734252417293,-5.245522206412878,-0.8722386443924313,-1.6944206891509772,-0.4606022240887908,-1.3757671707192443,-0.8286047435120958,0.29340322809103814,-0.5488227441952542,-0.494661230630411,-1.5027798091600375,-0.8522962974136905,-0.9749018162168777,-0.12935695568689898,1.3376578867131839,-0.1337521895025673,2.138158822553593,0.08860106542123436,-0.8834609285016004,-1.6482839737573807,-0.24901516443708305,1.2601314889083337,-0.8689013323035288,1.6585796732974112,-0.6077093998855698,,-0.882617945664177,1.8803268476112356,-0.5117997701748589,0.006206587869672653,-0.20791821989705195,-0.6000178115767474,-1.1468596059113323,-1.383786828407052,0.20762236437006365,-0.40048717991996163,0.0423895111941075,-0.7122936298279647,0.09100533384684972,-0.03106590486819938,-1.3062680254392944,0.16750802735814307,-0.07240298833004477,-0.7735557931700887,-0.743493698925024,,-0.7624405334986095
-0.5130684454934697,0.3999563321698485,-0.28592737921576683,0.9932573524617405,2.4816179950956974,0.521968623126079,0.5190089874402393,0.4675398583818824,2.9977153103757592,-0.15047409282938906,0.7353966237833465,-1.2470858300900778,-0.6539533553043597,-0.38036665047597173,-1.3339002752095652,-0.4934051954403773,2.120974725142122,-0.6161172722148223,-0.8527617825844658,-1.1498980950378601,-0.9107708553326321,1.1363674675247903,-1.7996449549506632,2.145924477373029,-0.8717500817779111,0.710701940060976,-2.3822241908282304,0.10400357385977888,-0.15747243204964345,1.8776040482800793,1.500952011116441,4.742938762670734,-1.2960568738139222,0.01271266398283899,0.6156166264734475,1.216893821348819,-0.5651243662036287,0.8743194838451096,-3.301475666533482,0.0,-0.2946925002281553,-0.4717384604146613,-0.9578979301949953,2.060702842031814,0.15892713393776958,-0.10040332876539715,-0.6614296415392795,-1.4046670244963422,-1.6871507376259198,-0.8067334264918458,-0.1827120759240186,-0.27941593968453526,-1.176044529703768,1.297772731319058,-0.7157019562429756,-0.46944927710580453,-0.759045289702287,-0.22070555475559583,-1.093229707829324,-0.3116590943138431,-1.1190981464274996,1.8157162753063893,1.7877609553734075,1.416745355526139,0.1232291635890892,,0.4890939304369679,-1.0061121429338904,-0.02462452977100016,-0.9565968513559842,-0.6421823550594286,-0.08066366810288716,-0.4621872426178619,-0.15545220479449284,2.605092989964919,2.2138776649699654,-1.1155910037240147,-1.138881895433863,-0.13517911070857203,1.0912654752854634,-1.217205943555555,-0.059565712802722715,0.6072523974554933,0.5604962885484621,-0.20683451885894488,0.34303702718139206,1.2253876152237053,-0.4967683978726267,3.1295778589738754,-1.697777385668664,-0.25311965329123387,5.791959443365324,-2.3955932425669735,-1.3929587003486565,-1.33372717486675,-1.9117395976659401,-0.04737351825578884,0.22629633453674636,-1.802136354080508,-1.404511464283975,-1.3273031167043592,-0.2971407120081371,1.0750806402190394,1.7389702883163105,3.1095394974018697,-0.49328544674211994,-0.9403838209107951,-2.230265132202669,-0.9150692578975717,-0.27332813112952437,1.8166701266774998,-0.2134601096781208,,0.3293147975391486,0.8311060197318865,-0.08165925367410454,1.5662788910151493,-0.732601828363566,4.658388403669811,1.8986099016801594,-1.698913715568573,-1.3519706691109024,-1.8589841810649266,0.634754433060758,-0.9574552918022006,-2.189643955744913,-2.9519619054028556,-0.5902614263204153,1.675373178584083,2.331034082652117,-1.1466396015561875,3.179127710557972,-0.18433672502579102,-0.4609349822800701,-1.454657762272149,-0.059626119951794454,1.2675427786345894,-1.1000782592866742,-0.8386425089489058,-2.2917201359231254,-1.7527120572497612,-2.0382855483435547,0.7840671904171703,-0.7305085801540323,0.46686372827360323,-0.010804257312446719,-0.13078594959112788,0.04670616460484833,1.5959629128764918,-0.6258030903760647,-0.09593179783247141,-1.3450707282006702,1.5264657723474073,-1.278280878337823,-1.9722486088508129,-0.37525936694431383,-0.770629600924988,-0.7115137093339663,0.08204698601430582,-1.222404010763689,0.09194652504420642,0.24737807781427534,2.5013079070044686,-0.8119774077738784,-2.4572233041467273,0.2932479833533064,0.8704224416254513,5.1681766901592985,0.17469895939592472,-2.3672007378774285,-0.05189024904618256,-1.3844102950382187,1.6898977512401547,-1.668636912079613,0.649995213075627,-0.1445500696961477,-1.355412814025525,-2.304579236158122,,-0.4917558435134528,2.031338733400778,-1.91184964208313,-0.48375757531506913,-0.240975885933159,0.7486156201006455,-1.3781923041638389,-0.4330324257661222,-1.565493772086346,2.1272408506085805,-0.7966729760891744,1.6761607081918761,-0.41266928498372435,0.3625481856700974,2.099139042249365,0.8361235882171414,-2.130284230141788,-0.2232790268876017,0.04681754960713658,,-0.34821169234110494
0.6130130089931018,0.32330493330821053,1.6355166539250732,-0.19569591608779024,0.31244945521586853,1.1288184638588827,0.7943600629466419,0.5885612933113515,-1.1475896808597508,0.4698225373447995,2.4048166927051806,0.9997397655762574,0.6856854749456076,1.1545459563958804,0.7510758466646505,1.1940961909743253,0.3135007034109627,0.4060417367694358,2.073066351587105,-0.2781799454012468,0.7646183874217449,1.878008888003424,1.9837259058400614,0.6571846099072687,-0.25269929640356903,0.666207808989161,3.150614906298843,0.4329546640247539,0.0,0.9897509929337245,1.2956970581208926,2.54503852833714,0.8180948199680182,1.6018339490791789,1.0862201576189001,1.6442796914537094,3.9242243347069827,0.27622231198616287,2.2967170223499034,0.8965163112498953,1.449682316826495,0.29935050187441803,1.0685571039156905,0.5713175269840942,0.04114114385882495,1.2596382606938183,0.25126318501891287,0.3530699907863477,0.48944845663769776,1.086002707292688,1.1464336566197275,1.0137000129334606,0.9917014542884406,1.6039589226350737,0.3852891766291888,0.5031061895003797,2.846944845755073,0.4424068930305225,1.6684038084220587,0.25333835818954764,1.2156018489638099,0.6070977718171999,-0.18684355010983866,-0.027391256344511117,0.8966758563669908,,0.8249456635162744,1.3500579468997298,-0.446909993618283,0.5014923763565937,1.5968288223481064,0.030274077769254504,0.9219313410901986,0.8421840631910538,1.050608935535835,0.28840995432779515,1.4611085962451753,6.4639996516844045,1.1221700492472397,-2.0550159078191355,1.8483066132853665,0.029800607345542574,0.36317013690128075,2.046276467441843,1.6482413876582669,0.9194796807221906,-0.189899701644769,0.5991014038208453,3.4919672132915913,1.2747532552657814,3.0265512733590905,0.9217928438195688,0.3150357935126413,0.02407997447806398,2.2212406232672732,1.6668409739658108,-0.7818947239212837,2.6975683918179616,-0.1048649023293935,-0.3823337710604058,0.8270227182144207,2.7035654551577304,-0.680040606449428,4.785900410427368,3.1822235781939323,0.8376065623076467,0.05373168822202512,0.9296682739085016,0.7263671174984054,2.248342400604386,3.437554065383752,0.3627238476337391,,0.77739409803248,0.6652976270904221,1.3987744883940056,1.1681785030540626,0.4163163461799346,-0.34619366752475234,1.3359501633137372,7.24464311601789,2.044134727061553,1.5559439834283095,0.3003490187137192,2.28830297695759,0.4131424486682578,1.128983902531422,-0.16096374159684235,0.33165180889116463,0.8144691524293535,-1.2783097479063588,-0.28774255363646084,1.4312053472903319,1.0909614979589088,1.4822035178043036,2.428846525499928,3.135255151212024,0.332152704249733,0.7932854880052798,-1.7913846033016934,1.7054572489101583,1.3496416000341904,-0.14643893096983884,1.4394316077523506,1.5549579394994906,0.10261527538966142,2.1710731475832246,1.6273170647434387,-0.17568739301027092,1.7317779881883988,1.6324184134540065,1.6055136600260589,0.9805522289596746,1.5367140483299568,-0.8602817815056896,1.9872749161595316,2.1697854579058484,1.9744440897615956,2.159061952701258,1.2079068330646203,0.15866035678637758,0.8921861948109067,1.715336159272196,1.1156972220865757,1.862324878736965,0.12531756661644522,0.8988669088845214,4.233442802319476,-0.029066909246577843,2.8802867515477004,2.4279958748586905,1.2884580172025206,2.3441323185759977,2.2915563248978366,0.7506813605521634,-1.250463662079171,1.102624865724544,0.914690990533984,,1.4024262502380758,2.4345812482338136,0.6653541595840862,-0.8537897118913396,1.9476074591566528,0.7299584285729965,3.165966183534752,1.6945130281225795,1.8983410981536997,0.990672551534999,0.67492683993291,1.3913685551079524,1.3976698703887624,1.1146599067776375,-0.1898987514087902,-10.77943735905924,0.777368994068417,-0.14033679870931737,1.0762729677299188,,1.431022037873575
0.12572998277258218,0.15537669716947367,2.925809822361547,0.49773683382807743,1.8542900940120344,0.9063753481434622,1.0639394234928323,0.7688111912607765,4.03523938178163,4.8349999332009785,1.1881464509260864,-0.8856477155338771,-0.7808981725940467,0.5931640276809924,0.9797618975630362,-1.1599973074780334,3.1753981708279255,-0.6318789852555073,3.341736573820109,0.8453085376162406,-1.7476562415782548,0.39389231608277786,-0.15955308397224144,2.3011920769587357,-1.388329494045415,-0.1421665494572677,0.12358714840285945,-0.14654905642911276,-1.124690835886455,1.639071802366776,2.1828228764543267,2.5463406072253614,1.0228431403833893,-0.4754660734873517,-0.4080575442168666,1.3915511709336803,-0.651045433203068,0.22795836026368033,-0.6202984507984843,-1.5613139353103822,0.2774734197527051,-0.35648581534627466,-1.5434463740684357,-0.43251008167599636,1.280702270806744,-0.6881496320451985,0.36341259155994177,0.15431454262575528,-0.432947888730395,0.8719971619689959,-0.13335135145924326,0.8163459687487773,0.5818991888402847,-0.7247789111564318,-0.8047542282732967,-0.7587009585387383,-0.09089406709634762,-1.415764263129038,0.485466404341639,2.7098277109434354,0.28989247005959395,0.22628931447377099,-0.3182446752285517,-0.9699201603041607,-0.22652940248552023,,1.7345864489406004,0.5438081514555604,0.8023998065029625,0.6899440277789992,-0.8981279812067089,-0.005045195815567283,0.03334446993974449,-0.5193329676861702,1.2216204321947366,0.9304194439929692,0.20962298550657454,-0.0901703978100854,0.3065787003359022,-0.0816392139376676,-0.24109559889006205,-0.36487993291453025,-0.26502049245337167,0.905346143214425,0.7476495663971905,0.0,0.26159747114835596,-9.714640105888162,-0.555393414526284,-0.03383770431339972,-0.3484226908064936,0.44284484550793923,0.15337881204577908,0.938855796605309,-0.3859813825001779,-1.3414145599558558,4.071642874562587,3.008561662126419,0.547391908110817,0.8914186384206824,1.008004743551738,4.052233221034873,-0.5442450902081064,0.5751960965252767,1.3854573225322797,0.25428474830797576,-0.975647118587164,-0.7931775951321662,-0.23694115216289502,0.758708101821437,0.41145468611796243,-0.6857498533346718,,1.3934064052611772,-0.2456475361557242,-0.31761489700830037,-0.8635621737423937,1.0835744822699445,0.28535961319811065,1.3965287512937241,0.9537506320725697,-1.4523060479740502,1.3122855307466708,0.06588009892884994,0.13159176382468996,0.41144260461667415,-0.5421258110211991,1.3399285986932297,0.7162143823299383,0.4291720596237836,2.3699090513306764,0.5891594324159533,2.0482512371735373,0.5434764396361702,1.514436799655483,-1.0150629963823876,0.7540865919246409,-0.554320818142684,0.00650788133178537,-1.0845709368207945,-0.5898344839221137,-1.1097295258673978,1.2923905806120572,0.16740306663098892,1.4079531746395757,1.0358754341448506,-0.8837021203609075,0.7087561030970635,0.05176519177576555,2.1806467986762446,0.8314285787595743,0.5831389766661532,0.29131177081127557,3.0549333278388158,1.189645868100131,0.33111527772029525,-0.2553095305535935,0.27028082341549187,-0.026755992227422976,-0.5756067168780521,2.1510658205060817,0.9783566211349459,2.35896214981528,0.914045507736283,-0.7019262057128994,-1.0638308774521543,0.2596183378264616,0.993258997562263,0.08140957691804562,0.7325774506386828,3.894087014698,-0.37971702144486974,2.0054822323390953,-1.8809995784777378,-0.7560409344968599,0.6612184196796766,-1.2667756557157794,-0.5533759012453787,,0.5927295700659974,1.0051061742471168,0.19440859634700658,1.0560005668153183,-0.0542964737399676,-0.04156445619079019,1.5535317976582252,-33.046666564576824,0.33662957980222785,1.2827717554606766,0.9928679186567368,-0.1170637055209256,-2.736027358732962,0.38787204929118246,-0.2895431304888674,7.806692701856766,1.6970448709696662,1.5458862425486997,-0.509262075967043,,0.07656043925208245
0.5602255928092825,0.4826552259501904,-1.934008912991747,-0.005000274464939114,1.0990060905665011,0.8761109987730276,1.2574348481403153,0.567145973047567,-0.39660954535966075,-1.094093770245963,-0.1934002440731608,2.7069713919755323,2.361123533464138,1.0274280006352443,0.2531158692216984,0.6171486463035114,2.1094728638820337,0.7485479501283088,1.289288342895456,1.877621493215642,0.09956543350941871,-0.5885155447169388,1.4649864139394841,-0.5806727884385188,1.7829639056556212,0.06872839042715295,-1.4195066068020457,2.257902478557261,0.1942082329004391,1.4297606810156127,1.5171066038550007,0.47146986620998366,0.911241595615464,1.3703682954500085,0.8740694596431009,2.762049286907775,-0.01310245270841337,-0.1942657174073381,-0.4584646526370473,1.341077638869348,9.075809924019907,-0.4160140547030178,1.7557545368930727,0.4084524486912766,3.3120570035414465,0.7128997259360004,6.854782295979067,0.3944253960880939,-0.3321623770000337,-0.1767048127109483,1.4401496545199732,0.2572414070052931,0.9835136545983669,4.530441454137857,0.9735381520380226,0.7645012367500037,0.6120254734926833,0.2154139095110752,-0.1837202789088832,0.6936091133889377,1.2250502439261624,-0.3198517793097322,0.2629165217041374,0.49247591049852435,2.1016429662796154,,-0.6594802414490619,2.6397996679351055,0.16481042035374482,0.3487304308657846,0.33985381622627653,1.0543238508079034,0.6332439217664021,1.5802390641888708,1.5663891722978773,3.4359432378636923,0.4524814801395216,-0.5515443654134478,1.0761954306098165,2.7534945148872447,1.6873174407445513,1.3004469576272104,0.8687195164369887,0.5932045745120407,10.572475900974055,0.36210452328102605,1.5417484824205907,-3.792785288844158,3.459043992853661,1.3606896728609152,0.5485805405680777,2.5902413970642524,1.3417906828376625,2.1384811805160497,5.223883472041102,1.2398295799418424,1.4341439794174793,1.3760921644352608,1.9986477332234687,0.6503869946475227,-0.08805400645729433,1.7231047385044773,0.74140666588427,0.7853182296301275,1.1138202485884818,2.029087214368186,-0.03616200711975548,0.3782802657624984,2.375051571680453,-1.0235346107839272,0.7880204180721107,1.8102119998917088,,0.5555094440416131,0.943946968448417,0.11888574841010247,-0.5609250967085533,1.2024626350725098,-0.2969165796902429,1.1007702807504627,-1.413856656086987,1.7601335949711139,-0.3550494997136111,1.5082584592104542,-0.17921146953404632,1.2578666922101744,0.7187043114036618,-0.756559989102612,-0.47408081987083683,5.103073901004174,6.187785479824215,1.0399192631446397,4.698187048654767,-1.1814661005086102,2.0107236475370716,1.479370570434324,0.30406729686578426,3.7857107890806097,0.5723557441643878,-1.3290508002574697,1.1649251112492154,0.36471243686175825,0.8053605138647058,0.11142596747890643,1.023948345592074,1.6393482160864226,0.6057258400850918,1.62908857011419,-0.5484321910420586,3.5247326046864202,1.5554894449632872,0.9164094141652868,1.1376448321345212,3.5218941821913763,1.203318864080849,1.0599232824698213,1.9139042389427319,1.3232702401000163,11.105166059736437,0.07195459606474941,-0.39175983443330287,0.7825656041393847,-0.9169379836935332,0.20703095734238008,1.3973351384363841,2.5405860293307825,1.4419937212882372,-0.6601520698452656,0.4009050047743212,-0.5355610026251179,1.4263660565197789,3.4495855088327643,1.4073400565919103,0.5458277676892553,-1.1813479620200629,0.7219385196045147,-0.5268157203526358,2.417730801580631,,2.9461849409958774,0.5442879772291187,1.816061019604076,0.26746772473804636,0.05926194590655243,0.9588504623496474,5.4559155990957064,2.6108833217324046,-0.9607623984022262,-0.08691223952823623,-0.0168050325671798,2.0315096341946726,-1.6094539945560982,0.4168770707026148,2.3728467303003598,1.5517184963976582,3.315743852122033,0.6171530897329358,3.722667068076735,,0.20217349694588993
-0.7107842927048802,1.303743381133926,1.7754504024200424,1.5559333729625813,-1.2288495793541854,-0.013167074642417287,-0.7990035076999025,0.23498089628026797,-1.329554731084559,-1.7954406524522293,0.5674706693339138,-1.4329614817111258,-0.71524627855033,1.034662282147747,-0.6522254663986038,1.719455832374095,-0.5403155147975514,1.5508902833032856,2.7108852315816723,-0.6582195029868232,-1.9759126575407016,1.491835404973374,0.27751959119770575,-0.052618310692731374,-1.1812773849438685,0.039240398898710005,0.8138867880215006,1.2792263904229273,1.8897987454257636,0.5900729558828699,0.448999819111795,0.15642120292664874,3.130439485430103,2.641698937866943,0.34526226763131884,0.1836347912488323,-0.9306592820461534,-0.06172406981685974,0.3107489085677262,-0.40718287796270847,-0.6341898984853267,0.7018136732684033,-0.593124415901225,-0.4132537155329685,-0.48845414021627676,0.5424792355029684,-0.1051694728213537,0.06138707755825035,-0.5029394684911814,0.0574143113857728,-0.6487461884987944,-3.8441854906891226,1.8834128349090484,-0.26788143794468366,1.8417829930855945,-0.45365592696774426,-0.9371146732429114,-0.48562722008245185,2.017861895027573,2.989263839790657,-0.10878693189162458,1.7553771248109085,-1.198731077866877,-1.6794229618421586,-1.3285427335217759,,0.7367365258950542,2.692776019029819,-0.2625631683308205,-1.9875577747237472,0.13171616045279944,-2.406144154441614,0.5895222143574186,0.7986674376307956,0.8848766421428067,0.6481592374422585,2.4514581646185585,-0.6957763963337471,1.5374816358139975,-0.03181645886469742,-2.2037775093579848,1.1878358805123668,0.3039662738102633,0.818224527629452,-3.2772614191710847,-1.1522240426534824,-1.3314651578485992,-0.09997240564110221,-0.3714866703331654,-0.5943988685416679,-1.0672109021055642,-1.1549833748667138,-2.777578297486505,-0.6849298215639288,-1.411620027087157,-1.9141686636766297,-1.7758154027069817,-0.2770184809729903,-1.7913228685247917,-2.0726690484366816,-0.06854680767723886,1.2239313582384392,-1.2791355890804268,0.4404154910208957,0.12033055471254439,-0.4309030267439673,-2.5137923060633893,-1.4217301332332455,1.7147467804479177,-0.1913374640537202,0.17200227600724372,-1.0356458843612693,,-0.3122510855423699,-1.7017992732085596,-1.0259853925246532,-0.18582410064521548,3.159252968379045,-4.653176214036192,-0.3182165856851382,-1.2887469750666458,-0.34956877207803494,2.0191349068464204,1.1497610029709726,1.9569091066352406,-1.1387237543036721,0.8097755715948507,-0.18880030719565788,2.622487414924035,0.047837344088530465,-0.7352979665966042,-0.7334658402283756,-0.4260092799340254,2.727201241346111,0.5780348867637342,-1.3956846965999525,-2.0869775809726487,-0.037296733485425726,-0.7049059196453933,-0.5500083376117515,0.21495120811803048,-0.6289277563309548,2.8635489318680207,-1.359406781569228,-0.8933050696632416,1.1085413110905495,1.8130154406907018,-0.46165791940879775,0.9468355896633751,-0.23940771144217443,0.2583393366116349,2.9836830083225907,-0.2153940375518082,0.09193856765472574,-1.3256796148776284,-0.8917991859113128,-0.27969867696043815,0.3966384885142116,5.55155337461708,0.9740246217430748,-0.18846819867696096,2.2185205407721176,-0.6928298432431701,-0.3583202902804561,3.2020090925616973,-1.0177871576787179,0.66068885454309,2.2919948835926185,0.052089972006719165,1.3319406900653474,1.706222840343119,-1.1238036552503106,0.4262148763508833,-1.165176935050305,0.7206335216763282,-1.064375802690809,0.9737848037162156,0.4871201829135918,,-1.0811470347781515,1.5529356983863485,-0.7470050169426479,-0.9367242992262548,0.691068546747764,-0.39893590045277927,0.3144204659139671,0.45809078161958006,-2.606155222248907,0.05591637954729389,1.5799636943586215,3.612006155799974,-0.44151610868383706,-1.0328001139928822,-0.21071068916447278,-2.97113273114763,3.2582967757115,-2.118955191555272,2.4226064872098885,,0.550769464885148
1.0834880460437235,-1.1063410845148947,-0.9307256236531614,-0.610872045231603,-0.07656702167019303,-0.8949218009572601,-1.0771446468643808,-1.3261898625433033,0.9233968069052301,-1.1610729179694301,-0.7294230623521303,0.5321859136066198,1.855027180139146,-1.347927433795748,3.7413580986635386,2.708586427090731,-0.8574759758280481,1.0725936001579894,-0.3751408498114728,1.9794619786976497,0.4771933771424486,0.6221759922441006,1.2117160811592198,1.7215110416903379,-0.14304298059457654,0.26481522876891095,-0.6210144461006539,-0.48354740838292276,0.326109608673697,-0.5866115199475663,0.5137158570072797,0.6403290117060756,0.04540103559491637,-0.16916089181734373,-0.5127250516562154,-1.03315938167573,-1.8788038262931406,0.01424558639320228,-1.0565884911977297,-1.5842601897077424,-0.5361291672877799,1.7091229831485588,-1.1468461753876946,-0.2269225333033087,1.8618827585056064,0.7237755995669337,-0.09358076696057704,-1.521470044024753,0.9196055776603096,-0.10519523425193134,0.3028400190235869,-4.164931001425487,-0.7099151990469732,-0.16309653039385807,0.5583172047129104,4.384376304759252,-2.696871628910469,0.4959966963691498,0.5345804393185549,-0.3407290209397118,-0.9528993507835204,-0.18549435082297894,-2.6729759458055558,-1.6128991460341968,-2.1149934671068626,,0.7795387724780944,0.17417979184117804,0.5756626382775298,0.5411796814656755,-1.4507412215814752,-1.5652197094406572,2.4430411636995775,3.465614272569284,0.24225208529542464,1.1323376588569634,-0.22315153889325146,-2.0410199501630477,1.7029473424181818,2.3067204815098385,-0.6583709474531685,2.894636221659752,1.520275727364595,0.6726643350693395,-2.478147219743332,-0.2354915008902836,-0.8285999459543558,-2.0731947512027227,0.3845224956082971,-2.391828855831557,-0.6120769492457656,-0.40760248448750147,-0.6439117212320933,-0.297805866154377,-0.7055388952004082,-0.13114971839728318,-0.449101283278841,1.588974832989587,-0.550916442984295,0.3610541318017191,-1.9598236158745674,-0.396602728092188,-1.3311979401474883,-0.809500787315165,-0.16641738166744968,-0.6158439054272935,1.3820650503380882,-0.9643698547699531,-0.8032562896654327,-2.0311247692125667,-0.29659345875313603,0.0,,-0.23611872889813812,0.4549704859369452,3.1674431361404576,-0.13961973188141297,-0.7053654631124395,-2.563770817343425,-0.12399986019017151,-0.7967377325943881,2.086562588980634,0.7761424397773053,0.7986062597566068,1.620009300186065,0.10470955525039294,-0.7277175820837201,0.5032328636129346,0.5024251282011338,-0.15539703047557918,1.5185173551555131,-0.047668206795703494,0.05704074308723328,0.4031753092622603,-0.7873537825111132,1.5960398647873797,1.3455557661842477,-0.5969703862207854,-1.0941789751796716,-1.5914193663586373,0.36462499828922024,-0.5344647971271321,0.2705263117108947,0.7253325352287066,2.3747519031726227,1.36659126152896,0.0,0.4315897614297848,-1.2059381632469557,0.3199566123859521,-1.1411732910488914,-0.8337859333100273,0.3117963115726097,0.4855692805362244,-0.7479258568082181,-4.467397667305939,3.2112207858647768,0.9732084972937205,-3.7535712549622513,-1.2268268463918597,-0.8045257357605973,0.09043357683178321,-0.06975839358097646,1.3445151583846293,0.9818521149148607,-1.02823982354735,1.3276338520123332,-2.9234361840749012,1.8103936035723356,-1.2678294686428893,1.182397168014515,-0.40990760855504904,0.04917378094069225,1.1320294793099483,0.09428795107111476,1.234405499816038,2.394051138712694,-0.34492846911383657,,-0.6043494905936586,0.25844811554083247,-0.2918385255981426,0.30684390371262804,0.7868251043870789,1.731352266430508,0.3704231371990385,-8.627930102672865,0.750980579737881,-0.7204061021878094,0.967986739772142,2.0817916882754917,0.07996117018740367,2.076937569197046,0.9908156529520484,1.3998236495204486,0.6365059543650631,0.8735344513110421,-0.08760603517524723,,0.9870347656093958
1.4259693412698837,0.194059951855019,0.0975421936571852,-0.4163566521766082,-1.0152261118470896,0.6639753170538443,-0.019620580953605415,-0.5362459670259279,-0.7997342664617824,0.2016303421603194,0.12477809916735527,-0.206579779237126,2.6699596279184057,-0.27504088335251753,1.3541086477852682,-0.3753683721567813,-0.016115175568298667,-1.2790867120289984,1.035505561077299,0.332979405778433,4.855750985488627,0.13139902189120978,1.4262910643550786,1.3300912883520644,-0.8748124183438954,-0.6211501908894079,-0.03570148474928425,0.4314537936836782,-0.02031364518304546,1.049004817973831,0.5509069664410449,-1.7225313670364617,-0.19449097116825964,0.6172885364054137,0.5899449272242174,2.222592242429,-0.7011828944173848,-1.0022274199398717,-0.4416896580394791,0.4933156268047689,0.4748421465246899,0.9054571444190529,-0.14108821091575185,-0.5978714963473464,-1.0468637950008963,-4.10896540177853,1.0771648477656992,0.1868917528668801,2.6793832016635877,-0.5983500324041269,0.5377814714564444,0.4261254780096424,-0.43183137646251035,0.10571244029986548,1.931200965600488,0.0,0.37523452157599557,-1.0667086774703627,0.797603529536306,-1.4815320830927403,-1.2094593592255842,-1.0035241821050533,0.7206807853170849,-0.4838342306325627,-0.537230742535999,,-0.5023910776308815,0.48404700464643735,-0.9841859973755196,1.9427004858787456,0.09534510198196955,-1.3666586966833316,-0.7070774601499186,-0.3662448670816665,-0.31666866750640343,-0.40328937125835296,0.2015073175581028,-1.223178134251346,-1.0434346745672007,-2.0370056821498395,0.8851195629097086,1.169217848406423,-2.179102242941744,-0.559233902664602,-0.09240295046490932,-0.3894718428754218,1.0503773835655927,-0.3504254612220259,0.3598375271808285,-1.5212131084173075,-0.8109735846387967,-0.10914301190164677,0.23837392188563733,0.6445490817074129,1.727609577824496,-1.7282131580260929,-0.7518763943426987,-1.7938260831770303,1.7667346881967916,1.6623294968570956,-1.0294852573713098,-0.4370199519193596,-0.8994459433252389,1.1476621393712305,-0.47231511985965646,1.6580176144968428,-1.6651352349071447,6.01807243390986,4.118765641288635,-0.11181846071370849,-1.6909254737894175,-0.31487805437766525,,0.3960860322248738,0.22351921550980425,3.005083858149815,-0.03994563724963873,-0.10789311674960222,-3.8333180375712317,-0.9721091536895266,-0.9111090103628428,3.1685111769401697,-0.6738942554890603,-2.793198130117802,-0.24259649533484584,-1.6070727527797257,0.6008572471169593,2.088064295957537,0.49229743446910224,0.15563888868685982,-1.6234968792543825,2.730418805752488,-0.5558740209380741,-0.38640185381700887,-1.0195275306216,-1.1699540626305072,-1.6801788738632473,-0.9984180618247018,3.154219285497417,-1.3935111909450404,0.2533916296171057,0.056565289371635075,0.3394379496629796,4.232680493576124,-0.3217007173505815,-0.4203441171284239,0.6511655796887394,1.3020310526445034,-1.8466366413178115,0.18605661973836174,-1.6570495075127423,-2.0384687667131973,0.16736847289080536,0.6268853262284324,-0.25119017070612815,-0.22552717026890212,-1.7691788023284638,-1.1928636753891553,-1.600285273222335,1.5140646615770859,-1.2248625312273331,-1.264904926721,-0.6782117214815253,0.17582684420540673,3.6714406347454487,-0.556208832136107,-1.1532020118695585,2.6836879338032915,1.2725831190841586,0.33047114055821947,-0.2749567980080192,-1.0289976224694408,-0.6699327880954065,3.848189803792801,-0.26597040805336203,1.2224427504199387,0.1817460825175976,9.504206547469373,,-1.4877129178680892,-1.2889345071256608,5.2915337445803345,1.460853174157939,3.9252986712813964,3.9473631524799657,-0.8658623136976629,0.31871078975653777,-0.8473856928493007,0.45665511864059205,-0.16388614375356658,0.35597570868852735,0.08718596938714906,2.175009056451005,0.07237944635312132,-1.1216575731613831,1.439915536380476,1.9578247901253398,3.024991452050929,,-0.37591629268270976
-5.24626979542967,-1.822939926108802,-1.8412156895595166,-1.2393615381139367,-3.792937804260399,-2.6428081431485673,-2.9827339138499998,-0.006826531885051335,-2.3775335407730913,-1.2860854168832314,-0.7061806334658027,-2.781733083725424,-0.23249893125901755,-2.7224144620628388,-1.1144663797394982,0.46374081630995434,-0.8596534703824821,-0.8151154205574329,-1.7502973359818874,-2.371705378751443,-1.3483977382166334,-0.6715602856809277,-1.854343047132101,-0.29623697906261404,0.3251427087061387,-1.1319433258094924,0.09822518350670606,-0.9134098029314974,-1.8016829036838544,-2.82238649718789,-3.0101004805700993,-2.068535085958634,-0.38324667273182955,0.0,-1.9751900149222235,-10.476025450180604,-3.7072321762455895,-0.8588410562249238,-1.5218721077693398,-2.3511125338015026,-1.2389803292737755,-2.449480419446337,-3.5638613104036265,-1.6344153833391828,-1.8191956139446575,-0.4973108982989749,-1.4826870906025191,-1.7286374690939743,-3.2030625852426,-1.4446712621539182,-2.6839288513270776,-0.7208458732523182,-1.5428348414820325,-0.278369757125263,-1.1367644269908217,-0.6322865149116064,1.8436703483432515,-2.8886334297400618,-0.4154274055200857,-0.20565178487875757,-1.8363910130596794,-3.6418291664169877,-1.0829624978133556,1.9447462706867702,-2.938023447144744,,-0.3606712180435845,-2.0157098427856956,-1.5896607526168394,-0.06068566271063558,-1.585008053981929,-0.2476163429401379,-1.8385404799543426,-0.8354546208950486,-2.190261732996046,-3.6762710424992684,-1.0010950175176614,-5.089728204154886,-0.5292947885714216,-6.230155672751114,-4.095763251462358,0.5113235185452369,-2.949853996439278,-0.4747311498479734,-3.227899930176792,1.9786721285822706,-0.44886044791897506,-0.10256919129500996,-4.233167160954087,-1.5377010313731287,-3.872879360529047,-2.8953874777901456,-2.4301421259300904,-2.9443877283415243,-3.321233570727622,-0.7643798173801453,0.43123454340601164,-1.6038240609492216,-1.6183660114611587,-1.568028785226816,-0.8988083215512033,-2.516573832812563,-0.9802190401947852,-2.849220481681436,-5.6853020611148715,-3.278420198164622,-2.130631098022473,-2.3334780696860125,-1.7186773321231419,-0.5130571676791873,-2.118185828558228,-2.3132684104426704,,-3.0935861218101435,-1.660898375300246,-1.0567734919624483,-0.9424911600728447,-1.8633677354274125,-1.375003987202117,-0.6615441443916126,-2.8606542537487845,-2.188774832922935,-1.9384912807035914,-0.8626352378666602,-1.8528168868246153,-0.47356027052820604,-1.2343660047163696,-2.003621464918748,-2.684274932610864,-1.7810238739068396,-4.023735147453921,-5.304100102983645,-1.2756202678762874,-0.6008488851125593,0.7783726901931187,-3.1958521029910703,-2.0195934286900585,-1.2890506043813144,-3.045002935385288,-1.4888034653060433,-1.1663294682883185,-1.7382706802409276,-2.16844285768385,-1.0593417073067268,-3.8050037439985918,-2.0282108982410785,-0.9242137126114769,-1.8551341021875278,-2.104590566526021,-3.0508057892288387,-1.8174902765906054,-1.8585970708656863,-2.2835763441663604,-3.5950711715056705,-4.155006218237545,-2.2337423385908717,-1.5187341599687154,0.5843176247328552,-3.4815041339483543,-1.7852476686807117,-1.0389592537453307,-1.7203504464298525,-0.29622359297029055,-3.9603014673286974,0.9303719926365472,-2.311094843026562,-0.9085088523162921,-2.6002450823205403,-1.2285425212704704,-1.148127106017094,-1.91623614460118,-3.7240097615864776,-1.002547358091277,-2.551181256733337,-1.3334053293918902,-2.7825026827415944,-1.2534987623180616,-2.3321368366069017,,-1.7202839354007238,-2.0021819801249285,-3.1967744199292714,-2.9104102534304954,-0.5663259386909703,-1.6079403002861703,-2.656071019473083,-1.7263947327158191,-0.78736988934337,-1.0523729737284326,-0.9848983131054423,-2.9279100596562357,-2.0032076361938267,-1.7265074719107987,-3.005464126627866,0.34903980558358416,-2.553733342008091,-3.1757650829826733,-3.319151858065994,,-2.1562193022810816
1.4339708611857294,-1.172105698177528,-1.2435366803138725,0.7156565055685071,-3.389320388289918,-2.723572674957697,-4.31836698363427,-1.9997247448137578,-0.8468099370394722,-1.3471601733672567,-1.3108302466787292,-0.798507424800099,0.10358217797510338,-1.7834256982625973,-1.466495313886984,-2.9906827590921115,1.7558974973157726,1.3996054203270436,-1.8492142930376487,-0.6135498353250113,0.3034460882324286,-1.1501382941900062,-0.9094255312440569,-2.028582458785444,-1.270646818224097,-0.8213464820452931,-1.4809465631590912,-0.6566627869703745,-0.6552609254652952,0.36722284724335363,-0.6193397748559315,0.7416942460626297,-0.8541955584930316,0.7217568711395783,-0.660204113976337,0.9199564852560904,-0.11281370586961881,-1.8971156228610564,0.4562058757188625,0.43656066638679825,-1.7201236989509483,-0.9281492871551222,-3.174609023225028,0.053165539050903377,-2.103767643486354,0.3491725089855624,-1.6225716264864576,-0.7213392803778862,2.1007939226886263,0.45929463780887136,-1.0511135727341636,-0.03156816432595688,-3.1051389546290387,0.5679107682375673,-2.754820856082918,0.2424026782922084,-0.7091015266538769,0.26512982027500076,-0.5827033585911301,-1.6408765898802469,-1.7998829246924197,-1.0325322265751558,-0.17595433269359528,-2.6258232366035306,0.5075459819821715,,-1.0939525175935882,-4.9448733871811035,-0.540826397682348,0.8926955022368288,-2.307399950644784,-0.8133504186030871,-1.0881755196864629,-1.2670905700584711,-1.3162411966510357,-0.3318773048307633,-0.39509368897381325,-0.7629383590427863,-0.590773142782508,2.657635100019151,-1.2044310513845913,-2.139373594650673,-0.6341037877150901,0.6017547907881227,-1.1468957084417641,-0.08132767880154601,-1.5424710714925127,-1.1000236125070284,0.5917869840891932,-1.597219369227909,0.7929923498130709,-1.3220743068705687,-2.8638840477811067,-2.4301934715144746,-3.2370037158394926,0.6356068862508613,0.5918475312210569,-0.13583106377333953,-1.2786010904252465,0.049581709404811214,-1.2738204422704569,-1.8911346262369788,-1.503210166501756,0.25088544367350973,-0.32557489718672006,-2.146141351307529,-0.798558967536267,0.1779274054931168,-0.9574040666969541,-0.29067548890387984,-2.4731443441087686,0.4089366368478675,,-0.07943346437611076,-1.0503709369116043,-0.3971007013212069,-1.0926496744079528,-2.6417100354036327,-1.8448044735060565,-1.2540258406368632,-2.397977894887371,-2.6711438018759748,-0.7050575790962577,-0.9781543631430911,-0.8966993918232413,-1.223537481077419,0.8103629763813958,0.7454285540131167,-0.8511121930607657,0.3164202718638043,-2.4729508665314537,-1.3604448510906586,-2.4390182930835946,-0.5968377253604773,-2.0383339432011205,1.153745156876007,2.463704069514283,-1.013986230379249,0.04608660379230578,-0.18300817883333265,-1.3588097784274944,-1.395076739466028,-2.269703829396008,-0.42671698189222784,1.5186357658477645,0.052543086678014106,-1.0994163103925536,-0.8451098283239089,0.41259368001831387,-1.7923077563497314,-0.5013499095200658,-1.591795566808163,0.07328935929156177,-2.1001646522125106,-3.0214512676727034,0.3196041265173921,-1.0262074560475454,-0.619328228702487,-2.483779132739816,-0.6278195879356963,-2.091282764812541,0.37243756363243286,-1.7625122780910218,1.1397258612264816,-1.9402306171247496,-0.6913745819799533,0.2505024680423462,-0.5394022318087721,-1.7492978782918112,0.01903913399781132,-1.7316021504759527,-3.396818244394384,-1.1179231224051511,-2.225280542028374,-1.9257928532660062,0.12173539835449443,-1.7955552887096604,-0.44607751927200345,,-2.5120313651269766,-0.9549168308284783,-1.3451304457045898,0.2725111401916003,-1.1108559274626617,-1.5646710344328962,-2.824143284373304,-0.43854191041594603,-2.1934125668190085,-2.8697222441345427,-1.0527138319292306,0.4954665742491038,-1.4220038905805366,-2.3757325156408826,1.0521912742641026,-2.086954531462293,-0.1565534828273818,-0.09534523143120976,0.5281727238559464,,-1.393859120006402
-0.8835690747999281,0.20549514800920488,0.777740512780567,0.8606903939526678,-1.0097804932753918,0.8311319628112601,-0.4122147214400851,0.5292855004304098,0.6070021561333405,0.1257770973125183,0.3956461416803947,-0.3085636626088073,1.172611752613384,0.3259059969673572,0.1653698026982786,-0.13877019024163273,-0.39944132600601145,2.5092860177124976,-0.7108426496814646,-2.152325670205457,0.8207705461581005,0.1729510610347873,4.536437027745799,-0.7477133383049672,-0.8024111564108871,0.3262421567560292,-2.698544324038399,2.2583839187151122,-0.20134568849122791,0.5155590373255414,-0.08902695801035199,2.0646647936326312,0.8221003573631203,-0.22691536580985439,0.837655833176898,-2.3154085500251886,1.2988804590865488,0.8337027526874152,-3.161893622086287,-2.0547936935939926,-0.8816914517665086,-0.5687970263868469,-1.504835376682978,-0.3454185501174156,-0.3668921113712198,-0.03411397851794673,3.3345282255461184,-0.40789971844649164,0.9217372424932258,1.9698416173089983,0.0,-3.4493689058768595,-1.676855906459751,0.3062826103577221,-2.598846654342868,-1.9798972103846624,-0.5041169551335933,0.446253954934428,-0.945789903350025,-1.7546515018595832,0.9380854570467001,-0.49212598425196763,-0.9400712170621106,-0.455201637226299,1.332446605590687,,0.5367638879708814,-3.047951362564749,1.0731326670523123,0.3731804993416965,-1.4226834864153992,-0.21831917297068237,0.6334209690373793,-0.9898332819523348,-0.8054808889251364,2.1310818982659407,1.2617369140166756,0.512535905723821,1.416169697544234,3.594685806513831,1.2144665435787738,0.6266385643852956,0.7489096132717865,-0.6856854987511096,0.754132047757361,-1.4302384294220927,-1.2533143348330222,0.3707529070236637,-0.7503893995896904,-0.43283736684793794,0.39972661840617096,0.5986290579003128,-0.43912221758596326,1.138140501320306,3.57953538050495,-1.5200921313362703,-0.1845824719350686,2.629639099713743,-0.5604811092064454,-1.1275601044485883,0.12386457473163581,1.7440033488941742,-1.6564175040778673,2.0624716922661213,1.296652149070443,0.34812412732030396,0.3545707411096277,-0.8288183526270032,-1.0850266455365465,0.30563079058807396,-1.1845184759204486,-1.7332848048655536,,-0.15402621550808515,0.3739439006537504,0.28411255058065077,1.114925249728893,1.5451352401607998,1.4490652711066643,0.1278102609010512,0.8333326804062624,1.0677935059349553,0.3649885704566813,0.4908717274072494,-1.0476799410772175,-0.3440861637004522,0.8278288485858543,-0.21140750853049228,2.3030634185567944,0.4488740684637227,1.386689011804032,1.59045185782265,0.431542373458349,1.0237946270882814,-1.7369102395676128,0.6920452623541351,1.321279313847068,-1.6374341134333115,-0.17769017188505876,-0.9048999518736278,1.7180057864552456,0.24795908247980947,0.054432756413236305,-1.4259005443642558,-0.4000756464501376,-1.0030446421439687,1.1116378380970904,-0.7286897539502291,-2.5735281257699083,3.594305267321296,0.21317443612449694,-3.7721349782296576,0.21155556134762055,1.8976996705597937,-0.16556144464978662,0.5354763693142806,-0.8630628962212228,1.3526594582464746,3.0718016194210884,0.7541681692883717,-0.562083790493928,0.7977692049635499,-0.26656490717047454,-2.0697798885095153,-1.1295587249644634,-0.6091510063480299,1.4642695827021823,2.4370172968908754,0.3526150287433527,0.10470936263096142,0.08295673414213667,0.0,-0.11704210315776065,0.47526205497696594,-0.2526197657727658,0.9913288831319145,1.3946813627011112,0.0439307602309702,,1.5899125852788076,2.7130134487026947,-0.0076522149934477035,0.24649563004568442,0.7092222560848294,-0.3431303580910039,2.255344997075248,2.1017277475456453,-1.785939291860661,0.2785985344568642,1.3487461117300592,1.0600341003937253,-0.2554513414676829,0.9815938781342348,2.869556227672687,-0.08881197760711723,0.09543848775745989,0.439009053961148,0.5253893655126296,,0.016758962700080815
-1.6244067642048332,0.03515611343014591,0.02099445261962707,-3.557256112110152,-1.9350114566881516,-0.603246083438802,-0.5837401749886117,-1.032217247214029,0.5893164278417462,-0.32301584005867134,-1.2385626731834964,-1.332253931227645,-0.059647517379057824,-0.19490838008113798,0.5915939978177409,3.3353213243947355,-0.7004958623093915,-0.3487022609999779,-0.01389441029998606,-0.44335178906533823,-0.1461212695694769,-0.9574598842860382,1.4835445915989398,0.6637898301809386,-0.30465185833569164,0.6153341953818448,-0.1489072756612031,-0.7251223239708837,-0.25742052873305443,-0.1158228021632901,1.1446971606740908,2.007219815959438,-0.6849328204694638,-0.9576219289316179,0.2540313357490387,-0.877190777023007,-1.0174137009775763,-0.8365941326535897,-1.5124017464089756,1.4792839597685514,0.6505579701338471,-0.42904439004560757,-0.7169656068274688,0.5599227211664282,-0.5669873251487823,-1.1534173680232795,-0.7864906951601247,-0.9791336561641772,0.6717354369072615,0.48653191571839116,0.8673673487284761,0.07799863115107719,-1.0990661343425634,-0.3721417560394902,0.36672034127822606,-0.7555324761408855,-5.100489782131401,-1.9909490280988873,-0.4303334095277056,-0.7677099193064141,-1.0580552858965087,0.7319509806194446,-1.423485605435748,0.49201204677704613,-0.7745522637848001,,0.25886637373910837,-2.6931851396989503,-1.15793845665213,-0.1559119860556013,-0.07236188282910838,0.04269190647672172,-0.8149493416340192,-1.2893096835033035,0.13970320434411043,1.7551458576429368,-1.460703416085496,-0.4877465741169207,-0.6940461367720308,0.25467537150463126,-1.1401316478122592,1.69132575415063,-1.2982309667540437,0.1028355346705645,-0.5469721714153164,-2.1351856057556184,-0.14645261918533325,-1.093376777223165,-1.0766339308902029,-1.731626806172848,-0.5308436044206832,0.22668748733929434,-0.7324493397504961,-1.0600930443819712,-1.0671332246509624,-1.5490075289045335,-1.0864557419197673,0.5632539377744994,1.4852688684919624,0.19424539138996888,-1.8659793814432946,-0.9322329038913169,0.05677029833601743,-0.3889407054351368,-1.231193705838085,-1.2662539806885253,0.840345957967048,0.08527067019337142,-1.186673666111271,-0.032822945252097835,-2.532505586210354,0.4433737814467209,,-3.274448828410159,-0.042061820441297026,-0.42953492239716784,-0.68915140872714,-0.31545407884226995,2.6163153742353673,-0.5567668180484264,3.4340269907192855,-0.4675694041302747,-0.019832677392794817,-0.9407754338018437,-0.974557707172552,1.4303941305978896,-1.5786167120725003,1.4652939983630375,0.4425705686761372,-1.6666762298046534,-0.21492400400190403,0.4403146450723927,0.133352103769524,0.4800283548048956,-0.030164104257668356,3.423696373717444,5.2396606431937665,1.112424109344179,1.47679541461474,-2.2202298520963892,0.3255102154633205,0.8147738596592013,-1.3781943255676388,0.5058909444152659,0.40168268103295546,0.5092555148409783,-0.12660302872391505,-0.9699809805633341,2.364038600773455,-0.6051701583957958,0.09669243480467937,0.8371502443870638,1.1042484624063764,-0.9716678693345804,-0.4372107476546372,-2.0496171220296455,0.24538957823267982,-0.7435781174783496,-1.378366444634993,-0.21010778039988187,-0.05217588995194422,-0.03680684143020363,0.6424752459254668,-1.1104431451298913,-2.6529689321787897,0.04376833538373148,1.3101453696532817,-0.9784256144776293,-0.42051162330287717,-1.7970911096224507,-0.968928429626037,-1.0365896917112094,0.015972760701155053,1.6389098564071114,0.07482426790732521,0.8766482705499845,-0.24323288490432082,1.7476066503091303,,-0.5801375652765617,-0.3656416202185153,1.1567312552909659,1.8094752588078133,0.17960232105378449,-0.24052250835088218,-0.3404633261786638,-3.3157413357935317,-0.8884408498468832,-0.051683467509933134,-0.44635561635458787,1.3477253177521575,-0.6176559639248236,1.4985873042033804,1.5701019480176548,-3.999998304578989,-0.5108246757167811,0.41809359262332535,-0.7404101730138057,,0.6312531426321488
-0.6242379697866896,1.2182953788654638,1.548393909093626,0.4526940415220837,-1.061664816521446,-0.2409116395174271,-0.14946347772151203,0.0980008882805361,-0.4254432902622174,-0.18903377655563602,2.2089211529651376,-0.7092152826387865,-0.5628142309375805,2.213332542350832,-0.5334039066565599,1.4313141520033268,0.6408205176890558,-2.5084046486710587,1.675354783787797,1.0619187233516847,0.08884858687556729,2.9160132917251502,0.16949032412421072,0.26689749618658,-0.3213916193702371,-0.512128058682626,0.11184470127778567,1.2771880168630956,1.36012810096926,1.9380492632966373,3.5985348636229597,1.306675944099922,-0.5845637669755877,0.9427050739609477,-0.8970893241417865,0.7155075716865245,0.5068885878978024,-0.21708145729062434,-2.398660868149749,0.4505774663650097,-1.1871797409235163,-0.1943208910140437,-0.8081132955172543,2.008487275251558,-0.6819123921569137,-0.9528507337205894,0.7694129618070367,-0.833716783641747,-1.5744779531282949,-0.6835312069898292,0.3864718419831492,1.292169239438068,-0.20692685859281523,-1.5898847961059892,1.713490661052175,-1.2584499006956018,-1.2012813667912403,-0.40292314690051345,-0.6212878381532949,-0.8757390927573883,-0.1878557967254446,0.09819324195081691,-0.9827484701671718,-1.7510526376110613,-0.05445061151493347,,-1.0085415252433783,-0.39387371963294227,0.7786042768635149,0.21021189288856768,2.751742760378284,-1.2695339519595006,-0.7080843979449525,0.377181142524341,-1.0114220113947914,2.034601494764865,0.20213646599243074,-1.9382929152628958,-1.50658886857572,3.866009873993259,0.7440458611218448,-1.294368582628791,-1.4744089230347313,-1.7903042934893199,1.167502018138289,0.13259689299358612,2.1510595566567092,0.014936759748240824,3.503518222584856,1.6662949585622977,1.1181804703385811,2.0921733130156106,-0.43637590425090744,0.5604526885771843,-1.3500990631489351,0.13250151492854023,2.4538443993944226,3.7285135474734776,-1.9963945902090607,0.05003292501839507,-0.556781174493115,0.10118096303233237,-0.4161217687369434,0.31407238754728173,2.958047273225506,0.8432839093446498,0.2462028559438556,0.494209499242948,-3.0376461680776012,-1.2941905096996331,2.4770422596742003,2.7252667495972105,,-0.5556362001832627,-0.6071452121196863,0.7755840664670277,-1.384465741019103,-1.451975236107883,-2.163720000691516,-0.3277332349435169,9.071505650125268,1.3776593949758498,-0.8266660503206014,-1.6680861325875873,0.18224895477154668,0.5251977534442842,-0.42717068140268877,-2.9543727499481642,0.3005402236857524,-0.15967226817364955,1.879771817623066,2.1066650430917377,3.3145939610568,-0.8796475275249849,-0.5250108223547878,1.825414331510955,2.254964545483218,2.47347642369411,-2.1439732930246924,0.6225935950603834,0.6305561663290771,-0.9380817603920288,-0.055163402161162445,-1.3134094192479129,-0.41746230215430336,-1.3880787161864805,-0.24017314121123068,-3.0641955503698415,2.190178084613148,0.6223879209471539,-0.17387467822929104,-1.1530625738179867,3.340826651757789,0.8176567284075009,2.4530513899511552,0.4129973889475558,-1.3230666461230056,-0.6530777375828967,-0.8939879136270701,-0.2500383958167318,-1.2007319644231629,1.4546074708766676,0.20939118755189945,0.7836624665754188,1.4098947073688084,1.0064530050961862,-0.009721010620189485,3.1673038092552064,-1.6197077615340727,-2.1785409776157616,0.5887737240769964,0.6572185332711866,-1.7308367267854563,0.9897734674317427,0.8627653751176245,-2.310286616469248,-1.5133706831328753,-4.971517930593528,,-0.2849816780824632,3.6588648915342192,-2.059823989667653,-1.6286885207757784,-0.4175311062465381,1.6090121583226091,-0.10397326401782037,0.26262437345700995,-1.3613716391473685,0.8985701773054133,1.7519096329629225,7.870511284341819,1.2581518435805128,0.23942201981257405,6.049904201182765,2.592590074316825,-1.423974905313552,-1.5139994615372743,0.7020616102876076,,-1.8818732187452114
0.0,0.0,0.0,0.0,0.0,0.0,0.0,0.0,0.0,0.0,0.0,0.0,,0.0,0.0,0.0,0.0,0.0,0.0,,0.0,0.0,0.0,0.0,0.0,0.0,0.0,0.0,0.0,0.0,0.0,0.0,0.0,0.0,,0.0,0.0,0.0,0.0,0.0,0.0,0.0,0.0,0.0,0.0,0.0,0.0,0.0,0.0,0.0,0.0,0.0,0.0,0.0,0.0,0.0,0.0,0.0,0.0,0.0,0.0,0.0,0.0,0.0,0.0,,0.0,0.0,0.0,0.0,0.0,0.0,0.0,0.0,0.0,0.0,0.0,0.0,0.0,0.0,0.0,0.0,0.0,0.0,0.0,0.0,0.0,0.0,0.0,0.0,0.0,0.0,0.0,0.0,0.0,0.0,0.0,0.0,0.0,0.0,0.0,0.0,0.0,0.0,0.0,0.0,0.0,0.0,0.0,0.0,0.0,0.0,,0.0,0.0,0.0,,0.0,0.0,0.0,0.0,0.0,0.0,0.0,0.0,0.0,0.0,0.0,0.0,0.0,0.0,0.0,0.0,0.0,0.0,0.0,0.0,0.0,0.0,,0.0,,0.0,0.0,0.0,,0.0,0.0,0.0,0.0,0.0,0.0,0.0,0.0,0.0,0.0,0.0,0.0,0.0,0.0,0.0,0.0,0.0,,,0.0,0.0,0.0,0.0,0.0,0.0,0.0,0.0,0.0,0.0,0.0,0.0,0.0,,0.0,0.0,0.0,0.0,0.0,0.0,0.0,0.0,0.0,0.0,0.0,0.0,0.0,0.0,0.0,0.0,0.0,0.0,0.0,,0.0
-1.266460493458721,1.591343156884828,0.3101256086953219,5.023816409963877,-1.506607819936101,0.18576504584006948,-0.5559726584944968,-0.5664359301273625,-0.0980593860467116,-1.3798717836186913,0.9481299048006431,-2.0604394740664556,,0.7642631898573615,-0.5087689753502711,-3.674596809600472,-1.412594916259291,-2.0256599580785073,0.11623529065594163,,-1.4254783426941975,-0.3541809578283428,-0.9905512994605847,-0.9447267744847054,0.45456448768499413,0.07996386239133013,-0.549292599609108,0.8613165203949391,-0.3303166222721199,0.17873788141395952,2.9240503889212954,0.9559875121957218,0.18498762607928043,-1.7600597202882318,,-0.7665051479442297,1.7652110052961856,-0.30160621351580374,-1.542877983769464,-0.3562008403901973,-1.6553264058275396,-0.13543892465107676,-2.6347682786996285,2.105401808636387,0.5741282702276473,-2.5792886946988225,-0.2776495954372016,-0.5083445049513968,3.014994340068844,0.5974231338510938,0.038498398727626615,0.8140543188545957,-0.1843269328342001,0.15571372430727148,-0.5450221039808301,-1.8802617682704303,-3.3414392506529778,-0.9270950101552433,-0.5843954982415744,-0.314368553433908,-0.3619547349255403,-0.7847753392588253,9.479433749716693,-2.245408210951705,-0.5630549422012798,,0.8150614502168363,0.9404747875073394,0.4936040391614105,2.505278983424697,1.6561574435755677,0.6105106955523132,-1.4329932457202266,-0.765433426506501,-0.4404112688263462,-2.1667405315561883,-0.7329487111722321,4.0327152002016975,0.29318223972452095,-2.514522958758103,-0.6323796078531285,-0.5358088376260062,0.6728706840588128,1.307431790275726,-0.28611867117701584,0.8667350327585144,-0.6939434820044887,-1.657952627138548,0.673434050413424,-0.7252176688942957,1.3571220159060315,-0.08307609745172861,0.031879261430201034,0.14752866887433047,-1.31064969103456,-0.25912197939319537,-1.0378661852034288,0.9899438589732412,1.7843373433966025,5.625706074194747,0.1478977392774139,-0.37399982208466964,-2.1082558538793705,0.4653950778177762,0.2114057584009732,-2.857144988783833,-0.2833896388973467,0.6613476121426043,-2.685261045041565,-0.665081176035931,0.2028456130271472,-0.2989208698367052,,-0.2431645017962336,-0.7620657130273045,-0.8197065531841741,,1.142800947552014,0.33807249622530566,0.2383897306043936,-4.477432921796776,-3.0743184370996324,1.380372450250844,-1.8140185357227279,0.15766027678301153,0.3289546072456684,-0.9632614574473175,3.5032927248134893,-0.05079020214238117,-1.31626991514312,-1.0955240061668925,-1.323795619561996,-0.7877418882059506,0.6732513720232758,0.9767109778660021,-0.4270230714265577,-2.041480414093799,2.223402884811465,5.689815812131971,,-0.5992308954467784,,-4.038272424585799,2.056100242410963,-0.5589534023245912,,-1.2505914976453147,-2.758248273896735,-1.549069027685679,0.9412397219970225,-0.4064321516320968,1.5331281438948352,2.859816303583229,0.2973753814852431,-0.9311229873710691,-0.06169565104086061,-0.8092173458273066,0.5897039981602514,-2.845879928854733,-0.15171327863379158,1.0920348552388548,1.0526312048520836,1.4626443176323223,,,-0.33574427404629015,1.3565481631364618,-2.01391188339739,-1.869812730447229,0.6136783459991912,0.11477133703492459,-1.1426190119816937,-0.6123986173481533,-1.986106689790812,0.057024288848883664,2.2707721514055423,1.5110149227725245,1.8256135390717132,,-0.35383727396863796,-0.5495356432044018,0.6108313332313653,5.162099051302316,-0.582730944387122,0.3621616553795892,0.9367333283770707,-0.8265026277588516,-0.5180832880581909,1.249362932536635,1.003667559596222,-1.740396182448345,0.9505930778496152,-0.3980876629025909,1.0284930000325154,-2.3465724789903275,-1.9792968980214765,2.78631328636898,2.2222148347671,,-1.7708670322043707
-0.1436687116789237,-1.2474388316274676,-1.0820838114268705,-0.433976606326536,-0.03301285230976614,-1.052245200372448,-1.730994087575899,-1.3292072293893065,-1.451312664484239,-0.37494870084004983,-0.24861709847634472,0.827484309449944,-1.5163169003220456,-0.28893593043738397,-1.4166269209042404,0.29494760400119446,2.024413441644346,-0.10518856721041248,-1.7277951731147545,-0.43489177098038345,-0.2383663987178486,1.0276653128078461,-2.919504844169607,-0.627037242246753,2.0205218183668716,0.7640465259924456,-0.3182953313075054,-0.6455774684438698,-1.5189154599325794,-0.3568481787047384,3.6290907313743404,0.3607421826290924,-0.6000996746154619,0.6215768371738983,-2.902438273562291,-0.8666156630364297,-0.536897873290032,-0.31739629235375544,-1.2449655248959801,-0.42367937874705497,-0.8823122524581284,0.762903483578059,5.038275543401194,-0.17183573226247084,0.07062724908590834,-0.37209762442254046,-0.1972230001218489,-1.3231991323526149,-0.24823425547571,3.4777663260810554,-0.9236000662700361,-0.7557776074150868,-1.2310457555188337,-0.3498201874851614,0.012451810050762013,-1.5394438456407977,2.7208348863212883,-0.7060916313939569,0.11619557333109043,-2.8653723284009724,-0.5231028865252285,-0.810758553400448,3.496770288398232,-0.761669248904473,0.2922514657839326,,-0.37999662051610983,-4.827948225249356,-1.0535387460477885,1.1071901262828865,-0.6470408156794116,-0.3436744182823248,0.5801592946311773,1.4725494899570535,1.964085698667506,0.5670601000995479,1.7070416554389567,-1.0264183428960405,2.2665598701389955,3.551548612564104,-0.9894544535393512,-2.140636813515462,0.7806731248402254,-2.514748279913115,-5.652801042180366,-0.7996179849528162,-0.8433749764434006,1.2150604258642117,0.7745577469783882,-2.352255061397446,-0.2603687274971289,-1.9124235210330687,0.7089921716812775,-1.055732338982296,-1.2473336460774753,-0.6025122788268056,-1.2561916200950929,-0.42459571019125564,-0.8802955234301524,-0.5089435612882887,4.251054852320668,-1.3088460962972448,5.840118247918191,-0.26952229667533967,1.2177530315427676,-1.129841844304591,-1.9893883208441876,-2.029985912763055,-1.850266074114304,2.080342340182284,1.2314404693337666,0.056211328461053256,,0.34747759432431913,-1.2981544695242042,-0.03673024284415183,0.1435075700352728,-2.5119133260986137,1.2494818649898987,-0.021870389717804084,-5.295513743540104,-2.67536792242985,0.05918885616931213,1.9988690235476225,0.030271842028284368,-2.2565180752812997,-0.4209237462474147,0.11432633916796942,0.27438394499259555,-0.9972583066589658,-0.36921354279413343,-1.6316087012289815,-0.8661723848792935,-0.0228101890509258,-0.5767558330870615,-1.642588536241163,-2.8641545423970127,-0.8268138239059586,0.3894729475637071,3.790124963831021,-1.435169935697811,-0.23280075721570093,-0.06709275789540392,0.5466219940378991,-1.616022496390046,-0.9682625067240491,-0.12189182710261592,4.163452961692626,1.9506385504588275,-0.8525356789491512,0.1360342525180469,-1.1423192949331806,-3.256272986953268,-0.24258108115264854,-1.1487383998917355,-3.038622238226951,-0.16077994870301593,-0.350789473096802,-2.5500275837229136,-2.1437504401440544,-2.14305206282861,-1.1853451383454838,1.496807657552246,1.1441540090563862,0.7012108383841698,-2.70593403882855,-0.3741710944215382,0.22092913024185368,0.38947768094923507,1.3674310724186345,-0.627647243815288,-0.9700747436574675,0.9297119540796928,-1.1721093092087465,0.42175188043771517,-1.3440520237555598,-0.748475082181832,-0.7581786439698424,,-0.7921250651919398,0.0318817128051041,1.6523205633725002,2.8614236073520427,-1.2580744565864443,1.702257478557434,-1.4951756647271108,1.1770073155737082,1.7501869139761483,-0.3796764346588155,-0.654380040845215,0.726649884514563,-1.7720674700737904,-0.8792944399749425,-1.1571749290400057,-2.1256889900500564,-0.9210756116984742,-8.03889132506066,-2.9837974548520996,,1.49752501375775
-3.576189026522547,-2.128390352788956,-0.7136506495982298,-1.9295714874547398,-2.5209185159185243,-3.7243458199828994,-3.369801727895927,-2.5231668181283196,-2.1912364005063134,-2.276486173628822,-1.5923566609831852,-5.61969808016033,-0.4784290438771044,-2.870604190152537,-3.0912667618808953,-0.6763972340110946,-3.824871887843828,-2.8467659576636994,-3.2592039134814454,-2.2182275570077015,-2.7902369415680917,-1.0707492423000842,-2.688232277747371,-2.6459584080959386,-3.7392314131140303,-2.9289359080512667,-0.8264461275159452,-0.8019408792030225,-2.278456345583091,-1.6604272814681797,-2.0239223860922695,-2.8128280627770064,-3.5958402128739464,-0.8357576212199125,-1.4839962530212025,-4.922086823358008,-1.6747357392482454,-0.6965200991706166,0.02508672762717712,-2.4464791800441477,-2.5609404643132216,-1.0010952245686489,-2.754240626910265,-2.0272932454809434,-2.9698927726584,-0.9983439402398986,-3.4522787965495016,-4.61364782892727,-1.984961175788491,-2.9430718413709256,-3.311329661565987,-0.2579889912101674,-4.510393591020867,-1.4919504347181256,-4.146947421291247,-2.068405062365253,-3.1023222060957867,-0.04283558072786242,-2.048198444892857,-1.869580128226056,-3.447265750974293,-3.3692172429911627,-2.306053040259992,-4.139723334824996,-2.1308888325732744,,0.17043315116327395,-5.734791357309388,-2.3884825261680898,-1.7183138843697376,-2.042962365062595,0.3556383560383569,-0.6378909785118458,-6.965651086316638,-3.1583527653271437,-1.260712966262889,-3.310167592650093,-3.2215347240096115,-1.4416450231753308,3.0814570128507413,-3.4390586332477824,-0.34766717394878466,-1.225598070664713,-1.3843696653883186,-3.223844611569915,-1.239174860461767,-2.041312158807085,-2.0708309979631245,-1.409111809194974,-3.4188628465573467,-1.5351127268175446,-2.119242760482709,-2.9979388678716967,-3.9454130405695564,-3.4549358448838885,-1.8296069599944231,-3.232964250434711,-4.700985604156028,-0.9716134721036718,-1.326424579894958,-3.0658706870383523,-1.4906975193573868,-1.7781861305140367,-2.0353043920583125,-1.4967763042199378,-3.682204586526283,-2.0297742104037564,-2.7340716777682794,-1.6127261192222742,-0.7261673308484706,-2.082987175807738,-2.097575525498707,,-1.5323768381970027,-0.0740950796084272,-0.404203718674212,0.1328300258230053,-6.1973137716402,-2.412647959210601,-2.731449019478893,-2.680620887563978,0.33535319384077056,-1.4528000211528558,-1.8360534022849317,-1.6644474526521291,-2.04221890323798,-4.284481880215829,-2.5641915369681967,-0.41805374889440916,-2.3293923197749034,0.29672985002315855,-3.1330723647049474,-1.3397467516487627,-1.5126212056051247,-7.92192274852489,-1.1188372726478435,-1.560342300558759,-2.598766332542668,-2.071208867909835,-1.3203326346996946,-2.104939134661865,-3.835498667001569,-3.6930464401940033,-1.4833845894388964,-2.2495979672004673,-3.16132271438756,-2.685117951445537,-4.6306292042344825,-5.285412262156452,-3.1304541107398998,-1.3972419040099382,-5.39248969460645,-1.78056151015622,-3.026207513255985,-3.3202520330116725,-1.3865288327362557,-3.161164974203534,-1.1862827578694057,-3.636601004407003,-2.676797468259151,-3.952636771236173,-1.0359820118769125,-2.2615888751124413,-3.5223114206897055,-2.5454539956310307,-0.3797590693337405,-0.19260511947375436,-2.87241358678485,-3.6767349570101526,-1.8051221146308638,-2.728348822135107,-3.4180896317115628,-2.328537975223044,-2.043690950388999,-2.826338387129068,-1.9376657928196983,0.40671424808922385,-3.163761264317977,,-2.822140091621228,-2.5017306839826836,-2.101751844064881,-2.316247728825893,-1.655361830606783,-2.686829459630813,-1.188873934499779,-2.7752450893135605,-2.2696814757452777,-8.092491160669368,-1.9354317467304538,-0.9581230223373427,-0.4680008521316559,-1.3911326589861939,-0.44457980931761343,-4.343720788658933,-5.298911068460111,-2.4598527126578507,-4.6572911040539955,,-0.8739039453771746
0.34103371257923065,1.1727888557490296,-1.437566863277151,-0.6342043980055556,1.5584401798948377,-1.1143071345511846,-0.5095108625230771,0.804330372600881,0.10911344190811523,-0.7796256961619674,-2.5608571682041115,-4.613113225952081,-1.1187788500966023,0.43819037314747344,-1.244123271945774,-0.908014865091411,0.24891145766985368,-0.5419331609325506,-3.1822363524186104,-1.7517737457614313,-0.1338252773019022,-0.6648636508652217,-0.927104712942195,-0.010884735932426004,0.32683310591805625,0.06126500827408066,0.5018949093516412,0.2114333330281104,-1.0115539441516441,-0.9932122914088848,-1.4209718843637198,-0.04693241017981187,-2.3329471841105565,-1.6367371385221485,-1.0113939096369151,0.8794747629553124,-0.9149836018507274,0.005009906796527019,3.1853546351175765,-0.5451759709799164,-1.2508757788338931,-1.3851145365652129,0.27014959457836163,-1.9000521336381193,-1.3394760831333397,-0.6384251298147459,-0.3009898342650863,2.1156713942811045,-1.4465313173064875,0.4352244710085884,-0.3414669081643118,-0.5023742652913943,0.7750036199573263,2.197581195492093,-1.649995063741172,-0.049893791211408356,-1.5446545590713345,-0.8142669286477777,-0.46699663259228696,1.9736521758824122,-1.376698873111526,-0.28884348644589997,1.0430140182464687,-0.12608750860964024,0.9118460341261292,,-0.9560076870064216,-2.9680739253972854,0.8107297325689267,-0.284485506836174,-2.014326296493496,-1.1651693421642073,-1.0585981892595298,-2.2506186747221935,-0.7526168887852625,1.195994520024879,-2.199677958873203,-2.1773877054340196,-0.4665650495839446,2.467872411928451,-1.2973157974617844,-1.9479646810778295,-1.455655820128765,-0.7210848851252782,2.8703099623381467,-0.7065315061710375,-3.274616053682189,-0.4750185630757131,0.4665728224552135,1.2548317828667388,0.24618688300150904,-0.37529177368889055,0.08970005885908794,-0.8524883215002443,-1.970142491282445,-0.050982341714889134,-0.13266835180731906,0.22095776461388272,2.1692529785205306,-0.27126271391266776,1.4091858037578398,-0.27134202773166916,-0.2986123409676522,1.2586192717979339,0.1538784327451026,-0.8474606539005336,0.13812425772476988,-1.4496594492884207,-12.160820230277414,-0.5191102393511837,-4.237565074159988,-3.0416005897937803,,-1.15470591782173,0.049430774103842445,-1.2728887711422332,-2.2236207510398454,0.09190251528565785,-0.6393888199797582,-0.11805754015214998,9.145686566887278,-1.186270799446465,-0.21345268927566163,-0.6864400783704316,-0.3015881387954611,1.1380756539193237,-0.038585060176077324,-0.5966622809758793,-0.605527396597394,-1.869273359792245,-1.9723865877712021,-0.25366816733722874,-0.01474995334476148,-0.9647310625261585,-1.3912719626489878,0.8236616424116328,1.0606022742915888,-4.696176906308402,-1.9360980451398446,0.27121505137592816,-1.2844052977680986,0.42462999195764795,0.5976034074640424,-1.584537330869018,0.7671231764501796,-2.024910066610075,-0.9336590393044575,-1.406461997114461,-1.8749986376081162,-0.7905788836860217,0.6888421002507972,1.0178325533110488,-1.4152777584432452,-0.8637564935807363,-0.9990676135941512,0.7604056306050433,-3.46143535844049,0.3074463436423036,-0.6127263949076256,-7.155249941927533,1.6498233550245267,0.5325949060717594,-0.15190019762938434,1.260256497155976,-0.4525282126136343,-0.33636172032724954,-0.74778211271469,0.722147933861228,-0.05576846362844723,-0.2965015599249998,-0.7115979220238433,-1.7479528930165134,-0.3788980888206672,-5.082426247254668,-5.5133667425758315,0.6543522779421718,-1.8059088930089562,-0.7332481839949057,,-1.0199716536307135,0.46306379055807145,-0.5714735861451103,0.4885318540706507,0.09078259464769811,0.12573426276312194,-1.6118141326050828,-1.869077122436369,-2.4297140621412083,-4.388693771471552,1.426321749198256,-1.8551152487666478,0.106183275838867,-2.2694693855985104,0.7219492982059483,-0.09871894144976023,-2.5447419122060944,-0.14588209735771906,-0.1843360097740665,,0.32630763314493993
1.019655488900395,0.669889693413861,5.184713386557105,0.567891388123809,2.8355387908523433,2.667060568827262,2.9133919688515864,2.582327465666978,2.390462231643564,3.7584034291042734,2.382671480144394,-1.591474929800607,1.8032331009280478,1.4759092497608428,-0.4321413152151288,0.36853131651195525,4.987857623409675,1.6046011738542143,4.852338205198925,2.103958160254371,1.8431959795546016,0.7704946353268793,3.03560613792071,2.0808292029229403,0.7049350834370749,1.693960757051638,1.1495363286830873,0.38474381869129104,3.2468561728572043,2.089946401555043,5.676906099283574,2.973866510192247,2.2547918015951796,3.6383943559797016,3.731870608469978,-0.31701868014071266,0.6250902704100225,0.3055951972696036,-1.2761315993462752,2.23379287964911,1.6510071200514398,2.2318022929374903,-0.1825101380048877,2.6001577259856523,2.2238647300923287,0.058414015837193745,2.2098762657273063,2.105901637867902,1.10831562228364,2.661206683313755,-0.3627920115447436,1.6772134822626628,-0.7042953229519422,1.7725610382716361,2.9986806085906537,1.0149754461029836,-0.047542074736139917,5.210857317742601,-1.2745125138378444,-0.6181087492172943,2.5464000185892566,-0.9104063744295399,2.2093415562369323,1.6790871402674323,0.5470966399087507,,1.9222924941482367,-1.4594971671155643,1.9008578165873091,1.224370951711018,0.9248814791251947,-0.1792745464997081,0.10353806935157195,-0.31914562366736066,-0.9027785884598405,0.5589889466256048,2.2022090657776383,-0.31464540519655637,0.9543970711743288,-4.200419224002583,1.954321433087225,-0.2594487025329162,-0.5396336342132879,0.934946268108594,1.8431825297736681,3.30019959847494,2.949459583638836,0.03079867012820703,5.431785037180248,0.45135108922136347,0.14480717618545746,0.7244277373493979,2.468626364784754,1.6327886597244268,2.0018734465594212,1.7456366136098689,1.2560422759106071,-0.5181110058608884,-1.005335562829468,0.5500467292467226,1.0602161605764326,3.045204910032262,-0.6364761004880259,0.834335960074295,3.322443899059402,-0.24690853066707819,-1.2807882961658579,-0.5112659107292639,-5.800025396043607,1.0436453620100261,2.1147959113785086,2.022288411641271,,0.7248097062805492,1.2043714629280222,1.0510513960180878,1.5887176225956035,-3.540090762104864,3.088808739779103,0.5741139922806671,1.3998365336784335,2.2819255926495696,0.5080488963145058,-0.03170520129800458,0.48770848904871045,-0.5377436467284169,1.6127582739969615,0.40017142910881986,-1.1442233695035942,1.7472287080673832,0.16096333862549717,-0.5213622154845221,1.1071722673768436,1.7768194387143055,-1.4907434767945982,0.6766512157078353,0.6688980420031632,1.9904502872390761,2.9126155127463083,3.05944737079602,1.8536912667012517,-0.7097602750471221,1.1881249658088233,1.2576025088082199,-0.29001904103249654,1.2308925746276955,2.1803305708226084,0.34408684436844084,1.8425855302668603,1.9712042160868526,1.3487090512299904,-1.146557943858162,0.9436246620368349,2.922997918448633,3.752762438964874,-0.14950853130218933,0.6890334470077475,-1.624982113611484,1.6113159587825887,2.204048766233613,1.5136391518542958,0.21922273053747166,1.9776880340010017,1.5149946794019709,2.8869917397852385,5.5461804489024935,1.9151256868243483,3.55069788774387,1.3206002953574325,0.45598708524634546,4.153850920604496,3.206683369896779,-0.8856171334713059,5.167200456985843,-4.320684266778219,0.8902767314289628,0.9969077135139282,2.178581845349581,,1.1306580476422523,2.5432526667484634,1.3048543210784525,0.04150744033861731,-1.4855807010994537,0.9719132281570619,1.6305280557111557,1.0466424172277167,1.0515387359075978,1.2722282682052555,1.0873950587631853,1.3393665108913488,1.3939336127497537,1.903768302206199,0.2955761883162378,0.5928895286087643,0.2246978647725273,0.45918285410693205,-0.13850732620892536,,1.032809777747401
-1.282730773302898,-3.419736390420891,1.219634392000879,-3.443111167314228,-12.121537312458619,-10.649924052411153,-14.541634609654086,-7.481259923931905,-5.64858895721464,-5.574823253779426,-1.98871305866537,-3.2187145254559013,-0.138925578824467,-5.122582530390341,0.08827828183586295,-0.9228954714469939,1.4189592080730007,-0.003706905965816798,-2.073303056713549,-1.1176153219605633,-1.57084929153265,-2.842144433327909,-0.8565355001602271,0.46424953089934107,-1.5909180022449898,-2.2126325140432335,-0.6241271765728418,-0.7459362540210623,4.822403303015066,-2.997047871780556,-4.06802102618199,-0.24320329956837305,-2.976839627511374,-1.581602894791978,-1.5857392985096919,-3.5976958690522753,-1.411830438229611,-0.8740373291689085,-0.5786056520687533,-1.8230542359372381,-1.246146909351964,-1.6352013574208124,-4.379634742653016,-1.8554350149887155,-1.2500043147916307,-4.0426179664476924,-1.134209636461625,-0.6541120491204255,-3.039641952210037,-0.6102139868575551,-2.9533733406708618,-3.377757449323704,-4.0518394573000105,-1.208706642113977,-0.7053995015892878,-0.9800726792747794,-1.4459665144596623,1.48665490588753,-1.0781673611683251,-1.4887654357802482,-2.7075534738508433,-1.983712700162088,-1.2934199078393438,-2.9115981495147603,-1.6873532865402163,,-0.44943813521504117,-4.887686744036657,-1.0259739689261194,0.2289954999344035,-2.769214611137283,-0.28301326122368575,-1.792851503559012,-1.590462235796919,-1.9039792772073905,0.6194081747795233,-1.0911476548309262,-3.0044447045441958,0.790597466167875,4.556686119509434,-5.38361159914732,-0.15607232409247107,-1.5892998643512346,-2.21235514972008,-2.5897449374684856,-1.437058521605361,-1.0463282812896768,-0.4463693242349742,-2.2637314024418598,-1.6373459843624483,-1.898775863529012,-1.9274977022374018,-1.7571761657044993,-2.452568270682498,-1.9471897944093541,-2.5958118546876907,-1.4432317780062265,-1.108094246574154,-1.4096134918447856,0.43883422359667357,-4.1658178855163985,-2.9856816248140405,-3.4099396619055256,-1.215814797112491,-1.1524137965521764,-3.6938313562666525,-1.6766429170251396,0.4778309763994404,-1.699899824239004,-0.7511745511876167,0.2436494097050046,-2.0595557773655293,,-1.3179398345347648,-2.0566246138196353,-1.2019188139530734,-3.373751891456944,-4.780544154079191,0.0554827693494131,-0.847860653153476,0.7194248236807255,-1.8351142218793637,-1.4366421099645699,-1.8775819872858701,-1.7632212344303566,-0.7408798168972441,-2.836630952242869,-2.039074568291377,-1.5303353778266526,-2.8405347286413862,-0.7231771141454346,-2.3903917254264218,-1.6790756984760624,-0.9341487896102008,-1.6438922415205948,0.5983376884450387,-0.17183530900751753,-9.654894975952,0.7471209318649308,-2.373728668575681,0.15770666807448652,0.01521025605837334,0.09784534486110275,-2.6184671941608895,1.1089052372214692,-2.3583278092637827,-0.33728117218875253,-3.9577083301644334,-7.438020416034263,-1.6588971987420376,-1.9672185787178442,-2.3759189352336563,-4.002873520136818,-1.3244132258566133,-1.1702210970407467,-1.1693449417618407,-2.3507780778778797,-0.9594510202687423,-2.289019635727152,-0.8114373687903687,-2.6318192385325956,-1.5676322036015766,-0.19393279519612783,-0.9493888568968378,-1.8835744446471736,-2.771264840006904,-1.7980629023889527,-1.7276592302244986,-0.1407411528156044,-0.7400884378865658,0.020069482564744057,-2.7452668002744263,-0.5686102492719725,-2.2133901974320747,0.7946201416028753,0.38407873898465006,-1.8464856969479415,-0.9974320325512376,,-2.2785090231415284,-0.7879466140556346,0.8280262585101061,0.8118945554664414,0.07962769541942638,-2.196236318703604,-3.836849081457261,-1.2592676297082495,-3.3699209717229395,0.2926463552882508,0.040443348725394124,-1.15001095642292,-0.403465476793885,-2.668861886699092,0.8104253372878567,-2.4557956041798334,1.6930810908242666,-0.934969669502872,-3.2824739344441745,,-0.3727504759265532
0.27691944525660706,1.1263584155099204,3.0248548976952394,-0.26394362946204897,4.478892928776479,5.112114544529889,3.403207583902601,4.241822919155314,1.1582379726009728,1.5170489092490413,0.4173209493482988,0.3731335894123111,0.060864497090595826,2.6320977999598094,-0.13964706736481203,1.5524828234520394,0.010365896025166244,-2.9921851517883957,1.1995116928845695,-0.24724492963575928,0.1364033136947107,4.594597534142442,2.8226709166112363,0.8339147420565185,-1.4172531156231516,-1.6059518843172582,-0.5530605914370157,0.40691684245246496,-0.2075983126221148,1.9753509578463335,2.2048282372773897,-0.9294516974977185,4.360792679982417,1.2783091476992414,0.6885330344805984,2.144327207877539,2.362877836540389,-0.5693489263533302,-2.0492796263001045,-0.2594259355349071,0.1276087601267406,0.8740361734269841,-3.3600318872059165,1.9168741930610578,-0.21299662428724275,-0.15209386267719394,1.0755215919873384,2.3313592413620743,1.7049608839555308,-0.5724086901580105,1.1672697860322323,-0.05342195930053695,3.5856810950907203,-1.078999865862862,3.4228880886291613,0.7402501151823726,-1.698841698841702,0.33991999999205547,2.7463101905169207,-0.9027463147594617,-0.5996323358853806,0.7669378249522296,2.297621852219467,1.4451036020927788,-0.5161406094961962,,-5.361184248178419,-1.5118057019082531,3.52301769395571,0.7732806965489836,0.292215719868838,1.1243416433832643,1.1164144404969267,0.14763396271271212,-0.07429516693943095,1.21539831649915,0.9940157399479288,1.0847337218970576,-0.35693167724623054,4.07899842182482,1.1073693065114076,1.33988140890835,0.5680281678319465,0.806317749126384,-0.20529352494480513,0.6145418647194756,0.02517047827679253,-1.4687716057678823,0.028527259428656748,0.8593989257893231,1.8393842536199134,1.5840449196546924,-1.6672029753258655,0.40298168621830666,1.1616928351529054,-0.41176288000817074,2.275198741787432,0.25771571617869693,-1.6834541047193952,0.7122263951240937,1.371027739398456,-7.871875285081986,1.5408573654973834,4.444453305443563,1.6077380037360367,1.2455451448504462,-0.8729265168390454,-0.906226046047387,0.46295796104023346,-3.334906434238172,-0.9548645216240548,0.7108248191343591,,1.1752783352072749,0.6667024229946028,0.6223136582803601,-1.211126855097322,0.7664123433655634,0.9566054548885594,-4.230403063886534,0.6113270920279135,-0.6358011891950732,0.6545594951136824,-1.4480557080762568,-1.4008770740501886,-1.6037958631904936,1.4466920807017392,1.9362045833234198,1.6987481538512927,-0.1461748616912395,-2.3674649773440026,3.247766843721367,2.3759957933626286,0.734273399507801,0.9422960934319935,1.010302744070879,2.9492694366794137,0.5268703672935526,0.6284560648617488,-2.6345644866917595,-0.5731505426373351,-1.0948936518242913,-1.6422263278114801,1.3533372054284953,-0.1438362908130486,0.10425999583696388,-0.048350939166463824,0.6545710865061061,-2.4131274486693055,0.8364637651959494,0.07869557440909336,0.23041085315116394,2.330411176459357,0.7195192202543943,-0.3844294366943335,-0.404010662257559,0.05839936149396596,1.7776868950299285,0.9878577490117779,-0.9783277528911949,1.1715834609117737,0.8148150297066392,-0.24911804078844302,-0.22065742988992554,0.8532177131353791,6.950223880446282,2.297238475784069,4.381667337303918,0.42894798402750567,3.230948820795687,-1.267020397553975,0.1969368732721799,0.5127011677621862,-0.39943635757679896,-0.2563796272267216,-0.14229047381563165,2.9388747393994885,0.10166783954508318,,0.7241084856193458,2.4892064437848083,-0.935284710629769,2.5865599131584815,-0.6166419073613816,1.658102033964548,3.069184509394196,1.0436893820102044,-1.3562207005249238,1.9927410217357888,1.7786348709691424,1.4122820217777,-1.1680515297548322,-0.516768096570841,3.1133551449992636,-1.0070531560568363,1.1555378224803459,1.03270659228607,0.4780132940011006,,1.2868449949902105
7.137546272538264,-0.2132861051761914,1.4752936476285283,-0.12454120527759516,3.874693835830012,1.796373336324919,2.9783568458594534,1.319743401552631,0.16356968082016365,0.8661697377000843,-0.17197079793977998,5.560043132530557,-0.5474472727858615,0.31940325202202136,1.2364750187070062,-1.173686523643791,1.207256468706075,-4.2321243387100305,3.7415232634475437,0.9029010961367767,1.7735479699134915,0.30399990641301056,2.1838348526532103,-0.6163120661347388,2.2357073902493863,1.1784992282308782,0.8954657482440842,-0.3266864133160574,2.905657559519481,1.3907315856952263,2.5556131216595945,0.8612741945225544,6.846328341066932,8.907321123553903,2.862174225793157,4.824378115909522,1.385006092193608,-0.79558824561069,-2.96441745816165,1.4373673689684008,2.478044912928512,-2.3360520520439465,9.667386472635297,1.9519097792617623,-0.1768562151294284,1.1728935236776872,5.001176973290011,6.552425047715138,1.7965527424147032,0.023212116541349026,2.266409103630851,2.436168780997172,2.6248912986942985,0.45772917604112173,1.8483811124436533,2.1796582234116846,0.9328358208955168,-1.3953911438057687,-1.305048827767219,0.3978331357116005,-0.6496556213353433,0.2959817962969069,-0.175467046143174,3.296567842932552,5.100641001557316,,-0.17888691181033867,2.1345278448876126,-0.5986968842364715,0.5464506824514714,1.6743286432542526,0.6800464932957384,1.1874201484066704,-0.16292131034915114,2.4628301957474674,3.7791843245137624,6.335515499262345,3.3146508195239788,-0.9371483395334335,-2.612757926623477,3.1292530574526634,0.4627576314816917,0.9025935315125411,-0.22520165793471492,2.52005443065193,-0.6826419902762448,3.473454002041154,0.7845658556810964,2.4694816579942103,0.7446066140946117,2.4858432040855583,1.7903520437821063,2.897118127522935,4.833781980897456,3.871820715062091,0.4708898833737818,0.650812912870391,0.7767555865114462,1.6340827496718058,-0.9627351196617062,-0.41937513105473334,1.4089380030815501,0.26892487201697346,-0.27005703447838814,3.581027125008873,-0.3319637650275986,1.0956401903876367,0.1267665851459432,-0.25751740449193594,0.9053046625598693,1.4548709729126807,1.7547295748356895,,0.16367978769074032,1.7764347378725232,-0.9765192612040674,-0.6442672946294303,2.4140179981406273,1.661629516883556,1.641371733592023,4.873676213132483,1.0839438306343485,-1.2268691336576265,-2.413905638957592,3.000129998768153,-1.7324486614497925,7.3016195223144065,0.9835722581844619,2.2780165406898645,4.990685241386106,4.082904084358807,3.3992930395808196,0.9718573482896842,-0.836344168555303,1.0629563557535304,8.320218724279282,9.352357121611155,2.8127139935778755,0.08118754523707139,1.4296187298905583,2.0144425334148286,0.2921313884193699,0.5267307618646244,-0.04826464062903657,4.663293646713296,-0.12151232985695426,0.9328327459712238,2.394322926481851,0.4698303474679921,5.917323365629978,2.142716573885939,2.1551723002526835,1.260681874985714,3.7230445929504308,5.742513241345892,1.1734823320726173,1.4786028940025675,0.7359410042908854,3.7171655204670584,5.025728068217128,1.6048219806261033,0.9551809185678772,1.7731369446308376,2.999315268180136,9.00829833753869,1.2915224385303237,0.982766365899046,0.11571608215183993,-1.7267733144763486,0.95338972001211,1.9916920745200573,4.389600963846263,4.495508810169779,2.3429173106167545,-1.7221421441863782,1.333130274311678,-4.682494946121862,-0.4432125946322141,,2.0992069154542436,0.8165217419476178,1.4200206162714446,1.0200046505753013,-0.5454105231304518,-0.9681326593875328,1.7713980300832155,1.815495800001976,4.174852591926448,-0.20235815320427397,1.4139332096915425,3.8353874250477427,1.1589705697110597,-0.6890717111341593,4.486492800904696,1.2207516428325738,3.1790224660295685,1.0860323216049128,2.1883876044482165,,0.3973876303936752
8.535739158820688,-0.3443548009102182,-1.7981873580224739,2.654965180269353,3.6394530142786374,1.228253065413254,4.362615422750582,2.5978764332345916,-0.6235127154686659,-0.5190117435625696,-1.1484352972121359,-1.5158442823112073,-0.16601197378378618,0.39328452543254677,-1.1123203561201667,-1.8463098324499216,-0.650184106937346,-3.814001377864884,0.5437386244266929,0.9386745278275654,-1.8336590436957234,3.326255360546204,1.421229710986771,0.8321362390566023,0.0,0.40199891873418103,0.21487353838332002,-1.9126396353393638,-0.8868597658954425,-1.2246887708088017,-1.4521249523888446,0.07624071277685385,-2.503181617080774,-1.8763845662945533,-1.4529476235850214,0.3273727300779683,1.2694953764971206,0.5210267284356584,1.5958849769841965,-1.4035082510847285,-0.46980266875298327,-0.4435897575394421,1.4348299410395837,-4.7039412250164165,0.7392455305361478,-0.5645893604647401,2.6348438474890212,-0.782552984305962,-0.9502979721437987,-1.9355719725078213,0.8562439900503094,0.5417470030372851,2.0781706573577807,-1.0276285382309847,0.9932526776134321,-2.3755684879913086,0.5642572234653143,-1.1124732580959251,-0.20506119040435422,-5.46431227923343,-0.09340936446303738,0.29510832936263665,1.1074027117522256,-1.3119355235176045,-0.451996910014707,,-1.408084530957432,1.0449589820052507,-0.26065228715761446,-0.46253455566563906,2.68807779086917,0.30020507261359075,-0.20587664366510383,-1.0024899939766518,1.224486130642699,2.589664734334862,-0.49741132092461227,-0.15003141949454513,-1.0847554079378985,0.9884200487707107,-0.17618018159060167,1.1625366960408945,0.18658465289282944,-2.6618978437900953,-1.8661589691200464,0.6511556323965717,-1.0703159993021738,-0.7940153455285315,1.241170196621999,1.280093860781406,0.1473692694820672,-1.2198590217752714,-1.5597576708262895,-0.0749094627407132,-0.45567611073271674,3.1835806406681044,3.820830539065856,-0.3659701646753888,-2.4309495953499405,-0.4200390561712175,-2.6953042745841205,2.857143641363624,-0.5555587481298474,1.54262704762258,3.5912011426156853,-0.27428859784809356,-1.0635056927907893,-5.697229461071107,0.12229424501279951,0.0,-0.08639077373383541,0.7032753235708844,,3.661042741979248,-0.139876791416349,0.12209510253482492,-2.979222035344775,2.4001780463591693,1.1076623378703632,-1.8786933789186833,7.90998482123666,-0.7605391968604547,-0.9095220608186905,-2.520670710494821,-2.3954691686206786,-0.6259153046593191,0.46295625376739924,-2.1491296941688165,3.443309029450803,0.3676051729901486,5.2966895538369085,3.778216660752043,2.9018830696881492,-0.34819300986144164,1.2607969822111542,2.5355725166692045,4.943939876415238,-0.7561618023842365,-2.1840858574708077,-0.47789150872513675,-1.9187725975624126,1.226429701118703,-1.1369263860161571,-2.3016229339907768,1.8407077766212865,-2.2766729156221244,-2.129109473189994,1.2918562706333736,-1.57518929086099,0.978991598029233,0.2694385550500833,0.38677615597499937,0.6024079670260418,-0.5827937180699738,-0.30656826451805896,-0.40810047706111297,-1.6679466012843203,-2.771273763334947,-2.4252339606847806,0.10294749729737873,2.1986872974702365,-1.5465803689699742,0.3926225660735527,3.874793471484872,-4.232539265863188,-0.0101233790708255,0.2538696543032959,0.9246096903986478,-1.3224862588698594,-1.2973390633406745,-0.14517276412806535,-0.7531393642208339,-1.9686650305260067,-0.6187302141304807,-0.05230371950000201,-1.7405808436043002,-2.173536612823057,-1.094414111407993,,3.21082688028822,4.369351705927316,-1.4228486333735968,0.3119803834714441,-0.8930341830257982,-0.7224527406179626,2.8734338660064473,-1.0403743377177532,1.9599181327158544,0.11886546520021302,-0.39162821802487535,-1.3686510656471418,0.2788989314962853,-0.28821851658359376,3.9682549704843417,1.0050289787604694,-1.733556459858987,1.0322298909588135,-0.791434264044899,,-0.6912726302559125
1.9090223926630179,-2.4784054677401746,-0.3749854649883977,-0.5618040413106873,-2.111365092269857,0.05943548806079946,-0.7568700619924762,0.14106154018278527,1.1204062931675196,-0.028449004522301813,-1.306999755894822,3.2493842929127714,-0.6213921189346938,-4.831633442357031,2.3452463388904166,0.08134521083607016,1.3552532667978179,0.5091115245549949,1.0815961925939144,4.9626261774305735,0.6080947078164867,0.49131845794176954,-2.2574755256808743,0.8988651043319473,-0.5667627338234449,0.23099072456094216,0.6805300567364947,-2.470174236644196,1.7501080229208155,-1.0084400553573292,-0.49117729766203766,-0.548538544516386,0.4899717143015625,1.01237450952667,0.24340518327212735,0.8445320784799648,-0.6676736498763214,0.04064526924492107,-0.9553084017242308,0.41061900063668055,1.429958737123438,2.4025863798532,-0.8404095427896885,-1.9292265991386004,-1.049191044288278,0.23468688810261984,-3.291279078481457,3.0865736023946155,-1.2125904410240862,0.07100602785405918,0.3296123693529829,1.648621388504612,-0.438489774088624,-0.7542358505757796,2.707631069592975,0.16553637527119136,1.054464544838929,0.7610177157558962,0.9353064170856795,2.6880961438201734,0.2337560834258623,-0.16813531178921926,0.052150816584051185,1.0016663997267194,-0.053779745012005886,,0.3303439555635057,0.6575190409361387,-0.4484882408159696,-1.5102244323490943,-1.1201912219769516,-0.6680924664804744,0.5363801923053302,0.8713380904463941,-0.824369852723783,-6.0006899541572345,0.3999225845605414,-1.2944966054235452,0.8671253134820978,-12.122484799805488,-6.040114079212899,-2.067075663530016,-0.6299255407082982,1.847115877746619,1.799409242573713,0.13178672771245736,2.163772523602625,1.1142419460919317,0.24189138183905445,1.4369596607249902,0.09199056924613647,2.326253246381893,1.2513311901301005,0.033318052925879194,-0.8854800676622587,-1.4623639462858606,0.6228082769731191,-0.2560156847118189,-1.4901846877316438,-1.1147938072588515,-0.5301882709370265,0.17428829665928625,-0.4045470412861296,-1.8666621427238517,-2.3801305631247938,0.0,1.771086842339753,-0.08631263774379061,-1.8322475873592592,-1.0669274578133714,-0.9683514407179961,0.69835794632922,,-0.015250728750404452,0.4263049721707324,0.970875466078347,0.9548117239356113,2.112672701409002,0.3473524423312391,1.4005457472636484,-0.22606727476089938,1.1043388534199838,-0.02055428704721418,0.6688775995686624,1.8044148634660973,0.4409003761944197,2.2127683795994946,-0.49769222117790335,-6.405649024756544,-1.2376960015675342,-2.004534007305525,-4.007089312024881,-0.6003046037404092,3.455240024144901,-0.7324101086020551,-2.3348800143548787,-0.9130664876609296,-2.6196366942468297,-0.9888324651887714,0.5652838016133366,1.15225200567719,-0.060577033554598536,0.08000575715854108,-0.5766070382512312,-2.1114831922125044,-0.9603457826621642,0.1049231489535396,-0.056998162048715884,-0.2250547412404713,-1.9260627299606203,-1.5355099333041133,2.3817880011921977,-0.04790355801451707,-2.9842779204013015,0.5710879946239533,0.31631999215702145,-2.0536859054097856,0.11020153832701496,0.11048208457493658,-0.12766725946328217,-0.8605486413288066,-0.2587316222705027,-0.27375734826067255,0.16148422224666614,1.1480491413130567,0.6701187010234255,1.0270219301205419,-3.849082628123157,0.3775314675439123,2.019906816282635,0.16249316082035392,0.48482198333545945,0.6128535696893866,3.161329520032341,2.741064490454015,-0.6519452009009163,2.411498144834656,-0.15941187728016892,,-0.040942241357277975,-4.542307690531356,-0.8138213939810179,-1.4306719238708743,0.9569246505615414,0.7811433614471008,1.196032672112013,-1.0016098036891186,0.4171435846760829,-1.6760936876488497,-0.18086118635566306,0.7356161075992462,2.4203194922327587,0.8992716969161041,-11.065441722986169,11.144277256746872,-1.5714131799346442,-1.2093453526678566,0.4692650585446767,,-0.606270439208112
-1.9808211764687056,-0.05497908769517279,1.6424743832545996,-1.745807489137996,-1.139920914861614,-1.2373758743498997,-0.9796991324099169,-1.1762197974838795,-0.5761550828514594,-1.4992002233928714,-1.986462696435587,-3.583804775741073,-2.747681134334101,0.06860540458131226,-0.3879068480654002,-1.8490350250537801,-1.1642748670533498,-1.0830599857110434,-0.6095147661996259,-3.038830227347755,-0.4146916608788409,-4.298015291237944,-3.4107916144083372,-1.0523503760892727,-2.8122753083346663,-1.1523107063600824,-1.2870365504868198,-0.34754983961980956,-3.937929822375419,-7.2812232134269905,-7.574657685908925,-6.005815881219689,-13.782346594666283,-2.2048993206020273,0.1595657783409088,-1.6939505097328555,3.441470298175253,-0.16761951594206348,2.6022744076768856,0.9133069747508271,0.20530554565001413,0.47776969880959363,4.1606006850192,-0.6444067111959884,-2.2860968835355155,-0.9365588996221641,-3.9137788236297766,-8.910174118102166,0.8707135045573411,0.624346584151092,1.1149779605941212,-0.4911785862828477,-1.4864329420035571,-1.5001951467408348,4.0075614612244514,-1.6278256670249402,-1.0243155274746285,-2.92258046558459,-1.9234799034145267,3.5642430372826883,-0.12438107424439515,0.050524259868423016,-2.2415397266052572,-4.597488557449491,-4.12457053456825,,1.3863607845031822,-1.0591124440286315,-1.5750212952831522,-1.108749902995776,2.17037226413892,-0.12376212007129128,-1.8467896675503748,-0.5058375528628645,1.6082356415029642,-3.334718345664278,-6.076539127086011,6.147542770001158,-0.6616130762846284,-2.9276115348628173,-2.014083373071107,-0.1623549766056609,0.6945541116336162,0.7772599998172813,0.060256662426061425,-2.8356088258531864,-1.0108302515206447,-2.3125871868587833,-8.43479496334062,-1.520429460779582,0.8392441015985685,-3.1153538509009038,-2.0463865615092725,-4.304744263827043,-3.5130199837613896,-2.681432786664817,-2.8134141062130413,1.5790668292813725,-0.9684600511824959,-0.7068904011708455,1.9688893723485368,-1.8051291395374869,0.386853516796859,-1.2516543162248928,-0.6095432012555579,-4.0864442864978585,-0.12070577536251736,-4.165473587779466,1.0645668929881502,0.04902481601269937,-3.073164507760162,-5.690661956167231,,-0.2797333793578938,-2.7107318525216972,-1.0869628539637133,1.2106133197783864,-1.0344779975302254,-5.844751605327092,0.9149660355423306,0.5211337253250736,-2.8342726540430796,-1.0139707149993682,-1.4727041878739522,1.7352503980940126,0.1358669170095972,-5.65509315590369,0.08698138609239958,-7.690098589342609,-0.5242876312399725,-4.264763717274134,0.28321465525729117,-1.5870793540540773,-1.8087609681476269,-1.1335485564192505,-5.580752365266395,-5.244588634927505,2.9802219265109953,-0.32861137067835555,-5.512236396003322,-3.25467757560145,-0.6970791332407411,-0.859315804427141,0.7870729820756095,0.15531235810355426,-2.346319046958678,-1.33463255851195,0.3279350875854181,-1.1904761904761862,1.6607337936823896,5.419107056898098,1.4847684162857755,-2.53215316115577,-0.27464534441024036,-5.9988369276109506,-0.3583159020774884,-2.355511364204399,0.12509033435408323,-2.5931091298855846,-0.5219526532245777,1.054021326103638,-0.685562933130146,-5.676472287346968,-0.3675951727136417,-2.084569104313194,0.7564303899014524,-4.497987719110419,-1.6277420991117508,2.043502238615691,1.5251888191313734,2.4847019767680667,-1.4264663658441257,-0.8592976826037546,-2.5548251820205925,-0.019098638388659328,1.462914998072562,-0.7496279707379316,2.1884035563005,,-2.0474978663339694,-2.3921759310777446,-0.015484729600545588,-1.095748599759827,-0.6084376124666391,0.6665320978874734,-4.179878927644854,-1.706513673588439,-0.8308005113456085,-0.7671051554568487,-1.2525591428912297,-5.327500139051111,-1.181562166683292,-1.050403392301491,-3.066532836666702,-3.222915436153595,-0.08283774084890672,2.2794475135026193,-1.0275540164521924,,-0.6381983878807618
3.6667878971405443,2.0110000651406557,2.7990164865660416,1.7716497679051146,10.151486695287737,10.383883676687432,10.444927081449219,9.10127479947722,6.70132882961012,4.488971251640672,3.7231721568987464,2.6706217664735687,3.2780977929032895,3.476988309872775,2.235519636002481,4.5233430889048964,2.8137929581013355,0.9991626996482594,2.4461792985645436,4.70537793218937,2.7870052758482755,3.408299674846016,5.892796727421068,1.04248820658428,6.716832837719555,4.279575675194258,2.3825088610395895,12.123979996225497,4.334960120119824,2.8097915416628982,4.180128848390119,3.8956898790568406,-0.6107696085033365,-0.03415569320960321,6.601101247712804,3.7366839570624144,1.8407416894737016,1.6230802582518855,3.2555206078946464,0.5808452240262163,3.100675355387872,-0.11038525076352279,8.744968248875363,0.5939724201801555,6.278620235863053,0.8539222526607659,1.3931497986923613,0.0,2.6315835903371276,0.5311702267859708,3.948021213849673,1.7960501966139741,3.8480010049272373,0.30059805520084026,0.7615381109334463,4.309108173396892,6.693103781797083,4.47357390067209,3.2853763758169174,2.8418048724653477,2.117054268376206,3.2783472371843425,1.4930786803848406,2.316476836524095,1.5025922187917429,,-2.025461431652331,8.928913440355512,1.2362098555730894,1.1032977437121616,3.9294997995168,2.219595265139751,0.36934308937259797,3.089557430414458,2.489770472305497,2.665230314210665,3.0354580413934906,-0.5626070530456384,0.4793645884750397,2.974923600733903,1.9862752952224394,2.7276695526662786,1.905079796899889,1.9632336837363873,2.62973283028185,4.482200856124252,1.1913335395060454,0.6196365577229468,4.228552765082871,2.6509934796119072,1.8042704505008222,0.463498972451859,0.6226363387229483,0.16531814283093915,1.6478254683698346,-0.08086798422849428,1.563225329820872,1.3348001466813253,1.0829929619441847,1.6325051076058639,5.5301940540324335,1.6943485430772842,1.6184998644094062,2.518350967741667,2.1864725927639217,8.11142959559863,2.0243699411788274,-0.8713071881452872,5.047882956780092,1.8618279475272947,2.576117172985115,2.588899844414261,,2.99645115078111,4.506631983034892,2.6533287694203045,2.1567600926482244,7.327467720303393,2.502830085779739,1.868213703410948,1.036855222806432,4.78728784235789,1.446563519384747,2.7669588769918096,2.016324078837961,4.738551476094388,0.9475140718160358,2.096769098031692,2.5204335619596785,0.8998542227348416,1.3908473718189374,0.2578578444848656,2.3405148827324584,-0.022933269840319515,3.663507638917074,1.2010218547245044,1.1587029466252563,2.279319670087121,1.1894793010834182,-6.473490058293585,2.461673738402337,2.975734077375569,1.9854882389800377,3.2223620660932983,2.481037832428301,2.935950010055932,1.1189778142717044,6.6581406092493856,3.8427378304335846,1.8021656197206415,4.733727135338084,4.052056609024213,1.5079510414898634,2.588830298884659,0.5731173669098366,3.3587393461975035,3.0307091471666103,0.05497440473820614,2.1382038280463034,3.947739713445353,6.3371005348857645,0.8208957077825207,3.980877842584163,3.941881516468393,4.500342209812924,6.146151197710359,3.4509535358633547,3.8272701361980577,4.558013223704838,0.22394716853471053,2.199508853172505,4.617999768958758,2.2080166610410012,-0.1651519704328197,0.8342953119379937,1.7573220706301074,2.665719819718415,1.250004111525027,,1.7558522632014517,2.3447029594877433,2.1135035663573554,-0.43503633451303925,2.919157396001526,1.4646920490943405,3.0610709987966223,2.7385810482747797,8.101220893170735,5.905091863757872,0.438768142124224,1.91666663606751,1.4556241819102755,-3.2597021127134695,2.2704908978603555,5.55041077247882,3.022304899960382,0.1609611067876937,0.5662998058536983,,2.64309672881482
1.5259807369631728,1.3901368780262935,1.7169567799707686,-0.13743292316164002,1.4111247593890708,1.1622545498256809,2.3978153853125184,2.4235717028416426,8.125608247948435,1.2077102161940578,0.3328973384997713,4.7155439228110385,-0.8592753696876398,1.6469506871573891,0.3879597341148955,1.534962476477797,0.5253367153822408,1.1005717446968433,-0.1396725842379931,-1.0928981878218225,1.2630395048042642,-1.2903655277501258,1.2409122680862028,0.4533393605196556,-0.11406507803362054,0.34281938288018843,-0.2382022105512971,3.5615705534235653,1.509673474376938,1.9096072925625318,1.847987031222087,2.4788143960637,-1.0697178678024777,0.05695958847589111,3.378813760065902,1.7917173314804469,2.409961094072921,1.4269249732788092,-1.5458872936995882,-1.0072504171948493,-2.729197883203638,-0.05100009300363917,1.2168374184125863,0.10859339513382693,2.661708080935865,0.2948211572626924,1.2808520186734729,-0.4176366475389437,-5.7356468258027204,-1.0520497049509192,-0.14207469212966783,0.8761882238745189,1.4529420584859842,0.13986115056363602,1.1393091467498673,-2.4883190761705976,5.865288731755958,0.38853010369983565,0.8662474967838785,-0.027779567649033332,4.115861012108102,2.2900432066026655,0.6654967087156516,0.5142647332627703,1.6031890974095075,,0.811232523158889,0.7237856594918268,1.2816399355370045,-4.335511974495332,2.010254542398049,0.46378811875502635,0.32632379901258446,1.9878523803779524,1.535662031294005,1.010159785151421,-5.666155019153951,1.8083001743401494,0.10132134233962198,1.7509030717051122,2.9344168338314214,1.3456166433760686,-0.40290352788090456,0.9092236403574816,6.757949791794005,0.3417837486426656,1.0091394861316383,1.1929795266854892,1.0516058217984847,0.6823291687465982,3.1029949946832502,1.2975800431936468,1.343429577338795,0.764417836920761,1.713761568272476,0.35264752213060024,1.4935591947549343,-0.1192590430485807,-5.013183136887978,-7.2584549694241325,0.2931543291301075,2.1126044804637534,1.0049287638600912,-0.09761600251334546,1.5308396834677662,1.5536199106298998,1.9940694595292685,-0.6227476761564987,0.846464356471377,-0.8297202386921665,0.8429952028264243,1.276514265046913,,1.1959049758385465,-0.3578655724690405,0.42545871895065535,0.7244861164501737,2.3839555180477534,2.0830399017582435,1.306731663858418,2.024535655046522,-3.3894407434627016,0.07505633199011985,1.9550841904517835,2.000358331446672,2.1873393151926157,-0.7916988564661387,-4.65363718677263,2.6902521260499856,-0.012731059299542213,5.109346363226885,5.180643303383303,2.4264361784554156,-0.3669787739869368,1.1125599215784598,3.8715991211706102,3.722648535511297,0.7011121429957745,-3.9481243413984846,-1.5183606827555263,-0.35990473305986814,2.0302355390862115,0.879531300162073,-4.658759033087834,0.3698751367803066,2.3639365603633555,2.276232381904353,1.6655559299775025,2.6380113511378367,5.603662583235858,2.1892635358699453,-0.6350055888981743,-0.16954401932472996,2.442949386721227,-1.124284635142403,1.3708276482541581,-1.1080321891248412,1.9779240202131732,2.564824428832835,0.28844045944187435,1.0715548638769556,1.2213178161426752,-0.15994247273959372,2.4535331887788336,-1.602266470535063,0.49980246194072375,0.37587140965908983,1.898155392715628,0.1351339615267788,0.6982551002269854,1.657611455265573,1.2408474618489596,0.029520514522185515,-1.0959428414718864,-1.332670583312856,-7.013301834510221,-0.2077220479544284,0.03631226563181045,,1.7666393045537632,1.2802564855751486,-1.3874227129236805,-4.14796996483795,1.8532153371587867,-0.5462735265281182,2.7147339998540465,4.964949023302401,5.356920847494928,2.554753646078023,1.7156506183101605,0.9747133509950823,-0.5856071476938451,-1.3744202799245264,1.7982623272515097,-0.5258498400067091,3.8481254061561776,-3.8526551132099796,1.1262307702153196,,0.2602735944495116
0.26064391519413643,-0.9396645856580843,0.3633587830832674,0.5148075284131526,2.357940314456286,0.3769966286030657,1.330610513343089,0.14668890950688684,-1.1848775951070478,-0.6376391290003447,-0.5626117059123414,2.9779244055965437,0.15919400316921628,-0.726337431166213,0.08431401022044316,-0.9363164243227806,0.28867730582677886,-0.8398823797192922,0.146520951893514,-2.5645235291618884,2.8920286615459423,-0.6050640348181924,-0.1415643733773453,0.08299295741365231,0.15052644731574638,-0.9655328948255937,0.018368394448886605,0.9123358125747272,0.2923654258711217,-0.13752205108029658,1.5721200091490362,-0.566444737946159,-2.354293107528427,-1.434435937551315,-1.1187970791438073,-1.3934724665185638,-0.10459521539927241,-1.6487306527579015,0.9991942476018867,-0.2035031525288722,-1.184963414929352,-0.14458384752792375,-0.2389449886908146,0.5355922531474766,-0.914734731775424,0.4974872094353655,-0.7013029044662611,-1.2847774853644855,-0.8736535189565298,-0.08977509418739427,-0.967468424107254,4.499899845566802,0.2197447319614465,0.6185103337219777,-0.9368685710053448,1.4369454777970914,-2.5860592567220397,0.3789833566667067,-0.9343816867155574,3.1751748889508047,-1.3762892610270527,2.892088515686897,0.06959702237259169,-2.6642511058076246,-0.14338942776450647,,1.2546396830792839,-1.279424209302138,0.6678591061937578,-0.7275931237753719,1.3688102855915485,-0.35672904482948464,-0.2491394950573933,0.446369371225086,-1.461160079925028,-3.057155104874243,-4.306279007792813,0.0,-0.7001269421504142,-4.450536704614416,-1.2174139220857305,-0.8449319553143098,1.0895396971868365,-0.7798821657731714,-5.661414527160669,0.39934273904684847,0.5233011002382826,-1.1629736270052038,0.02843641409373543,0.43722153194976077,1.7305211150949962,-0.8824405461586471,-0.09640179201808596,-1.1120684142818749,-1.388896650321092,-0.21314385620069265,-0.6066072919795551,-0.7489364751691596,-1.8518575905439927,-1.0157624300343282,-0.5745156707299137,1.0877656053544627,-1.1826563955027125,0.9444867388407996,0.9166376911923013,0.7276084181970122,5.516843600528953,-2.2315046269830274,-2.8538269530421823,-0.8730484813914696,-1.2887597388308913,-0.038784622141796454,,-0.5823209127350459,0.5327436676536124,1.061409038141603,-1.9398330823317433,-0.7524799267764615,1.4324325555168826,-0.05596063607231638,-0.18586461370107,-0.42598699451363853,2.031630771401871,-0.07962430626521355,-0.39222288744819034,1.4969083546779949,-1.3410217666253166,-1.4657214193928736,-3.839644811801435,1.9367964834381413,-1.7401195374719736,-1.4904469583337243,-0.06806836709764008,0.023023019991885718,0.2524362401698399,0.8428550851601546,-1.6959188637612477,0.4309947096456712,-0.8912576176485776,7.840823841919509,-0.45309416315060247,3.5294154164297042,0.9992187213525794,-0.09188094913797906,0.11725291053616971,-0.5875153120454835,0.6368474870666718,-1.2254213903073463,-2.415522160685135,0.09647066431823781,-0.017274873738803986,-0.4369059214831883,0.36392562697404873,0.1310292535119162,-1.3707234846962901,-0.9198276446980902,0.0,-1.1705930912394136,-2.4195824826460877,-0.48962775911841616,-1.3293114560917418,-0.45703784147888005,-0.6808137415429849,0.28870453300637866,-1.3852025566612358,-1.6139621383924219,0.4961635132690434,0.7692839757873271,0.5432755770568454,-1.6087239691204513,-0.0026748964972789224,-3.857749580034564,-0.394380216654755,-1.0732496538308434,-0.7809437764794924,-0.25341201112869527,0.2515234959011403,-1.8874802346342534,,-1.8974589362686145,1.2077806771031652,-1.1686011215178427,0.054693239436032215,-1.1196863043649197,-1.1706240146879598,0.7175843694493755,2.95817366495974,-9.698929380016331,-1.45644229683618,-0.25769132662788463,1.027763384103042,0.0957200164158678,-1.75320247040196,-4.739743730628265,-0.969168340568094,0.5142627824675561,0.02142928857276072,-0.7888634910092618,,-0.02762125210044042
0.797230648051972,-0.5249905969154978,0.7286513740056177,0.5121708343993392,0.6179247540234023,-0.4560654011894649,0.48595885366620184,-1.2418832087668918,-0.46268587109689063,-0.34837116692642,0.899465010420597,-2.920016522283231,0.379683629775851,-0.6753486633755523,0.42825291176789015,-0.7187135793719324,0.16873061558024816,-1.2746203092769748,-2.088322566942602,0.7955335653592188,-1.1436123184022207,0.8266896195558537,0.16596245400992693,-1.3320215483675235,1.7569312379741353,1.204934380316236,0.9916475920398016,0.6324820696483213,0.7857921675545221,-0.4303699270159722,0.12234845015977047,0.8775925448788469,-0.3848230884616832,-0.750752304837432,-0.9979665726897125,-0.8553358238311493,1.1255119612455067,2.3087706894790117,4.442661992013686,-0.6525263933879533,0.17918442956570413,0.6898880349391012,1.0254454469966312,-0.6608641489117995,1.155425980549718,-0.24751226286813255,0.2199734946341625,0.4855317994023167,-3.3629246334445972,0.8939076951979485,-2.403983284645539,-0.523739166992987,0.37049096126908765,0.7931826772149764,-1.8013960572059284,-1.9050724173723776,1.1075949367088667,-0.29721860813473056,-0.4438599645319896,1.3354561911694596,-1.2321794977196543,7.239916787644862,-0.27817317968042987,1.6410240760216244,1.7542845210828162,,0.9912980101831614,0.5917865033246983,-0.9427742390524352,-1.0124293425438524,-1.5385729747851573,-0.9055499806620904,-2.386568840268999,0.35550679821456654,-0.21679196425152814,0.7589883670580555,0.7929679943007528,0.9371258680630268,2.964661778811739,-0.30287600948494253,-0.733506333883116,0.6874351667523371,-0.6722883675067459,-0.5876138285039967,3.767719097823008,-0.43285346618904263,2.08234400249514,5.029004371878498,-0.9437199153883302,-0.863386191158555,-0.3242916867362666,-0.028714306780108778,-0.2814588397048845,-0.156917209015206,-1.2622103352927128,1.593343026142402,0.2147410370257674,-1.181108574112022,-3.053170635086855,-0.8617275240571987,-0.4622742805618252,-0.16879711157039567,-1.3107941707746984,-0.29038154217513323,1.0101915035992226,-0.6853102541922174,-0.15592451977639588,-0.11464628042998637,1.0899923355160102,3.3272190310314143,0.670433496587286,0.5043594826605879,,0.11812679658753655,7.395054322825811,-2.0193840025281684,8.50928908845663,0.6246633186329786,1.3722360533359623,0.1679759086038679,1.4568159589288587,-0.9709648202308574,0.5946820380328788,-0.4117157116013237,0.1821907485123342,-0.09128071221748968,0.16678110021515202,-1.4422178706601785,3.5039695285940198,-0.7125087608124692,-1.3474494706448459,-0.6146511209535577,0.21962602415064314,0.524488044928928,-1.052371065743929,-0.09286008840215798,-0.25075224741899493,-2.0054409290279573,-2.503185660610485,-3.08475160405951,-0.39785179403568627,-0.22446135770138875,1.6585880529025543,-2.1486487715423386,-1.0038493822044248,1.5330574120465235,1.326891937057928,1.1543782157151128,5.231072514471391,1.0120497311925547,1.1750436905846984,1.9059512545009483,-1.0072494630660067,-1.324517371187306,-0.7896320934634771,0.5126800416723531,0.880353046432325,-1.0456978793861094,0.0969690247248911,-0.16171183261149968,-2.3886281401787723,0.38567043720296734,1.0584655837809098,-3.751513954326402,-2.8765675828420267,-2.0505418989893,-0.6613837463494421,1.2744506450857562,-0.44049991230112884,2.5259237669613688,-1.665368069359885,0.39707930504744304,1.233607733804054,-0.8242331802338021,0.17418493166034832,-1.6680636714816899,0.2941420480631951,-3.838324289779038,,0.3978137178422214,-0.35396250901680304,-3.9050917819694164,-1.597615111032391,1.059150529999675,-0.9405529482078956,0.8041673418188289,-0.42358523286801786,-2.8552364273564446,-0.8493280037639162,-0.3992848136491478,0.1180404872955787,1.294685479754465,0.44612028898136646,2.4191023275927925,-1.0676146619453597,0.5747123477330751,-1.144006103658246,-0.4209459718053199,,-1.8618748880719682
-0.008605819683427107,2.3209745020915884,1.6651545794472256,1.437865908501057,1.4542583880757576,1.064511832797277,1.1112876575022357,0.7093585062032615,-0.8969558247383214,0.37719082928395764,1.4809472024397863,7.919205132824292,1.1699551032266609,2.455379149359982,0.8178956191085218,0.347087603148144,1.961953012467088,0.6788500716695012,1.2566227149624742,1.0663267146830302,0.8354970774548276,-0.01489721694308832,3.0410821118363796,0.7511697231575409,0.14770512821795645,0.019760856218464795,0.9273564211517371,-0.9686469358319738,1.9051944417239897,0.48409511480944634,2.9023596565566523,1.1446935271877123,3.109417358863631,1.780518015500343,2.1123621292062467,3.0195022680087114,0.5047189487893178,-0.009811395031811276,2.070959108031256,2.339903630073281,-1.953772799849729,-1.1503922303216507,2.296806780876315,0.4208730521085835,1.6071567383139973,0.9398472034941374,-0.2541550973789386,2.3018622501914665,0.21345398678012106,1.05007246011799,1.4819205045222938,1.3529007186343867,1.1148748049355506,1.2000856309137387,-0.5388686243122387,1.477305484123459,2.217005738132505,2.7634556581733527,0.2507839317904992,0.3693184852555431,2.344812163466514,0.3140890096611004,-0.052306967909532265,3.014634811056993,0.3987937140793818,,1.3454009137319645,5.977170365985085,3.151334335590361,0.520807909548826,0.985373680476731,-0.40909513446303336,0.6254479130505919,1.2472312395400476,0.052140655277832515,2.302267142870895,1.5611543752692914,0.10795450293814568,0.44551419033707074,3.308975345830145,1.4050009125752938,-0.6969593452346712,1.4288787222046295,-0.4682546779627761,-2.63896657188587,-0.41122509656237316,2.387581663340077,-0.9208113054155476,3.592748261414158,1.7271661791511628,0.5479510316868996,2.2694543799594014,0.7661287368710967,0.4714914783141122,0.40533788848966523,0.8012285315620815,2.8871030203884374,2.6892471923749994,4.1489777232758485,-0.6568907452738859,1.114193107112471,1.4688809146117698,2.848892526821567,0.7118600504473438,0.10085057537652098,0.4289426469623381,0.7533200887793745,0.5843061815255179,15.016438160030399,1.5271669294230517,4.048375960548278,1.0712291303374366,,1.1184625832918682,-0.7096461030105083,1.0627099199118417,-0.7818115185607377,3.3456633600832175,2.4839010740655088,0.8831785408761617,4.858303476974113,1.0532934514211556,0.2789707576350109,-0.12668841982208523,2.8511073731085634,-2.8706017718451493,2.917914965616797,0.17621478729195061,2.0409248431508598,-0.6672512677715292,2.3804901867378048,0.4638440092877172,-0.862893850655555,-0.5908114361262595,2.0683855924967576,-0.8737751208169664,-1.4479657407327817,-0.6316321244562051,0.07571386768285837,1.8074257911229186,2.7705747551922233,-1.9825727337125065,1.4311551781148069,0.3930283250668465,1.4027346627154325,0.8702223421601651,-0.06043844125956932,2.1578013329774937,7.960603963734791,-0.9541887486638867,0.08635578583764403,2.140235420397385,0.4802647783290537,-3.382551089153385,1.0028617577710008,0.7444133077086468,1.223060327373915,1.3672612880694546,1.4530831706082603,2.9328597928836686,5.342931384381866,-0.676908738051063,6.004981946505428,-2.115734022714799,3.000229419934408,3.3300821738312614,7.4643604659496265,-1.3331667908605849,0.5604347911160268,0.2206279906319608,0.7149365645602757,0.31223502981483353,0.16496108451533598,0.7884615587791854,1.3460508353129619,0.22437183793835302,0.6814373546558006,0.6636506897526928,,0.7514682903490222,2.506849449309656,0.2428631544135973,0.11111712450035949,2.820574063906789,1.4775375462240392,-0.12596222224589004,1.3953035979288986,2.148166057437728,0.37096950782611327,2.5624948205250186,1.0385616409845477,2.381997141728487,4.168096313269176,1.2964816889993847,4.1366910331028794,4.731708432654602,-0.2773963327362017,1.2681941700534383,,3.9745542575740034
0.9371597412572763,-0.6271603840164564,0.18347146408546067,-0.4128082562866675,-1.5254237288135575,-0.9644072250865721,-0.4426842225631278,-0.44822683010780073,-1.5326631038295235,-0.43075840406412436,0.24086316753095804,-1.723439931535764,1.0607812350073687,-0.7281885485823536,0.1109399046214099,0.9453619496488264,1.9096170691273562,-0.984515665559893,2.783926069479481,-6.612941664444039,2.034469988142762,1.1405901178667577,6.334793021508611,1.918663559921674,-1.7850820724374161,0.16299787187332715,-0.18016714958540847,1.407452996105829,2.8506160171583472,-0.08603606294379507,-0.49878407989077944,1.1619173494679336,-0.24554567923344983,0.0,1.4839013056028527,0.5279466374934705,-0.5021843293213757,-1.3197863768451112,-2.9338867314210537,-0.7755072593195633,-0.15436484021837948,0.5219858059621441,-1.274714000750088,-0.7435900031379394,-2.485591672723597,-0.029791998434591793,-0.17372745816369717,0.27551502916627335,0.10972524914762971,1.2710986015302739,0.0,-0.20780313448403032,0.0968436003019546,1.0303253860910688,0.5072074252521652,1.0141446447718971,-1.258824530067193,-1.528808972315454,1.3967064248454397,1.217705334267083,-0.48465858770253556,1.0185047286542792,-1.5349697883744073,-0.29998924579545116,0.556100993341202,,0.7430850931253508,1.0769380885206958,0.9431662376313987,-1.8039968563381414,2.555880594531268,-0.5174678926825216,-0.5579887519670867,0.08746418515543919,-0.05211348296633167,0.4822450396035016,0.902932164964021,-0.517631122316875,0.7638656571190339,-1.8121102144270207,-0.4926263633458383,0.7304945206078495,1.1333565871979312,-0.8175237951998704,3.8446750911197203,-1.1680109689141238,0.3848842761226434,-0.4336997253371,0.3933517136907927,1.0863243714292592,1.1637150352984404,-0.028085174049852224,1.8327319783353113,0.3389247439788523,0.364872970878638,-0.028186209938430018,0.6576814062951408,-0.03233599923047059,1.4439817208848238,0.040082380453587696,-0.07453909549984816,0.749844070829564,-0.6737783191989366,-0.07228232272192825,0.025184675643341592,0.3528334490245033,1.112439678667232,0.9958480207545417,-0.7888446687742023,0.1165990408864559,-0.9600798832328783,-0.2100679724695409,,1.3467495089541925,-0.41878551572606115,0.33229527208249454,2.2916475466238095,0.4264439992153868,0.7437785496526406,1.8339963880105614,0.23165318932405476,-0.42268144965055265,1.324765174500575,1.1216420659139859,-0.3422313579229508,1.1386153838330415,-1.3508519888538184,-0.038238927247113974,2.7038447133156396,-0.7096787694965911,-1.524680734492423,0.7103107152190313,1.3815971495788837,1.003400714906566,0.2940613544514692,2.081767252045208,-0.24487119745929542,-1.5764026782840501,0.9973196150095509,-1.794922031082391,-0.7897915238836428,-0.7316056264848658,-1.8812866946209428,-0.042550866925961106,1.2333449300272692,0.4799121356006353,-0.6249082444845233,-0.5842325006478966,4.303957825539562,-0.4696568386143851,1.587577602593826,0.15730992793767662,-0.388860443890382,-1.139210292045556,0.6934629637964873,-0.2121020056346845,0.04572372008186942,-0.2816170540750784,-0.6956769534417595,-0.8303547743986783,4.0350362163982245,-2.284030076593857,-1.326803493722184,0.08041228538737677,0.253936582631753,0.0942299607898045,-0.16579178399723782,1.647935679938084,0.18773540071315153,-2.3848883710082536,-0.38327092809645746,-1.037559689248213,-0.06110044179868934,0.8950592533541135,6.5582096330993656,1.2346539613439234,-1.2851273214615544,2.828204195195516,,0.33903107304567026,2.9752494414752917,1.8654605877872932,1.4120971184862663,0.2653986012698617,2.0614424421993016,3.909762373962389,0.31645027046118823,3.2736275031510553,0.26207495747969656,-0.19160088850634915,-0.4000468538282731,0.007093731401308645,-0.1858621077494127,1.5299775919150438,-0.8635611582778147,-1.816486179929755,0.6041416371958652,-0.7421143384760076,,-3.914668884504935
-0.75809457299304,0.15335853896825125,1.880560082837901,-1.0887519613194119,1.6769165309195921,0.26925130381094675,1.6814895647849548,-0.08361815809501127,1.2479037720688035,-0.17489666372250134,-2.6855123674911607,-2.877104446612788,1.3507664683553688,0.5106883477514756,3.9894717442168437,0.45347099435821825,-1.611586343497462,-0.04596775446388257,3.9094176852333407,2.0016013244971154,0.03747938679476981,-0.6928445770351566,0.09136786516299455,0.9770836472156041,0.3469405134264303,-0.04437779006678522,0.27073404500022047,-1.3510930838295354,0.9418651472777428,0.2927593148644325,-0.26257978526833536,-1.1933200972005342,-1.3384634164663511,0.057174509698931786,3.8661747136119695,-5.595801535436184,0.32354082574159726,0.03976822212385933,0.3147334552956682,1.1184495970575803,2.7969107153771544,2.4772320532459924,0.5942319515086059,-0.898999265514,-0.18537753021157233,0.5811813614704064,-1.7867519518094177,-0.9747497482689105,-1.9729134470894194,-0.4397565842128248,0.30179360859832194,-0.7980303617122764,0.0372115016197716,0.5099030231332957,-1.4795302274170252,3.416724597482723,1.137048841416144,1.1385410442735777,6.510412915573749,-3.3633288712980325,0.6788669699681948,-1.1222323093398878,2.9229453641302694,-0.657043363332821,-0.6563365609388527,,0.16576130433516578,1.7190235593722791,-0.7210735492035547,-1.3667371736469036,0.35856179203663796,-0.5684298040796065,-0.4048620689775184,0.7792618080231906,0.6910590233271341,-0.3044691720372361,-0.8468714730455518,0.10839919483629501,0.37902241406762016,1.7565087798272705,-0.3455238737132382,-0.02843583727699661,1.157307903590743,-0.3188176419477218,3.0266536610112693,-1.4444351071545403,0.20298254983903696,-0.9800895952607025,-0.9657320936572344,0.7116950475250183,1.7395149435372126,-0.39336720721608875,-1.2338997309346067,-0.978687630066577,-2.0188760826065355,-0.5751607987742213,1.7205690199367796,-0.28028984219700126,-1.8923241704969063,-1.729204792604755,1.076524139082391,-0.2790995126789708,-1.3566977738551755,0.40992900550671507,-0.07554526798708716,0.03700799266224131,-1.34367767721002,-1.4584998245974146,-1.6017473581968256,0.058235183407706614,-1.9387840282159008,0.5741013611077816,,0.03357568377784226,-1.839181673682433,0.22685472115657745,2.085582479552861,-0.013692431519662929,-2.634926942236415,-0.024490575558056005,-0.5033360074742532,0.6704887216717026,0.7256384087645396,1.756241660040292,-0.7497696858994929,3.2941778699464574,-0.34849594817885077,-0.9907852949460283,1.3189089276949506,0.8187133921527812,-0.5999683661419453,0.4584460388866951,0.42246343317853263,-0.25217536873524127,0.5354027702314745,0.9002402790841302,-1.9637973217413451,-0.11194771148393956,-1.6957252809431167,3.323142417341085,2.836454574851799,-0.3335670502598198,0.038344079646912554,-2.528740945226604,0.06584573294137197,1.4385653909449791,0.08113206119746419,0.9234775998973044,0.699731207901344,0.6291614736322781,0.03397523405535008,0.364391346507964,-0.04065458024576918,-0.5199391851268054,-0.5966520119209284,0.699350031779078,0.3851592417505767,0.3963730278102595,6.291205825327695,-0.43214373783851956,0.571741180113694,1.0556054733972031,0.7820002615369859,1.2887719918251994,0.16389999734294225,1.2991907632771582,3.391314350190333,0.7019004816863683,0.19322434836053226,0.7705360192010513,4.299991472897147,-0.6500263525277883,2.7296473451518644,-0.8661667857855604,1.580393053093676,-2.506200184900975,0.03472361710257221,-2.425194720815105,,1.5407374600001855,-0.20191378238816338,-0.43602811646858974,-0.6202043557397952,-0.46848237918269975,-0.5613303943911241,-3.6682400539447046,0.8244910179745712,0.475675556555033,0.402146599250397,-0.41465178470520003,0.5969025705290676,0.21277939728674422,0.08762423102426364,1.5938513589272452,3.2230039545918077,2.0940627007218104,-0.7171600350599161,-0.37383142585097895,,1.2397146856501617
-0.635136487202792,-1.5724374139280184,-0.3463761099283591,1.0451913700915805,-1.0640414505324824,-1.0114547291805054,0.2915329896016505,-0.6244373935797465,-0.7421710614256449,-1.161812662859485,0.11619285300925597,-1.1990386252496044,-0.3310708290316322,-1.551977400233584,0.4262687662618836,-2.1099119470956107,2.263139500541844,0.7523527879326197,-0.03140838098473209,0.9855266935925533,-1.016558475116558,-0.54182874182227,-1.0670142584971232,-0.2989029222228323,3.1116119400809383,0.4982693355872314,-0.6390093059979174,-1.4293182631058055,0.7607255766064691,-0.46360067700347285,-1.1069189458069228,-0.9812773034209243,-0.857632949429521,1.4512638397295996,3.000477043837435,-0.01918126423912092,-2.5541779516485397,0.11928181254294845,-0.4380579600899881,-0.039984143152027585,-0.20509173702325523,1.378963326778826,-0.0729288240672199,-0.4810643600419606,0.5107420835402277,-1.4741865827351708,-0.968695301841116,-0.8786369285085804,-6.504867509467072,-1.5873795224336407,-1.6111840342171502,1.514940714780666,-3.013166776098597,-0.5360429336206507,0.011638601389707404,-3.1550909166144225,-0.9794736393833547,0.3621120809661038,2.213360888757676,-1.6021597989291703,-0.8941681923663514,0.9368040727341764,-1.1703971900010712,-0.9580912060935809,0.15293325878333874,,-0.3557755970274412,-1.6413812533291883,-0.24211194570920025,-4.865935141168443,0.31129243238061655,-0.7011091743491349,0.22821892696915924,1.20682306098725,0.8886954796113233,-0.16046119939204795,0.6266545487273234,-2.0357273708304424,-2.1600547140828708,-0.7716113165704641,4.4969862599525845,1.699736852104028,-0.616030989375016,-0.4446533098353411,-1.078067536216154,-0.49659825422742054,0.06750650566726968,-0.25137300152110464,-1.8499912155271914,0.6289348502309222,-1.7649288212840397,-0.7052186025941043,-1.0026168216995979,-0.6997375031772668,-1.1447006603928167,-3.8055879407480675,1.4880655351443783,-0.24864690599432082,-1.9117522148770272,-5.835995501934854,-0.6182935339982598,-0.5908556405059384,0.5348585402830119,-0.10405894760512346,1.0835896298595715,-1.017394225041235,-1.1426003507137406,-7.077342277086062,1.299915126897222,-0.7682385213826359,1.300731139917155,-1.6078362521971257,,0.3716676619341053,0.6454903986434335,0.09053427578924467,-0.3492793199925681,-0.9178989398212378,-0.8890073216639149,-2.225905547544438,-1.3421427748180337,-0.3833253473885967,0.032455813971998815,-0.5580108142315354,4.578745489413549,0.7344883875502584,-0.6459314906036018,-4.798705444694895,3.399264665194557,-1.3921070446507477,1.1098155136258336,-0.8425023427117595,-0.05428476059293752,0.015316868420200969,-0.6783703411345376,0.6372948649567611,-0.9180988842027893,-0.974142140355605,-6.283339100071517,-0.06432522936474783,-1.792083864648042,-1.4842877352627903,0.26832931641087576,-4.751922522659946,-2.2211308201175783,-0.2802690582959677,1.168844826543558,-0.5886862714604479,-3.402819193105988,-1.2745083543820646,-0.1867951393257683,-1.552432062208986,-1.5865311984883945,-0.918211495386656,-0.9003161265546789,-1.348130215075427,0.5137553901058967,-0.20727652259020513,2.067733411339856,-3.6485724091838145,1.9743405809648618,-1.734752745336099,2.460257811655997,-0.09836655163582009,-0.40163377436035486,-0.9665440367475631,0.8031104113453758,-1.0917771200230075,0.22208488994464037,2.265947647763489,-0.13508188009654365,-1.2030385858471493,0.4165486891197112,-1.5360729681166196,0.11741653254573325,-5.488348159072753,-0.28631166028721955,-5.2280731183520395,,1.3044025937645198,0.2504928459873268,-2.1020809711428945,-5.983849961486221,0.6283595828122213,0.505338258060517,1.756956197509707,1.5809832405362156,2.4977588471701173,-0.547393246386696,0.46264170712184693,0.3715419592396296,0.3184914118236293,-0.26263585312120696,0.2281983973717816,-2.531647097699541,1.9449059548388048,-4.669068692513023,-1.0318917284407925,,2.52143335663908
-0.13821015450434793,-2.0463138142031823,-1.187909769900486,-0.569650917317055,-3.4024235635807254,-3.3999397492171624,-4.72610868142408,-1.6000501234106346,-6.602576829519114,-2.9946889589129166,-2.4517573883930166,5.368363916450081,-7.97206797291633,-2.5147650920957054,0.04642413400486323,-1.8245663351898922,-3.0281491056262877,-1.8294969710832665,0.30786811279719384,-1.0622720933397778,-1.3575586381056048,-0.5746287590981725,-3.7509506867139386,-0.8130069845756815,2.567310441714432,-0.6823442554274917,-1.44021126597218,-1.1168825459067389,-2.4183034600999576,-0.828011638400894,-2.111572031752429,-0.22868726776994475,-2.201950341112424,-1.881057364354377,0.7007621767464611,-1.8610864364559498,-0.9531389958076897,-0.48647432756355746,-0.7848296115233522,0.7732409349180625,-2.192080042742439,-1.9911444490264052,-0.722515158118564,-2.099300516163627,-1.2934535928067703,0.11278388785720406,-2.4334884152082625,-1.839507807040719,-4.199793275295926,-0.7807725266374521,-1.6868923272860936,-0.3815447326352417,-3.8968953067496703,-1.3665601647164571,-2.0952159831832518,-0.2667726792053182,-1.7976948219508015,-0.533379404415002,1.53593949715507,-1.3532141540621656,-0.36977095879754396,-3.2805033057984434,0.41796515275400736,-2.490171827882315,-1.2399210628885382,,-0.7390228980329705,-0.8288950844145937,-1.2818323414228172,-1.415903947392061,-0.7934513059917991,-1.814034153399624,-0.8396247294207959,0.24991257877546857,-2.5989926698535504,-5.744509893610994,1.2864048503937298,-0.4752994333224736,-4.33663874420247,-4.9462968192626295,-3.0505513609655144,-1.0769219909464223,-0.19273638434278428,0.8697722910284256,0.5812363873407111,-0.7425466369027078,-0.9896347418789087,-1.1655361317089552,-0.7948237084751786,-1.6994346153322848,-0.752337982311424,-1.0511333064353812,-0.7314578065678812,-1.840917747017301,-1.3256732048610442,-1.827723163740269,-1.5611782831554954,0.36306063888522644,-0.713490090023905,-1.2193416726503203,-1.0756926121048838,-1.00104099885312,-2.166053853857808,-1.2741413326926687,-1.55394490922941,-1.345529471243323,-1.4147000353046835,-3.3426806371760764,-3.3410432848627214,-1.3137862461135463,-2.379721482556263,-1.82749612225529,,-0.2866734198685439,-2.105673898467375,-0.5336724102207535,-0.7288010304349113,-1.0370056207224532,-4.115544988325492,-1.6615251308156442,-2.8882348558108117,-0.889850889850885,-1.36248709408886,-0.5807072659106849,0.6286200393748276,-0.8749710935441635,-2.3760073335804766,-0.22727571008780423,-11.82226361457024,-1.3464079321223843,-0.13479919574161947,-3.4168259138922963,-1.4256619144602856,-1.7541141572709362,-1.2128193903647166,-3.2386571777638817,-4.127617639073289,-1.9500220506580623,-1.848017611822439,-1.9181209594557047,-2.225112686734154,-0.9453451614767072,-0.3631841529072366,0.49523463049367944,-2.2715753218664925,-2.4451939291736946,-1.2087604857703882,-2.32363985353804,-1.7983709107719958,-2.435751435010969,-2.2796807855031687,-3.408143038520961,-1.8187806218631697,-1.083557696427806,-1.5141916247486398,-2.022224400288386,-1.565732651351881,0.598384190397705,-2.9248027343025784,-0.28506344996759303,-1.1149569408885118,-0.7972647027949198,-1.5700074509058748,-1.0163564892730514,-2.5987634380394975,-0.9102725889052699,0.5199586000773193,-0.6672948447086435,-1.0146420797589761,-3.5378869479928965,-1.8027178405044308,-2.4353838301661934,-0.42770421429131344,-0.493775102200511,-2.8382111988278447,-2.1053793432892043,-1.4878642151989752,-3.0546639532033404,,-1.6949073219728383,-2.368939211165777,-2.6840164790891796,-0.1431739578258706,-2.259217767516275,0.019621127387203785,0.6122309113098634,-0.7840207139273914,-0.5096735356199034,-2.7654743709957352,-0.5065615444895699,-1.1768000904022413,-1.0582762267493995,-1.404435439086138,-4.140877958703449,-2.164502128757917,-0.677171529549736,-2.2777141269517465,-1.1374396529818753,,-1.76448253294893
1.8597092711629903,-0.29931068546646955,-1.2689790836296067,1.5177380778977678,1.5637664177157173,2.246558285738387,4.287217254076792,1.3890734923545978,2.0514728385907954,1.7599507132532555,2.632354332125275,-1.7886173986991105,1.4437814324618437,1.0106804428044347,1.1350852788782895,-2.123963886803326,0.6010831281804796,1.3015584839141336,2.7121861787304136,3.4043296814887603,-0.7290494309828421,1.951513649949832,-7.295144966016453,-0.6403707965266237,-1.1710185566832343,1.3691186849117631,2.315964756184963,-1.382188747702462,1.5050744234193392,1.7742113319364483,2.3610916054339848,0.12223426770878731,0.8121563030088375,0.562507900391851,-0.6556317278635926,2.6392925717870774,0.06682705050018445,1.2321075026559436,0.6591933288874863,0.6350024773900342,-0.5883117541181204,2.098482148296954,1.264423329742037,2.87084004867062,0.3159043705605491,1.8700718999314248,3.313360327360937,-0.23085444740227334,2.2543660866830795,-0.1696259940632605,1.0937227689648443,2.5473597061455466,2.7777698300608167,0.3512537261175286,-0.5825661064242427,-0.30801496231641634,2.925462030305681,0.10252052469041928,-0.6757577275883775,-1.3338554697013283,1.2024989559459742,1.572238072014498,0.2428079303236741,0.7680491431443892,1.9358060705990443,,0.7026913628173537,1.4446982083819337,0.8552631411579803,0.45355984063006893,1.0308496668036016,2.4228299578640033,1.018950184364642,1.1894511627484228,-1.6475582537891387,-0.17051430212923213,0.3252286936265003,0.4109234501289638,0.5986503727121839,0.21085090127150874,0.4699295491862987,-0.21207804987397605,0.30791727250909506,-0.43502335263820857,1.0203135471042568,1.680160085493032,-4.020904580116058,1.3386487876413833,1.7397254018943986,-1.2716182860692649,-0.9164608079444858,0.7177719978673558,-0.6477694242613907,1.5613736252065413,2.8407299936846098,2.8166485720711565,1.5216485151074988,0.6317192624070822,-1.393389821577018,-0.2556360582020245,0.23532437140676432,3.212553845423427,1.728477407795137,1.3149302360112136,2.211543404357319,-0.5304148637150563,0.2719890749696141,2.1585257986872497,2.152852592464871,1.1767499124098135,3.121709389027938,0.6894478180966557,,0.6612515654786488,0.7826996143325271,1.0094050574910085,-2.018596072443102,2.2634160879638765,1.678355179985358,-0.6707395876905831,0.2155190867826784,1.1065299115809335,1.670717987120729,-1.2207180065082146,1.2822633624313573,2.1118113637780267,0.31061272097867576,0.12610776396362322,-2.451140049492262,2.0803024184065544,-0.9448445062825273,1.2967377254683887,1.6804424527591344,0.5613671419143484,1.0661656782961826,1.5519848517326018,1.8780880942598221,-0.2841226230538729,0.9037529373786102,-1.371572630551865,-3.0502250808366993,-0.31315560486555594,0.8537207474383468,1.8799061433065534,1.4807221028941164,2.183810107407802,0.5408006622455996,0.639209684169928,-0.7432902584983192,2.8086346172607746,4.630914772866124,0.5727091893913405,1.524077389621481,1.9025695039636137,0.22657063358824114,1.2327398069824858,1.5117717695569688,0.40311199430949074,1.4868851759513912,0.5082272803516918,0.7999289782682828,0.7080027353373763,1.8389935040888927,3.1798515015985185,0.521353341606634,-0.5398345365405732,0.7925907908676422,0.1883494814521658,0.17673222745910877,0.7845715224831906,2.937833854748062,1.1823974976520546,-1.4801069032308711,-0.48903185918393044,-2.130486697245282,0.534878315552878,0.6182670104974752,-0.06219152806314909,,2.1384688323482504,1.2944190294628122,-0.1337238524237283,-1.4142354868923457,0.04545769439465719,4.499755478599088,1.6441121436489903,-0.5291597659859537,0.23212158818757267,1.31161288242152,0.13885444582524276,2.3592580840275046,-0.0998275100619117,1.457826440821841,0.9129329340744841,1.1504434712090283,0.3408942032652629,-0.3876898576293475,0.4793790565445599,,0.6355669685063292
-0.883159413943202,0.4411217911516996,0.32019924095538776,-1.0148570759384357,2.6657968647594954,2.6686685771204255,2.5775523624684826,1.7011910088158944,1.1066763211965869,0.9072896038732736,1.1302780907219034,-0.565678315562812,-0.4379178639483672,-0.5145807824844972,-0.21659415524974968,-0.17735777643788087,0.8840965449258276,1.6769471389058044,0.3597932530861714,0.17727297224523486,0.5720604904064119,-0.0809902740619095,-2.221356798458851,1.3302421013460686,0.13824075271660075,-0.31693045568120803,0.754511014075776,-1.0987310400768835,0.2977393676131701,3.657499611778414,2.777605720975873,2.7167378858942826,0.6540698382035304,2.0205481059743846,1.3777871952940002,0.11428815357044098,0.1602794426961207,-0.4484104182317483,0.8811159504007016,-0.26291685805638343,-0.3240857497563421,0.646906339594322,0.2540834845734974,2.242182127325121,1.008857133965524,-0.9215546665741314,-0.224856378633842,3.8246869632580394,-0.9838317530747154,1.529309531274392,0.3473931054782886,1.6133291536827743,-0.7378064285989194,0.49586618874644106,4.00621854950487,0.6179332515045877,-0.97013020168496,1.2131735226586837,0.3058485214611384,-0.4487382484335223,0.0733466748172873,-1.4170974955758364,-0.051898188426868774,2.934448072628104,0.5642474423337873,,0.913776918294662,0.6766030914669985,-0.42228576463790857,1.4228941678723128,0.7529445099409005,-0.010796492286002657,0.26991560895042177,0.9643155577895524,1.547700993362855,-1.9119566116176046,0.50874482876484,0.4866747256181192,-0.28891901408713005,-2.188181060501526,-1.581158796827442,-0.29044698365845445,0.3225788559562792,-0.3354845196205325,1.6624961172804653,0.5306889515049207,0.8520670247289752,2.3588588637442953,3.509953252329856,-0.47033367588942276,0.3768211136595756,2.2804994164861814,0.6601463714959621,-0.16787431213054482,-0.03147733737337566,0.7067779793838547,-0.21110724950182957,1.2769589256053093,0.3999291971544139,1.8746319078381646,0.7326788524836703,-0.530666244006972,-0.5727353700556104,-0.28841755126486346,0.008250890076122452,-0.09522159555416243,-0.6734507164016024,-0.11359894057293429,-1.4518163837201281,-0.27020494504211845,1.2414929460246693,1.506405452529136,,1.8636169473704056,0.5695129665860055,1.170387265017614,0.6085416338748484,-0.08653824804232269,4.0183953995964306,-0.5840928930877731,3.709673514721201,-0.9792226758622791,0.22643081769364581,0.8504436437645868,0.5193948673011262,0.027893565247749663,0.4369058397523551,0.1503097190881597,-0.06574943553102619,-0.4283516861084635,1.907725824429063,-1.77728103585294,-0.18965380532530718,-0.34889468816206026,-0.8439347994579238,0.11048387913097368,0.19404942271181724,4.113620714672739,2.179426938475726,-0.5855378724580085,0.33393770256453514,0.7778570689552788,0.8559955997277102,0.8240780143337956,0.6616807369494326,-0.3496150421130162,0.5513249804205422,1.3881625290497634,3.31018007291628,1.250609061605279,0.08319467554076532,-0.14399997696000755,3.524926609068735,1.4427113735027808,-0.2906451682106792,-0.9811374982602317,0.56979318039172,-0.14199088287337736,-0.3341336805008144,-3.6835488832780094,0.26454241624986885,0.2090063140192111,-0.9581768332661666,-0.9080781023922735,1.1822113656133837,0.8855479025285273,0.4387069352500772,-1.4475482717686061,0.9761854003740522,-1.8852056222578129,0.8698293692566583,-0.5842901171023707,1.8490372754538242,0.4047160287469209,1.831532661589308,0.39901524882470785,0.8163585519896044,2.032771701040037,,-0.96834133935777,-1.3264650966578806,1.087954681503689,0.7337954842628669,1.3226185654244826,-0.0727436661397518,1.0194299833376386,-1.361868918935094,-1.6650680218960656,1.0016360525824552,0.023114156219294912,3.1678404239254387,1.6416835333985969,0.48260700475353246,-1.7063799927831247,-0.43744697637690955,-0.05880278019544383,1.1394598068226403,0.5725231129532604,,-0.4173739987197611
0.779646852487681,0.07319865699111361,0.8721017012250032,2.2305593518264333,0.5338769424074963,-1.4133470226767142,-1.642408773359616,-0.9895923866744427,0.0969860642389131,-0.5338566908502207,0.1719374021920128,-0.3746311144854908,0.1374512560885055,0.19156734709129264,0.6051472143961067,-0.689796049559277,0.3177945916184921,-0.21743397997739944,-0.5529552124107995,-2.283641754529109,0.31515153183248046,1.4588895707807747,2.979252064590865,1.5621064890562364,0.9515319343815332,0.7924129913228883,1.7473418130769192,-0.3179753138519148,1.9652171163711873,0.6265397144916252,1.3747701356708664,2.511134336778853,2.955854349486353,0.19022642218768926,1.2691636437401677,-0.45661908950886954,1.586873315306847,0.0742508365302541,0.5075207149862981,-0.10543914061019732,0.9188569782038192,0.4963001843486081,2.9036912082503585,1.8979370841969656,-0.8717696931821894,0.43901542747319944,0.4686993970817399,0.22941793759898577,-0.4351656464090081,2.459311115436713,0.20771185598031927,2.783944678324435,0.5320504910268253,-1.199686247223808,-0.6094041299963937,1.5515185112725094,-1.031193606599634,-0.35025198025463444,-0.31736286765410293,1.1982185386012256,0.16123902336762086,0.40913194468659153,0.6924022966218635,-1.0798469865256344,0.9411749976432793,,0.23048308942790197,2.167899441769361,1.151569211689063,-1.0387165540407084,-1.7809680428692465,-0.1080234977414718,3.3720572800366,0.02789009506494189,0.26896465089321087,1.0279771831745999,0.9139301260238542,0.6163998167507678,0.4843739434250649,0.7141672257628962,1.782206474012904,0.04972954422077791,1.633648564618917,1.5891608493872056,-0.3165118842210157,1.5116979016788212,-0.9402892239728344,2.1508702146574077,1.9617519213467327,1.068698139218327,1.666585682380095,1.8394644029111173,0.9553902104307399,0.2832089673695526,0.6612624122553257,-0.2364679277688131,1.068326870936942,0.09006223129177648,-0.9205833761415261,-1.2579114746727016,0.06831228337853545,-0.225712827284541,-0.4608252678430014,0.5302867541554068,0.8918304649634168,0.6862419480711424,-1.2995687548302937,-2.012967681315947,-0.5821580542946792,0.44763885126675174,0.8735032111041985,0.6360281345866747,,1.0771582882376451,0.5262614022946588,-0.9254781337956208,-0.14192506965615692,1.021021792332677,0.02601702203239853,1.1836539836210136,-1.4774449711962956,0.6156476762673169,2.7562688816849867,-0.09881896809526003,-1.1572205025822457,0.9385260441204579,0.8784497355240672,-1.1925988461450099,-1.1155882977460951,-0.4823431394978428,1.1461318051575908,1.3412597430931816,0.0,1.213726067645493,-0.6189939575094394,-0.37650601544423346,-0.9285557978262804,2.591287564571565,-1.906505007913406,0.5287480451878324,-1.1746696481852892,-0.7273224895779085,1.518300980471965,-1.9012123190771613,2.477666990018279,0.18108156012937027,-0.40119863023553304,1.1366577953034973,3.036029271739493,0.8394367674596337,-0.06650447449085828,0.22941832568204035,2.6838585548301985,1.5895172702312887,0.2914923767193267,1.2860184532927255,1.6288948825156746,0.9855379198437708,-1.1605420911955266,-0.45572291960878086,0.949784490829253,1.0049280295894247,0.11162670658964036,0.04707540758071005,0.8593391955812546,0.3869766023015142,0.45326931425733186,1.233548921411165,0.425133399012978,-0.7265007074971019,0.38779444247445394,0.32651617405947686,0.19082463548318884,-0.6694019553010522,0.38151362681875245,-0.827994796042042,1.8458839680465466,-0.6911946021243232,,0.31712928211766744,2.929879440591332,0.1655849313094926,-1.2468859904707807,0.28798172384536525,-0.43978737325082173,2.791984216980259,0.3667345068802286,0.3451493018455931,0.8770152330000114,0.5237204961602959,2.234107069076674,0.04212932328748753,1.2225814085004227,1.4666294574968042,1.5817249856383109,0.8956009573761969,-1.7339702894529796,0.7590125616280252,,0.3750029394489651
-2.754399697655341,-1.4019256009252135,-1.822715099770278,-0.4892157168073341,-2.75175632987108,-2.4647225729029665,-2.3597616400411137,-2.4181085869568464,-2.7960470560802975,-1.6949207111020548,-1.5019311066631902,-2.395544773811842,-1.5922369839917128,-2.0745603243299326,-0.7191890957409575,-2.683650017778294,-2.32792295607287,-1.2869529928324686,-0.9531918225145097,1.017596505395102,-2.0714102607033102,-1.4814813500476531,-2.92493267144619,-2.5150297280310374,-0.6593065416721888,-1.329719049707212,-1.9714344201264167,-0.2047773864790381,-1.3217717328026013,-0.22938557435441265,-1.9646451718716373,-1.4204802215643797,-1.8934710984054748,-2.7585505339540295,-0.7451780432095156,-2.9816505171837093,-3.4786033636957425,-1.6421066480696411,-1.3328588392387486,0.9763757637308634,-1.9050294221969577,-1.0929451042970162,-1.970304727396488,-1.6585520096211948,-2.352942096886357,-1.5483730448847544,-0.4425864622047748,-0.45124743471521844,-0.8595561842173138,-1.665232384046711,-0.15792804019182372,-1.6886028630801908,-3.416611289544935,-1.75284200059308,-0.9949139724889866,0.2228037978239339,-2.43118867760701,0.15621575793955955,-1.4045803294811865,-2.4441826365098396,-2.4732821303283803,-1.8207259849401636,-0.876752082832355,-2.264358262780508,-0.2570035754322797,,-2.381733672829378,-3.230598631534265,-2.3689418095507286,-1.1450250249907312,-2.8585765189960366,-0.9841057154273192,0.48657948007742036,-2.6972402575194176,-3.1741828063702515,0.7117081288470439,-2.7875226142804466,-4.966628846494103,-1.9023103994511126,-0.19650227229646156,-1.0962837196349273,-1.3776349086977557,-1.209362490923449,-0.030819352061117744,-2.2402548748084117,-1.926481150652437,-2.6340784363878433,-1.9401475481130692,-1.1512125811725227,-3.3088749246672045,-2.484051790602082,-1.4778349808356905,0.9062416812499086,-1.7032874720692037,-1.6813981470484851,-0.47997012619062085,-1.0151773861102775,-1.831367065666989,-2.2246132735214807,-0.23293707339959724,-3.319006664699975,-1.2647806757331903,-2.4498442711946233,-1.8222419689279845,-0.8757598641590314,-2.082545490640342,0.13358350212797632,-1.6364898079431867,-3.262426887095393,-2.333765626345541,-1.781845918519076,-0.4021871531076915,,-1.0494945887999707,-1.6444801500716921,0.08981869280173527,-1.4584493932996656,-3.7088894379232795,-1.3264012690082816,-2.7956391902671074,1.9468542636446928,-1.7392607418458828,-1.9850508582187176,-1.7211846927373098,-0.23960054212406323,-0.4418889864810205,-1.8965039690971075,-2.4263060719144858,-1.3306705109082162,-2.593656967736069,-1.3031207580854631,-1.0862718903333346,-1.4115042821944868,-1.7218948914717092,-2.5043845384499774,3.7981812400401216,5.127356792171556,-4.501500591780527,-0.9308207245343647,-2.436749373231528,-0.4061046399503221,-2.5269162153165103,-0.9846659919376166,-4.618724813345409,-0.7236797746191459,-1.5759164047287166,-1.6515568499922084,-0.6641118809191271,-3.1810779562955194,-2.5924675191538293,-1.9630657581488742,-2.4262631530062695,-1.6150395952759244,-2.950863795623615,-0.9042436923157204,-2.2063441957186347,1.133988952910503,-0.8059851305925125,-1.9700029256664253,-1.8934990332370671,-3.016712150473466,-1.5768762362825761,-1.9977665331301409,-2.534580565311717,-0.0747387594081661,-0.7051529968599479,-1.082945886044362,-2.141827472087132,-0.6378998505183975,-0.3370245136838923,-1.5655183312085263,-1.8225214792947364,-1.4181930287951117,2.1884034163063504,-0.06636102448343006,-0.6308225011023683,-0.7865262312402255,-0.9314292534290725,,-2.713383535038061,-1.7318042134266243,-0.5702964957856715,-1.6945782484749983,-1.186266059779706,0.37048251495883644,-2.310364773551299,-2.8491519996188153,0.6919770146278648,2.3272878097721605,-2.7888442260854185,-1.8590435525289384,-1.9303631413737699,-2.1891500389463303,-0.27285671517015553,-2.5951572650964483,-1.9891164174244635,-0.3491387633807741,-1.3182706669622846,,-0.8406060010450522
4.67698118843336,-0.30910473401964955,-0.7035860190649168,1.2388885084440693,-0.9034984621528408,0.19011551099985535,-0.8448540706605168,-0.11894764545792302,1.6019936268344415,-0.5363963252892456,0.15974973280499238,-0.3282011286016684,1.0873660050569889,-0.029294339365937283,0.30292904162931844,-1.5139999741106913,2.6340428968691043,1.1371210494021344,0.9623650070645917,-1.0756338845254843,0.8424350920635648,0.862454403328039,-0.0692991658651998,0.8017212939793739,1.2929473949886194,1.2443445779485085,0.0,-1.550839357215783,1.1093418610921946,1.5109083445325133,1.5015293345708614,1.146882114982728,2.8087281903224293,1.3322672920424772,1.2399085852419223,1.3790297749245894,-0.3671987286624878,-0.5632099873832508,0.45822470827943107,0.3397399074937857,0.5711919209795413,-0.16370220533948876,2.2396148007299166,3.165572325467658,-0.417515367664012,0.9180478227135636,1.778201129509882,-0.3021925984425522,-1.4989012814913494,1.4165731836115025,-0.5437446726041184,1.8919463369594824,1.4182062580712973,1.6047037062416836,0.7127876499303465,-0.10321298591734474,-1.4683634421998715,-0.14817397868736037,0.5001921533097864,-1.2339236463099423,0.9753892473798986,-0.7029106942629482,1.4915162208124721,-0.29997913554463684,0.9527782187010114,,1.4554960944371587,0.08222857526705152,-1.0997510375146957,-0.9583597327569637,-0.603904997252902,-0.4095718973815776,-0.6137884766573065,1.203352230019239,0.9326830250316887,3.318057890417192,0.9050075363031151,-0.794291967072247,1.5443398820191412,0.8988122276002208,0.29250565256815353,0.4104170755059977,0.005158318608389223,0.40853659918373975,1.7953857442376764,0.6387110439515897,-0.8530358063720489,0.3067487907324029,2.0865998879058933,0.4240498512158686,-0.2926112637404388,0.5833307902018303,3.1489790562380104,0.4489114138774619,0.7397388188886911,0.14885382824807447,0.30662337561460085,-0.14018599480932759,-1.5750933659021693,-1.2623239952484822,0.8203360096133094,2.8848188099531713,0.05931862271841837,0.6024137326544388,0.4954159584643847,0.0,1.4578351436226988,-1.4277254394490235,-0.8770816041923979,1.1887604498880044,0.9664283833880072,0.8653037925416385,,2.338514020406457,1.0471502759196394,-0.41728819278209484,0.5391356264773606,0.3842413076740714,-1.3837586706981542,-0.553643700175932,-1.2903235663962787,-0.745278311933073,1.0318543402784375,0.49654734034145775,0.9443258093954743,0.5964252703843487,0.7211982305139308,-0.1220151871358377,1.4395002708622595,0.14793339242165082,1.396871253187526,1.1486947976428796,2.6844712754145794,1.1967247432355332,1.3642085042967045,1.456399085706006,-0.24124698649327092,0.6721432791799042,-0.14281318722806358,3.2892009259483768,1.0476054795822254,0.44485203073261204,0.27206260783920744,-3.304219423416177,1.6070213388155397,-0.5337187275824995,0.0,1.1699672495204538,-0.7687434688974593,1.121931635376705,1.4593648055725161,-0.3351247229378074,2.7676413437170755,0.1838554007335791,1.710929127586458,0.7023806447532088,-1.5785540467031511,1.8110607518460276,1.7705137594612008,0.388260699997911,-0.35418322116901324,1.1253143095065976,0.4361518584117263,3.18946367110009,-0.5534760989987841,0.7669740374367517,0.8625662748418916,1.893451149203229,0.6419951365346899,0.0579636903151215,1.1644150968141087,-1.7458583768560132,-0.3629206022190745,1.5600621968175465,1.823113493068429,0.3099527730831664,-0.37052960486990694,0.402939973621419,,2.355808718236707,1.436146471716171,1.0307524717649175,-1.5142303516773814,0.9099051855855578,0.3620188690166115,2.411898064656448,0.5678576094226839,3.9183431052296935,-1.6600225061037976,0.6147517647390632,2.353311353134968,-1.2740655380869437,0.07717839410066318,0.9317396943796963,-0.8881028369184807,2.260857908348024,-0.6391700916272391,0.3816881419329565,,-0.1828502818372102
-1.160849878622261,0.3844783108444494,0.18285714285715127,-5.395047414708709,0.5710862986130216,1.397620034268221,0.21688361331655415,2.93086681260053,0.9460449421069494,1.2326657300440802,0.391476317129702,-0.3006429335148275,1.826774856555624,0.6445325369071941,1.0176584784749254,-0.40628700442381094,0.9145227079882856,0.06589280902251637,-0.0916481752951337,-0.7076348719936676,-0.5457235166707597,1.3447285633217732,-0.5183483762867369,1.004382510350399,0.0776600782371073,-0.33519193649609313,2.797647310629525,0.5691783831822228,1.3422775990713065,1.3913725502988639,1.4152693555401719,1.2356453820036695,-2.655681332399673,-0.31736071641990105,2.9213450066527313,0.3692247208979982,1.583406634953266,1.006374234819285,0.5746131917731212,0.9766878668458379,0.3549534485084216,0.3935409051937455,1.1725023239039567,1.4855678491971558,1.2098748148861693,-1.0886625277547246,0.5784496827120567,-1.0411127445960955,-3.8490311832267254,-0.08643799054768309,0.8051632198301073,3.177090618833045,-0.4767147594491705,0.9122966666318844,0.6961364230241074,0.03973951639371087,-4.272037572254339,2.108714452681193,1.2852003980974969,1.9339904992344614,0.5795730925408416,0.4330237488544997,1.230346846186392,-0.9410377953793292,-0.7953916591566745,,1.409737720288784,0.21909828067208093,1.4332097012271117,-0.7170306704560869,0.40873939636687506,1.2885907866915458,1.893911500223111,-0.0070764532191347485,0.43000614229731227,-2.0840014611549718,-3.467632458004266,1.7637478272914509,1.3350510163579576,0.25451738031541105,-0.6856299582668646,0.3513872983457844,0.9142157636794268,1.9729838127627408,0.5406368877534318,-16.129809317813603,-1.032457674973608,-0.48929331733736925,3.8079620311966655,0.02221747877939606,1.5363468372704192,0.8561209089451349,-0.9065513244383205,0.008938517609213825,0.4579561870958315,1.0106997497540515,-0.45325198082450946,-0.6803069580484822,-0.4745109436229633,-1.8991922391850102,0.15655455657241912,-1.5285019576102843,2.31226048424904,0.3803153571523943,-0.041084489866582974,-0.3093562980674536,0.694955970294675,-2.717256281558089,0.2367850599573007,2.2190595502387334,0.6381220810121491,0.05718649563102307,,0.8560457209025651,1.1393570254532248,0.9912664752180111,-0.4303599541348513,0.16337795063254834,1.6170050366222766,1.005041653787364,0.5333366789416871,1.1016117284945892,1.6810393211774688,0.6343077281248499,1.1193397839897479,-0.39526691363916955,-3.364118268701277,-2.6961040820789983,0.381503831262231,-0.5237051603331433,0.18871484316418385,-1.5225179497389218,0.6703311216443186,1.6463051894155312,-0.09190167958130768,-1.076619438618931,-0.3785065375193297,1.768828707193637,0.406473788467121,-1.162789103450157,2.513963871476821,1.007945713594549,-0.2713244355042832,-2.2486218429934923,-0.06521229885030344,-0.975069398791717,1.0990485761711133,1.33434690762686,0.3926575671190813,0.41453743900057294,1.4718159280211918,0.12778036966056838,0.5247410828185917,-0.5646517104614057,2.274922842949789,0.6058814721798367,-0.17184176150084607,1.4230852366631241,-1.819386540061907,-1.5990480336586566,1.0817634204523197,0.15088716289068937,0.5097592703652509,2.994197366666107,0.5565565062382261,0.7423388534304909,0.9620986278317423,-1.3039416215551158,0.4581329782284538,3.4086529063928728,0.5691216179245506,-0.47233263337155273,0.3380367227739267,-0.23041255305312758,-0.3023603710293754,-0.36855253054521864,1.3492591712816138,-2.9841491117101104,,0.3306898508077749,-0.10558954912358587,-1.176569807575245,-1.0982215021784425,0.8568682033786468,1.553616225015353,0.5102784510607306,-0.8824282986665488,-1.7866798769808345,-14.29520897538139,1.6449907122009444,1.9589653468954804,2.7260178387774836,0.7601582748363978,-0.17583849264457552,-1.6129059824093184,-0.5624135168596611,-1.891744315467947,-0.7129349779077532,,0.7993346462625839
2.3405095379085417,0.018528743443257945,0.18709092659137116,2.884722127272843,3.31739272742817,-0.3651261241928272,1.1336116119710082,-0.02570986570199496,0.18048906721821467,-1.4174255357310428,0.8954290804830123,-1.2061980833611097,0.09106900958666397,-0.15524769342457612,0.35747092955278337,0.2756333723543891,-0.275192121993173,-0.6832041919839438,1.7674758041993588,1.1993785086860775,0.10402309180577163,0.06490124474367587,0.9466926698772138,-0.7722997053525971,-0.7225991291761713,-0.40455854435863525,-1.4868282601818383,0.3786359380840265,3.973515157816121,-0.07978962724791705,0.786766640131642,3.187826619870493,-2.7830041297776997,-1.0687903503268537,1.4355968728972268,1.374632696654432,0.6315522883549418,-2.8188096152105047,-2.5974889759894926,0.7866905603673757,-0.028293613609597923,0.6533276836680368,0.5551700208188848,0.37713675310555583,2.680784051520635,0.015075672351305691,1.161969788625794,-0.7923840742546373,-5.958097282971774,1.835159595307867,-0.3056861118290177,0.5343642488716327,-2.339129986016475,0.7193554511689682,0.6452327950696946,-0.6038022598042536,-0.6981790734974958,-0.5507140650404696,-1.362194684364415,2.3393329312655364,-0.7239888051674748,-2.0132813757657297,-0.18569528109440014,-2.126148629635727,0.43678316652411286,,0.9567390498478101,-3.224572510496382,0.20533721643294367,-6.10012356255647,-1.6649629324588355,-1.4183610096832222,-1.0371088432567954,-0.6370300620323288,0.40994790794497415,0.7258229175030273,-1.8085111878403115,1.9498235426488986,0.5628165475046965,1.1001086802398419,-2.0710979186543743,-1.0433102537313554,-2.5540000406397256,-0.4140614149907962,-0.273276781837517,1.3278136315134637,-0.24837778024260349,-0.5838963753491799,0.31544138578802894,0.15554229301015798,2.1137926532071916,-0.10953153073918198,-3.909609746305842,-2.189644608877639,-0.9588906325504909,0.1530369481846039,-0.48708238836345785,1.2666489241211165,-4.842469417988838,-3.9171447443614005,-0.2447532011633946,0.791534752077383,-0.9078705449020674,1.1285771108255682,1.3726894673929069,-0.9891368537158884,-3.2083495983868615,-6.423036544215421,1.1811513296261955,-0.6965364251769524,-0.734190442755267,1.3718219610139304,,-3.5965643931877955,-0.14152335167127994,0.3926081490903899,-1.2417655367808034,-2.9918953492567346,-4.089956371588199,-0.40323951416590953,2.387266593324089,0.39577717592900186,1.1104887071421654,-0.9686871984182499,-1.5026724912266087,0.2584102678865108,-1.0698075626771941,-3.757901496637861,0.5988751924052238,2.281315851028287,-0.5839209791928646,2.395132811983336,1.944330151983964,0.3725974441320723,-0.6505445968328805,0.3083642743829884,-0.3271742043205794,-3.578427344915991,-3.231125416710068,-0.09358451965658654,-0.3942970079658159,0.2721527756745168,-1.9795554432423201,-6.33852750127798,0.4894718376151408,-1.3808816971350502,-0.03376331822604328,1.8372264019036688,-1.035939512998807,1.84555049134989,0.47798966879148974,-4.251463707876068,0.583397961798604,0.5110758735583198,0.7675328180196006,0.05602723452611258,-0.59292609182513,-1.2656498310856024,0.3516823077696296,-2.3619710050183595,0.565654453599973,-0.09416331977663006,-0.2817722480508933,1.9199356299225867,-0.6806211742557022,-1.2312282821316023,-0.36650627947290015,2.233852542514847,-0.02886128897130469,2.1010416286611155,0.5278348035169689,-0.27118402685822884,-0.3368978842070658,-0.6228584226887879,-3.4966630113987263,-3.8336540696323196,0.5290980277956159,-4.582098778904808,,0.1318383396222922,0.4756439899385345,-4.728990157357826,-6.627799661256617,0.5102116277573954,2.0962879301736237,0.351470056758707,-3.048160487080509,0.9095818068633577,-2.2099904789411817,-0.12330252638859118,1.4359338506488628,0.32465049175933736,0.3936192279658357,2.0330190939287895,-0.6375200158702521,-0.013000067746826716,-2.792754341479442,-0.3350871080393891,,-0.45157284136037035
1.8411599511649612,0.2964656391122311,1.5940972145775278,-2.005594328008553,-2.3237851849645996,2.2308743358934624,-1.752682692186891,-1.716612300578102,-2.6124345757335465,-0.5789847904990597,1.0878953459337426,0.15988460097713375,2.35647184160257,-0.6608390497503724,0.8095320017179608,1.8691643661930213,0.6803722661524514,0.13673785661905136,1.1538431583292486,4.044999536103466,1.0105708011926229,1.109833649089187,0.7851304269449244,2.7266311107618346,-0.24424947284772403,0.29364206628585965,-1.4474858251105505,-0.05955245387335717,1.2905041257907923,0.8783163260942528,0.04558374169703061,3.0893436990528045,0.056452967984021996,0.9769018021322129,2.3516079800768974,0.057302716686713495,1.7625785474105982,-1.4219407764545,0.15118271481109335,1.3051808918458585,3.509768288406323,-0.0730220881948962,-1.532087727527609,1.2099600119568565,1.1180954196114756,1.4622776789601666,1.775151368411776,-0.18793535017399554,0.05774652774721556,1.5248261850582034,-0.9495546194193905,0.1649526047010852,-0.07357771805608371,0.11582489042882838,0.6639940232362695,2.2380344128858143,-1.3016627078384801,0.4845467978103368,0.9963407044022654,1.048974898962829,0.4167249305123688,2.0163834659544966,1.1669235662733701,-0.05942716500907386,1.274871548830725,,0.22679670117158324,1.5304732762917883,-0.031266514116246036,2.9121843869799324,2.3308758687948794,-0.3185094675492883,0.06805113730765644,0.9830382039785146,4.109965038847263,1.5766372345537016,0.8197072372472469,-2.315167938702256,0.6910822863894772,3.6327171986770157,0.1946500792705974,1.1337361325356232,1.8593422099064227,1.035679368143172,0.3447356131148993,-1.056783914234205,2.3406390235163332,-1.159195047423689,-0.22823527581812275,0.08134066387619487,1.5761043955906162,0.05482581692610733,-1.391486308586476,-4.459072289541998,-0.41267196744931844,-0.7463588652611985,-1.7982551371642397,0.6388222257126319,2.4854988807261558,1.1446503898235205,2.001940118472856,-0.04079934486196368,-1.0331314251863843,1.6341181181917852,2.6919619816690554,0.6660203319795555,-0.18307180330916495,3.7080855462522377,-0.29490825938877085,-0.642976201367762,1.9835267389637146,2.8098910693278523,,0.9226984371185409,-0.8106543302427327,1.8665050137856243,2.525186076643604,-1.7582654270021925,3.7296044277516316,1.6922954653144195,1.6458355411801628,4.9155595658819,-0.49361638505558414,0.9647606932214225,0.6949305927657079,0.1564722921575612,-0.8243077736536097,1.5564631471923551,0.3033803008844371,-0.13197402077619325,-0.17051220153859736,1.3118781170277316,0.5617227685132287,0.2575799306206772,0.41007314179537513,0.34358488500225715,-0.41296318437541446,0.13254396613224806,2.448094950335289,1.6593101320239612,-0.44090748370942956,-1.311828941563442,-0.6987146064062699,1.4800526636123745,1.9321315075589762,0.08271442953187158,1.1550091142751517,2.8077094306289574,-1.5060923346768451,1.001439050907349,0.8038098114017567,-0.34372065715624345,-0.373963206468908,0.0,-1.2591322972126284,-2.120658722132207,1.17368487129621,-0.44649380877177514,1.307451447686181,1.2114814903529503,1.2769911073308826,1.28181191946517,2.279371601443203,-0.4397406139791893,1.3555225451808317,2.3703925685214733,-1.8965163790789719,2.965414044945325,1.8708786584029191,0.5304512984115384,2.302221312477104,-2.1527322455150544,3.0344341006541153,1.3168946843000962,0.41902411853729227,2.1603163841764195,-0.48387509725207334,1.7563286663213162,,0.39499426498632584,2.634725803299931,0.9787570234227161,1.2189693246005495,0.7102140669154933,0.4775039812393578,1.550128066389389,-0.2365561705458319,2.185194861816697,-0.6898629070216544,0.6250012014078488,-0.6579551646771153,-0.6331291554401153,-0.7079082253648394,4.704366687009287,-1.6498653317440493,-1.0143043223480586,0.8893786656305025,-0.4803092360015082,,1.748085990615178
-0.5593803440491985,-0.6650684056859091,-0.18829889395742816,-0.9571315663993718,1.0809488851955873,-0.6855782854643722,0.18669167114968577,1.4325988590882854,0.5692351572331722,0.18440796793182113,0.8637744945477532,-0.5224214065011168,2.257783632373078,0.20544566010893828,-0.10278844674189713,-0.518078725360438,0.14649297647766346,-0.8897480249817513,0.05940966161335215,0.7593851565724341,-0.5812420605790458,-0.5345718005255629,1.0170619460151409,0.1287486002868432,-0.7932975173929879,-0.39037644558669315,-1.92548910228314,-2.1692560296775576,1.7607218308955286,2.722814644405047,0.9226569216769231,2.119325783133297,2.627335130807462,2.219437638421451,0.525761015122006,1.1070855955917613,1.2990453655966627,0.8466541173740572,0.1388680037120782,-0.25262202738419726,0.4648566841520596,-0.34102413811477605,1.8713169510895744,-0.031458828803276884,-0.3647747883881003,0.8914612311849313,-1.162792911330568,0.9212610763973395,-1.0305971971485195,1.0967328777675256,-0.16976285593847118,0.9006803249496098,-0.0654516965872487,1.118285681520681,0.6141276571169474,1.227419647392547,-2.618405852907202,0.9797184911298995,2.272726012467574,-0.09159841216626052,0.7410673609679508,0.3375441173171456,0.1337389080299456,-2.444503210676696,-0.023525462431062127,,0.14545585772103298,0.0,-0.5176413693128712,-0.34102158566237106,0.3608052221880209,-0.9916273908654127,-0.17001631350181956,-0.2751186027633912,0.862749906844229,0.41604442065816816,0.5997464264055008,1.6716239183468318,0.3536995456321135,-1.4942281668429813,-0.16276770913248306,0.31417822406680784,0.37126611672095855,0.9427588072820736,0.16737354389082526,3.688406465918792,1.1435483994314044,-0.4534841483005092,0.8082621365911535,0.628045474250305,1.8794812290782392,0.7945230562393046,-1.8072308575363571,-1.271990567567527,-0.5896840706212658,2.036830157995184,-0.04334229481256502,2.9071316038888906,0.7476995980326695,-0.07750868637663721,-0.2809536851299477,1.7549254292600125,2.0287539907208885,0.43921372721758,-0.4342728319839395,-0.3113546964988112,-0.34752898477764527,0.6339540725504911,0.34508105850634685,-0.09413152357176102,-1.1373049395693058,-0.29249980109603557,,-0.2791639625453701,-0.45722162764330054,1.3524130040289517,-2.7543479503568946,-1.0757942138704735,2.2207482900599596,-0.19189852845054034,-1.4792637248801088,5.752191993723033,-0.07440443375906769,0.9489051094890621,0.1186215183106798,2.003494756404378,0.6211369524407484,0.17274632229775655,-1.9602889686966551,0.07929309743628377,-0.3985645328882015,0.8551147605948994,-0.7794232391717948,-0.4080475813917128,1.7324290839760392,0.9551248080345909,0.6804916974016528,-0.917746451806245,3.697821605612228,0.35540504984161725,1.3156621223226583,-1.4362075699834942,-0.3469713471660585,1.0674273205716345,0.9875726847674127,1.2927995521878621,1.2887345491378932,1.8865620504124436,0.6832283911646142,-0.7082127369087199,-1.3018714401952791,0.5490315037129712,-0.04596231691456065,0.028246766368722476,0.22039987550577234,0.593495879350936,-1.6925530167696046,0.4436741563429436,-1.463551479884484,0.08795809441777269,1.5535744041125454,-0.44667991328952716,1.7220769154938864,-0.41483367371362156,2.1992716938541212,0.6180660831295759,0.7832747308004429,0.3516654682661935,1.2186854558325466,-0.04548634846883726,-1.1153381196287504,0.20843018052758566,0.5645951945169259,-0.45874314131706395,1.8838970972573588,0.6998089159136356,-1.0918730445824143,-1.5184572349391967,,-0.22294864054567265,0.4099934590563459,0.9086975381767726,0.0,0.4069373836102175,-0.4322429311562348,-0.03831968269613073,-1.682814074938055,3.8797886487309308,2.275623734045107,-0.7974869449203226,1.123928242316996,-1.6778701170762633,1.0091087454300096,1.325918170771967,1.1183676081349292,1.4516533151765376,-0.41600158488440675,1.5444093280765792,,2.0496919825657267
-0.9783257774611198,-1.2832444875341076,0.36831637047178845,-1.4752731490074167,-1.2109990005601312,-2.4634471112261136,-1.9255692723266105,-1.908941952562082,-0.8702389694411838,-0.7944144150538901,-3.2851275838723604,-2.3632424135107133,-1.9558466070093594,-2.29425816576716,0.5980690595255522,-1.475538590299752,-0.38693733875017067,-0.7808220657091081,-0.9678119532786966,-0.02457006388216776,-0.4656456836006795,-0.8312435667784834,-3.348921343980227,-1.3600397924726115,-1.683199577854222,-2.3465482823782247,-1.3423476227208742,-3.187943835374385,-2.213871596125594,-0.7705405960722,-0.6489809819458792,-1.176469745032005,-0.6439510825328121,-0.9687040846613315,-0.04184243499149032,0.03775417018276883,-0.15544199572943285,-2.606750178417949,-3.1112378441343513,-1.2789687216348544,-0.857367509739726,-2.1916278205952544,-0.21327661409958898,-0.9504012362091196,-0.9896461797999079,-0.7289594135445499,-0.657441971603967,-0.6063497708009624,-1.2162512274788484,-1.7775484768582372,-0.8402510673079622,-1.2996658996849875,-1.1378529540294502,-1.134524163331685,-2.023287460956158,-1.0117385236825482,4.072756030051394,-2.501322442299758,-2.191695622717449,-2.247528739061866,-1.6330730058838228,-0.7662646440857346,0.1168639721767617,0.6975517403782883,-0.2530053645468766,,-1.7511176049165966,-3.7156577605430785,-2.2245511663018025,1.1357910235286317,-2.004504745274971,-1.2074263837782429,-2.5476865591055997,-1.1742175115756037,-1.330568258211573,-1.7635188851054973,-2.3871855962139366,-1.1824299052721865,-1.8965299219698584,-0.9839279537254164,-1.7829026790270985,-1.8506621467999862,-2.311838056198978,-2.97235074506933,2.0226919974286384,0.9202031359904161,0.33677823175568555,-1.4765930092074164,-0.10589877221548472,-2.041267219208265,0.5362769432180725,-0.9241645668032428,-4.2692703408540815,0.3099852723011054,-2.004009593118772,-0.853015264367174,-1.3658468267489066,-0.8138061723426571,-2.036151833927724,0.8533052700256505,-2.154652978362215,-2.18590466360431,-1.6216244324810836,-1.2416063179276793,-1.3322798967032146,-0.2927962462466738,0.726535762313496,-2.8474313025664943,0.7369196647069476,-2.202326407625521,-5.318425788240866,-1.4026451523861616,,-0.19129645417741425,-2.46310793153649,-0.9168413457055102,-1.7663008507978195,-2.2985638169454425,-3.194101766416235,-2.502450867079853,-0.24855311013844972,-1.4080736150879902,-2.1222460799769416,-2.3401020902514724,-2.3426140033428133,-1.6172678985444389,-1.1902120092636137,1.5476461793312746,-2.398203540037347,-0.5281950872987662,-0.8955816151591467,-0.9932167139930614,0.0,-1.9954488440730223,-1.3985882130741256,-0.14280395850350125,2.207198525719667,-2.1820447928881714,1.1011479209586117,-2.8331631596804185,-0.5392139273309282,-0.4495473230099911,-1.7313123148492537,-1.0143239544779803,2.0189327285351277,-3.3393582384085296,-1.64150957312873,1.228548446875899,-2.024994434914007,-1.6167475270497,-1.5169022600216353,-2.485129700735633,-0.7970505123586658,-1.2143563744116959,-0.6126194922023154,-0.9169794935556141,-0.1289593628715502,-2.1893626077053696,-1.3907552185684846,-2.1014847022646665,-1.4559145146120667,-2.5051437116537123,-2.2813663281279095,2.4483891236492195,-1.8247964399302874,-1.9895345432023093,-0.6449024380470569,0.12084599943780194,-2.7272180206242336,0.2912522551364649,-0.8035128909935518,-1.3866472902028915,-2.1369655208563043,0.18853882325429172,-3.7824515029847627,-0.3890222027764345,-1.595511334415689,0.12202371467930906,,-0.7492139888472749,-1.4801441904217727,0.42024368265871637,-0.29372867482733156,-0.3477217927842502,-1.5114226550269838,0.08306302435343582,1.128104992288792,1.2167798597718216,-0.47621682294070045,-2.009737112145016,0.36221652192165443,-0.5760441930306004,-1.9654777440671678,-2.5832238716045453,-2.3963153893144518,1.0877337612754445,-0.05967376601559993,-1.520920096237699,,-1.7900900623521565
-1.481966909956911,-2.461693020645117,-0.5504362432019017,-0.7408595983277921,-3.880183923054248,-1.720786968283916,-4.623422063834259,-3.333330646838184,-1.5273709088045817,-3.740233573200602,-1.8435203595518979,-1.4791541300694933,-1.3033063747944107,-1.928452962774807,-0.3835546506001375,-3.006278277648733,-0.9900531537971102,-2.9080030373505594,0.11391307464803102,-0.8194034578785869,-1.1721617764726244,-0.838202315430947,-2.345678409526375,-1.970413460812781,-1.7722673103314879,-2.583523790436515,-1.0088848229024894,-3.410374464974064,-2.3738824720035967,-2.096597264150668,-2.1300769522140106,-3.718559539566557,0.22131275183274735,2.080054457800795,-1.6691062548272795,-1.0568102532411139,-2.750390833260552,-0.3245947317928377,-0.7218864944025016,-0.4745993187334818,-2.89636942092798,-0.7246931148613078,-1.8408765025341167,-2.4210518197576913,-1.5657567087958624,0.2521887846089088,-1.0217080098710918,-2.86920481053774,-1.9480614170304889,-1.7564894578529389,-3.3592225178902035,-1.6638428206819156,-2.260489052796666,-2.102212696375927,-1.2690355508665818,-0.07802178734311882,-3.580927051671734,0.6297030637189449,-2.3032261179953495,-3.4445606785577287,-3.440025947299319,-2.403195954041548,-1.6341551988392156,-4.398414374889425,-2.630797786345984,,-3.4086265725718157,0.14442885975178843,-0.8036306745252908,-1.3030065686839287,-1.8083498769238204,-0.9405834929033241,-1.1184076388014108,-3.084961842779199,-2.075306636382368,1.6545888110533369,0.9812983240303108,-3.247868761430739,-0.7484683970458317,2.293818502516798,-2.682725580141332,-0.35536264514219873,-0.31554628842439536,-0.14515859315570312,-1.0516345127469906,-2.3135574864416752,-4.243587112718183,0.41453424975779196,-1.398275818124206,-2.4061140628776845,-4.45938333982766,-3.4293552094268764,-0.10534204175166595,-4.0656729620815675,-5.169734187253439,-2.3820714676809907,-1.4067552231295077,-1.489420732619029,-3.0205874272910993,-0.8614719162860385,-6.355657121216385,-1.3223974910753888,-1.2166423599681897,0.20558664077079403,-0.5143761216410025,-2.5058706359929017,-2.7409185854389895,-2.1851836981359285,-2.03609021683554,-0.5057861881016534,-2.870238121866464,-1.822410310524003,,-4.945889834341822,-0.8770890571364376,0.3996705378117582,-1.5320874058085465,-2.2312200240411917,-2.217473279276083,-1.8572982961749251,-4.139333416789603,-0.09343733604745275,-1.20458650789097,-3.1567628762067312,-0.3639558562413714,-0.7646887215636888,-0.6786806039243864,-1.7853335902231926,3.5306384383962053,-2.9072051288613454,-2.922511517584492,-0.5872225839044454,-1.1390432503370795,-0.9290110904176752,-2.107970114190949,0.8938147625640935,0.8576139592537668,-3.5418394504824424,-1.2117732003656179,-0.8571781439759008,-0.5742134943000687,-2.9118586586879602,-1.0236289053123127,-1.259240256928984,-4.560917131731634,-0.6029181325935662,-1.7761393328632913,-0.7200489908625318,-3.5949815357911197,-1.8366305575813868,-0.6194562669761372,-1.1270578466045955,-2.6189756989936086,-3.1017607909405,-5.342189194506219,-2.5755137390645833,-3.6027908780781437,-0.24543407593197175,-3.820354266614001,-0.9835255203215931,-3.5173221339317107,0.1917573334751177,-2.4921332540555174,-2.2523857634579425,3.5915304925567604,-3.227315938890063,-0.981931480411169,-0.07242192451526464,0.8923424652042211,-3.784371169293965,-0.528275172161663,-4.030929176972997,-1.4626450522608803,-0.9687797142045818,-3.317680113743837,-0.9061943817042617,-1.3847548789229558,-1.4114856117346308,,-2.436762979622653,-0.62167716999878,-0.8625868310911056,-0.9132431884480985,-1.321785328831504,0.8284749334339869,-0.7341610168179358,-1.307855153475801,3.0580432572202554,-2.2827225718076827,-1.2305782772265683,-2.0467678429315517,-1.0283944777181753,-1.3513533679442524,0.6890173398421462,-2.8328629500685265,-3.9838617938848575,-1.1892959905005607,-2.606172905761972,,-1.605725240802447
-2.548883066585872,-1.5130093269766443,-4.616842703592328,-0.5413945997597036,-1.2136159560953597,-2.263960582506841,-3.4973134871181033,-2.4416821902079056,-0.10871486204050429,-2.4449657090829247,-4.895006806205082,-2.8055899833481557,-1.7876397016452383,-2.9750420111875675,-1.610728730130262,-2.066302055053859,-4.0907103021771025,-0.9492453514932886,-1.3714201867234932,-1.2392597238471859,-1.0940196622287957,-1.530282637594793,-0.6317285222024904,-1.263298498728238,-3.3887088446285185,-2.7086884618196416,-0.41140713479793645,-1.9890617404245026,-0.1407164523201887,-5.0444203406418975,-5.171216083313778,-4.9458251209422155,0.10252751010448868,-1.564052370297897,-1.9954252677986561,-5.435818469117115,-4.909283483394377,1.7456759301887947,-1.14712634341535,-2.474545294022812,-5.5979618307949615,-1.166300444905921,-3.785903223455467,-4.317529790101549,-2.9406511110489864,-2.841076861380798,2.087972577104047,-3.5130114953684677,0.6278490710995843,-1.4086387274273027,-3.5073089359387355,-4.81648070690942,-3.5835311182124907,-3.9795147593330804,-2.617429738071597,-1.3664397485243729,-0.147768692739636,-0.24721685299751162,-2.5491963331700007,-3.8558871515728455,-2.741628885473568,-1.312238161011492,-2.8818372894975797,-5.768554344002819,-6.336709426154197,,-3.2738128641708775,-2.2959387285494737,-3.388186332656462,-0.5105749179177832,-3.871994227432851,-1.22242200588204,-3.2093883503141463,-2.607096360743766,-1.63641635133277,-1.9361682768930577,-1.8929027645724794,-5.429913098984251,-2.5553726783094755,-4.274269616770054,-3.075824389125925,-0.6259077350968423,-2.110257802601301,-4.253682339101228,-4.016029770523311,-2.3962160969385304,-0.300445178256048,-0.9367959172458584,-3.8550209536567404,-2.6497705508578107,-4.840595815449767,-2.8977285103856776,-2.7243166653382223,-1.610626935317938,-2.0788441494739573,-5.62383236500994,-1.3933785363143492,-1.586208788781751,0.1201784085263835,1.435332764071684,-2.820546915194233,-2.75296493824414,-1.9864878644765938,-4.284698052232072,-5.606725513792677,-3.092368419646352,-1.216252048537747,-2.3997322052047854,-1.9788456022479806,-2.360200607838403,-1.7222646715068124,-1.8846477017102625,,-4.527008840888258,-1.650933527300702,-0.26827700257562315,-2.719250485860303,-5.5216350734544895,-1.0382469588276932,-2.0993889841344204,1.4853368547440349,-1.7056356636884873,-0.9369282650230626,-1.5985531043923529,-3.2654415765743905,-2.7593178862721723,-2.009235165793588,0.5187326482917642,-3.801955031412596,-1.244189077411051,-1.2675765446328202,-5.599314462396688,-3.1121706740573796,-2.6881145855388477,-2.435094661646675,-1.8603826268258405,0.8298367814456142,-1.3120657064124908,-0.233649383927248,0.75566583167328,-1.1582848593385875,-0.6255012870769017,0.1193403332919507,0.7639026059562237,-9.282364211104511,-2.2807215906074374,-1.8014357591412011,-3.0941105739156205,-2.8737611478423353,-2.375680943652614,-1.6340888764862616,-1.9240537647080558,-3.7128130243570423,-3.0092933611446715,-5.810657410921083,-0.9572822989874274,-2.6657787957588996,-4.99950916324845,-2.847379352871604,-0.015763829868264967,-4.485035282608885,-2.9473690838134337,-4.038003019041514,-5.404601555447086,3.8172843400557266,-3.064284483525803,-1.294235969032076,-6.02089585192036,-0.11412147242888526,2.6221489307700407,-1.4162132336550726,-2.490843562295586,-1.7413711604885584,-0.38707202297885157,-3.9948150213485967,-0.9833497332849994,-1.2975509764672877,-2.05874122436851,,-0.6786981400094705,-6.767451015644621,-1.4558945143556934,0.43108800920170776,-1.543219542659946,-0.645437621600442,-5.080718298479503,-2.3827496446597984,-2.343532838134521,-1.4048365375834315,-3.306446279360553,-3.533034286042769,-3.644072098877804,-3.4920200531790124,-3.089779610659593,-2.9154537594462626,-4.015742635149044,-1.5208753123800656,-0.8424186012045976,,-1.1026580111833328
1.68939467093987,-0.39876521876064386,1.962546521419295,2.890823714506574,2.8526834371746412,0.6116066224684191,1.4450341658973187,4.524543875077014,1.6615826182229565,0.5511718131423038,1.8815171949072562,0.29646193206898097,1.527490179090818,0.808572507156402,1.4218599715477565,3.0257376743767717,1.2870329912620493,0.11377560988437008,0.9836588402905688,2.517983517750988,1.9809088764519478,-0.1628106015204911,5.120109390021477,1.5747223655143472,1.8304976772773207,1.1909182324050471,0.11266377183491993,2.2952936698840576,4.295127853039893,0.8519936658095695,0.48349888279788367,4.3408327549322445,0.8902486664398301,2.9428229427982178,3.07308274943332,3.7716803027762813,1.1083087190451923,0.05771420862983323,2.022829207762733,2.2333748204387938,-0.47918277504434004,1.247982675813697,2.365301590656843,1.0753401041998512,0.9312993977611539,1.0051842096472807,3.2747313147301282,3.5479238616550335,-1.4786278281765486,0.7739284404929547,3.840332859754536,4.506202999646702,2.8292801915090093,0.10258407340082432,2.7357795926390427,0.7678904422480759,0.8681925808997626,1.7270718440195232,1.684916407273085,2.0481306972202518,1.8155677861394937,1.9945212771194765,1.1345740138689386,1.2392665611002274,1.3711888680023376,,-0.4483502059294264,2.958028963692616,1.5243073477205549,-0.7258148555709165,0.46326078235332524,1.0475984155599027,-0.043823503122719654,2.5631374364383452,1.6090944043609445,3.5962251519911614,0.3869122872400377,4.22219367663339,-0.2786011419756651,0.7441850686807028,1.2035242635372922,-0.571266444623697,1.0617086977539048,0.27166933938034266,0.05445412817894901,0.48530986109007745,1.35610644973585,-0.14425855474333726,1.3578289871949645,-0.6390533254163944,0.6453782631676619,1.0532492894596235,1.5358207268085344,1.1356656653798147,1.8763289807805172,1.7279722745841442,2.0574295282740573,1.040382262428552,1.560468490851008,-0.122374805727965,2.729402103603129,2.446327384960334,5.978920058576409,2.8936414502376717,1.3351615963453245,0.7459582177449464,0.20019974021519005,-2.5334504115854584,1.5236160959848366,0.9792943775118079,1.6417682439579417,0.6563749907901206,,4.020495893754261,0.5917531593536918,1.2148096178038248,3.824509106250007,0.3724626814347376,0.7040240480741033,2.5641000448848983,2.5769691763320113,0.8698781984695536,0.9069126450549136,1.8152262165173738,0.04576763562564867,0.427059545665176,8.640440865443534,-1.5702148997372323,-1.0030277482032224,2.6581704124368555,1.845539058582002,2.2552514373367805,3.3488246060120463,0.44968360121953044,1.9045636067358318,-0.21664779818355573,-2.6417394510792613,0.7077976484038739,-0.6220662937479138,-0.4864831872888553,0.8323777126816534,1.759192052132974,-0.7151394916456888,-1.4312771483333875,4.660720071802782,1.4028538538757074,0.47252308342926597,3.3800096342936348,1.8198896064160586,4.3121955126404155,2.5689329290664586,1.835947513179037,0.6838545318534894,3.9847815702804823,-0.9927284930714708,3.301116723536035,0.5436289845768272,0.7458818553432112,6.491798775402491,1.044704012744191,2.8157521305105515,-0.6113173017454954,2.9207899160613726,1.7304682197333499,1.0190765247662492,1.9046700516290205,-0.4257049885802222,0.34057241737976973,1.9422955751019488,2.601103704158203,1.3339462243625144,0.8014016838931548,1.913682371229397,0.6429242905813259,-1.429732430044206,-0.34779042081746203,0.7653549842512986,0.9706930628021526,,3.006694870762927,1.9519200733480124,0.7255858484050526,-1.3247424634544647,1.683959904684551,0.28565036598071636,1.8971534274541346,0.9076840652624929,0.38973072068360093,2.5240254471796453,1.4950070269947657,0.03662462040792125,0.683479141905563,3.7230947811238924,1.4621932784096403,2.3023073191211996,3.2246902380355547,0.06647539305559835,1.0994468307748972,,1.9790395022564633
2.243210247561489,-1.4702090200368612,-0.3932818122411419,-0.9450949105320738,0.4656316906830549,-2.3597542490891743,-2.9563013667721294,-1.454010884068968,-0.7993684335939943,-0.16548203604914713,-0.3205184038412634,-2.893591545852092,-0.3603619007563341,-2.7604200044098914,-0.6495193083044359,-1.0352221853454968,-4.122334510054926,-0.3628006075631962,1.5693625980686132,0.522237814284976,1.0533489991405354,-2.468308867540625,-0.3548895689326148,0.11728729002524751,-1.2676668820240433,-2.243957466309199,-0.9659524859713553,-2.551340069300978,-1.0809005549862305,-2.1533892300166335,-2.80179880840844,-1.7649600247203523,5.942525147333222,2.2704998867838944,1.3432355656869843,0.6608419459865456,-2.1090622935447945,-1.898265482471817,-0.24861404439614487,1.0082845150077624,0.31597632828028743,0.33540154155340396,2.0467889203819922,-1.7103161959604485,-2.558417745414532,-0.39204345836525434,-1.9915420004603668,2.949714973910811,0.8848757245011107,0.18176736291959372,-0.041673384751339526,0.1941005954850139,-1.2988178882525458,-1.906124875291093,-1.284746536226422,-0.5577782115753216,-1.9072769953051627,-0.7384789023663907,-1.7343626561914793,-1.2510115414799627,-1.1575029814848592,-2.300607753852313,-1.1045952944267912,0.3834579555936246,-0.6507937481508241,,-1.3952694433421065,-4.386975352288037,-0.20924617257059852,0.1920105672637007,-2.1570947172822486,-2.358304415097656,-2.3016173021369157,-0.24399699366678407,-1.3599380885596424,0.41363459272980574,3.3891782646039426,-3.214625589259057,-1.2993415962002208,-1.477386161820804,-1.1106882771359627,-3.2557424262248946,0.2719698955770511,-2.1356251710659357,-1.224599510414881,-0.5965909677590475,1.0406341454844092,-0.5778477150167549,-1.2976105004526395,-0.9290193287854298,-1.667249030920137,-1.331786543948421,-1.6282630510365603,0.6272154779348282,1.4094213971018954,-1.7860491620196872,0.14399161220448597,-2.0646688525402856,-3.466960211632175,0.19911106764523012,-2.408697742770294,1.8143880078158148,2.8112382092370547,-1.1537528568148714,-0.30405936134416667,-1.5425763427000083,-1.698300861416635,-2.6411224963625135,-1.0630315482152541,-1.841398789678672,-1.3067191459764538,-1.841202535443276,,-2.2012023683074977,-1.278587829128952,0.46722952759905567,-1.0234285660703057,-2.946791711850416,-0.34269430543834023,-0.46296142781465655,5.253771595956702,-1.7696687060699823,0.8217301213162109,-1.775924753676028,-2.693582079580825,-1.5308904770902076,5.07545062232313,-0.7528217052957364,-2.0414892302825893,0.04046442262106709,0.5515043777125195,1.7210586844761178,0.6745188183800099,0.11991156607800146,-0.5060403625348542,0.9408380843464625,1.127112049194512,-1.3866440542692926,-1.0530985713253171,-3.014667500139656,-0.304300082840947,0.2220482866214013,0.15005693761329653,2.9256545159189074,-0.9042839007970649,-1.8180675572808003,-0.8368442771863216,-0.1401217650117914,-2.32933716820668,-1.4021445241677255,-0.10018978070351903,-2.9150899615957626,-2.3649720914609595,-0.7898241953398166,2.417191960869247,1.1083904066363504,-0.8897388356111868,-0.03603723411776949,-2.311828008059924,2.325303085885566,-2.8257093126864308,-1.2896856386884759,-3.0783974604629227,1.6543782876744961,3.2785757354371725,0.7828545907438533,-2.2659334185677227,-0.7748904914336774,0.8349696040804266,-4.040136656983517,-0.06328732595363151,-0.6459585628154074,-0.9008969702911429,-0.7230699073150437,-0.33525680393065027,-0.822084259439626,-0.2144598945916898,-1.5863634556226747,,-0.35822968826504376,-1.0520029729117808,0.06943802744796557,-0.12001043421965285,-0.715757833127495,-0.817749447071725,-1.502757988523007,-1.796407069766004,-2.120849579683992,-0.1985420996071685,-2.4495402398401755,-1.3336882714718112,4.827270556174201,0.4262390483106726,1.3708263172129698,-1.5655561960041475,-0.46455435742720486,-0.14309175515291317,-0.5437405115767513,,-0.1749378780847577
-1.3114557439432684,-3.3772898554209396,-2.5501739706044635,-3.3808645978301244,-1.1183854494647316,-1.9951994184654542,-0.4951071620601377,-3.803720337804628,0.08633363007775063,-3.056049372439662,-0.689021615100005,-2.9477673692179684,-1.265823792523213,-3.1708577841928043,0.7055459266503306,-2.0807257839991933,-3.9708202556029804,-2.5751140655205007,-4.931328420644876,1.2501034263220578,2.332419144560438,-2.0899796271876547,0.6287197181658932,-4.411159384379959,-1.2786757492635026,-1.466106765154107,-2.935606787631029,-0.30670300261629313,-4.8680643879591035,-2.471644758667113,-5.194890343664271,-6.331084793779562,-1.5626116263631529,-2.369518362149492,-3.2018245372151144,-1.370928553947215,-6.123318526864807,-0.21916582728310763,-1.414420902931668,-0.255951944316668,-5.204736511216723,-1.5544049188970455,-2.501925237074809,-4.151532530083535,-2.662482872995131,0.2876241236445143,-0.6357145755932381,-2.3954956768779345,0.48155711340762686,-2.1908757284309965,-1.2506525745861974,-2.2788429894624707,-0.45017522270672794,-2.4864172164748344,-1.6445840290236213,0.015803465622532542,-2.2434938677834304,-1.2885381087703762,-4.651925284003688,-2.679554797220396,-2.2313788266204893,-2.001572230154036,-4.607330771858431,-2.7253431518046045,-4.322144175804443,,-3.2509299394946956,-1.3015108419755173,-1.368452053142044,0.14005434875747902,-1.7054011760597176,-1.9077000370653519,-2.213745927252453,-1.3192971047186974,-0.5895678973786067,-1.4130833634854456,-0.8400239157389744,-5.037659858666965,-1.3973028604252868,-2.0192475918270225,-1.2195638481523163,-2.664839264050245,0.4999168141236465,-2.035667570534505,-9.082559872425367,-4.601318761295103,-0.7847058816894514,-1.1947027616860173,-4.311259861914618,-1.9475740526161966,-4.422564844553378,-3.08099470464529,-2.3516643066332166,-1.910125058078127,-2.498298350773598,-1.5959875993114103,-2.9974523525337693,-3.9930234553211763,-0.0816189002037504,0.5044328747412452,-3.8010013085950534,-1.9049603483986877,-2.120524936822099,-3.3314389022078505,-3.0752281883588917,-2.9663644440627523,-0.680897407132075,-1.3814264269119692,-1.6559190987504246,-3.3641745374144327,-2.0963457477654046,-2.2665038904081336,,-2.726713435600514,-2.0552060835078545,-1.736494760256868,-2.7777765246134734,-0.044984088196087235,-4.305362562201276,-4.348083903949229,-7.9980646887004685,-1.0836740362082709,-0.9232784960064744,-4.597784746018229,0.35850576467455486,-0.0479877703360887,-3.4346075067156256,-1.223593680513968,0.09262426550515901,-1.5368095353454847,-6.072477962781586,-0.8271759049208627,-1.1429337976238796,-1.3254489608717557,-0.34586061277144253,-2.9216791745517834,-2.1568652646091313,0.03851510401076119,-0.08186745113877292,0.11201173050903179,-1.5066996962668555,-1.4242719371744594,-1.897910278264281,0.11721504278519035,-4.080585485615318,-1.5898746562657884,-3.3059019858050043,-3.7827449235551702,-2.3258574034275337,-3.690090310260885,-1.3204017282447134,-2.3137443359870002,-3.553768748456043,-4.349095941456726,-3.4265671989422986,1.3667380231682458,-0.462677033497072,-1.4987626674828114,-2.8454642438627276,-2.6804465424372537,-3.901602626587619,-5.165826824428066,-2.0148918924978387,-1.223654564640786,-1.154961865634807,-2.767260347412004,-3.8932590188359706,-3.498127070828594,0.44459474744957816,1.0735688330255622,-3.3462442016312655,-0.9252381371648299,-4.127902391915505,-1.2940127621212216,1.8329153049138291,-1.1807956184319623,-1.271600115000715,-0.6119823471398611,,-0.692417265119849,-3.753915044639733,-1.8039962100567686,0.3454351631929642,-2.0119660546297435,1.2946505258282004,-3.5374399876423657,-0.8971673553202053,-4.197723443500956,-0.5331403723489281,-5.080506908465887,-5.083484541765582,-2.4463998137762233,-2.2115405661254917,-1.6088725016826122,-1.4910593036566167,-2.8341458541888853,1.7144356895677726,-2.3359900651029664,,-0.4599966010927381
4.045131640862243,1.6201266651870938,0.1287094445966419,0.7352512517750709,3.2810220471616303,-0.1350508765142755,0.32195749240730986,0.19699983423069334,-0.12220413212524761,0.9724342873010494,2.52852683184992,1.881808113554806,2.866296790129952,2.245823548707526,0.30852391338405116,1.672085303236348,3.54123935698476,2.6837082880358354,3.412411873916721,3.094682440059504,-0.48913071914132855,2.0492012751074595,3.3117911654155785,2.419267851206097,0.18655182364619716,1.4281907973259678,0.38048927104368246,-0.017837907924722618,4.674939578713677,2.2044716134509423,3.225592770982688,4.6886811597056655,3.6615518093644717,1.3119024506539123,-1.0793161468882984,1.2725189303284035,-1.5853842961691567,-0.8731922194917474,-0.530899094851478,1.5652984134070458,1.5189852469554177,1.3242772045848117,4.393953831328767,1.6868003585264635,2.4573540762078183,0.641501812058487,1.3481057644943784,1.3749484625107167,-2.507484071553223,1.9477733669625907,-0.20052945980328918,0.5691408776892892,1.6697086372616576,3.0426304086184075,2.4539907029498265,0.663501257609922,11.260709914320689,2.1445183176134863,3.7228125466419293,3.914595273107624,2.6383991677387586,2.8434084627555034,0.987932441031103,19.99698373299179,0.8793110458866771,,2.897337542524192,1.8108952164691772,2.338499440404629,0.2134555338127342,2.990521951565661,1.0407957360046627,0.35945844654736714,1.9979024636377352,4.224450401659974,1.190039117399122,1.2581806975911825,0.7281227709037275,-0.2005041259438345,2.6000020320453565,3.1928216342100635,2.6204656074120036,-0.0211582696931778,0.0166264326680432,4.060602669764046,0.7639314244006989,3.6332225004649166,0.9967233147466059,3.4319680091758897,2.8935751148791766,-0.7939480869535109,2.3009450933035858,1.5098230082191577,3.21820098233756,2.2912151506549794,1.8738751991525415,1.5849509457256161,1.9859327939313332,-0.27570912059474706,-1.4752888477840398,3.3917837091762992,2.04636314785398,-0.07601796183209775,1.8195625831340267,3.7671523520278694,1.6146341161451305,-1.2892665504871892,0.6314357114585389,0.9897187926775297,1.423576554003625,2.9489055355782057,2.4590151181200115,,0.8823217271869632,1.9865843374423653,1.489292185543034,1.7491218834373434,1.4738143828638695,3.6941237808298943,3.3285211671204573,1.8786543282595325,3.439185534343836,1.5295704233821317,2.6576863266956074,1.4991787275678181,0.15362519772610383,3.9840840745146266,0.6628046415346756,1.2739410753078495,0.0,2.2523436481686643,0.6824225126635053,0.2790665230481659,0.43695228362752303,1.667238121469583,-0.5908329608791174,-0.7383187617607478,0.18292331793401395,1.661078532263005,2.6503513576267457,1.6616190957475574,1.2522012673374494,1.8429918107182974,0.9366224798409872,4.1464835596312755,1.716926961908638,2.9789306569220075,-6.143282178218412,2.5625543962097153,4.926169851885898,1.1686929359046028,0.2069638254102557,2.137828190462576,3.082608344872284,2.6792095229650537,-1.0674129241834973,-0.63827440190245,2.6771216299019684,1.2904158520663511,1.7317145326078531,4.602476529116362,1.5684623102613315,7.6681555602961415,1.424636504749932,-1.7159670738505328,2.2069100502469796,1.247152296184284,0.21401287873599184,0.2987705855513445,0.8035403651185158,3.1082819408183138,4.618884099923504,4.335963584380886,-0.8453338772244079,-0.4584095321680137,-0.5657977922131852,-0.27211118304384385,1.229179899984989,,2.2526139795203237,2.0889043618921743,0.33563236963416454,0.02244675222675685,1.4642205003119413,1.236927088128259,1.581634726217751,0.7020120069700209,1.3608757219538914,0.8480028602335876,2.4257287520804915,4.043341734553718,3.7837438139837865,-0.28555438924550147,1.7761458124852192,1.0090856004991933,0.8632033058516342,1.096853512381113,1.3231564067647694,,1.5679129493805677
0.891646874207308,-1.1940235601191507,-4.013141241028362,-2.141709651930357,-2.1310157957976528,-1.0919182318053333,-0.8460730299263863,-0.9339201724467561,-0.06477352548527326,19.991532606604736,-2.6165450246710575,0.03240514803646288,-1.2819322556040125,-0.9305385607483507,-1.5250506172110878,-0.8108730529564956,-4.59805512691962,-2.122432432986976,5.154460435732955,1.4697895680245043,-0.05067396309053063,-4.48010086118188,-0.811022887620727,-2.9396525499810755,-4.910613235780737,-3.881574097494811,-1.0885374546058313,-2.9789486058602654,0.11522600383635506,-1.7323378979748338,-1.197406438338644,-2.515631960326381,-1.762498120757372,-1.9963305448472801,-2.448162107144025,-1.1212045276911997,-0.2608180789919312,-2.3454391511064543,-2.389128706871191,-0.11368617243583401,-1.1377789391699644,-0.7791558994699854,-0.260920678688803,-2.0102684915164537,-3.976813266806145,-0.29995841995842376,0.7214571878996656,-0.9426301806725101,-2.66853849427251,-6.491372157538189,-0.49703816530568545,-1.850353439118102,-1.9416576553869525,-1.8818852665300256,-1.8551118429628533,-0.30602643236752325,-2.658599193252653,0.8291485766407369,-3.7550550593277943,2.036773054029939,-1.7505120631021942,-1.9859778376773773,-2.3731923131202537,11.378228371814036,-1.5436770038393166,,-1.817198215593585,-1.4503998651717032,-0.3024782869857634,-0.8226218279600905,-3.4126279833919804,-1.8247092896708117,-1.2498033630634398,0.5522803573295043,-2.3899186551498364,0.2613394894698695,-0.8663146386707399,-0.8003107661945785,-1.3149485042217246,-0.3983435851428352,-1.1908694428666156,-1.318699899664444,-0.746312749605138,-0.5235590368777743,-3.7662564354966954,-1.6500581762581956,0.4054378085680099,-0.016168993368581575,-1.2852919769299809,-0.85001823429669,0.43141846938501427,-0.6806733826711375,-2.5184756794484287,-1.449705766093401,-1.8551758189661705,3.1777206586733,-1.5040983219070214,-2.397906301224906,-2.0581604851743207,-1.4896500050198491,-0.6780135990633873,-0.14323808167991947,-1.2742520698169502,-2.9234935522991945,-0.016841505875775376,1.144069298711714,-1.8865957625814223,-1.5146003725616253,-0.5981942387691896,-2.207471970495267,-2.7002361238428363,-1.3853690537294128,,-0.9597502386384682,-2.313124012515688,0.30804609455310494,-0.7502624293817872,-2.389259949279543,-2.1208898842546953,-3.8103057856043288,-1.4135062491016592,0.27260570180802635,-3.5827357216892675,-2.6682069793920737,-0.4442621387491297,-1.0449692587828574,-1.8532647784208711,-0.785582018366715,-3.6336528403594914,0.5750273478398071,1.3461159020673907,0.07531717003561589,0.6891084515333379,-0.6042533124438032,-0.34806046784895406,0.5757755284857557,2.5820900497840915,-1.431868610766851,-0.4689348941483096,-0.32019028299039576,-2.3122300362177883,0.19026674795352694,-0.44991308959536624,-1.6611666569914085,-0.15512497680254533,-1.856122630216439,-1.7020343600091747,-3.8003340233976446,-1.5438981244475514,-1.273809252765834,0.0502239744013977,-2.738469757254558,-1.4379340212251512,-0.4037102169148987,-2.2566935326569837,-1.320281777802923,0.19619176877254674,-1.2781981061291248,0.9590613971447226,-4.155440947504707,-1.6368186796912432,-0.9181971860085625,-2.935368374854186,-0.08244436260356203,-1.3926627841745032,0.8988646581133741,-1.8971440881331625,2.696215058502549,0.7226411607790251,-2.4280687248798283,2.6384053527543916,0.4101282649367377,-4.86909545378963,-0.46962184614703917,0.4266597749301937,-1.9179507853614663,-2.373804347923447,-0.3029960419302369,,1.1670633651304163,-0.13333284350118824,-1.9542175994036626,-0.1645975624268492,-1.8909517420515942,0.0767943157620854,-0.8611734055177678,-2.3658977933179948,-2.9537429277403993,-0.7060147253103111,-1.6475014668684396,-2.887821102538124,-1.7767047505466649,-1.202748948051502,-0.06232952741034303,-2.997004833918715,1.5529041131595145,0.6469932384271626,-1.9085844484122094,,-0.1462427660358645
2.0541367489798956,-1.5792358124673944,-0.35213497417592166,-1.7639418889832337,1.2500024610950122,1.382490702254957,1.9890499491906466,-1.3680261775996794,7.389264714318333,7.179396709498831,-1.1889980639527065,0.534496286663555,-1.8126133120420662,-2.4792423975879885,-1.4250438367852891,-3.8226848046342465,-3.35210958664649,-0.48387865532111274,-2.8803789060243723,0.5441428050461994,0.2230797180896138,-1.6961286184093427,0.4652221309288995,-1.7743225627537051,-3.4185702455321376,-1.3646751835152071,-3.8125219559357992,4.807854723072169,-2.444239384121749,-0.03455382872321611,0.31108023433443766,0.10441247560974976,-0.7794099695542234,-0.12111891861626978,-0.9737886610300284,4.731177865676051,0.39994411917188,-0.31543965402192065,-0.9308624733643356,-0.79676305349069,-1.2927659027383132,-2.2713872887854314,1.5145257035493076,0.6670955531108858,-2.009760364683033,-0.39112006752154427,5.226637057783345,-1.1227427186940697,-0.08115974600472198,-3.882083572594075,-0.7014570630587191,2.6540186808774013,-2.634345905233759,-2.649145550092069,-2.332814861881216,-1.1097989417041987,1.7423243548690959,-0.4903768455975621,-3.8326345590797617,-4.910796550159768,-0.481545054998489,-2.681764037282852,0.296899426725572,-4.497688747887496,2.9600627469615004,,-3.5825578444885653,-2.107684076350602,-2.284690901343034,0.5776433958801119,-0.7842504253458005,-0.14389417316761355,-0.3395605802281709,-0.842184683183278,-3.2376654681632866,1.1104220838538348,0.20972756977506446,0.02603095136071154,-1.133529842875658,-0.7828444794942047,-0.5068690923983654,-2.1705568913144013,-1.0612190702120272,-0.9273210810739951,-0.33286446750688814,-2.085857527430157,1.1163948471282437,-1.5857611120709714,-0.8934442112358165,0.14421704390032986,0.9645056224493853,0.8939190249834139,0.4773916833133107,0.6750597975030415,1.9425090180831939,-0.4672001692940464,0.752133662867549,-5.221464167760958,-0.11500296836570723,-0.822689638345464,-2.275495795059923,6.209016073269913,-0.23116131406143436,-0.525965518175131,3.2013420253575786,1.4662751900714532,-2.4300029766910813,-1.6843614863792822,-0.14084194442220976,-2.0615941355512035,-0.43127490592635986,-1.3652560989311002,,-3.1077412507398927,-0.7165983802774667,0.5416624581998208,1.284358204579683,-1.2891908759837256,-1.9119096956607962,-4.324227387980429,2.4181491101747055,-1.599970839786935,-0.5842969774705442,-3.6008028352971566,-1.6980613635540376,-1.1431762060880368,0.29555379188446196,0.013733858700271107,2.5316880241699424,1.7968976508892842,6.761925239732491,1.4298248358838084,2.8033677461406503,-1.045622840053606,-1.2426095219091438,-0.0738733913319467,-0.7043762850795665,-1.6184046384102646,-1.4355142979055047,-0.03417167965318324,-1.9885226048300786,-2.32631644700636,-1.4562567742577137,-0.7013988967180973,2.4339854413393702,-0.983689819148148,-1.1400887750995237,0.34322383037979076,-1.615992291772883,2.2118455220567546,1.6064318964673863,-1.4785785528680484,0.6647192634524179,3.137671782583351,0.8658026346798575,0.14386776973818183,-0.664335664335669,0.04126941288562502,2.5804605694789373,5.5289937483187,-1.0050283944504468,-1.0109566912428924,0.0,1.6044292320739562,0.06889456270835481,-1.1716808766905062,-0.540738471280855,-0.14947425203377662,-0.032858148116921004,0.4319661794736085,0.1411573846081149,1.9461830708277006,-4.9489011910524905,-0.8202590959578204,-2.2658236344086924,-0.9128231300207679,-1.453315443950931,-0.3085171915368834,,4.2514606271470745,-0.6521519559080646,-0.9068192554287147,1.1540825286985967,-0.258436211265034,0.33399215355822687,4.6560063332084844,-2.5858681041250775,-0.6352353266579791,0.5113030004464614,-3.254225434949698,0.6522242178671034,-1.3457802752278036,-4.684062147062329,-0.2702516055864246,-1.5447952414107236,-1.4951696331238051,0.1384571721051664,-1.1264783050087712,,-0.5261726679574141
-0.2574522053599093,-3.9765612626993962,-3.7826001317426194,-1.9784992575489713,-1.2047029397627251,-2.042956730332246,-0.6000821972515724,-2.033779659965773,-1.7034359035181135,-6.86306498464595,-2.8754529945378304,-4.494926581673553,-1.6256412187079738,-4.726177762811545,-0.3234494632882945,-4.1541964297656,-4.38169253630708,-1.098496980912722,-4.96462106542086,-1.173871798724957,-3.0175041957037574,-3.0133700060889224,-1.8803082218541989,-3.132499308774639,-0.9326817711995727,-1.8522734815019648,-2.8909974721510356,-2.390129746278169,-1.4100351458276483,-2.818129023254934,-2.959036795143055,-4.500075195059905,-2.771603952675361,-3.119835103314439,-5.872109079805643,-3.4907523837577004,-2.16026296267654,0.1165798282243724,-3.245944647164556,-2.205510187976112,-3.577702591316223,0.3715250747901022,-3.71625713177145,-4.0330710727286885,-0.7928684410849596,-0.7249180881545025,-0.6594364733062186,-4.071179591514529,-1.6427664546180054,-0.9413975831854771,-2.943381063748518,-2.1857036076289416,-2.7503916712769527,-1.27354019988547,-1.2126438165123599,-3.3588002528741057,-4.304359900027766,-2.024260239465625,-3.3617666146193437,-3.3810092344442544,-4.322570364324796,-2.7760780308132227,-2.6642075527219644,0.757309738368539,-2.9996764956567334,,-2.318726787441039,-2.406732439677628,-3.9093212423436885,-2.4077766215522822,-1.9761238228505618,-1.8913204329647049,-3.089670549292578,-3.234860200999312,-3.4943015034096914,-6.156227830708339,-2.4691682355491906,-4.058803118292531,1.081018197128114,-5.32589903162759,-2.241594736684205,-0.9237948915631566,-0.9809771108202803,-1.5515692890259003,-6.709844567586821,-3.4115507560027902,-2.3725626705833447,-0.8714211550031159,-4.320575963491313,-2.41619842370574,-2.260243957743935,-3.691671522350337,-1.6955536452612274,-1.6890849109134853,-1.8627707540207372,-3.335191793672454,-4.094556856695197,-2.03884721694807,-0.31399974931285435,-1.3825298412313392,-2.19912025083715,-1.032223157530554,-2.143282095861121,-4.545455021364598,-6.669377320868719,-2.869529310705099,-0.7796474960159672,-1.6536346125879064,-2.8080553569050037,-2.251529022407195,-2.824864465010579,-0.38113878521308653,,-7.541339123478352,-3.0063371535030803,-1.7986760894408982,-2.2354263632096028,-0.3106915807254418,-4.649136212468918,-3.3023175750492517,-6.947347932587144,-3.125141675433496,-0.6273466586496079,-3.228033078842596,-4.014855414828212,-2.9792296239055993,-4.719029746870862,-3.2216676534490563,2.7496934960755226,0.2674526320958437,-2.1677662582469392,-2.8193475098994836,-1.5618936823961982,-1.5235985310887767,-1.237848179647516,-2.384025866003292,-1.8255790158249519,-3.2603274378044445,-2.516991608427388,-1.1417209085496594,-1.9001427329082166,-1.8632534014275892,-1.8344945818006608,-1.6035984594363173,-3.505238109754605,0.3397031786947613,-3.416464269424313,-3.5077135768125545,-0.6326818411689916,-2.4765498357775417,-0.8728569971045541,0.3432653134898711,-4.210625821078096,-3.4934525278075834,-2.986413152073175,-0.8260270305528894,-0.7532524584213274,-1.8046818376510232,-3.4001405306750443,-4.820468134076394,-5.284185084436988,-2.2765970885622155,-2.723661306733449,-3.5221209943194,-1.886400619664541,-4.752106228440878,-3.5200816989029438,-2.4471166001927003,-1.2984240338393294,-3.9083702442962,-3.8875287709779993,-2.4039605242219375,-2.866241855843965,-1.8078065557447287,-3.5327500888601593,-1.306087680065715,2.4390101979694823,-1.7321017359242186,,-1.7903717467066427,-5.1480908234144085,-2.08389763852036,-1.2594495599437594,-1.3657506263523467,-1.259564257959056,-2.968123567406067,-1.2961389008045443,-3.588659078537193,-3.1237472505639907,-4.265493984721058,-4.514003792316334,-3.601023814393356,-2.3719643541646795,-4.1759329452713985,-3.0334722711722883,-2.428596363965707,-2.4344462824327784,-2.6411198497511057,,-1.199693357359799
-2.7297611781973874,-0.23249418430034696,-2.0432444132877037,0.10742561052807797,0.42326033041406586,0.8617617308493308,0.650146488630754,0.784922072067662,5.110179340993581,-7.74872311705418,1.238940017221446,-1.3326537063053756,-0.6068519717231657,0.858116153340438,-0.7947012063449943,3.122659084855428,1.2423183236655477,0.9513830589694905,0.4901339446600428,-1.3035113315898572,-0.4277220424986683,1.4532703352599707,2.3453737740352087,2.2309835316864923,2.7016030684133163,2.0655922295344853,1.3149589174795695,-2.6912791850883355,-7.384618190961135,-0.39138392638955466,0.3129100932414808,-1.1858248500270174,-2.1341463414634165,-2.2530696189700605,1.3073910063445382,-1.9342396307032828,-4.494198601486287,-0.8095772975103999,0.9439678094312898,-1.694697603486739,0.5631938237103284,0.5767401855714782,-1.5847301891960819,-0.12622120626276656,0.8652489603211633,-1.1181243874135216,-1.4346875180245688,-3.6665498973745936,-0.8350963758433361,-0.8226004153831123,0.19849805546034993,-1.2904038043029975,-2.2846665118831266,1.1797160335218049,-0.49597024178549276,0.0,-0.7254788160185766,-1.191675628331279,1.2831915925172188,-1.9419392285633497,-0.4888842618615774,-0.4828863850335541,-0.8363295513041824,-5.396360799416467,-1.1638931079380188,,1.2841673997074254,-1.1030801172637439,3.3403373202475217,0.2414364816383685,-0.5795889952798783,2.8886147550208685,0.039957411390134645,-0.9845763869271384,1.3926275480778516,1.219715928396914,-0.033204261894814735,-4.054245740301177,0.7268440417776301,-3.2792895574507375,-0.3358412888824547,1.4424547993713954,0.7294133231220634,0.025705368424544517,-16.57626245249527,0.3835748212122292,-0.4812353891086696,2.2557639686753506,0.8215548158746477,0.5739141973645667,-4.842207872287984,-1.2266222581790776,-0.21796122670951767,-0.7818873772605373,0.29604207176558983,-0.651708548636698,0.7430158889148109,1.307707892615828,-0.2940002730760116,0.12016614257990277,1.5367201996619562,-1.5206156534153914,-1.1838941926576196,2.3496811813702,-0.900913909711587,-0.38256789630956023,2.1062939856386853,-4.2717550800748905,0.6860174415608489,0.8177764696539302,1.0271285012444453,0.9867044827533977,,0.8839782966030496,0.6017808801344504,-1.0583546695442148,-1.9085400126568564,-2.031505199233119,-3.2253241923270393,3.582277510418508,16.071631851861422,-2.066480583006336,-0.30569937461729646,1.3183955954511495,1.050302551585225,-1.9595976502319035,0.16323284450330267,-1.5935353187639612,0.8340329527000145,0.38676831387298716,-0.9633911368015391,-1.3105978207054392,-0.5332340344530673,0.9316308529056405,-2.3414335825931665,-1.382049909932126,-2.220801606746803,3.8516671907153466,-1.7162068785579687,2.026282768196741,-0.21406305622218014,-0.28066337360878046,0.4568114926580602,0.0,-1.0303752715110304,-0.8431779732912759,1.0149280627357093,-0.9244467396081313,3.6855608100942794,0.16026060144151977,-1.063303564457041,-0.5330113180189389,-0.6535299954087415,0.28658604305382696,-1.677417884045751,1.0429502180503425,-1.3264344300265574,0.2520440399222057,-1.0444917832764355,-2.0282397497924043,-0.4392842829863963,1.5240634141899134,-1.1558367077983522,-1.808203159777766,-1.1858829776212332,0.648087417654919,1.881566640870913,-3.4692087326816723,-1.021315847253501,-1.1092762852025762,1.05750973045724,-0.9659539419290875,1.513008151530304,-2.079606842924253,0.9942091762609184,-0.05393155904525049,0.8397967456029942,-1.2408887617967657,,-1.1140783307632351,1.8691132737958638,-2.257790001135429,0.5026993213239628,0.4320997788175962,-2.810923305852031,-1.06070160811913,3.1051109961907297,-1.4604152791996117,-0.0984660253279257,4.549740869804864,0.9891943906561673,0.2282392652769527,1.457763696687131,-0.5728398119259626,1.2944970834233516,-0.5515442841648399,-1.2501259530447006,-1.3829698515129052,,-2.097358273753891
1.48761558212962,0.8593022922089188,3.7968013026334457,1.8920088169757099,0.4114375901593137,-0.13144170228025498,0.19609114517495918,-0.6113981445345806,0.9996161036781581,-0.9960725267391779,1.2873451094709054,-0.5129133922871065,0.19726102524271205,1.2121260213585172,0.13351012852111932,2.216575178964786,1.9331984878478314,0.9243837728374116,1.9941958428248752,0.5001582163310037,-0.956022969004322,1.1031509720155208,3.8775906521419934,0.4078012926477914,-1.0875187862240843,0.045098285404243654,0.33225193617725246,-0.6879807989785047,-1.8210852122131138,1.178776530658987,0.4712319380612229,-1.342182678892101,0.9968885380159609,2.2933627686417823,2.887442464790557,1.1242601656513918,-1.6068287318958596,2.1355098080946933,3.000537857871022,0.1326049300120813,0.9553595802632708,0.2653202384007347,1.3955485091662334,1.5389270211951578,0.12442132568246667,-1.392306934787424,0.4236352100083218,1.8655896699629082,-0.6200095625285118,-0.42243613000630953,-0.4182227866295629,0.14597124512356618,3.2902818779996235,-1.3621001365286767,0.2616792007398727,0.25531508687326454,0.253337230829187,0.5403750675721408,1.2083485452758058,-0.23529225709267854,2.286971620457612,1.2658227848101333,1.418430225002698,0.8379368260551523,1.1296790242732335,,0.0,1.5512761591895519,1.0887603510287391,-0.5645079741232739,0.684353519101033,0.565066828635219,2.6038264928460064,1.5262363601065143,1.4492765866378265,1.6826787144279765,1.2777602903790486,-2.1480943795941454,-0.8043361013582717,2.3414788273850684,0.21497005217931964,1.2412549507167192,-0.7943805950951344,1.4642945065591162,-3.641096223925999,1.3532831777135046,0.38684626322469384,-1.103005972729998,-0.39887674852684407,1.418441772110146,-1.5306215251667976,-0.43464574240216214,0.09497577897354947,0.31106948856161054,0.876802179277858,0.8553616207269021,2.11893652065247,-0.5090635873785554,1.4216485960718117,-1.3522223163531466,1.5584615041227101,0.12867461749352938,1.0183688898187437,1.8854680201535468,2.144761787576721,1.3868122375506164,-0.4382155807643673,3.441726028992975,0.5503160560605291,1.1761513421904013,0.9591386926260048,-0.5184455373956176,,2.115644738753164,0.05146093529204698,0.34055386841989055,0.3060202792986466,-0.7717194436582475,0.07822774654484554,3.0565480649939136,-3.1000645788365477,-1.2650976568350347,0.6199191037407958,1.6853499940231664,0.5348923589413301,0.5975772231230358,1.3080036358899205,-0.3363619581593813,1.7316317623586652,2.152250284966817,2.042801556420226,2.14028328308713,0.24843415852364714,-0.5356923176764394,2.834785768789949,1.6509839091697565,2.966744993568482,0.8088392489412621,-1.7461826823075621,1.552219994972548,0.10033477139441693,1.0430439915486422,0.547749769229644,-2.3583715874930578,1.5352018967802694,2.8022932829796288,0.2511849628368257,0.5542305667719072,-4.109587658789248,2.90461041006711,0.25188916876575096,1.2397087661468076,0.9281759403132916,1.5791771422501544,0.4124392466498428,0.17919207711702967,-0.24441265715862137,1.199456578657787,-0.17351838412086318,2.0008128180345253,2.214968226012748,1.5440691558071817,1.2701599380453787,0.7588210266685325,-0.34086084172081366,2.636957305556442,-0.18749523077792318,6.109611022690031,0.6280873388077257,-1.2988292579356298,-0.09420645630667801,0.63399694433528,3.472797488035062,-0.11418195123198416,1.6288941276394242,-0.7263776234175845,-1.3452917829408495,-2.346386358018049,,2.6373154109974317,4.541556142168579,-0.6248291986850063,0.1717118214683344,-0.007334839180805908,0.9117307196800484,-0.1659985802050734,1.0678247116522543,2.2127729435549526,1.1580073313437245,0.15316890391128268,0.2676485157173003,-1.2145103311345107,-0.19649002693540307,2.005547795223417,-1.4909514185727168,0.9954507338128638,-1.9424957903376172,0.539366068948488,,0.3269751239915575
0.42785838367003226,1.4584889095023534,2.431829946165731,3.1151353539162763,3.6078329469074744,1.6097932365166656,2.6074900986947647,2.6656959233268385,-0.9832896653480971,-0.23216462294541884,3.0754804639131716,1.7872502836767445,0.3374881482944847,1.6236718351533286,-0.38666704905573335,-0.521391148396011,1.4252429511559805,1.0678182068439623,0.9927373820412866,-1.3219284603421477,1.6554741437807108,2.0438100986765795,0.7398421220129014,1.7672885302674413,1.3239636472772043,0.9635447520220275,2.0283590255126382,0.9902793345849537,2.456443939746711,-0.03530299344692844,0.7068271035639784,2.640842538614585,1.8044341041547396,0.7397317804567427,3.3447903490940734,1.482348104941722,1.2164721088343988,1.5544594613337015,4.08882829908539,1.3375814734906566,1.1747430532246472,0.4694887405077619,-0.17645397472055846,0.6809180680216409,-0.31392938864994724,-1.045327816333419,-1.525142662669432,3.8467232838530707,5.410190542369997,0.45009431731244387,1.4257330504827692,2.6368488747633867,2.792989969392612,-0.16570750156855718,5.033557199713612,0.8789942227142467,4.082029351734873,0.8568298749088044,1.7004330089901432,1.2447548850478496,2.268970587309216,1.5208307902018214,2.6271118854059194,0.2215915080657993,2.193480527457603,,1.2198754531759892,3.711656923857265,1.483252566657156,2.7325784378172013,3.5873106391281384,-0.2720760703261216,0.16347403397785065,2.034785785280735,1.3258622430054823,-0.3843530443555454,-0.03785177941943996,0.9098785342466886,-1.061070216624982,-1.6015298752716234,3.6929587102858985,0.04656706187058379,-0.25057422286014486,-0.6329697558143499,1.120110456337664,2.5133531011034993,0.6021191692265893,-0.26243264365924945,1.7106188237470787,2.395313684678202,1.083995310194763,1.559089506572997,2.523956254837967,1.560887088665086,1.5232435983175474,0.32521010267621,1.1005409045792502,2.594879682503781,3.301844093107076,2.7739457555591374,1.6954732379075077,0.6524325524661867,2.787109204710725,1.122351372564534,1.8923236432093482,4.461276145203219,2.6194316149591446,5.285295232578524,1.537657990300234,0.32067733641334417,2.147070705366505,0.851875082365261,,1.8375272937899867,1.041459601575645,0.18274784969800617,0.858758498358192,1.4189000544642782,0.5003208723747488,2.7389881056102405,-4.147533206867249,1.6874648152176874,0.16561961900745104,0.5858835157025677,0.8887515823382763,0.3482130550901852,4.004557622291971,2.396219635256247,0.4036041604545959,0.6112656510214087,-0.15252388807792672,0.340818781754626,-1.265163956253068,-0.17399037056798905,0.9943077060546202,0.09442870632672129,-0.6965673441622688,5.322898670651899,4.641381922858456,2.703243980773151,1.1959926306900348,3.948872940829995,0.7606070937640208,3.7356027149846094,1.3555707727966881,1.9739315099740695,2.019158887353356,2.90239087230888,1.490144776593283,3.396725115748822,0.3015054929595973,4.392473560061472,1.0000031545177368,3.0648476712302752,2.7259249911093963,0.7512956232144763,3.1274789897781874,1.5734188084570055,2.0278147540579328,2.8582790105052602,1.6834984298921718,1.0559649513729008,1.692213834299161,1.4936189480817763,-2.387056974738777,1.9318833845337835,0.4790144627585535,0.5796908726143135,-0.8972328511114291,-0.3090371921176449,2.2146328442602004,1.9142256039852645,2.313860007695001,-0.8611407576493368,4.299645987450029,2.052931321192042,-0.2690113988113141,2.5294826925254865,,-0.12473416524170222,-0.010223998809144597,4.525108338226613,3.234446652435552,1.344577638261235,-0.37627656537778664,0.7551648403872457,0.17608540253022387,3.3846295917366653,2.541209396006461,1.1784753705729623,1.045038232028861,1.4522860797331116,2.1533181641894883,-2.9098487098370485,2.054049517657308,0.15487765914983243,1.5575996548132354,1.6094482523201226,,1.1013708245722675
-1.948719345575578,-3.7218915394478413,-4.152179128450473,-3.0747807211566003,-3.028838126539124,-3.507367194193256,-4.0839183078011265,-3.274129935831649,-1.9861184344227678,7.854159767003832,-4.917041806618261,-4.018235837429107,-2.0835275694652378,-4.827191184558599,-2.931337854794702,-0.07146745035666591,-5.6264648518953075,-3.3641252075879646,-1.678256083986085,-1.6942474389282869,-0.9313228103050242,-3.686564922092861,-3.3582597828340277,-4.341494589741901,-5.442558221043647,-4.291775669441877,-1.8764588774560997,-2.3662590079383206,-3.327216135094846,-3.725936891694248,-4.381761424019748,-2.3234038148516545,-4.726549360069344,-2.6660696636265357,-5.09864569513887,-3.228904631357321,-5.828123640299765,-1.5306658807292983,-0.13804240306383164,-3.6722466315851188,-2.805999627539002,-3.5938885750046223,-2.8918916072973255,-3.3379382187300743,-4.533526197178761,-2.309817542918291,-0.21968353912247274,-3.5767405005150743,-3.5070716367840205,-2.673052053177205,-3.9664440571285486,-4.491687058711557,-3.70271999905174,-4.791416223625788,-2.165422828261321,-2.7280192035840423,-4.8090391259688055,-1.5678130123261913,-3.3368842758074835,-6.587293066421007,-2.234819024857704,-1.7443053997389546,-2.06262599786019,-3.2121316991915116,-4.42530163022904,,-2.9986828726860426,-5.532564721445999,-4.230483203840862,-3.34512014641255,-2.750207049923592,-5.319965062766618,-1.5310460772424705,-3.690751623172861,-4.6719489933716885,-3.85831413918003,-4.016055676276597,-7.027341322640101,-2.7162356917585617,-5.850072745706791,-4.2267718676545325,-3.0404210643703133,-2.1352078133101915,-4.382534407334903,-6.365937039422276,-4.060681435303648,-0.3351656837470851,-1.989796760038276,-3.3468322005346107,-3.6580615522239235,-3.7364257329551287,-2.8246855539275417,-2.6654371890907025,-3.2671746406846336,-1.1782645497100286,-2.313607924289718,-3.2430038913490167,-3.069527770877434,-2.442461778362659,-3.65400480422573,-4.7310069336473415,-0.6285591102516142,-2.596149238862311,-4.185370254853515,-3.4854101101357227,-3.5253817006747012,-4.969138861803113,-4.264430212874071,-4.106776116360955,-1.9312688549896095,-4.520090380243714,-3.905393523693046,,-4.806118040346119,-2.519565055822659,-2.210730338320721,-2.4983195055430008,-4.238135264942522,-3.0802729230645864,-5.263493957022492,-3.7854746977023734,-4.864250110688073,-1.9510590458866717,-3.441145120688216,-2.445012761530918,-2.7250474505860267,-3.8870113436824894,-3.597327889489499,-3.687745577419088,-1.4477765060287417,-1.2220783396759582,-1.9499251025514863,-1.1756967521879158,-1.5355247973912967,-1.8332420334405186,1.54717211453419,1.4029068795162525,-3.2144160907811137,-3.4270962218746592,-3.2494964311865937,-1.2535901809774264,-1.5605208731010456,-3.2337055512370982,-2.0389122311479047,-7.115906702977659,-3.177046131069594,-5.453623278374719,-2.63746109626134,-2.8637272521647494,-4.719489846890179,-0.9017975098511988,-4.041170260853944,-3.208980790271565,-4.209173106777442,-4.634680125125923,-1.6547107763784985,-2.9767295306182717,-3.026752836385349,-2.4275912082096784,-3.526107348578955,-5.1197173087467736,-2.4660410570049973,-7.028189447255439,-4.405599082409339,-3.9418971855829543,-2.5595891032318407,-1.9536439649928128,-1.2109798856114518,-1.906315826131677,-3.830002040979208,-4.1737318903102505,-2.306232023375765,-3.319528422262963,-2.0908658520271906,-3.728190775704465,-3.474276110078034,-2.8369505712660725,-3.9953445689946077,,-0.46209970195305594,-2.5075506332952413,-4.757569602705014,-3.2197434100267874,-2.595590493602329,-1.830133991280769,-0.5088395414447056,-4.36704865939912,-1.160292857401879,-3.119552225639055,-3.8499095073419642,-3.2319691617030077,-2.3782469453311528,-2.5174723248362008,-2.0103098201013636,-5.296610404930735,-5.3001508163199045,-3.0313921704762548,-2.9039130353780918,,-2.606708369853672
1.3356949594003797,2.106587067407273,2.2437519775225567,-0.005543258286566655,0.4575785016363687,-0.5008268084563006,0.9591707729210919,0.6932186846310584,0.35096933883596027,-0.7641856797303559,-0.33621128210380435,5.505718825199368,0.3339697328727631,0.14286712699926873,1.551302320633896,0.33376792775146047,0.18983425591370118,0.42999531026859383,-0.5242581568204119,3.5190400331913896,-0.9820887249431642,-0.25682876044875735,-3.070806700938089,2.0578510209525946,-0.19827382449759678,-0.2682295842911686,-1.6745918813383498,-0.7402721666652567,0.24041825180582954,2.696258529424478,3.237977773189682,4.5498040970612275,-0.6280826925887606,-1.0909878164041986,-0.052561397482497885,4.091358450186,0.6293663611778744,1.0454262685321014,-0.45872491658313086,3.3645379238201656,0.8461956944729065,-0.9694211690714494,-0.7426877137663657,2.6482106197846855,-1.0033654486480192,1.388004224646,3.071331221127993,-1.4617323385628267,-0.27464153284599835,0.33867843254722363,1.5091336265743438,2.4324592179848947,-0.2766220358953353,0.1162309831201025,2.28592461213184,2.1347874353514706,1.4518344123994442,1.9144744388144064,1.7076401473021807,5.964252573596984,0.26502847260543305,0.501258244622238,0.45131225351520143,0.44419061435085894,-0.9704090343197413,,-0.45001234815733593,-0.1675091252405725,0.3221025048493864,1.6694558793435288,-0.6289069647658962,-2.2237509259669497,-1.554851571230742,-1.0121402039388938,1.9912988079468397,-2.5416604740868154,-0.5285989172481464,3.540637966707605,0.2599446488265933,1.699098866350579,0.6888566261295193,-0.3759648377359204,-0.831432980211344,-1.9186437011752933,4.14765661462817,0.5430448999530046,-0.28825756693376947,0.6543625784934282,2.269685087216189,0.3096169784915448,1.3101692843986212,6.5402895011756,-0.5705049233209913,-0.3682643842061628,-0.18013416245048486,1.912943193899097,1.8516405988895368,0.2817571846509326,0.7830255482459414,2.87515526408455,-0.1251644627424997,0.2273147945826004,-0.8292215819281745,3.422044192081475,4.252701025610728,-0.06264080128104421,-0.5834505029607473,0.31112488657196735,2.4357617652164043,-0.3802786540082037,1.772854410206004,0.5480867827036828,,0.00873551327815747,1.396779970990325,3.1534472623675702,-2.3057200542472955,-2.57350080801223,-1.011236112633196,0.6797213034913874,3.4689921552416125,-0.03998644585168076,0.4114694290969112,0.015877122968244173,0.700290204748022,1.227574896612027,-1.5795561698227933,2.134418063689214,0.2873235195366419,0.7345224971597508,2.9770007302273083,2.3607855789764765,1.844679759188117,0.6153534060997501,0.0,-1.3749580539243689,-0.32491098053258893,1.1998463634226741,3.321030474694542,0.5642523469857164,0.6434057227631129,2.49799237969337,0.06325891109772996,2.4745933720655255,-4.873550175666863,-2.062706302588879,2.4753582451307654,-0.1253484834746743,-1.6614600615826092,0.2428008811028448,0.3033346341274834,-1.561517412676361,1.8631806924081395,0.0908682779940273,0.8385674027211021,2.13749079885428,-0.7922218221101951,-0.3257816852194617,1.9641998247934112,-0.9803126335244716,-0.14317428433439083,0.8570856737418531,-1.1791979729600444,1.643389747531332,-1.709856767639728,1.5139336504758294,0.8675723293867454,1.9469034161182286,1.8745688119173431,-2.7139431891216037,-0.23416668868343482,2.092968136183848,0.23160307429073157,-0.5574361227521418,-1.672564658129505,1.4685991154442357,0.5360871249408206,4.911743295104021,,0.9786686029214398,3.2859191767177,3.282312668993659,3.29702986576641,1.7013863087039782,1.410670909605094,0.2626291547145776,2.2315430816002513,0.28854226055505805,2.2474639979676914,1.1096726704287185,3.1772823970988906,0.8689557404152115,-0.7908008320698712,1.0295441337724753,4.474279541156756,-1.684975805105049,1.3215777479599566,1.0331731395519572,,1.6378451639156077
-4.057487606232857,-3.735337174006226,-4.013985715465607,-5.762617744858545,-6.23824125923278,-4.882986724502825,-5.404931606820718,-4.5261556514100025,-2.4349923096867787,-6.939672467824209,-5.236943869226907,-5.068357683775327,-2.149314615276121,-5.992150637518224,-2.9805192300888406,-5.073068866122776,-4.091428554626065,-3.3752285891739175,-4.6267942805997,-0.9834344898630332,-3.0550532958563137,-2.7660166687147436,-3.2678869655522247,-3.0383386581469662,-2.161218615689109,-2.0347338953182748,-3.6795606492264987,-3.083002370179544,-6.3746582693925635,-5.01875254684535,-4.491999662846114,-4.8404284572947205,-7.312586817246414,-4.8345481871286955,-3.6751375248798124,-3.510777353700867,-5.733148262629328,-2.7192446988129504,-0.5302701320580194,-3.6225205543220507,-4.129652829953345,-2.2870794711875364,-2.567488354875036,-5.042516425251586,-4.137447934429661,-2.7539020207187237,-2.7555296547665864,-5.389493017377934,1.018990205485637,-2.4734955862400376,-5.26491918949149,-2.108192755147542,-4.808135504888966,-3.0996100464886545,-2.707818858166988,-1.4180289426632409,-4.331850705859597,-3.5106612878285315,-3.2928098596050392,-6.1384501059309375,-3.931929859329397,-2.4314239214934696,-4.773498160053036,-3.916861396407545,-5.228530465459835,,-1.4937079138341525,-3.3752853664172466,-3.256503459113491,1.8669937402510994,-5.503157691771598,-4.651157983808685,-5.0589333123019165,-3.9181951165376705,-3.990146140845763,-3.8890472193977343,-3.907568405924955,-5.099617241015064,-1.4644442134026936,-5.2646909604510235,-4.2729572931119675,-1.8227097392761182,-3.094750930655732,-3.776489926087623,-7.77336845339841,-4.3050016503957895,-3.0595045037308366,-3.167192633434346,-4.603651271264808,-5.377296148431521,-4.488250616882672,-4.7746161093347395,-2.400303792479763,-5.533852949688701,-5.035662777719708,-5.522574784917622,-4.8210791290051125,-4.916934361364611,-0.35780284717634725,0.07166536830904846,-4.911909667912029,-4.802286073596251,-3.921956007825289,-5.129960259873279,-6.767806923499819,-5.516088554333876,-2.9896988897367693,-0.2496477106500361,-5.2260254408302735,-2.7811897555312437,-5.187605814552054,-5.235010061083689,,-2.6901164686000456,-4.7312515068614776,-1.110871112014633,-2.007291711475623,-8.658548939173304,-4.961896178445658,-3.5974065818377476,-4.205245275513758,-3.6299987792968724,-2.5527347622751884,-1.9522238650852897,-4.379921105928853,-0.8188226543976329,-5.0514293291350825,-1.315097153238265,-6.0405862854503,-1.979169343763998,-4.711846354109084,-5.87866948253617,-2.2443937620614363,-2.245305380337226,-2.372394995439464,0.018846387225757155,-2.281809906102128,-5.833259810953695,-2.051673345024463,-4.188093794292891,-5.048973910055754,-2.062180518924406,-2.380957949511142,0.1653583158258698,-7.607217923823106,-4.257660048690481,-1.9682427299233196,-5.243344429656338,-4.420730088075309,-2.8320340264000765,1.5120967431817567,-5.57602631624815,-5.361780935013972,-4.251133157046738,-5.405401026957457,-0.4666257826481779,-5.1470072169918275,-3.405555103300284,-5.079907657544025,-2.566717882965741,-4.480690475323534,-3.4416841117327346,-6.488379215072304,-4.514956619383359,-3.8967045527947386,-4.207403496969054,-2.4669132346591516,-8.024698201823577,-1.052276423284959,-3.227876591373402,-3.387750584754934,-4.791423360369029,-1.4355025157489099,-3.86072944254513,-2.3856623946244437,-0.284454234206033,-2.53284735960434,-2.5273129106525016,,-3.8394571571181757,-4.878792169435398,-3.826561548277563,-0.05777365407418911,-6.172989357209014,-1.318442602994374,-6.0591406906037815,-5.70008115816838,-2.6130149646870326,-3.7007398662207702,-5.231392694303216,-5.094869551713243,-1.915247078539295,-4.795119167899642,-3.9348474001411504,-6.852251957891298,-5.534171726533732,-1.7600799123525301,-5.005383794373442,,-3.3576657458231907
1.9945374147676942,0.3383974151356606,4.250488355366344,3.289980535072279,2.154394640715074,-0.8237867045100544,2.8293190324651496,3.1144583179310903,1.5285724812575507,1.6160588995283387,2.525845526740933,2.089923551294315,2.964330610501187,3.0858690778541975,3.750876183510532,1.3016294780029858,3.1794109452599084,4.525528989707461,2.448113544389985,0.2267947544226212,2.7601460676303535,1.8879136395584917,3.370908816762741,1.3901520981711935,4.479456928714409,1.7248585641790326,1.9100676181699194,0.8528657653841032,1.1123184763085714,1.7299707690508592,1.8089519022312706,2.5032105549187333,1.3465667316303387,2.2071591728645146,3.651585504973087,2.1158776124419854,4.0361270548184836,0.3452298687604882,0.3490538358718487,0.517492716829282,3.2435225300983195,0.4280456671260646,0.48185699814367045,2.770911984624247,2.751821471234428,-0.1964308242904167,-2.888518698936371,2.828555451874659,0.8814955914075773,1.5195814575449385,2.206489258709121,2.248780886479418,1.2141778222430677,0.9704028249455154,1.8230432939401409,0.20785856029696959,2.8299979785728624,0.5026692911641595,2.836189271182943,0.9820324559512761,2.6655218840020645,2.2577222797690366,3.2042468701557025,4.438161543590269,1.6765172635062164,,0.4489272840062286,2.8920629765767147,0.7229959703688005,1.0819952315467507,4.306741704823858,2.788411063597618,1.8409120227738773,0.2599474703605109,3.71175075199921,1.7137741277754692,0.5337541030567161,5.530316398581281,1.5982844724276912,1.9276095601002075,2.452905985689924,2.3309054075455027,0.4587155636928575,1.1764722158365215,-0.4748474517323853,3.0710497735832343,0.9691909174750712,0.27543279559592015,3.9668333008592516,3.708469509659973,0.4271994697710557,1.0277110248669397,0.950428519912383,3.823371621039562,3.4928931244205152,1.2907174734793747,3.795934107891785,2.4282226074673785,1.3029679128832905,1.7106994976597623,5.208723121589065,0.26931834495396156,4.620803188576139,2.171957516820777,1.3017544511304324,2.919062340844114,2.4084006808764657,0.8645548476575282,2.4813894946501325,2.888797967366674,2.887138192670058,3.972213942801983,,5.21781017969849,2.527023884340185,1.528283333140612,2.1364239352823278,-0.206072551674652,4.48729136024606,2.5542984776820488,-0.7807768077729094,3.1337565450340055,1.9026613758134525,0.8822324362248501,1.0207336523125887,1.2854027118274436,2.098155082569897,2.5780222925347873,1.2710184157443516,1.673751231177656,2.186762405446463,2.2373157372602703,0.8458630365498765,1.4055423603272166,2.288352727568399,0.9794595842435694,2.8623735037667686,4.260675696320582,2.4903080219948137,1.8823201018160374,-0.1303221068651883,2.6320007145543833,2.0505117311570897,4.004662379854729,1.617307018734837,1.7666153482222002,1.315685511255027,3.966155015125139,1.3955342449884833,0.18844648141049802,-1.0261522809944634,1.9429838497588614,1.6200860921782967,1.3746196731087235,3.276727057785034,0.28412958929566745,3.091996415807774,0.20192932779985462,0.6163583145531781,3.3493685746568413,4.259308633731584,2.640267780321204,2.950889169725257,0.4517651277813117,0.9975863160850418,2.0105158863270356,-0.10659768817354864,1.8805946362324466,-0.2900295040933254,2.7059860361388077,1.3470087916125584,2.754137022134895,1.9692346438494823,-0.12318373461691623,1.757052051571506,0.6292524089351659,2.881987883904613,1.2007973347729628,,-0.5685517238752325,1.9340654147208536,2.1965368719030876,3.5187825407864137,1.2042199571652423,1.0133112332811445,0.2568238583638749,0.2651514820425138,3.9498194045436197,2.9963475569203757,3.8795630767271883,3.1083223226280987,4.140535884216678,1.609099580861506,0.905923559240196,2.068969070368132,4.068104748500434,0.6398702813516843,2.3796038831241484,,2.997910687776484
0.8195371262296858,2.5181675908729106,1.2256863286383313,3.7492901906647447,2.3880943774019725,3.779086620804395,1.6973378842468634,2.358284043013925,2.358266119338559,-0.21077876535844364,4.0674664546313855,1.2385986457529752,2.6146945088940443,3.4965030755176096,2.259543235169259,3.6940946026642996,2.2856414863039687,2.3857769868156575,3.2739597390162967,2.0443253543453777,4.107548218504586,2.465003828714507,3.0043880330115735,1.6913887009852635,3.975260525636437,2.452471198070394,2.324078985224176,7.29975024741889,2.286811257108967,0.813320510964477,2.166342236157348,2.551663736556087,0.6898880635693105,-0.24128673873367035,1.621020472197654,1.49109034655035,0.8148761002546578,1.8200987302630534,0.12648857840762417,2.8722404155784753,1.0305893194730187,2.4213281511033857,3.7389498971146518,2.5385042003775116,3.869201179268722,2.0501832924248564,0.36191168104260374,0.942460275704371,4.774344489433746,2.2958469539752224,2.7822672384747893,2.575978233241316,2.562375870721323,2.278127663620144,2.7333522019245216,-0.19083744319321472,2.3687831727933872,3.2629360680298314,1.7682996316883193,2.3311904634998326,2.8978183898484167,1.6871497605790875,3.2190491388906173,-0.4973573591436242,1.1113523640926548,,3.2475870673782214,1.5839072147784128,3.8597444435649386,0.5825382212061969,1.471284653252125,2.2748052841367272,1.6417956689368074,2.7710277275727835,0.6948373793987717,1.6381002126574007,0.42145702374924987,2.1377738971891214,2.388490505511598,4.15451892765335,4.687866447627842,0.67934909600329,2.3235670092622396,0.5767356765266518,0.11928109649426144,1.8521526422766055,1.2306171246197373,1.5279034427797544,4.314641783544726,2.1935221952983364,1.312186277130123,1.8803965356808838,1.6694118564236193,2.5519490116249877,4.223130386731433,-0.5937683589782639,-0.3377568739129755,2.6528672369389383,1.0735263489098257,0.06257542660850213,3.466811154382654,2.1280966572408966,2.2776855804497176,1.9670075360912698,1.9989314180340223,1.998285067838812,3.065096433779191,1.2932275626794887,5.4210366517989605,1.158511804322293,2.55101522228407,3.6116890908958643,,3.76762725845059,2.952421193515997,0.6775888421151954,1.8214612155467824,1.025593114954093,3.1351955637466844,3.1933550855603787,2.4323124252993544,1.821106262333383,1.98214079800636,1.9817065691270175,0.15156453514761914,1.9603811773781565,0.12871732754298204,0.7227826706483365,5.229467593483084,0.8622898923644318,3.123194876765356,1.4068019776997565,0.7588886156712604,1.766399351136383,3.8717191757859704,0.8020983070229137,-1.3704400341577272,2.9755627045291,-0.09840855228260281,0.4721516558636285,5.306272948691371,1.4454486930250088,2.6015241129856204,0.3072964483861629,3.28648694727367,4.556035916195533,2.296960848835594,1.1394972087058086,2.4118446441312003,1.1786829763049234,-1.3377926421404673,2.2138969532302877,2.6197944154132013,2.1508813232766766,4.023985573121935,0.09207592824262978,3.9643670686015264,0.8605691082856692,1.4193855952840728,3.9043493105777483,1.7996978014340304,3.879951028586892,5.7990291488345225,3.3146771267180686,2.676439099434491,3.3858882356758713,2.8909499259144322,4.103486695702996,2.4011813906539947,2.5271562297698003,2.0669097002542713,2.9970748411239923,1.824869552348285,2.8120470265373454,3.019970565565133,-0.8921209963800081,0.28487567345274467,0.7942115243486869,,1.5464595494629307,3.0714399291353667,2.5358129496335646,-1.6891095686836777,3.5850813370482904,0.960859986756657,1.8736702755947077,3.366401606142122,4.4304203749695015,0.7736295511411084,4.08769680535368,3.7395036360402534,-1.2349388718133736,3.3732530759778667,2.7701103800523486,1.8018000602490147,5.122491876774293,0.16424093882430046,2.2136116507231796,,1.9517167055864926
-1.730382248778295,-3.911098553310899,-0.62043553315001,-3.037132513233709,-3.4733464828430427,-3.3711416016965146,-2.4947280507731318,-2.769093564099301,0.1757268357868158,1.5937052744915192,-2.8439821607452953,-3.058622402262401,-1.674187503492841,-3.07017199448808,-0.41553995753608186,-1.715715278502039,-4.597835443366627,-2.7662731537451357,-1.6701137865117177,0.4893639780396697,-0.19433613484093337,-1.382864468126288,-3.819803131203603,-1.6301059146389796,-4.412348660262966,-2.9492591799127332,-4.2285900322470145,-2.595342527134159,-2.9396389232121733,-4.547134435606637,-3.0167246943861192,-1.6028130072380131,-3.8318329071920676,-2.104251260739165,-0.6564977568290886,-2.7475674253473747,-0.6501408066422076,0.490492315865132,-4.989893541142598,-2.515469987511987,-2.5501815957838625,-2.6031501453725236,-3.5102907609922407,-4.4532408270062,-3.9014784611012154,-0.1687529834761059,0.3042483177023714,-4.599967698717055,-1.5819779479625207,-2.249536679258568,-1.5612678119296786,-2.2601664737280314,-2.124068539874635,-2.645011158263144,-0.37179181615505374,-0.2826501107432766,-3.8022083533365336,-1.460750551534462,-2.5884846633169256,-4.2124472177298316,-2.0511166862506425,-1.8230283063344621,-0.6089784196013248,-0.22144890857324073,-1.4439616026595936,,-2.9722992629796163,-3.8149495771004127,-0.7402438171656089,-1.2234830201709013,-3.03399543986943,-3.3363172606009073,-0.440531672158484,-2.901299095210108,-2.769631414271878,-0.2244862888764132,-2.201991430629402,-0.9011638618403262,-2.829312755925162,-1.5453004656532099,-4.42447090603787,-2.0560351116284292,-1.3161637887177502,-1.8867830472535263,-4.67609727222168,-2.166354324762221,-0.4862665441106251,-0.3381809218634513,-4.103183571411872,-4.27668090177773,-1.9641388703435236,-2.5718562594335803,-2.510738691452863,-2.9294424381635764,-4.1023453647417885,-0.44966320063444254,-0.3622819685953238,-3.1586056395231044,-0.661324677461439,-0.7348940821984673,-4.54514137041635,-1.921910733902521,-3.1952079231255204,-2.2231726273138075,-1.0148694959161597,-2.022330970388042,-1.7302935444345136,-2.011576727136233,-0.8931989142486829,-1.3338718620685475,-3.6930704950465576,1.9645409146380688,,-2.3346905180434696,-1.9779799533349185,-0.5452336184275985,-0.3039168494290534,-4.585401624831221,-4.3856711692728645,-2.7748474235351095,-4.856555987845102,0.7312277088994623,-1.499167468124507,-2.5332431417553813,-1.8160065820520876,-1.3256509255970217,-4.1225281251236705,-0.7082251232912506,-1.493884585629035,-0.7901483508855223,1.1030030117065603,-0.8349409616173364,-0.7267441977687472,-0.9052443480291994,-2.8472295422378613,4.348630447506041,1.400086166518899,-5.356978639012821,5.273529697860169,-0.6197709836972987,-3.2560080337623143,-2.5432837076075576,-1.783140206368905,-0.5883742356781463,-1.4608806290906773,-4.491092594525281,-3.5148266751591994,-1.0916750967823963,-1.561501650792807,-1.8465754629867215,0.16949152542373724,-4.502890441489238,-4.488055651890088,-2.822709065713269,-1.7853859061797372,-4.599812997457741,-3.7489288121061226,-0.7668254059704616,-2.519144572197962,-2.8503601632500097,-3.0147227889912975,-2.1667345396815474,-5.4602561206733675,-1.6896150942249943,-3.6617563070222237,-4.438362086299108,-3.8751620170041967,-3.4539616777204296,-0.10025583062946986,-3.8913440269302546,-2.1999002801356915,-3.4303306061903127,-2.765862394733043,-3.174995430292027,-3.552220410702467,0.521581510323732,-0.7196310889675761,-1.2483981699707547,,-1.2797542207933832,-1.744212613281837,-0.8274356809573558,-1.1998656254357032,-1.4309439979547478,-0.7422849091693995,-2.8450276896561877,-2.2794524683947937,-4.328208630718622,-4.7021226140329215,-1.383433836739778,-2.684127754093024,-4.406830432892194,-3.026532950017491,-1.4043877107920655,-1.659287822602229,-3.375217635493133,1.348851561836728,-1.894956616852883,,-0.7745931028664499
-2.6781339678007,-4.549609966577373,-2.477089536874,-4.536954396113657,-2.207110416939073,-3.521665143064323,-3.07507214245496,-1.8836984165600312,-2.2674152382287427,-3.6193528821747423,-4.415372035977105,-5.539000683034756,-0.8513377425789059,-1.8588711646483125,-1.7220796671496452,-0.03637362138543265,-5.493894610073491,-1.9117576020993954,-1.2414257427297737,-0.7456952611414991,1.373234738849538,-3.6425422613804437,-3.464283604037044,-1.3425371748587156,-5.007112626064803,-3.711567883432265,-4.4153055511943595,-3.138799554791516,-5.0768870447050585,-4.878977037196175,-5.51761785511019,-4.855720535750441,-3.544731107635868,-1.012966004113136,-2.9273620382941012,-3.6688229428069596,-0.6013484731604013,-3.3353200394516835,0.29915562500282267,-2.485818691085273,-2.937701045529695,-1.4000027799143555,-1.9312859013863037,-5.366039970957537,-4.349368736675785,-1.4569840673796408,1.2133574101792943,-5.068433383781546,-2.6207807554291196,-4.7144679084973,-2.9438685948486754,-2.837088490462447,-3.613765770151789,-2.180646019707866,-2.810492779701168,-0.8420153727339841,-3.4534384669128615,-2.0909625898066997,-3.310577960019079,-3.592022553455221,-4.304472953254823,-1.9403271499739416,-3.676189910894201,-4.990485172598291,0.37903948043374047,,-2.3693868613799185,-2.252185224005121,-2.6824423959913024,-1.6710751408114177,-4.213664165536279,-3.2597232129509712,-3.212072341618577,-3.3290019896954237,-1.555512674685089,2.0479997621461132,-2.825617871918007,-1.613376469916017,-0.9255649648497899,-1.4812676885926135,-5.045825424987626,-2.2613058056771163,-2.0835726845704894,-3.9309955404260077,-3.9212655092379367,-4.881208691201467,8.184703512808532,-2.3752992619853197,-2.988236473546313,-3.376210174717098,-1.713128167855027,-2.5465887662854736,-3.1531543108230253,-5.6462885490747965,-4.662751830621648,-1.8270118522305645,-1.9117910320263554,-5.059617910666048,-2.390558902279283,-1.5042917885841112,-3.805342114892063,-2.7227692128892755,-3.660730763545661,-0.6900857510266922,-1.6174690024559402,-3.6336249059424675,-4.456914761766195,-3.8330394828878678,-3.2058740855826495,-3.4821798690442107,-4.549969630726169,-2.134178600007286,,-1.6834558270177435,-5.224315496118203,-0.8951604502775767,-0.8334932886996493,-3.3133381415099694,-5.249217027575637,-2.8474721898786415,1.547142936163115,-1.6185991372213215,-0.8754780667188711,-0.6699498964705453,-4.264339185354881,-1.312684916993656,-4.517071903129077,-3.0231399593763197,-3.3785843253434256,-3.747225165531165,-0.6656759739638973,-1.2046636553616596,-1.3310262428429143,-1.5420545232074478,-2.608102706388582,0.9576100629747675,-0.5334702495750521,-4.93655713675415,-3.1092582000604607,-2.1518574146423775,-3.273087363339511,-0.09432576235189893,-3.505086282232883,-0.46123732482351576,0.9138891986928188,0.32636368285492434,-2.2739400707998625,-3.162583868355051,-4.199712497502173,-4.1666666666666625,0.2030477507667161,-3.9478201131405544,-4.346996475192288,-4.192180614702689,-5.4535125769447745,-0.3115491227037581,-5.712589851274186,-3.2814501283711217,-4.2617533643758865,-2.2806486054042563,-3.9312454255324703,-2.8896879383856655,-3.507410438622749,-3.7357730731079397,-2.7540651262148996,-1.4833790533201108,-3.933296834292266,3.3795295330020902,-2.029442439332352,-4.496344105559924,-0.0693704932797079,-3.086718106205588,-2.021434910019193,-3.650774329273121,-3.604374694427681,-1.293002566994217,-3.214115555246644,-4.427025720100208,,-1.8019177783807128,-0.703860780515897,-5.590054939335087,-0.5461318123265668,-0.75600033393034,-1.0643309155585645,-3.4385842865883975,-3.053300633897682,-1.909366781653521,-4.682384002836337,-2.751379775438978,-6.428083086693082,-2.791515090746388,-1.3357304069278375,0.8315311327218522,-4.04950052248263,-3.7653105429417355,-2.0668051560583156,-4.801328912467118,,-2.8437610430550597
2.044946818325033,5.842498113970485,-0.11357517665849803,3.8210515433393377,2.321098577944225,4.758919654420168,5.583094116979637,5.546246567420887,4.440609093804593,2.1472792963306064,3.6441382023898683,7.719428269674822,-1.0284996793121448,4.760123879123457,-1.5298576181707935,0.7154989994358818,-3.25699481656605,2.798822525333322,-1.7948703048483283,2.8902139271892446,7.943288641062618,2.738301410292965,6.860451051717575,1.2981843057235487,1.9649474857380111,0.931484888527212,1.8408466486034891,2.1411511517527515,4.471168482959542,1.789173283838652,3.438202872718521,5.788347955974027,9.784794019422826,4.505182446003464,-0.3702393566695439,2.582483208733599,0.0889679715302405,-0.028058363337502,-2.8567579243023555,1.1914734742963562,6.575058285133983,0.940439101037005,3.854667654460031,3.1186762302674698,1.3951427635217284,-2.311705294060573,-0.23310834677410242,12.195122200764796,3.5166587693080453,1.733100948626487,4.526219941805509,2.422171828079156,1.1208055838790143,1.096353677112094,3.5277132850549675,-0.6810125910202913,6.006409593714457,-3.6098584494191566,3.6365029794702686,3.1711777720673906,4.150756945904499,2.114894136469414,3.1611439345566206,4.872188321497828,2.149438174981988,,1.2946749603023555,2.50118591969426,1.3723256392019545,0.9540938193036252,5.5991736211626675,1.4626523965534544,-2.988480426931106,-0.39475450795098954,1.165312973824295,2.278242909586936,5.264970410432057,0.04471906923868563,0.46223985208324603,4.440904804301349,5.2951512657875455,0.5638849641598886,-0.917807293848838,0.7457514458335979,10.000002481103909,2.259987754507131,-2.3938537373986435,1.3903385656813372,5.001770112148374,2.4958420885971,0.23634522753075426,3.2823477189039663,3.3771511035452395,5.456831736390821,4.386120547496719,1.7511352405318314,1.219653679089805,4.412259951796393,1.813582187181817,2.007036954932917,6.017492194433882,2.66115031813825,2.969266757830291,1.5946509484191518,2.183094754068682,3.4939692760947327,2.2114739940426897,6.230794852736898,2.979519124471053,0.749853831053704,1.8484628232836364,4.0989376593405735,,2.950824193199919,2.804375409968718,-1.6854653824620813,0.4669430953224474,1.2333783612742621,1.258299894171877,2.599251645573175,2.3910159804934494,-0.22434938131690174,1.1617593591424002,1.6496091790620282,-0.892193412051645,-0.35331524207139475,12.250622230517582,4.072089607095886,3.034707097848255,2.2653295501220416,5.435594107130792,2.491151972604211,-1.6187778494003435,0.5107162608670501,3.9112074073614167,1.19444720512476,-0.4311743102141774,3.9728858796598043,2.258207329947015,0.37119530582467863,4.6380728266598,2.6593259392431623,2.2512227448891586,3.5245562206862147,3.7955365200730506,0.7501776798456428,1.7120665307813754,1.1909127202861303,3.8680782399806546,4.7957902412913755,-1.1144945094642145,1.633385539377774,3.4208501907494693,5.571939418089511,5.1912591758396465,1.882573816032962,0.26752886527248165,0.7426968327929995,6.17206926686602,4.807220949703583,2.4172123006348523,1.0642937547737485,3.2622411021982156,2.7938704873888387,6.053329030769206,3.271032552240749,3.920767762618471,2.9058309394272896,-1.6332744877642469,4.980009578171196,-2.3150272665477867,3.9433708403432632,1.84315354955773,4.029148032093444,3.1382059702294463,2.089957456189162,0.8868697328121344,3.784640678868989,,0.382838341623537,1.4281306700479224,4.291041426944653,1.481219721543403,2.88758988346145,-2.580459522262679,2.3969924744319693,6.999814832372109,2.2007727327950644,4.674708333247435,-0.28850614303205235,4.531061601409125,2.5024656574191617,4.608172050965198,3.420895667631685,1.289573432533353,-1.8149002441282924,1.8865849700591797,3.826086071954249,,-0.9182783782764159
1.3029760218769226,-0.15060686550582014,-1.8399884617437579,-0.7600875810161112,-1.5680535629129855,-0.4504734999251636,0.4753785709183722,-0.5630192698056868,1.8203810064546078,-0.16319623154196217,-1.5351581347583299,-0.6718335827288868,0.25741621055244135,-0.4520003195637612,0.16425696890989272,-1.396743924293642,-0.44932607853298556,-2.551884120954684,-1.0698632955915999,-0.6258866378710093,2.137618004729047,0.4023205001093988,-0.5649421882201078,-1.5401146530539478,1.1684797860909146,-0.3825166324560869,0.9599143062497095,-2.838882608177984,-0.9006584581057409,-0.9800463750571975,-1.7925213973651544,-1.525888967736333,-1.5200638306350767,0.6926172741074987,-1.5463895963296004,-1.4810974574563596,-1.1022243923611064,0.4377320398446294,2.811140719133909,-3.463863032081782,4.896359254546967,-0.5845778881885755,-0.036748493971172635,-0.2042454146932271,-1.2594556971467163,-0.29266132536994727,-0.011120435486167146,-1.8003866745469166,5.156418967211285,0.5385555170939194,-1.1922160871947418,0.8114368750926637,2.4521808637132825,0.5542823209485404,-1.1937862701315027,-0.8465293996306911,-3.252389311488202,0.6365852818826179,-2.578568847411611,0.5906917192335825,-0.2001099336563117,2.5044774247879653,-0.7660722872154246,-1.5146724424704883,0.7535349203038111,,-0.27567040785198005,0.0132656360246175,-1.1069103072060993,3.529231093288865,0.3460855652537287,1.1653777095683715,-1.195568809244174,-0.44691533043099696,-2.1573558149833527,1.2878686656651261,0.4413206069819431,-2.846070961367808,0.029067628492418507,-1.658878668033592,-0.029753710209368123,0.25563915574924323,-0.3422039789906073,-1.9382427433490501,2.8085757324810556,0.06646697119199185,0.879227108837366,0.3942426642911556,-2.094594765345237,-0.418662129195968,-1.1715214159028653,1.1724809315158957,0.11736611338235559,-0.16306286483563914,1.5729928611631028,-1.2553152685004232,0.37803288380329203,-0.8846203975870104,0.8677990334230445,1.9675573244817945,0.30377429931613964,1.4355076225172736,-2.7021525125814905,0.07892297855816022,0.04396336450800398,-1.0563528656970966,0.6423192385175414,3.3367910438360626,1.872901029627272,0.5476804289676895,-1.7535952975990199,0.3588485832760169,,0.15524085669826881,-1.4946430471901362,-0.01757664161616823,-2.0953577940572288,1.561245471632966,-1.5705928795854418,-0.6531422327929803,-1.0861301219882713,-0.13991149551835225,2.263258356426734,0.9752913060332213,-0.8934664291360583,-1.4912948605241172,-2.312128543750125,3.4306756470568134,-2.3710006250399873,-0.07958759359000256,-1.6242958704934085,-0.11512900089382105,-1.371177864716866,0.8892328809555927,2.1973508250002327,-0.29507919526398085,1.4258555316914556,0.8925909770314044,1.5908814111019076,-0.43262516764331904,-1.6766809915464864,4.061930670945024,-0.6700708361347729,3.537266154321217,-1.2370119609664498,0.5007891215208504,-2.5554732235356314,-0.6787043252328595,2.7832207151074595,1.1440740168052743,-0.973352358181323,0.6201407054316599,0.46153989009316554,0.8382456168723129,-0.7425337749818905,-1.3657577915861752,0.1647944365904097,-0.9215302987992224,0.1189276780821924,-5.443799885719769,-0.7526547261688887,-0.6017609254866496,-0.9938371491244435,0.3181942822124473,2.358082447470844,-0.1407796442187137,0.05895468346335253,-0.42356798298441856,-2.019095425366779,-1.2060776636904413,-0.4455499708728494,-0.8268486415845988,-1.0041492788273598,7.4412918529704,-0.20859671526185508,1.7648073759990668,1.77769825807359,2.76707298641099,,1.2624872089144645,-0.23638698128590763,1.892468821783888,2.634383183235456,0.7797346471760891,-3.018501668760698,-0.36646244735571987,0.6833975231831824,-0.2098928801915756,-0.25230882268183485,-0.8773608061328431,0.20392619008655632,-2.249269032119261,0.472885137339385,1.5431204989164282,-0.6944492735242669,-1.1442673653238478,1.9510490046776185,-0.2233333809016802,,0.12164214632854886
0.8384958101861573,2.7302172819372306,0.8319318257340891,1.7621652498552853,5.28356003503947,3.707338100123647,7.605137334805789,0.6896105575249223,2.0566314065308733,0.6537932854665307,4.375519796468996,2.219907704967361,-0.4088975998651434,2.772130906882042,0.7584568824223537,0.3541304285088476,1.6639736873882427,0.7053854943250393,-1.976179193811689,0.5023673605371481,4.330183077490468,3.9569186493276565,4.590731368326528,2.1008258938364,2.9025777865713698,1.9260109813312942,1.5401797543391105,2.9460065701204963,4.264038681876392,4.087201802010831,2.7953462039291166,4.226009344819981,3.28947375194788,1.3164074901458767,1.7046132612355214,-0.9955296981327688,0.19774162236780857,0.17322328890116978,0.7167444225022912,0.694939463411326,4.12323055127457,1.708931425277127,1.0660981001601177,2.7314202380252173,2.7206267926523475,0.7128395543698707,2.2699429443072017,1.4758481866917084,0.5603999530237491,0.010929849337526498,2.549807038276941,1.1148098493359626,1.3307813584816586,-0.8508044249298186,2.2639281868584993,-0.6061605603416731,0.88201199536313,0.041072606579639626,-0.8045680039973191,1.7370560763363851,-0.15037313543716513,2.6587562641337437,2.240635172204164,2.177702822092087,0.9948519753150586,,0.7187392507791435,5.065296331753388,1.9617023483522456,0.07845205394612087,1.617979590529517,2.6767855041769595,2.526065127165622,2.2022639150430123,1.8357706763702408,1.2223704751875841,1.7656673442408621,0.628832258800549,0.9441696516462761,1.9970890872343494,0.9167791670148917,1.2830972695986542,1.4149604414786188,1.9268888315163268,0.7332774758563421,1.4281002018288191,-5.1834844681492465,0.6829441553616089,3.502410315291926,2.1707457506188854,-0.059648620615604386,0.7929195311796589,0.5666323726517097,0.9581935081691917,0.5568117070248846,1.7087007324969816,0.15299002479101098,0.963141379177701,0.05030704795212504,0.4151212709408547,2.837725050673656,1.140298440829146,-1.0901592575736418,-0.674678312511412,-0.3427399096078809,2.5405251897436143,3.258318418943551,-0.27984823305887696,6.593127829995549,0.7122871801457986,6.2824994022213865,0.028982362875429324,,3.1717836121147425,1.3744367464894491,0.23740205732591946,0.5182377020250151,2.040089372209586,-1.3676988324610284,0.3287181132207717,-1.7568886345478152,0.960718097166624,-1.4185272752077038,0.45127353893865685,2.363071903434899,-1.3762429629970985,2.1681403360828133,1.1448472289213418,3.4918843685654233,1.1018200194420347,-1.292177323994037,4.252048689762922,1.7934136845523474,2.073361158810516,0.862702150397765,-1.8628154164767263,-1.65572879110919,2.296220237170732,0.3503714103594957,3.0205322621419173,1.447870309557664,2.371484291324122,1.0172384124754963,1.562824383629513,-0.06674745367009072,1.9341726294532124,1.3819052545183563,2.457113147764378,0.559372559195026,0.907391144992542,1.7934062667809725,2.7083221268160873,1.9333762466516857,0.8466660168855888,0.34143036444802544,-3.3913380569266627,-0.48574687586939724,3.540025300345273,0.5197602995299144,0.7325884948719219,1.3575538057479797,2.464861604036961,4.082547702857409,0.7070658679528163,1.4799016286081157,2.587859375688617,1.409069596251622,3.402938034723868,0.059048809033002136,1.322163565159129,0.8264469504820404,1.986271205339607,2.842488331079873,-2.7074719357855326,1.110070278405484,0.9466713706658192,1.2667818229225025,0.7309019078052703,,-0.298692286090263,1.0095800811065203,0.4065835846516208,0.5549857928085489,3.6341848284042078,0.6119633012212855,3.5204861032572143,7.9704900188499295,0.6076347013820094,2.487350570034952,3.154425126105509,1.238430502362342,1.2365000345500698,-0.6688210843302178,0.3417400570791651,2.097905673384104,1.3436909240275074,1.2210729184358504,1.5668649476621166,,0.2371995677718841
1.219016796581296,-1.6224975169303435,-1.274152710917098,0.5545829326003116,-0.5144475423952244,-1.056673731874036,0.46140485426637845,-0.43977098538412474,0.06125573127557793,-0.7450650637199963,-0.88339226078894,-2.171698013438428,-1.222191883882895,-2.232295895965253,-0.6306777473477965,0.474573582172666,1.3385328944810926,0.08699047129647752,1.425004584435019,-0.7758896019573469,-1.8741855809992436,0.3854463706571387,-1.0562319903560602,1.1965287410750758,0.4995036143587095,0.7235566382389313,1.1608718899242643,-0.03289020014786148,-2.2611068162047276,-0.6390555982979329,-3.8448087217409332,-0.07508434047741597,0.9227542914753251,0.15216905287820381,0.04190071370466786,3.236444084379775,-0.448510924022294,2.0917009495465377,0.3228785701222092,-4.21127238785256,-0.04483087127828966,0.12646654918966327,0.9602846993039371,-0.7662229993591119,1.5647476165595142,0.1249084656112398,0.7507327044600665,1.057048903806046,0.8523177829526496,1.131335160311009,0.6992964223374143,-1.2642819852863307,0.925923979546206,0.13294219588735334,1.3994049527250585,0.4981954019599888,1.0841326938449303,-1.7819100725879666,0.14402390554473232,0.570276045453455,-0.5187399262467363,-1.8137184197545841,1.3443832107971065,0.018976020578720387,1.5649053393289591,,2.714705729183664,1.2810024727903713,0.25245130687343575,2.729277372167327,-1.7346870188502783,0.1296982521919121,0.2239775792353793,2.279135221287998,-1.0287021301486177,2.916597922717723,1.1753332008043182,1.021190522585047,1.2375320242597132,2.4142280003142558,1.5691304634847913,1.145032597255935,0.7939231818215653,0.6918902904444746,-0.5994835620627192,0.1800893161829853,-0.5805593560607059,1.2209567450056191,0.6001056829964435,0.8397737922865245,0.2909333041171136,-0.3328309013339248,0.29143189516704915,0.22648736163495276,0.08651883763357571,-0.4166353923521715,-0.5522923234775545,-0.1780755631043851,1.1515666651314094,2.5417269563083655,-1.0133378623188416,-1.7918279472313725,-1.8062203903028262,1.6143322920068037,3.0158663915058614,0.008501652069892174,-10.399046837558645,1.8709112100895986,-1.427381922892712,0.6656610825376053,-0.3484009355384621,-0.9081235973911972,,-0.11803477912490923,-0.2349126777210997,0.8070651992191813,0.10232590458723045,1.041885312501778,-1.3333314102307314,-0.49642169937865743,0.21794980682205978,1.1101761885384809,0.35973271210036906,0.8669609140715906,-0.5070788236357648,0.08587410936951034,0.6223891595595221,4.156236839463756,-1.471220073523205,-0.6433822883134099,-1.2909046519886336,0.41768591095483476,0.7511608724809493,0.5592094910779055,2.6580709832168203,1.7030291605549364,2.054210385153543,-0.06316436007030024,2.493948710489824,-0.7006835937499956,-0.44754425276954946,0.8345295494700089,-0.7631995551979021,1.4465003970555612,0.2200243905545074,2.7207853705945473,0.3020503928340412,2.5542775005550356,2.3388116308470375,0.36954985873876023,0.08470269529725627,3.28770352458998,-1.802815227639265,0.5495448983691142,-0.11086351229230296,-0.007660557771316245,0.7164303264107552,0.2504342042495278,-0.23637838535467415,-1.5531349937788597,0.16626627312086306,-1.4560030187464212,0.28556442528953063,0.902229385315434,0.7742635131422704,1.128779250505474,-0.22754973201943862,0.11218690665812936,1.3808515979776281,1.639841282058696,2.7286070517141603,-0.09617916657991277,-0.49314613599061863,-1.6949147573987688,-0.30655015161533683,2.663818437456622,0.6444370739087324,1.9965854325361132,,1.002996911252696,1.0351869042463546,0.9663169834530194,1.6488385015441587,-0.3650387905632657,0.9896258443769845,1.4792347035934794,-0.27649907135267604,0.2051959584992824,-0.03291449987147255,-0.17342937533042502,-1.2864628631850894,0.1455866364362901,-0.037406912223181266,3.3695652173913127,-1.4840195324687944,-2.5399380786785164,3.7660286434203716,-0.11019536189550427,,0.8311216443513958
4.721646218285125,5.298508016535264,8.309530181668844,8.931276970134515,8.826367435044368,8.591471229629843,11.271416391628652,5.235346348149816,3.6422606060306117,7.593119791382064,9.674285297183172,3.1390936144309656,1.4209755583201034,6.255198058331457,1.023678499522096,5.631578943455673,12.78362828872428,4.400318417491644,-1.2301670073836313,0.42856775728383756,-2.176448618730409,6.63147504130539,7.211607936411291,3.4974286187970494,7.010877769480572,5.948701374013088,7.935480894659164,4.479640463350476,10.474089406604904,6.927547693487579,6.499460152990055,5.109711329107913,4.490654494995461,1.2389042330799516,6.587686217808875,4.775430591006691,7.442779956007173,1.7100971314262248,0.8538585266735454,2.8672311510867354,7.445062548010539,0.9473145358531498,4.669255258531679,7.474336010155147,9.84452662950417,1.122753256106379,-2.9697610304861066,2.359054067368316,3.2342051223893664,3.058798086887049,4.431220225092458,3.3930405220966797,7.2551963668476604,3.138198632731992,4.038462919347419,0.5470097132001861,5.1351752088172775,-0.3929358435873165,7.955493735074182,5.14468713988161,5.685449121575625,2.472374293156321,3.37997631273248,3.420801491365011,5.447790550928544,,4.469709527852261,6.056074817780566,5.158332676152244,1.3457320667715544,8.280737684426963,5.712439300525385,2.8536995648499985,0.9966793921510231,4.682243179504542,-0.28286916637382253,2.931880119527319,9.912487011326432,1.6583021440832457,3.823660820633412,5.790448587973374,5.114413288136577,1.3842289351105208,4.829174727817609,5.643308931102542,7.6483122287549055,1.8978126560386777,1.3402593441115496,5.661421819327894,5.987661613674367,6.627498746969329,4.523381118961689,3.9325818118785882,6.434954629609035,5.860994779919215,4.244546313858022,4.206549862959874,6.517588883081182,2.6795914948491317,0.5076835023299475,8.121725336751418,2.921277527611177,8.796043519198626,3.6808739017954117,3.843516678062997,4.899505431788387,5.470170574813227,1.87893244936852,7.529861525248416,4.738933998638384,8.210245220202083,3.266058413921513,,7.590041500699285,6.794939153329982,-0.18273989144743652,4.619614096878677,8.527829448531875,6.918918700102106,6.768437518769921,0.0947962790439627,0.08823336354426559,-0.7699916679337893,6.282233044017094,6.40423840712645,0.9384405529393014,2.873581452284424,0.975048883273355,8.079842897935773,1.3611661575078537,-0.6999537036724734,1.4313748824532846,1.4368951349512438,-0.7441980368643408,4.838816551714409,-0.40118399475691513,-4.762395098594451,8.216248141556704,-0.16685528558394447,2.6580838614795876,1.8407147035750304,0.8133532401843668,0.0961352825972206,-0.22836853135491664,6.009873249090902,7.269879498180187,4.625128078111107,5.168121648224822,2.4830111903566987,2.515953273788707,-0.18618409083700493,8.076263924592975,6.272714592037865,4.0382531913747854,5.236158698120197,3.3113629251547483,4.9401976674485315,3.5950879925148227,4.4720955304600185,1.6318979799097688,8.917375712728548,4.3254875272607185,9.944661668734556,4.896763214793531,1.9095912005841598,3.600900073516855,3.013388098927572,2.3596119164097207,-0.19790459075247346,4.848723620978568,0.41087766720655505,6.4500610213859,6.650141133902543,3.921410957701821,5.020021207734504,0.76383117206269,0.6120502530107652,1.7624443632828113,,1.870002788708347,3.053540957559564,2.3334218681632324,-1.4931441292648895,6.190611505509769,-0.5455035207867942,3.494103744787913,2.1448999686874526,5.36666914570838,5.382278277118346,6.099116694418982,8.017226487918695,0.8642320594972386,5.382790551903804,1.1426602753680237,6.604863120110682,3.6551383275252647,-0.6350153821705562,5.019314930416496,,2.0663947281459816
0.7463871840920566,-1.353649341761498,-0.3613763012259241,-0.4959645669974755,0.5077751722666557,-0.16146681806695762,1.4470960093980967,-0.40597293907369547,1.7837129029641519,-1.6279030903857516,-1.137708679951488,-1.7487824015132047,2.373232267380443,-2.842754365535416,1.0808653739080798,0.97455349357225,-1.2175215272482887,-0.5608041519597262,2.5040890348467126,0.3518809174219095,1.071239128845769,-1.087776855307343,2.964974543210386,1.6122130547196356,-1.2895469452132824,-0.9469925300775728,-0.576726821173823,-0.08097995109679346,0.7223004049224491,-0.6304808915088889,-1.5018150557768783,0.12867827838896062,2.640543204373058,1.5354436852398345,-2.3576943350465895,4.328185762847636,-0.2515934198738523,-0.11817523572135169,-0.3191146321099514,-1.1720955177312753,2.3236339997980027,-2.136027792398898,-0.7848013634630613,-0.9196148914468738,-1.3639641707889338,0.6990725141428289,1.0795793061932013,3.1961134965455384,-0.4329407594481194,-0.015738209458082686,1.8049362011867576,2.3163678904752683,-1.7281966081215239,0.5032188015955841,2.1746221305363855,1.1985714601272957,-0.09872132380593923,1.7206572806259146,0.23138546422980522,2.212775243154619,-0.9231259978065287,0.33848361741692923,-0.40430081505002935,5.276354250201609,-0.7045021588747424,,-1.0975215327462595,-0.39360560591461535,-0.569620506231594,0.2669419814093743,-0.9608546274488927,-2.2546206951919445,-1.1866827236166277,0.8504442873557672,-0.06619298948399299,3.556424455253482,3.2092150927269802,-1.7158554750806854,-0.5779385410408233,-0.1519674602745158,-0.12077638489843556,-2.131062531822081,1.0339878875984532,0.06462822205330898,-1.998098717956831,-0.895704022013788,-0.23877916839610824,0.1818437551274421,-1.5316317939440993,-1.139306982040289,-1.1719689269131695,-1.0746410938286988,-0.9226490600244608,-0.42463429662246144,0.5471159349618615,0.40135318042737733,-0.5669590737976016,-2.559964464094311,-2.9340525148250807,-1.0845353978939598,-3.605241086420752,-2.5694627253038838,0.6982624669334969,1.2894550994414944,-1.1128482388673144,-3.2488068152881744,-1.812965491899099,-0.707205888503204,0.12344704872990775,-2.1701953618115444,-1.1907384225805173,0.5098178076729187,,-2.7384615801197443,-0.037792770011713106,0.04358455876047884,0.7290512181656217,1.3738198435750748,-0.20222249122585634,-1.3488703631476473,-1.8161529285994127,0.602376541982852,-0.01338750240557074,-0.09557681660310458,1.3045990974474453,1.4662905774500912,1.6910223419723591,1.4675811847352005,-0.8021040111736433,0.5345615795110836,-0.2782415262344795,1.8453729486398451,1.2027261989599358,1.2358889240130289,1.0820332309607217,1.0858164986044194,2.571083446805922,-1.3477695007044876,0.5222837498967348,-0.3470104218802117,0.1285976907261288,1.769292216136753,-1.8888052283163703,1.8087459724750676,0.35502195270635806,-0.1867930195247669,-0.5608846686684599,0.08551981511351059,-3.1460916530889893,2.490125619711492,1.1022553612764607,-0.10600209690747597,-1.3946448075156104,1.2111558269675582,-0.7674441391166464,-1.3206752133664734,-0.35008947276535807,-0.18871753155855764,0.18426557464843452,-1.4496363980631366,-1.0244693801604976,-1.5188844681082836,-2.629009537838878,-0.11158608520832614,1.9470051661369503,-1.9955154379042939,-1.9313199955323657,-0.6447281400055349,0.14581041847454568,-0.09796083389823629,-0.4223987662186124,0.0,0.6943371694646316,0.2469282459055977,0.16342404749127848,1.164434069895015,0.8890968324161141,0.3968881120527179,,-0.06330264401662733,0.4995668061627878,-0.4364405142387118,0.7027701355224014,-1.1730704454008145,1.6206671766174408,-0.16570059434188877,-1.390521115764154,0.594037128059477,0.2733295538001057,-1.3358608008053774,-0.5224615216950945,0.07206468879501493,0.23701273638123688,2.1624584222336596,-0.8695644061371466,1.510118219029244,-0.270378166784746,-0.5777342702849131,,1.2001611616796914
3.7118250927956176,2.3493037923768556,1.1910036880155017,1.9522302479590081,7.337198091685981,2.2690572143613696,3.9059810301656395,1.927589109824912,2.0193789186810918,5.664661096638102,2.1969829238385863,3.251756830318908,1.2941093532513603,2.5688313239093485,0.40099198290466376,-0.49961180954879447,4.484094619982737,4.0139226921458215,4.239946256812299,0.6714413485581883,-0.3397046758822575,2.449756449375462,0.7306392033456621,3.1154837052157713,2.358150753255006,2.3476824240433736,0.8574959454688003,2.1612927316332353,1.2836048563898972,0.7110600534190992,2.5226969558477474,0.7996580067834547,1.5390437128677936,0.6139875955798457,3.4149712404505594,2.7092307415339523,0.6726080238598442,0.5700700935930669,-0.4508063878886248,0.8388803368319264,1.5229831191110987,1.5068477376747325,1.4571191168112563,1.6242401660905292,3.137430079310355,0.4165316502064087,-4.404314010318188,2.8583433158253513,-3.209736380686823,1.699275151091162,0.3006752227722176,4.713303396577739,1.1812699733560583,1.4671669075048799,0.06384756604700392,2.7551394257443684,0.4752717519175498,1.6750492279927531,3.8684817139629235,2.1680770118084336,4.2570251925097,1.7887254107417316,2.9650652694835467,-0.38910930641675723,1.2219160395714024,,1.387117221167089,1.2385694538723513,0.0766293591158318,-0.9352155064803358,4.147119893882989,1.5795366089045526,2.190457116848732,1.9649979943921148,3.45382329711843,0.6543819288079566,1.966333386976915,0.726260488571806,1.0360123876148375,1.0922099432512322,1.1158248521161207,3.168649951098401,0.9838315792740859,0.9318196175870153,2.6491036096137233,1.4246333333255201,3.6859675670597447,0.4125442674980384,2.749910833647329,1.9710716023838337,0.9105820113869401,1.8790351257892413,2.0223874041714662,1.7971411420976802,0.4791715913635919,4.016760465748193,-0.13684054981200067,2.007249171157688,-1.1472451208215162,-2.9363102339199365,2.36227765951178,-0.061330382897650804,3.6151129482447697,0.4215962504209303,1.6338760251864537,1.8254875897850464,4.008410281779784,0.05586438029863139,0.6837004598159613,0.7125526985678032,2.296275537205661,-0.12210010781864566,,1.6349238477956884,0.6238873214242435,1.6861997428924136,2.0034371465260437,4.686215643836245,2.0263331306799914,2.936724291548476,-0.9192069481860021,1.2072850461308349,2.127527783197114,0.8830658844323214,2.9488629895561225,-0.16755510977776167,1.4247580622728018,-2.456717974275191,2.8401278095062876,-0.025944056082816136,-0.5952290396567306,0.7460886252995236,0.39614420287303886,1.676580127530647,1.100693037993894,-0.727652827132097,0.11683224492167188,2.358943992521567,0.498790376793945,1.10493534189251,2.478569203784664,0.29206433334756365,1.6641294354790892,-0.8042248852792921,-0.232162140610237,3.1346847663976662,0.719902107767223,1.5906418115044563,-0.37336652146857663,1.6002821746740725,1.5598771557453928,0.227384416858456,2.0166142044405477,0.8650444319414419,0.7953714377657795,1.518798703502089,1.2856892318804825,1.0084007968421682,2.0797961082511973,3.066913058279841,4.499570370208628,1.4589378400324593,3.1366110583435525,5.151278860701214,1.0410660979314423,5.965020892787032,2.473707468015629,1.6345259070595475,-3.6223831790156202,0.761973940671723,0.8086124055721955,2.4643910555482096,3.0264763953732565,6.211992827839041,2.5832698171688984,-2.499042104815019,1.456398045056706,-0.15049569239573568,,1.178111200664711,0.6871375298111992,1.315083178309684,-1.464153897553866,1.468535928390824,1.4824819664270183,1.7842315285733434,1.708782630121175,0.05468175946152787,0.4439181173325757,1.231657575935352,2.3498794010001545,1.480357024387291,2.0572342013929656,1.1058377766706151,1.4254398692127745,2.4690381888168966,0.9907905267033668,0.7923909990073419,,1.4574730967002125
-0.45193738640548764,-0.9897454879845502,-4.107335310329141,-0.280095991308138,1.5027225189728766,2.0222355315540286,0.009211368515815721,-0.6778265644431736,3.151133963855224,-1.4886829329802675,-1.3015448285735975,2.701802095054684,-1.387869815674836,-0.9433981110682721,0.06656399186106832,-1.312331802849298,-3.347945499250937,-0.3515970831994175,-0.30061526444175035,-0.7114254788979979,1.0771236034147869,0.20728526304880646,0.6826822077395045,0.025470343599365286,-2.7689091646856845,-1.1552011604279433,-1.3953413396301406,-1.5249758238568778,-0.7972998490290539,-0.17017910840702033,-2.000943750952011,-0.6374779679138909,-0.9733245670784929,-0.20341820211655648,0.1389811871694402,1.0747814450835946,-2.137963509601948,0.04813386422919397,-0.6234818338434756,-1.032711877286574,-1.9153457276824382,0.5667998980644517,-2.051702981931891,-0.9846419474114576,-4.679990213238938,-1.4965449046149493,0.23036154637738893,-2.0210279994095637,0.5717580950398649,-1.1964309110511828,-0.444493609720098,-2.8664945882088233,-0.21066309398725114,-2.513194993873713,-1.031586975747889,-0.7602394777200261,-1.6157736980142334,0.30028200787373116,-5.037714371389923,-1.8967185912903362,0.09244504820835608,-0.9749889685577995,-1.199857399031401,-0.6121735248899807,-0.2401318229429905,,-1.6881459296953838,-0.5650952109576113,-1.0792760619148356,-1.5022056338167222,-2.794633059456897,-1.9252139613693764,2.474541834123478,-0.6085602935561596,-4.015370834478748,-1.3960239230040972,-0.2991163930417984,-3.1059391683685322,-1.3037665383790586,-0.36308296892758607,2.179812347832999,2.2089358320372066,-0.21277384006251898,-0.09141138324770814,-0.2567253559275784,-2.0389679340629407,-1.2927024167129986,-1.8405996500248656,-0.12916674342511314,-1.0210407660362186,-1.3150608931774665,-0.6051846681713657,-0.8113522917109095,-1.3365289634289068,-0.299064616013045,0.5702585746628408,0.13702805976236743,-1.444216556111888,0.3784441485179757,-1.2146981076221142,-2.7886345473068452,4.24466002072994,-1.661778541157788,-0.872578919427125,-0.057413198395595,-2.269740061012071,-1.5955054356108889,-0.9212175569994208,-1.6698207952616673,-0.7075113076524642,-1.5766918251543638,-2.125469150565351,,-0.1414131906040672,0.6638747211197282,-0.8012701634656838,-1.7482959455801805,-0.7077548321255289,-1.7378286097701645,-1.2148064148002735,-2.1589675404250386,-0.0769647742304036,-1.3298428049182798,-4.6174054298063645,-0.507615673567996,-0.17306978923005145,0.9999201956967907,-0.4555702876332224,-0.324573891280322,0.7394039654591511,1.7215476705792154,0.8698693622007259,1.6046313827317027,-1.8570479725447564,0.8075608706252124,0.3664878858529619,1.2412489401729898,-1.526006565522331,-1.2269968387499386,-3.7620908061443026,-1.446430713060609,-0.568570695494286,-1.5513009580068626,-0.9157808283341118,-2.290013146447778,-0.7711922645839198,-2.2548071713745177,-2.3291980175725313,2.1236727045596426,-0.3104203526010929,-0.792731262257429,-1.3536046692073311,-0.9570652134983537,-0.8004529139583161,-1.1672677887612393,-2.599616182950437,-0.9520313220710341,-0.4575669187413589,0.4712365313342737,-1.2209853544851823,-2.496726563971685,-0.1643393108368585,-2.282134947413139,-1.3280235271851293,3.2118263253735124,2.7153745948844232,-0.29530440597482777,1.1203472849567353,-0.16316232277119314,-2.6153046362281884,-0.11834258309101342,1.1915289478455549,-2.651105687035349,4.015068048308668,0.21869611370533004,-2.04808278200983,-0.3108590291784008,-0.7626022981606861,,2.554140757704171,-0.10648389456534568,-1.041947800170684,-0.3332816199686839,-1.458384646041544,0.6209016113558397,0.12229336258475776,-1.0494081961434865,-1.0674781118840682,-0.17057639799490376,-0.7507123538468607,-2.3012299509681755,-2.893866940842116,-0.23170016166791374,0.9930836927402709,0.0,3.496504537938905,-0.9322580914881584,-1.048222032176016,,0.7646927824973782
0.6516827127737601,1.467557157720667,3.116473868580627,0.20938281367344214,-0.35310339842157257,0.7233418692645266,0.9765625439299042,3.1734087174310144,1.1469459620962796,2.3934263815146073,1.8521261739251393,3.001937762806839,3.9332651765298987,2.947847113855273,1.6696591215872747,2.1276641051583667,1.9876808775257437,3.0054481776178754,0.3630553404916137,2.545154078458456,0.568790573010336,0.14036818648417437,2.636516476375572,0.4991884656391221,1.579618062396393,2.096962929684132,2.033879878207112,3.929653238800812,4.222408424249902,1.2150059068341656,1.8831397510059578,1.7821463345788935,1.7481937203033038,1.3814982876090065,1.68211307867967,1.6436708713293946,5.973715402214275,-0.8124512253100624,1.75671326224498,1.5507300387124667,1.2699630085863056,1.1719492477149318,4.454688661029604,2.1186148534411586,2.8795182421451626,1.3128541835743412,0.16087394196810934,3.0801359701654984,4.174437416007426,1.60760031998064,1.588624999523236,0.24041513086467958,3.3515106125823646,2.0011707460219963,-1.1820331279370655,1.7710061632558949,5.379159327843097,-1.4645117318482392,1.1063793454580084,3.0755530488532523,1.6009952903462077,1.9302701344942053,-0.4684333191486867,1.619058980865029,1.5678799675069577,,2.415318208755668,1.9392956271309103,1.0468104304980352,1.5321059077275878,4.618823297935792,1.912672339401622,3.448563465452237,0.8870352731102704,0.7718730816368424,3.3938161632214747,3.3976501307040996,4.9370363784914995,1.4291131915848743,3.1908289519867683,0.6969181091165844,-0.22203635674509226,4.253171822283752,2.69899102196709,0.7721480590363372,3.160658810449535,1.8241460593339198,1.1384618226851773,-2.121053676074458,1.803291256376438,2.934502760869484,1.71064112460233,2.9094557851998326,2.830573295175043,2.5131726894763506,2.3112480739599484,-4.150984086282561,2.5888302060101953,3.3579663726943654,2.232144514134693,4.7614698994342675,3.64992179713306,3.540293499399527,1.1958239753470101,0.22979475636004665,2.0952623395757763,3.870750184419447,2.648454841842396,0.19246147747369324,2.823339538902747,2.5434192086795315,1.7584339632146007,,3.0852530429435587,4.790647737062015,1.0280328365476432,2.6691078222091047,4.849515749955446,1.0443022739270447,1.1272621855249465,2.8972764245867477,2.1661693518532754,0.3253214175279462,1.628944066412985,3.2252171281906605,4.029632911448511,1.7475672000780262,4.023995538069869,1.002160504919547,3.7599717789089215,1.2509288325105894,1.5848976215421917,1.644014525182036,2.487565473898523,1.2164704995720976,0.01739464881593822,-2.913128801066256,3.017983725281237,5.2760178019962245,1.8995165578759465,4.561084582721264,1.8967895940226187,0.9997875658328104,2.06606099411224,2.4608656707570287,1.840102332855098,0.22615624931354716,3.219397109046218,1.382261503727067,2.5833310950166055,4.0286352114623725,2.905332957057727,2.122274913641986,1.6282456323920558,5.618301254896463,2.205158901526394,2.0043234411295296,2.956538595075542,3.8212185309407953,2.345287804245122,3.727648306600506,2.736631364236497,1.6781224892853164,6.956783412513401,2.4853720028978454,2.8807428170400273,0.7474933506357528,-0.5539718295931029,2.68733329866524,2.317052808072284,0.8557342774323073,7.130397763286478,1.2091690963603297,0.23690901103183837,3.2533192019009727,3.328474442421636,0.35769146739876856,2.928786284490492,,3.003301896376742,1.1289273978643433,2.7393646964569696,3.371881881786676,1.867423472053642,-0.5190209584814864,2.246197526463689,2.6526262275345047,1.454613624328016,2.4932022373168827,2.4604399344055894,2.1821620499259398,1.6971235950073105,3.471898396667572,1.7939007665911832,2.054049517657308,2.9817894945867174,3.3403970911612513,2.5423806722535414,,1.4798297692421913
0.15277734974745716,0.8105213880725604,0.18614003566617132,0.2904958898723553,4.393113614766464,2.765339447854709,2.0847565866511486,2.5135635453416905,5.320836371005111,1.9621201940556166,-1.6729705544893725,-0.06267771187499216,-0.09864694710334243,0.8920655171242187,-1.1646161890477957,0.46421805404561756,0.7123321834928031,0.7098322308041638,-3.206623303900924,0.9170955209285347,-1.0059687918266835,-0.4352677555510498,1.6515742992217586,-0.4054783343345192,-0.7939531567772051,0.2245553158341851,1.4564816455790108,0.8742029729231326,0.235936479076293,0.11466392024168659,0.7853865904345225,-0.1961006417050104,0.24334849108003098,1.7871062903904944,1.3212576360807082,5.729916857349537,-0.805282622547554,-0.8137040603340417,-0.5062367489609421,0.11416679951679054,0.9708791398730598,-1.2114256959025682,1.0561529965324112,-0.47986047541135335,1.244683217079734,0.285253472001501,-0.6998563372855648,1.27771937790353,2.377801892068887,1.5770263393294126,2.667619533188015,0.695535651995427,0.3830122137415737,-1.3156410416130138,-0.010871638602838463,1.8777873486564678,1.9740705605999054,0.2956114435976209,0.04209219748680937,1.5909388953643466,0.42423861731066825,0.263428485207573,-0.8541021305795815,0.6638572808318921,1.7934941963430484,,-0.40073569728454883,0.43106316836116765,-0.8791036405357167,-0.07579788247404906,-0.056317386168958095,-1.7841722804849969,-1.3974546539277877,0.4590718011664441,-2.4208043141636937,2.812794878632241,2.929795454348727,0.981870242870797,-0.8574341056066026,2.067180806695146,2.3193197102677976,-0.1928627716684117,1.5446712235877902,-0.5879709524016397,-0.0672174380536017,1.360022597474475,1.515845927527515,0.4469395852635616,-0.6289678257904385,0.9823627675434654,-0.7092711339602875,-0.42759839808821365,0.04516303956518808,1.4942947550388386,2.356659390635518,0.03012232033603457,-1.689473408585973,0.928471525854424,1.9113797828266055,1.064880248265676,-0.6317336068887403,1.467240120695279,0.6535711318789605,-0.3036241359476888,0.5731647703025367,-0.5728229444320831,1.0552905218036202,2.4154264134342185,-0.49717789989406347,-0.849891760953636,-0.21351070740837086,1.0103861806064263,,1.0671349575464673,-0.05937652938140525,-0.5087806748506618,0.6091332761951618,1.5107470413000756,-0.8834961839240041,-1.050204227210838,-0.49488643963243595,-0.8480965335572632,-1.475746150562629,0.3461462238627533,-0.25301846590909394,0.06060324219008262,1.0281666976428072,1.348946969200382,-0.5558634447986655,0.9927980345122434,8.194035898517527,-0.011465535213806,-0.4584865722269682,0.06366144061096257,0.27555181018186214,-1.6863720447105823,-0.18348755607461298,0.7674765535805816,3.095787145979645,4.721060756900264,2.3043237300111707,1.231866059191189,0.0537970406452315,0.21863952135878773,0.16233751442975564,0.011226824809407177,0.11282296846293338,1.4439741226679015,-1.7495174002852498,3.1815557432265607,-0.06401414601281408,-0.3352236592260027,0.4244795790933287,3.2752009907916824,2.3793039977801467,-0.059515380752450664,0.16069767508217758,0.1877194912163871,1.421738109081394,0.13996405032954407,-0.5908569073694414,0.5808089800706684,0.1763044742498332,-0.343947093041963,0.6986422644797541,-0.8280782195456027,-0.40597009386116323,2.6175564275879193,-0.20629456312796224,1.5972196144261375,-4.349414887959568,2.279663968115875,-0.6898764919355149,-1.7586518521722327,-0.006405534887010678,0.8610836189215432,0.7676794950764787,1.16724924042102,,1.1259966114555375,0.9438542588384724,1.9107163329334265,0.485245339297391,-1.3444874195877143,-0.08173994933275974,0.9889203362231536,2.6419020957565653,-0.07622580393751299,0.022743138157044207,0.3478983494868304,-0.11657730238923136,0.16767086496989325,3.332958353412141,2.1930667790192704,0.9533914892847495,0.47068994878110004,0.2431396111399753,3.047521353240157,,0.3258351099176382
2.1210128543504014,-0.7346940025901527,2.9531071677408205,0.6758417690666096,3.0427019454469795,0.6625235346869207,0.7507394968966352,1.5227783982510124,2.74858817303667,5.9069685706287345,0.7249538691989299,0.5174064555827584,0.2154478184733799,0.20740582826648257,1.933004620286205,0.394455621770895,-1.1033805936839558,0.9711898508642403,1.6659333922482755,-0.036062026685901305,4.520926860023833,0.7039120415902378,2.4603306666121316,-0.5241717312544414,0.2594094126156632,0.4918292187883866,1.4747622088841394,-0.5379132009260768,0.16649340172034677,0.3758139459359322,-0.5105486969480877,2.0771915619535175,1.5668623197938603,1.5582176771169909,0.25325385180403615,2.4348478955123154,1.3476193317032203,0.342278660683637,0.3391976294325083,2.095517397007063,0.17360885026014294,2.6763304626498785,2.5003258061218503,0.9501432149807254,0.57964748670849,0.8370644286469942,1.3864811088590168,4.205326815746013,0.27414619978884947,6.503489947331453,0.16923894463110045,2.0384221950257464,2.04340920123649,3.5785393923053244,0.7069059271343159,-1.0248706855853107,0.7486488881013553,1.1707837422918033,0.8203590978969721,0.38998091619562025,-0.42244643639005597,2.6845964372256503,3.287615922062903,3.5382469001155714,-0.6921664091369961,,2.612968992935283,0.6524009358240157,0.11775949448316059,-0.5447496040189792,4.890687579221908,0.5594352903883548,-2.3832195365339093,1.1850365898433246,1.3761008446647294,-0.08655223678237789,0.5660689208506042,0.16204810359430333,4.754326698088707,-0.03375523177245876,1.6729466235368085,0.09662229994376048,0.2597129655084851,0.725874598428633,0.9685246921866453,1.046894118589492,0.7239801110997757,1.1206381883472227,-0.06382404642066852,1.0034433343182547,1.1720707679712339,0.0858825623669679,2.004340351347822,1.5497854583766735,2.765975456726255,1.9391756468077004,-0.21783418205453264,0.7076303234500481,0.6538185854737755,-0.03789946762072782,0.644426970134826,0.391830141576488,0.6126415859195156,2.090702332809391,3.394928122045582,1.0734883273944895,-0.1522861093256056,0.2077005588416947,-3.0547313337145443,1.1736756278434068,2.400054008664476,0.9628893501995694,,-0.5752634731839623,0.065349275736315,-0.03867785154045844,0.8036652986065151,-0.10875569600069523,0.689546522165263,-0.6858465229202082,4.687596495947566,0.978906035554683,1.7329353342014908,0.8848927807835638,-0.7078810963688675,1.716045706904623,2.0198037855847506,0.8354418034028033,0.6567093807250624,2.678789406825599,0.9739694026815737,3.005960311043987,0.7164837251812273,2.2427210017966326,0.011695975039427431,0.4597657976900926,1.6652275754041268,1.1141619097477573,2.784206866990724,3.231214162266194,0.8836182141381377,2.690639144758733,0.7205046775541124,-0.9817358472279714,0.637222808305804,0.5554565489833907,4.688210843906027,3.530083838358311,1.6210257159413377,1.296580137071346,1.8735007537279857,1.4126603727269593,0.8101452231237039,2.498621449940952,3.1202055359930148,1.6154221932395352,1.4002387635573044,-0.19243058954639958,3.0001349515596187,-0.3793909757932368,1.799384779126445,0.7168453470559832,1.3884126026362686,4.043427122985799,0.6604393959700472,2.238102253688612,1.2275677610649849,1.173239797399761,-1.03951098844699,0.7109464340465443,1.2336903722303783,5.333333940648322,-0.5695704945667179,0.3396290022786408,-2.5810200205510947,0.17850739316833675,0.9613686275429245,-0.02395596776266773,,0.23441016899328204,0.6787160910825651,0.4431556306084383,1.368209958623745,1.445734871304305,0.5678681089027915,2.8522636954036784,0.5975562974287252,1.3549385717642304,0.7197430264243243,0.5073567187668493,0.22281717923369193,3.858113198370683,2.9322356888983103,0.593986658884682,0.839453577624738,2.2217435792596163,-2.8250656451753287,1.203006325513556,,0.5164580677057495
1.8280072966173844,-0.2373921632468079,1.8141212925714134,0.7116952230396878,-0.03175300829958427,0.509408841307124,2.253162533804054,0.31778234854151766,1.1738044488940558,-1.9829412335586993,0.35253003188835397,1.0450759047990532,1.0748793783961874,-0.8932457506566349,-0.5455254984723656,-0.8980713451520628,0.6751398631482441,2.142861283340136,-0.8473501416452645,-1.3131277901785698,-0.5033986105109634,-0.323743454817349,-1.721651934121371,0.3018388979338926,1.0459671942626647,-0.45135925668167154,0.3138472795765068,-2.0516674576070537,0.55023872583575,0.20325682752186935,0.14179380709935518,3.863607923367063,-0.7894475794323452,-1.1237195677031409,0.30636821809957304,2.790494855756598,1.2656141019564693,-0.043314846665643,-0.2990500249482442,0.26528546215702775,0.7598984789135343,-0.6189521945050291,2.6974735084336565,0.2598976728336089,-0.6143035829065058,-0.9107103650080717,0.6837603463968556,-1.037726694332597,-2.1795274528706,1.0921133254950366,-0.407475623107012,1.1554349736232261,-0.8890678657431206,-0.25968446951309954,0.3239740820734305,0.8187505598365119,-1.4114232950798056,-0.25086829657990917,0.744144136106728,0.6373323727963509,-0.09090429282351264,-1.8949847214062898,0.2042567847830412,-1.2960412303551605,-0.07604256140352206,,-0.4146408665928525,0.05116195023830983,1.45561594741066,-0.9706693955597201,-0.8666329904301495,-0.5563230230687499,-1.0868689305604362,-0.3291498841012319,0.9941666877431699,-2.2858483136805052,-0.9935937997392008,2.332479479959071,-0.41502772593003945,-0.3376662977660594,1.2645404067312738,0.6979411831912863,-0.7982641086837883,-0.7295364279981897,-1.2390092398415042,-1.5029945107521647,-1.1680158143875796,-0.5867000020333912,-1.1868635830459495,0.030341980999382123,0.6786348071578407,-0.4576654794112178,0.05310458134248908,-1.7359784036604764,-2.157728919415902,-1.7014266025401459,-1.5645927894724077,-0.22837014750128892,1.265934782517819,-0.4625790714864464,0.8580608357774189,0.9292779229849613,1.545983405223783,2.7573939545716852,1.3936987319410843,-2.751584283983166,-0.6100934995244778,-1.7919205173405284,-2.190466433131111,-1.1470224952046637,1.0482633206193581,-0.6110997350924907,,-1.10104892238726,-1.6741926865806889,0.11176515362951722,-0.4504693554930661,-1.8337038281847295,1.4197463365697383,0.6687123355933133,-1.7091709710898795,0.894117647058823,0.4489713929610062,-0.022303858024874668,0.33270543124428453,0.3671894199350101,0.18346407774105788,-1.8357537698342141,-1.122843141376717,-0.5504973867670793,1.2306709736056742,-0.9801707121663394,1.1178846108369278,0.062234937413485625,-0.9178085121434032,-0.24642905105960455,0.34035441028335,-0.025829537452670692,1.1260586551961271,1.0121250461881948,-3.2710077620043188,1.1323147699239922,-1.8471093843925646,-2.227113347602483,-0.3989371317833612,-1.3558714105489922,-0.20812435895897208,0.19553772514673273,1.075531651246231,1.7209863166674388,0.5029883913284072,1.2529489643706482,-0.6464039924480525,2.518089167297788,-2.220688410983118,-0.12453936740434157,-2.862489077191821,0.5885623543683272,-2.0859812274469647,-1.1785828627797645,-1.4716470736593101,0.7908301335433299,0.7907859356429903,0.029669249404373765,-1.206177018901422,-2.913196091178616,2.5549652404580847,-0.3576963656827359,-0.4118243208200423,-0.2744178868846592,0.07549688804864285,-0.8123942994455846,0.6986416075403179,-0.7051727585854817,-0.3550048985460852,-0.07358694275600985,0.6467896010723173,-1.6526868390913996,,1.4031790176562087,-0.18856730330768512,-2.180552708854311,-0.4631505607244124,-0.2850284151671101,0.27994862009268484,2.6389789976369427,3.288947554460808,2.9711180646786906,-1.2110656387452012,0.26081092251897253,0.20114988647741416,0.3684079839196164,-1.5509598608118957,-2.0952380952380945,-1.456809517689861,-0.14582044043912612,-0.9005511320054227,-1.733533294758094,,-0.7892417915022376
1.3551285807702262,0.6438984535541259,-1.7398109233888737,4.034479633353838,0.4684789820301516,-0.1614747707721076,-0.2342284450632781,0.9946731854673985,1.0705541387650896,-0.9188342116239867,0.878220124823681,-0.5094193227434207,0.9659730264146349,0.2967691141146256,1.1362163610201703,0.12460410210333173,0.3694029834291568,1.0648481141604327,-0.5592613002934677,1.7473242791756327,-0.34309676666895994,1.6977946912071662,1.2994553142041232,-0.10201070597206652,2.2990991564884267,1.1362440350174863,-0.5679678865674664,0.9684403137073749,0.39901980851155816,1.081803871210485,1.0248841236244255,6.142440135202598,0.3796138842543817,-1.3222556401422558,1.5861125951643018,2.1435256984928985,0.632811288482027,0.4820998752819383,1.5388610559602833,0.6823587217649196,0.8203209782463805,2.4122811601230643,1.2001995282719724,1.064866612572879,1.2680750458011536,0.2439957865203679,0.3169183800409314,0.7767492918871133,0.3648789296960997,-1.0521324242799057,0.6286820635580836,-1.6133709440048216,1.8695454837486247,2.3319002921349252,1.625401031855489,0.09554502393349651,0.4816697886004917,-0.9735566525557293,-0.034516494551950494,1.3238804270948146,1.0312325469897132,0.14742569133767702,0.4756241949868789,2.2950465728284852,1.9467389877162455,,1.8329160281478574,2.574306343660804,0.6376516602101479,0.9031652800469692,0.9320145347943898,2.0491541469136454,0.7298086605434406,2.0505380822896546,-0.4448620125827585,0.6303900787138605,0.3199376364301676,1.291168707406487,3.549173923182436,-0.3049293115064189,-0.5215685044690166,2.374288720000073,-1.9451107313168903,-1.3981083808997319,0.795904477465692,0.6518546564650229,-0.818184178206649,1.5245881335384182,-0.7810018072086478,1.0083347742099846,0.29958356406645237,0.22989032416267374,-0.7077140682252514,0.5727081989036931,-0.9835552368987366,0.4868066359546841,2.20552213544003,0.52233183696897,0.9176823961699387,0.0457099401685257,0.3184964670532864,0.6629283087180138,-0.710956496202042,0.40016083111229506,0.08543224480346279,-1.0120118932905875,3.4528087886165126,1.4025039265282535,-0.5748488374812899,0.7779454896405635,0.6031404105775184,5.300912483147169,,0.6023163391581043,-0.4830338827505831,-0.7385984676164803,0.3160359195604201,2.2357115183817333,0.9057951091442584,0.7977384914393149,0.36666870117187944,2.6119402985074647,0.23661649057991063,0.08178438988859504,-2.3685456444507036,0.8800123671727444,1.3505254412392587,0.08274606582803212,2.2371998496936607,-0.5655862198612915,-1.4292774819383736,-0.48368987378544226,-0.4522582394393848,7.268339306319915,1.711014181858772,-0.08823010221099548,-1.3885982915073702,0.4692877562112896,-1.8744221488190438,0.3958375897124,-0.516955865166302,-1.158694774743474,1.8383550754896394,0.08825698165906282,2.076204993977049,2.2116621441247153,1.2441618983475955,-2.9639579023358897,1.0282132155558177,-0.37008924535257837,-0.10947954024129736,2.1036439436940446,0.32530823070480164,0.1698413927853082,0.8537837259602776,-0.733514411354752,0.658968204867727,-3.5762937913776827,-0.22084468983850636,0.23933552836692407,1.2257472498313993,0.1961505088136306,0.014353319528148667,0.3424114990466576,0.28174943041163747,0.8238612505453213,0.361061814280661,1.3606570281824215,-0.20376368693447722,-0.7996010510093909,-1.2177365781137817,1.1428542364211314,-0.2445559799755248,0.518437236146907,-0.15173847052563083,1.1978571828847429,1.9278773758268697,2.969042277582634,,0.5650355276170638,0.13697031030053264,1.21433625032481,-0.23929623065146455,-0.7378645835312114,-1.3242080771334708,0.9462693516879117,3.4811884399275295,0.421142735878699,-0.3578838622101177,1.023747404340547,1.104132519471679,4.228802487411354,3.9759895828485714,-0.5447486649845956,0.8447721378064488,1.3351891583260223,1.2495074272726336,-0.3528210397472642,,-0.8435704482238515
4.57615208900648,0.5841452343330333,0.7262795014830958,0.510640872837409,8.124549339346189,1.5633412888247156,4.256517493206524,-0.34502296282500344,6.241993514450717,2.3509299278527296,1.770170050920794,0.8378602654721679,-1.2200498214345545,1.0191733927046753,-1.0588859946907059,-1.7988441101543406,1.3362707212250413,0.7587589549085783,0.4486582513113513,2.119709781922441,0.11766031417292933,0.1379127373182243,-0.47216163779989495,-1.9503758925571102,-0.4367045590048635,-0.45911444423811787,0.4550361962351035,0.24304416592457745,0.22143261483955623,-0.4506256119586549,2.062332718104032,-0.5238266549556614,0.3781782670454481,-0.6201549338243573,0.3903337357638925,0.3096856668390213,-1.147616424013287,-1.4016188132567553,-0.45594481744176685,-1.0235234247473413,-0.5643026945247209,-1.8501099762699535,2.3719311500698614,0.6723986264012716,-1.4850216484812218,0.30832373102005484,0.225657122739098,1.6828281046328053,-4.409034540466439,0.5553991445457873,2.2808436068758153,1.8645923655560281,0.5102497529162697,1.7699066624655257,-1.980717260401288,-0.007955785177893304,0.01775410563693569,-0.2949333559309708,-0.14501660696029095,-0.6339427442442869,6.43950398804598,-1.8872197304768301,0.23669153687977396,2.270983237194879,3.3277294909190847,,1.2888199643087184,1.5069216461904178,-0.03959575476376598,-10.817364730836875,-0.9878320662271567,-1.4598051977781523,-1.6525562079735434,1.4975895853765575,-1.331053014032102,1.786324471172751,0.9682472469541903,-0.48127199861155434,2.5143964464466206,2.761259215224632,0.7662873517484625,-1.498135244099319,-0.5978251314707861,-1.8269323693550055,-0.2944341770730108,0.6476217678040186,1.5123725116506836,-1.3402257551621055,0.46686049816861974,-0.9682481103571616,0.03394356506087881,1.4621511064098147,-0.47220676343907586,2.1329978491013035,8.994254449009809,1.1244048547407903,-1.5913212237930185,1.599713832277505,-2.3197458754064093,-3.3962799554866474,-1.1122753452151746,2.5427528435049362,0.4628858345931519,-1.2660160111419239,-0.7914429653425592,1.6016998519281511,4.492480138776123,-1.1749646789049217,-0.2047714023168834,-1.3868813360906174,0.7331288162117477,-1.0793679611825868,,-1.3323759615809228,-0.4368367925563055,-0.1557488396764617,-1.8794941513972985,1.039165528510022,-1.9911909152468321,-3.0055809923075882,3.6311288750237036,1.5909090909090873,1.3114821328199744,-0.9211764104155917,-1.2979150764383163,-1.4604292117725182,1.7804650691757518,-3.6378685622213025,-0.6453949682360904,0.0,0.3833312988281268,0.13563367868409948,2.3220548727913126,1.1522604188546115,0.5626741722064788,0.1942733243063488,0.9889296278351223,-0.39852795847349354,2.465010989331118,0.16018344840220688,1.1915349828095723,-0.27660979932908614,0.8545270628230739,-4.814350330497175,0.6371960794293585,0.13281817454691147,0.7955634156459501,1.037017814959884,0.37869966947114975,-0.16982665189878565,0.12525250942212462,0.19962584313817366,0.4907526164677378,0.0,2.8608728296670494,0.6502548387833373,0.9488800598795422,-1.4019631251354192,5.259728588118984,0.8822293200311693,5.661585085945275,0.7635146977844398,-0.07174455415498437,3.294193495649833,2.1606750936368213,1.2300112768847349,-0.7689835872451201,0.6683412460083638,0.27625267719464386,-1.4633427760474382,0.6763723316797421,2.768363960348408,-2.4515682361247904,0.30379044055348636,0.7664788683558577,-2.7580911584488055,3.204898861855643,-6.196913144571514,,0.0,0.4811093192673255,-1.396874513059998,-2.5453165637804975,-0.5602979740650604,-1.235580019909821,2.214001623723072,1.0021633402949925,4.824616880960697,-0.06877468970860612,1.2791797198588029,1.3951299202066503,2.1863535747507212,2.0305150926970272,-1.2780370303832944,-0.1047144364618724,1.6744455188609786,-0.4926593426712089,1.112793668490264,,0.14000177099180444
-0.15157411381154784,-1.6108999567429727,-4.665624321879502,1.2509600177005087,-0.5006926180963989,1.7339055831085526,1.2677821311332105,0.9001639376519988,-0.6816606827305338,-1.176280933920415,-0.2708902691655468,-2.7542655172604014,-1.892657439800105,-2.278149437510968,1.5531217281620657,-0.35713868976542384,-4.659993033449073,-1.6192603991950327,-0.9247586865385515,0.9991608309920519,-1.6018023092086775,-0.724848919336929,-1.0345180734438242,-0.5363452717014106,-1.7544801307372015,-2.729392047885981,0.004811989839748065,-1.9180008598037257,-1.484261664615627,-2.2739226982599225,-1.3471135268811718,-3.0717202153731304,3.1227430213756513,0.2785793623935051,-1.529003038757315,1.1868983918698062,-1.4631062954251095,0.6670295794165559,0.5935164378026769,0.05590764095289025,-1.3329832265282726,-1.0123036332133517,1.6315900534201067,-3.0021329848144873,-1.417986702401497,5.629702244619317,1.4634688760462478,0.6127265107560342,-1.229977085480749,1.5059239929351875,-2.065162149748345,-0.6696320400893185,-2.9231228083207883,0.0,-2.8744365592529686,1.4795973646782867,-3.554628561285167,9.367297618069447,-1.9018001731998746,-0.886598711231501,-2.0589432116020046,0.7347863523006204,-0.35419894638983873,-1.1424613038620302,-0.6982834321070164,,0.29835520354986045,-2.2486573770952756,-1.4982314652245754,-0.5990823288411273,-2.1038193856380283,-1.9440008128864261,-0.8939618056164722,-6.554459892715414,-3.0256312863308543,0.13942757052767263,-1.0930262525762457,-1.4769281357712272,-0.1013231985147578,-2.0917759114695733,2.2913774183124236,-1.4331596895618803,-1.0442841463162211,-0.8795498174725691,-1.0335525410287372,-0.8043126744960216,0.0,-0.06546857128901795,-1.1238959192309772,-3.069577334056217,-1.275784386076495,-0.7064142534942364,-1.2890542233258473,-0.718202739011764,-2.0861464858991763,-2.0877683588057083,-0.8452669843594385,-1.1205561291578237,-3.2915374722161883,-2.2071616407382866,-1.8293844756460675,0.1516455784989379,-1.2526917021363992,-0.5065756197485727,-1.8848712953710378,4.255591886098076,-0.05069488549553913,-0.31252396640150115,-0.3379586955906788,-1.7115615949232832,-0.6529785896128071,-2.414806327699115,,0.8206676308356586,-1.0786082066099212,1.451533487783685,-1.7695609700159154,-3.1984631117680906,-1.0657751084611977,-3.238402590659406,-0.11217108882486393,2.590599657438486,0.828476806737033,-1.3271363914678869,-1.9663266265171342,0.13925554691327502,-0.37352504012585497,-2.3166026903086445,-0.7109203126448471,-1.4159439351566494,-1.411256877348921,-1.4448570179581455,-0.7770088662824914,1.0531568915184142,-1.4940028013699425,0.9166247697732999,0.8834473435836987,-0.2237211660558458,8.183108699946384,2.767868043332622,0.40231888137063354,0.29058548245513016,-0.6036914957114115,-0.15965569767347754,-1.3378683154619653,-1.3319318702751604,-1.1909878086988845,-0.92684461334549,-0.9313869724555279,-0.10631311762059337,-0.18764850774530828,-1.5154817042310142,-1.7092528350439729,-1.7999127280727278,-0.06506729645383569,-1.3728767947403075,-0.8233786525141951,-3.008280548243869,-2.325286203191812,1.9897273564452256,-3.4456576641541448,-1.029731794469102,-3.3746676831801548,0.5228519494291151,3.1102686474685726,-2.3621419827520973,-0.8202785157899073,0.12483755662302531,0.6168326804339763,-0.7690621627123417,-0.38196841081012955,-1.5393075999367456,-4.0347461726436435,-0.3028703493847984,3.6524544024772343,-0.6578677186015902,0.4921204945269819,-2.9570237031988467,,-1.3186585366197212,-0.9951653018773099,-2.0511033431539927,-2.810062940689939,0.04264732793266557,1.5325914187529266,4.802706939559109,-4.128985911658278,2.0632258891993827,-1.8046977674596065,-0.21324174693471143,-7.389847089136858,-0.7538800859129502,-2.1618380396254078,-2.826951705952774,0.41928681355316577,-2.436554373830202,-0.6078430185847306,0.2001046322428479,,1.769002003244946
-3.260506644830996,-0.7308017760035201,-0.9095864448067426,0.8899397934270858,3.7245143193296526,-0.5391335929460617,1.783142443579866,-1.1104900339549695,-0.5976276137213743,0.828372392811616,-2.6161526508890254,-2.231012389858922,-5.171638023262181,0.17762479169805,-0.623316300557164,-1.988673624252868,-0.4278367857233456,-1.4396675711326967,-0.7429051725362679,-1.5048052959839353,-1.718574536758144,-0.27015149337930033,-0.49090359157872854,0.267005696501732,0.3484478296871929,-1.221690242923834,-1.1275426569519298,-1.7656927304032122,0.44279148211858743,-0.799746266476975,-2.2670005982860286,0.7631709405922615,-1.6089386375639614,-1.222353504723217,-0.9657923971664317,-0.062202398388089275,-0.5487352344859309,-1.4501419710257646,-1.6738331328812306,-2.2765345057904285,-1.845904791557973,1.0402928466420436,-1.7486230117404133,-0.014199019227079113,1.6068353941019797,-0.8346744818584328,1.1871762891390913,4.514057015295125,-5.710297283090082,0.9813080569068822,-0.4454986201925304,1.0643479894962171,-0.9699741701633235,-1.9347812719355595,0.0667597495820127,-0.26652018932903365,-0.469332351723184,-1.0443254312638262,0.26789041015080617,-2.3481467265820344,-1.2815049247555277,0.3589850752321988,-0.8124531576050309,-3.46698634151672,0.39403120152137205,,-4.6414867815640415,-1.2060300956887815,0.15722028659257425,-4.02042868243202,0.9895943541976537,0.06374932238164543,-1.7455968456577486,-1.7218151748681243,-1.4010334235053379,0.6722114161287651,-1.9919639330234773,-0.9020905799341006,-1.6522886083590316,-0.6080046386542692,3.3796246247746575,-1.6172141212207891,-2.0885178941057125,-3.9417168648507195,3.3093648459494585,-0.8845660135011535,-2.3476328125216273,-1.21191068179769,-0.5519400201514313,-0.6411802080036666,-1.3816365012609078,-0.3699518223484355,-1.8409293240866709,-1.0850936761279129,-1.1852856545750634,-0.5678057529919678,-0.6177429928121869,-1.4412734008944716,-3.2513096413865794,-6.932132872095876,-0.7221225272991627,-2.9301716051215676,1.716970799010209,-0.1034229994818614,0.1195692077219146,-1.1783167622159252,-0.182614024630412,-3.278139347580322,-1.8287557706015423,0.12148874219453099,-0.7086074730657255,-0.879854486657583,,-0.9817226787279032,-0.07392932353591508,-1.9347282844835778,-1.8348673989857844,-1.844710106409797,-0.892111028299114,-0.305148754857576,-0.33687484226967435,-1.1121287926234569,0.5648957897508522,-0.8510590775025362,-0.507708127239892,-0.7300673597188778,-0.4974431451393979,-4.444440529961325,-1.906550912720173,-0.9820729495631397,0.7409943591303314,2.267785376588538,-0.09943912902035112,0.7656916969787542,-1.2121500884854308,-0.5065544828056767,-0.042199133156517465,-1.052138564826699,1.7915006668937528,1.5501497238952,0.37789407088728577,-0.7902096267848657,-0.9732618289905348,-6.2761611105065285,-0.8556556487990807,-0.5265235062438256,-0.5563014999796612,0.8727328822184521,-0.8568383091307585,-0.09578231090532352,-0.8616638109327224,-0.7946855081041648,0.33714164985625406,-0.650821341029495,-1.227168645482879,-1.1612322406057696,-1.5061347709726447,-3.238332255482934,-1.4182710892357675,-1.9194392568502305,-1.1947825194721928,-2.0416118268931194,0.19815296839933438,-1.4361907211909997,-4.388136420515876,-1.6882754647114973,0.6260037899565418,1.1391384530398119,-3.5533599147165695,-2.251041721955749,-0.36167651714887894,0.33500894604379106,-0.7059507209827731,-2.0418350024979492,-3.8021088018964533,-4.952819973363032,-0.8780822837581304,-0.9566581034751831,,1.0922673392498305,-0.39826757996160866,1.002667731838458,-4.431930857286548,-1.0434247892341486,-0.7233896619891378,-2.1588968991684943,1.0796472437477833,-3.8259756584144267,-1.6587419798899994,-1.3890005934583893,-1.5079825810437208,0.6944928943557693,1.2803331822982766,-1.991566593954397,-0.6262992319437499,1.2798305859661685,-1.6768568019276509,-0.94857976806908,,-2.002423717860291
1.3918235308770122,1.9183208168144228,-0.8381166788787753,-2.125465883376798,1.6891602734541156,1.4950209388989055,-0.49361526260131017,2.7379999587027415,2.418980414709382,1.3958686923045027,0.5725136977421164,3.447155238482469,2.0821376986217555,2.0611674785494527,1.1962513495917815,1.108876697977168,-0.35313921774470236,0.004013311510164819,-1.8039947206335283,0.20511403618592716,1.4313063498649692,-3.0529397191442875,2.5710966996947304,0.8980800826164925,0.02712837639500254,0.08470865005929529,0.7212829944374777,-0.0898648856179518,4.122056231133464,-0.05107307472091982,0.047472617480037727,2.3748354406214034,-0.6498125840682545,-1.9912274441257316,2.4299525238940634,3.3166283229100646,1.4767892576542208,0.3086247977385215,-2.204537333799017,3.4729111965982717,1.4581671129276996,-0.22685753030043943,-0.3462353807402785,-0.2342891111516976,-0.47825629884010734,1.7142846268900946,-0.7675434952730154,0.8770407932055413,4.474751622903694,-1.3954795350411442,2.2673108180687906,0.022941579052515593,0.919857820344272,0.19951570464904478,2.8908160211512435,1.8156050845451244,4.035874439461873,1.321079046307072,0.8788547504037458,0.9655607791879683,2.785890740714736,2.4354022939918396,0.35835910845511965,2.0009048242611405,0.07850062335208463,,-0.0596458485300988,3.323157158744028,1.4200656431353709,2.0777898784893223,0.7678252443426459,0.6306917078756191,1.547093917915765,2.8661433388617708,1.642644116576486,1.282973259012632,1.043172650573343,1.9812513048566016,0.042970821381693725,6.711981663911537,1.679525160839801,-0.9123856385237494,-0.0902840667118876,1.0501676073075616,1.7986120250959692,4.521781984393636,1.0633509421390297,0.746014153397323,0.30222959063086474,1.967420021575883,1.9446553845965608,0.8854652617916514,0.7206140596712318,1.5877613115393485,1.5527269260642074,0.16402665175858644,0.024855752784058716,6.156024791593184,1.6193733797470689,1.3597868773237654,0.8423447819780217,5.294049424389069,1.9639501298904127,2.1501971168013556,1.7675128228096026,3.218976587048794,-1.3924163005226364,3.621766753655087,2.0602038872453488,1.6044175496817248,-0.7791761063857483,0.4345867746994747,,0.9790017223542336,1.0418607373678945,1.2368689505602548,0.04541285186077104,4.609251083123778,7.914406818285391,2.106374254523602,-7.661765428257983,0.057336547769160084,0.4723617681367198,1.3335349213428715,0.9890978824996566,1.045620828036653,0.13430805755272335,4.095036215695447,0.008588774241458097,3.1862064439077464,4.931460949183397,1.2655361651155106,2.0778912471547173,-0.28143044091660796,2.151746032160484,0.38623811469937763,0.5277601721714431,-1.333501292837791,4.592685437158894,-1.9862057017564716,0.07789776546489602,0.10620049006753174,0.7668217469047001,1.4787354372086003,2.358747283172846,1.3401614072090062,0.35860135331513554,0.40457696895905837,0.8282348597129063,1.1824853361058096,1.422250343491549,2.3230480164413203,0.6985656708797805,1.0828791629452938,0.8271905826198855,2.861873765675349,0.059678415835806575,2.628752295676118,3.2883896695649506,0.5854970014957273,1.7740694167344806,0.701397237734791,-3.6240420880386814,1.2365825775827899,1.3482980535090228,4.21350670731826,0.9762993059082348,3.216401444822403,6.979763313412812,-1.783419041380907,0.7751051594830694,5.601930006142708,1.8462286390073412,4.190405695579025,3.5578022055646974,2.115234019795831,-1.149924628110821,-0.10254884435477729,,4.183908880075804,1.523296667321028,4.155309398074647,2.7677547358700094,0.721084017679785,2.4919842448910323,4.295381732345893,-0.8493681926880048,0.8656999889164796,1.282862380464267,0.10001501637182386,-0.5084753885877036,-0.02155487443291637,5.790601997092137,2.989109845077631,1.7857049836693228,3.4836096768608327,2.854132154983602,0.5040341769185108,,1.3208983932420315
-1.9177685846689108,-0.03473185100897336,-0.5886175710261066,-1.9367169456860567,-0.02438345482267401,3.902136822583757,1.646743173462939,0.5588013986633111,2.4306365409679787,2.8712967823835367,-1.2406948332949974,-0.5319091796467057,1.3940921883551338,-0.3691691297033617,-0.9201306481190774,-1.1433892478009855,-1.0513838571781897,-0.9093699829426205,0.9055455555340597,0.4164625268167743,0.8275787952190417,-2.658197999425438,2.5886931012321535,-1.723247108797643,0.20069953708397037,0.38371005062636243,-0.8419258502475158,-1.5336829789826978,-1.77049992188959,-2.2482601099667043,-2.2100184640890252,-2.520376600585028,0.388119180208335,0.03443149794555289,-0.3313839390113871,1.7585725614619463,-1.5672457995015043,1.3021307656084558,0.6802716609060289,0.22099373835600122,0.2552047574281957,-0.9707039326958267,1.328785148880618,-2.4338106694401063,-1.5569902710701577,-0.8123318789187706,3.2044183565020035,0.9706381399314123,-0.12474674045467316,-0.7379754070500288,-0.7195696905028193,0.4738917821659472,-0.7679986480770284,-0.4092959596548873,0.5835274731406326,-0.6870409873418137,1.0487024528972544,1.5061861314742186,-1.428766947109683,1.413027692582003,1.1068564774766365,0.3417596871401196,-1.1732626415446479,-0.15428966017126955,-0.03620901133931653,,0.2524740337579656,-0.19691275897257832,0.17277601784246865,-2.621717130541268,0.15238586991745962,-0.9179512571661053,-1.1970476468628921,-0.14912871681999063,0.49573864990062333,1.1772509931383235,0.7215389683258522,-0.22315433471060686,-1.6664564066337983,-1.8949119172553597,0.06048896603911835,-1.6817531622625004,0.07343031117426069,0.1828450941831372,-0.9027657587975857,-2.22000422281341,0.0,0.19747225200184015,-1.813404935166163,0.7100481181969487,-0.5948244003890713,-0.9909356657564872,-0.229315732156532,-0.40731297377929465,0.03623409547668377,0.9522028256522264,2.8958532771451218,-1.621954700588668,0.3696595245728185,-1.555162902773255,-2.604584054232917,1.2373745540342318,0.15113843346648004,-0.08575913150502545,-0.9935806454791751,-1.115751339883897,-0.5565881436372488,-0.11560082040588116,-0.2417502755361456,0.30520776828775187,-0.698431574210967,1.2704793198033748,,-0.3922473241102509,-0.2196406034868592,-0.937835919020491,-1.5771020430295657,0.3922912099384446,-1.5895475294227412,-0.46093275983132287,0.9413103194273464,-0.189538013870183,-0.7814492153837893,-2.4958402662229595,0.4865906942061793,-0.5050184578255235,-0.02608017439271748,0.23843334834932062,0.06296728894410464,2.583196368974594,1.3700773329125004,0.5308597286595163,-0.8166762564172814,1.6016301893114981,-0.7543629212047209,5.386496755946157,4.409911688719181,-0.25617457612094885,2.243590397157069,0.2645835486507764,0.4540155052902062,-0.5304286632066058,-0.5680580911633593,-0.2906095966768385,-0.7788434793599142,-2.1003460456393896,-0.4788107316374579,2.337121501048234,-0.9761919294084875,1.3687096188766734,-0.5920828708701253,-0.17792979832216282,-2.186510752232995,-0.5951583735902766,0.8759563903892875,1.6913139279922884,-3.466527445480827,-0.3910970304315753,1.7161945351146457,0.9807877899424389,-2.118347742647053,-0.9353229131277785,-2.195663475523568,-0.7442923219865394,0.29490927535873457,1.724287996525975,-1.8482721312886308,0.7763343964506841,0.7960766217217641,-2.0449231863627793,-1.6385008956660618,0.6850507422410557,-1.596019640654367,11.054976727520827,1.5177535510856988,-0.1184876037325644,-1.1029753007490095,-1.3631899264879732,,1.8976078533218033,0.8346230898732987,-3.879888344956839,0.8595367002632415,-0.5583290890293635,-0.8744453629618953,-0.9929439823991415,-0.16195174621252972,0.22041246719284313,0.9382275621752534,-1.6069883807433571,-3.1913695020687527,-1.2359820017330714,-0.05783123440686877,-0.430978075021049,2.683181012806113,-0.25742777206686496,-1.6922697588273583,0.15044522815150785,,-3.01708478627829
-0.3224529264670539,-0.18758986139539857,-0.47570973755377555,-0.5035153489003852,-1.2051919151684243,0.5596057984114999,-0.41200868394144496,1.4350262921722923,-1.8222553002001818,0.4741179750970659,3.0003029205765364,2.3120496671409807,-1.374924473671879,-0.9154267526244153,-0.5675208725824943,0.11802315169266997,-1.0685399504875126,-0.6212968935155327,0.25178661301616945,-1.8135756502586808,1.078250177206641,0.5740876215756696,0.2647453714282877,0.5055039651347126,0.6874847745678592,-0.8319333173226862,0.5758113125911901,0.4841609236948097,10.999170959404925,0.1568233139288111,-0.7209657823900484,2.4054593517283784,-0.18615133363153458,0.41307783875474957,0.686089077720875,-2.8784118164326467,-1.2510174178767208,2.402645897076283,1.159248728341744,-0.15159975172709395,-2.6125482683856616,0.8300938319291129,-0.6737291312381433,-0.029190427241398975,1.0999784043664418,0.8495976562927332,2.762315326636733,4.611941163490774,0.2581380686354384,0.3434921476965114,0.8031320585260682,0.5705535954174445,1.1141395701461665,1.2995683717260897,0.19338072803769535,1.577922109103591,-0.395778364116095,-1.8307957029656596,1.6686661067211173,-0.19645688082651214,2.02104919587196,-0.8366885234195931,-2.0130854081576777,0.3145668417149583,-0.012064832541969217,,-0.17857084358795516,2.066207957515398,0.7258332558208958,0.3511738169652334,1.0035530320080088,-0.4536462160496746,0.7201485384204398,-1.548499055608632,0.9175265341357042,-0.6609142165031723,0.23494323980044474,0.14472288354181462,1.0875688839586894,-0.49504386183036875,0.767261070871883,-0.8513964114992723,-0.06773315378123534,0.7299866952121148,-0.11712173630888945,2.0957666384767704,-0.5947029772848222,3.8758331367479526,-2.293268266920878,-1.1954977967731706,-0.8253718429916179,0.5719100407802769,1.1492139892562037,-0.057064446397225854,-0.6084725239561828,0.6608627958447411,-0.012078935499248988,3.1844640140489044,-1.2890645949226953,1.3366931887263345,-2.1879999362499736,-3.529000846159802,-4.141215047463498,-0.1482530690234185,-2.955352229247965,-0.039869062631869845,0.6218891269228699,0.7624740288517007,-0.060584030945776135,1.0715729212239955,-0.12595739759393432,2.209098181751501,,1.446370519301432,-0.6420457705313187,0.3778208008724526,0.23439915218863572,3.3752409764052693,2.4148439521061382,2.07895309938817,-0.2532825456564747,-0.3356232928538261,-0.19850480651748548,2.831215937636178,-0.02483389632087496,0.1841215713549227,3.219918784000453,-0.8633277505114667,-0.9982809594894171,-1.510888601881688,0.015721612920471806,0.9130933081650028,-1.364143597710743,1.7777785349204267,-0.5846898536172151,0.03319153918597273,-0.8749006429437323,-2.2096331490702115,1.233022804209205,1.0135554855830842,-0.2098416185797758,-1.7597624687604174,0.5281848123009247,0.0478807709640483,0.8641763841955807,1.6118976116994643,-0.25850604518329323,-1.2781701584678062,1.2863684015458787,-3.458659095239658,0.4231994054907817,2.217311922668963,-0.18853134798856308,-3.2597107875270592,-2.051010120847896,2.6279801764230504,0.5791952937365785,0.43686900018995445,-1.4549428991014302,0.4264064299458914,-1.581215932054203,-1.3459195330904228,0.37765131019891207,-1.3194710782326813,0.47700038092095554,0.1503019686460494,-0.40318209354972545,0.2855135297935574,1.7970553777104215,1.2372690870610992,0.9747014007630561,-0.8897388769163794,1.6590864046512,-0.2992021738918771,0.22519362220840833,1.2271440290016145,1.7687630543118393,0.40661906055718955,,-2.230397077053492,0.38595840229327383,0.4212019902112063,3.6716148793976444,0.5161909979892298,1.161868716730119,-3.0315175610324374,-0.6017927822628555,-1.1962654858612698,-0.2168890277236657,0.13539591161015885,-1.8594620375959825,-0.8003460472089885,0.877453396566974,4.63952229938005,3.4170870261855946,-2.4022207158494235,-0.4464775837889068,1.5022591623654158,,-0.04938550011683862
-0.06786076484230907,-1.009330545177456,-3.132308367266412,-0.1670528706186114,-5.352044784219645,-0.7213821524167496,-1.4179003632493803,-0.22876438965204748,1.17202085850312,-3.386856765948454,-0.8466098733492133,-1.3066964852243124,1.0479032461357507,-2.287721056541947,-0.9404569809115859,-3.7133068707548733,-2.196344900031899,-0.11442032135496882,-1.487634956626327,-0.5226266160464066,-0.16327774980300358,-2.167542646598053,0.1320231605074884,4.720491119518355,0.7526928440297231,-0.9636077663136344,-0.37359522831176273,-1.7773494465369133,0.7160836099660672,-1.7856465450773573,-2.33223762931829,-1.5575903584448492,-2.151926011431937,-1.4284058051989734,-1.3733147881734076,2.2960861791718967,-1.1352358534854945,-0.06885072577385021,-0.635185786811876,-0.717736098654953,-0.9629910427790711,0.29777840924800625,-1.4837694237219479,-1.7583541314042495,0.6180364566979124,-0.6071656147150883,0.32298508562993433,-2.2775974349957373,-0.6727534887965736,-1.7022221022683914,-1.117368117179307,-0.4084729008819399,-1.253266161449762,-3.1798252601444754,0.1608406647295446,-0.4820931729642708,-1.3995584988962473,-0.518878717954141,-1.1196853036113952,-1.832172255715725,-0.7979090049296644,-1.1536293699752398,0.7726166880257734,-1.0617773711975809,-1.466864590638739,,-2.105412415787289,-1.4551946198319232,-0.3103549468476574,-0.09165003454857379,-2.7009470666241597,-0.9370971627915337,-1.2617704563542054,-0.9500970117406249,-0.3030615082919019,-2.736120681636278,-0.2941515758730473,-1.5896005417663228,-2.743691104606416,-1.013200848703466,1.9243186657082134,-1.3739184115041936,-0.41794089781997945,-2.0024788468117727,-1.1335540672078537,-0.7270143913966409,-0.8743629278656129,-0.4268813946959771,-2.7068736144432615,-1.3650824203936485,-1.3454396135533897,-0.48336132441263446,-1.9178309873094324,-0.827943216046767,-1.537789160488623,-0.9131595054786334,-0.9543358785809364,0.25170822318896224,-1.895833730778551,1.224846529662038,-1.1484025679376342,0.1338291474112907,-0.4246952850272767,-1.187775886845699,-0.40713511584435924,-1.7310855408646408,-1.4009032891247108,2.5673986859350073,0.08487054042087827,0.3403062612302721,-1.9935549465007862,-1.3252661236669128,,-2.004346827010084,-1.7908785420724604,-0.2682421812080005,-0.5482045580664785,-1.6215602811749608,-2.966892668019494,-1.7384200224188517,-3.3067842612563902,-0.4475406521501357,-0.5517733853409701,0.429956783342611,-1.5337849520447255,-1.3461134405608477,-1.317835850998672,1.155191383184495,-1.0661392459976105,-1.0583923510009585,-0.502830308653357,-1.4826126246388793,-0.5357572793133425,-0.47762290253287043,-1.805568418394654,-0.6138042936228438,-0.41595176730429007,-0.7607229410611094,0.39739877275677404,-1.0746361771374002,-1.1743390047910363,-0.1628353187505427,-1.4690087539074526,-0.12068458552894068,-1.199487915802544,-1.4131736657598593,-0.9575262001917051,-0.46634660539985884,-0.9614214345326388,-3.518023651442803,-0.6243171412188886,-1.3461603875089545,-1.6369822834324532,-2.54435089657864,-1.5381996490931749,0.3788478427852793,-1.1210054754495213,0.15417073578920526,-2.0099194637144158,-0.9828607608472817,-1.6471961015749104,-1.4660953975600077,-2.0379375026340907,0.8313885439160451,0.40319633977790037,1.2589555384755036,-1.6974963167004198,-0.8272499541400302,1.6641411538494966,-2.0815485238019904,-1.218883053237485,-2.165110917977564,-1.7164242571877542,1.1566100554875502,-1.3543840344997227,-0.032323788850752155,-2.0034312917449615,-0.4459548502539823,,-1.5393195154397188,-2.093761393526694,1.599089712608781,0.9384870906548493,-1.2297842253071067,-1.0965294642431789,2.0156332217839967,-1.9795226697933765,-0.5800830650807165,-0.34931905746428127,-2.087386097331012,-0.8188347100136051,-2.7724879391830437,-1.7030226266437132,-64.89788051152765,-0.6802691456143872,-3.010579698460447,-0.014950100578647874,-1.677356412972686,,-2.080467381316131
0.0,0.0,0.0,0.0,0.0,0.0,0.0,0.0,0.0,0.0,0.0,0.0,0.0,0.0,0.0,0.0,0.0,0.0,0.0,0.0,0.0,0.0,0.0,0.0,0.0,0.0,0.0,,0.0,0.0,0.0,0.0,0.0,0.0,0.0,0.0,0.0,0.0,0.0,0.0,,0.0,0.0,0.0,0.0,0.0,0.0,0.0,0.0,0.0,0.0,0.0,0.0,0.0,0.0,,0.0,0.0,0.0,0.0,0.0,0.0,0.0,0.0,0.0,,0.0,0.0,0.0,0.0,0.0,0.0,0.0,0.0,0.0,0.0,0.0,0.0,0.0,0.0,0.0,0.0,0.0,0.0,0.0,0.0,0.0,0.0,0.0,0.0,0.0,0.0,0.0,0.0,0.0,0.0,0.0,0.0,0.0,0.0,,0.0,0.0,0.0,0.0,0.0,0.0,0.0,0.0,0.0,0.0,0.0,,0.0,0.0,0.0,0.0,0.0,0.0,0.0,0.0,,0.0,0.0,0.0,0.0,0.0,0.0,0.0,0.0,0.0,0.0,0.0,0.0,,0.0,0.0,0.0,0.0,0.0,0.0,,0.0,0.0,0.0,,0.0,0.0,0.0,0.0,0.0,0.0,0.0,0.0,0.0,0.0,0.0,0.0,0.0,0.0,0.0,0.0,0.0,0.0,0.0,0.0,0.0,0.0,0.0,0.0,0.0,0.0,0.0,0.0,0.0,0.0,0.0,0.0,,0.0,0.0,0.0,0.0,0.0,0.0,0.0,0.0,0.0,0.0,0.0,0.0,0.0,0.0,0.0,0.0,0.0,0.0,0.0,,0.0
0.08990243361794992,-1.680617928807171,-1.6797900262467191,-0.0935103459125064,4.183276171656725,3.209607077686627,5.178659943241759,5.146925683732029,2.456613386658746,1.3313330694318948,0.1013042267773212,2.6947094068062283,-0.7314771887926952,0.24762747868263268,1.3225923185851807,0.25710273452819177,-0.814357259418208,0.1472717255513567,1.9546303501448037,-0.971572508096441,-4.566168185152286,0.5361442748427647,1.944789194090002,1.380829702756614,1.4087482158556153,1.3278433134680911,1.0616626600048695,,3.5249300440007403,0.6224874673814718,-0.8650874736482961,1.18667632485554,0.6084633807400985,0.5216783321824403,-1.9026328519736735,6.991852755363737,0.4160425858590555,-3.164094237121051,-1.28509654490514,0.26415066128142595,,1.1613695111048816,-1.3585772575954613,0.11140610257742711,4.90114664114234,1.9395248506119955,-0.3115586765950362,-0.8134288327764194,-3.70433227645377,3.6589917109346892,1.4738996104295632,0.42914446701387554,3.4412352962295056,0.9399801467476987,0.06423687365126884,,2.162718846549949,-2.698621883898311,3.0946638581100583,-1.1259853542918696,-0.4160346231160683,0.033991665875188204,0.7666824177836595,0.7284238994717418,0.7657906222618971,,0.5060427815152035,3.520055758600771,2.200745351412814,0.11675530697761172,1.5114602738252048,0.9978036340457797,0.24704590664208492,1.2896995309212622,-0.6373785111082886,0.452786899703006,5.086665466832474,-0.18688425992958724,2.594519994407718,1.6108692657602397,0.29429729696395235,0.5857209544462894,-0.3629730515963825,4.223031723513859,-1.3310418336769825,-0.07180436513404276,0.7428111654523395,-1.2067216831803784,-2.5239148003497247,1.2345664728292016,0.007023701583808162,-0.3714316231863801,2.90983459591061,0.1919245556029514,0.19244596231677846,0.5360796089294295,-2.3661469550578684,-0.23469909457857208,0.3906072757496215,-1.1338667231728716,,0.20492825328377595,0.797844384106039,0.16607402367310176,3.1313898352534286,2.5855424319515707,-0.4596793856822323,1.2515585286710929,0.13324961670957425,-3.0393927355699013,2.116318897555347,0.41463316901477754,,2.162426717242627,0.5138502592620275,1.8913863890714477,-0.3662011329585102,2.86222910670777,-2.220800106698839,0.2905577376877133,-4.822442067374178,,1.232258616791193,1.997899684952742,1.32433629606159,1.8629456764090113,-4.448988113033958,-0.004382352070020357,1.8544477806638593,0.0961525287876075,1.2002488059732697,-1.4164062961034007,0.2254776174988038,-0.10283654455419677,,-2.219994714565121,-3.198855354510677,1.8251504935949292,0.035982282753610484,0.2760831707511846,-0.23896930550999507,,-0.6964913813754636,-0.2479080272039358,-0.021672100121306048,,-0.8068608509338437,2.8851497257145198,4.769892932459752,-0.033448866286889256,0.21987801979985733,2.8280541715631102,-0.6218032977665433,-0.22579481507684074,-0.33596319029888244,2.2574711776720546,0.13976756402909185,0.060471445076282215,1.1142036394288901,1.3023008905250766,-0.8250110689594581,2.2525268450476865,2.464403812729854,0.6801201202594198,0.12954266401690173,-5.236720478612145,-0.004675632638106997,0.828728642488441,0.8405622735682572,0.504992447952346,-0.06901054100720838,-1.11551408088586,0.0744395124093078,-0.4017327472936927,-0.6896539899126974,-1.7219717952895564,1.3803996542440133,1.1816303904620407,,-0.7085780612191339,0.41635597341547204,1.6685296970164742,-0.1289484239452965,-0.5062493876736185,1.59374128340537,-0.6912463857124518,0.33537383386801345,-1.4213515206842997,0.23369571531290934,1.4845516065849163,-1.3076945651731453,-0.2942097061456983,-1.3529278754467744,8.506723307653829,2.9354225332332673,1.663869993522038,0.04984111989303486,0.1505207166960565,,1.1716485944641697
1.2644260331729162,-0.40051246206586066,-0.12813798259810882,-0.7783249725255681,0.8009118261112613,-0.953455564020278,3.153333445564499,-1.0099842643250145,1.1702611642744554,0.6297127948788228,4.3371403022356425,-2.942512691838539,0.7928319176076837,-2.7397224422869293,0.44588145014643477,-1.6729726214744223,-0.323442251073891,-0.7393497424045159,-1.7953337127572633,3.786335435024535,-0.4067132340340507,-1.2077429140827767,0.40147634069649385,-0.8487973334850296,0.884026011569472,1.3669200880672028,0.8962974263286627,-1.4966053058491302,-0.15476657759517787,-0.6412697212974439,-0.05769469630395596,2.446398945878081,1.909060820882802,-0.04612574085594012,1.1268813860459304,-0.5569509576063281,-1.0606602842413437,-1.1493567024294382,-1.0347807581235213,2.121457610629096,0.05578221727404742,0.72507617597668,3.0661893300990117,-0.3634997895847536,1.0917945693091236,-0.097381794782192,-1.531411329531407,-0.4129644305593705,1.4935845849002316,0.2761325213286536,0.3292350868706162,-0.5483130094298794,-1.630440590765636,3.343429265615794,-1.6796846048990677,0.47586626889055683,-1.3586956521739135,-1.243007925337447,-0.37521946595719946,0.07487749787133957,0.5848800750313465,1.9444945357001586,1.1931555349962597,-0.22633042152566674,-0.4742210600424235,,2.70396166372302,-4.753131009376366,0.5427185370137755,-0.024992018578529063,1.9138585615224635,-0.9109672141757286,0.977315523288147,-1.3528640507038503,0.8388408197400832,1.1508603326472855,1.116357040240068,0.01337325625141439,0.7837862372044979,0.9412950742193837,-0.6952063081229531,-1.5344708889922787,1.1441301090277411,0.33610068313445485,-0.4541257577296953,-1.207070186725434,-0.5530116636311311,0.11250765712100819,2.215929087146251,0.6369468609340068,-0.08435425062638391,-0.8890093722093373,2.4943675075979277,1.350441512556455,-0.06648665594327641,-0.4014128298155506,0.612118764806513,-0.3501475838886936,-1.3003663382542219,0.8301918773358175,-0.5630630759634547,-0.06223386689925281,-0.6018533922473202,-1.1211111583913858,-0.01586052356402634,-1.697399235055963,-2.3194758198826215,0.5139555654079864,-1.621094093235076,-0.08071734714744094,1.680383291970644,0.20646611959274086,,-1.129045696983877,-0.3428925617066758,-0.23416388959558443,-0.7467030430942212,-1.7106975946541758,0.5760346890345325,3.3574759317213543,-2.338995233578023,2.7327464716771166,2.887010823213343,-1.1340206110686535,-0.6535134324452851,-1.0973272579983595,0.8347289029857929,-2.934201385390467,-1.1841628983665364,-0.13207928137406455,-1.232828266135766,-0.291833558786847,-0.34995474045830255,1.420637204155284,-1.6177505537584569,-1.007163452005977,0.29467351683833964,-2.491490196413071,-0.23638174867776085,0.5805572712712426,-1.089418838332723,1.204168895008495,0.2082234353870671,0.588952884076277,2.1141962275677884,0.3636567031004123,-0.02931826034777707,-0.0898827150506265,0.434681736434106,1.9297222078859422,0.12537985562377507,-1.5264047585332619,-0.7269047141563401,0.8203618208841412,1.280976072974327,0.03417276634201105,0.13182950328569643,0.06043489921938594,-0.6260977768625886,-1.120949043282271,0.02495418919483683,0.4244168927753922,0.41126694927196006,0.32601768144728815,2.49692996528339,0.41705807635032954,-0.7955809716116535,0.6231553586590222,-0.14806299241347798,0.7920554929948809,0.3010972769078135,-0.20014667427940003,1.1128565968745452,-0.5336610901349181,-0.6753336565613721,-0.1645141470295597,-0.5946170448752897,0.9739854244154689,,0.28319158333578454,-0.4334727710492592,5.583281213383873,-1.318298096731596,0.2429543464103734,0.5480059872853049,0.6206507041470966,-0.5554858828005438,0.9084610824770856,-0.20206726449968349,1.743494640551324,-0.018321279657929068,-0.4615239140101868,0.976813535157417,3.1393178997484394,2.6615943040625423,-5.384404867163484,-0.4831872708921492,2.6052128337430203,,1.0971422861331792
-1.985536019623113,1.5367004365597126,2.3575310681870354,1.678085802518492,-0.16316166271614918,3.1803465231856176,1.6223505475331024,1.350727815976449,-0.36528595066744884,0.587140235450434,2.34168811044142,3.4692879321378545,2.8502726204837625,3.186330413026739,-0.14796319764547317,2.4962681193753555,4.711391921338692,3.6625573539766476,2.9054620822398514,3.9142934927316464,1.6862825316374064,2.7387453437954346,3.3787814558416507,2.7174956675348083,2.3106589947075262,2.312492030508362,1.3659301507024102,2.6841742005030866,1.1819439486563388,2.619591591514725,2.713227478574587,2.9418979984010774,0.20735195657697325,1.1191852736827546,0.3857346971787523,2.9337243779138156,5.20937614504815,1.5281473451375982,2.0979443062963066,3.353704929523582,2.160580539483603,-0.8826788568192523,0.2418672077579398,2.77714600900123,3.288285002530933,2.301877020429277,-0.5078261675287132,2.388741127230465,9.548245388079746,-1.0004998417942335,1.187149921949815,1.226241626976754,2.059261929500611,1.2376538181867902,2.502720348204579,0.766801552401053,0.4087798809206511,3.1309099321746414,0.123262459502671,3.416993542337221,-2.616634811329832,0.8703726309317039,0.13669939100640072,1.250413593043076,1.2095270399822278,,-0.6718052769229987,3.188721998340993,1.5079226792829692,-0.9248433755365326,0.34207888554771415,3.1399749089936924,2.0619403835278494,1.427887711892084,1.1939711135739328,-0.8438368901568238,0.3578794662636886,6.76652069337671,-0.44255397428071275,3.8200369056748507,1.1046515064222717,2.25365505835049,1.8571638897326936,2.3727488304261968,2.0126124038213122,1.2218183922745096,1.1584884489967084,-0.24081689923657335,2.1325490521534984,2.8326606253709308,4.270444826359721,1.7650369543263933,0.6413678739494832,0.8693991415597235,0.842758448763159,1.9369592843496042,1.3906107647089216,3.958492777735012,1.8102657646099418,-0.9252240255914868,6.648742437279687,1.058808938573308,0.2568849179381383,1.6687960190830964,0.24580923899879537,1.6059588869403063,1.2678632896614195,-3.093852492095439,2.225771681534283,1.4137646455936181,3.391283348238816,4.299916126894132,,-1.1345389975017328,1.0009313806825793,4.250406965469011,1.609882590877465,4.554970317770479,7.134684251988932,2.8030401170609176,0.6677752982219287,1.7891787023065264,0.9415218972907091,2.204676140943218,3.545927790230552,1.5443066846250186,0.4215113835657869,0.3936919442215192,2.5301821548102676,0.5891638952020273,1.8486254891057596,0.39400930643540555,-0.9532140602403927,0.561634737474126,0.42608940710953114,-3.155724790081804,-5.508919202518358,2.077203638413372,-0.12876778758355023,1.2674828222627221,1.8810371784726776,0.37432483568264896,0.6233588614460883,4.1048087000523426,0.26543189576933024,2.5196471685560384,4.200265852388196,0.9415928778599758,2.8929412772280783,1.532069103903444,-1.0956330775569678,1.6059200717265742,2.1225357342950835,0.7575814256485236,1.5476707807944523,-1.7559404857963812,0.6195306820641733,2.0755573161421514,0.7308469325140621,7.800865094041076,5.963078157933888,0.5232406508969722,4.116541561549636,-0.12478769667935152,-0.6626726359437285,0.8220184287042409,3.405981451913398,-0.678022683793833,1.6146732231839156,2.3052966891311977,2.159180983178244,-0.9662694513053349,2.362494406607163,1.8092230156124378,2.0525999781451754,0.3336911402203935,-0.11270855377988331,1.4670232810446882,,0.13554920911476032,1.9638473275422008,0.5848980549642002,0.9984909140052123,-0.32009989428571917,1.9461458175975332,-0.04035557249022492,3.733618476557221,-0.5251584667735232,2.7957388867378086,1.086682633810776,3.0597250767188333,-1.9230702700964053,-0.5374232236544985,4.113195212586218,4.629629547867431,0.26891062937903776,-0.3303684427762188,8.056638942434757,,2.910382019281599
0.07657542958383612,0.04243347790411356,3.0814227557633522,0.8203180024699108,-1.4353778541405071,-1.047121274633267,0.8869179600886845,-0.8865746999292101,0.4670073965702848,-1.036862728914878,-0.08123146571478168,2.3863492718658286,0.6028394764834077,0.8391155848692211,0.985755990038184,-0.6300788124740331,1.7759182412267371,0.46050098166237063,-0.44413463638891537,-0.3571461474477733,-1.0310950159885035,-0.11590614839687152,2.8945252521439757,2.771589898360971,-0.8157010636029027,-0.6317726704322624,-0.14134494875581716,1.2599137553674922,-0.5984295644954174,0.018497173965159597,-1.3840106485860315,2.0088503001133073,4.666430568252755,0.28526156927266566,6.356061090691623,5.311568286736357,-2.053807336462987,-0.3871932854860205,0.13875138916510377,0.4335210463461747,3.41110690262334,0.5360542124823953,3.643376798453213,-1.5285419948543488,-1.326016367512961,-0.15391102239706855,-0.7550053783790811,3.51377425382422,0.3827043714327072,0.4589501403887253,0.4769152465488924,1.4743120008321897,1.5173898700364896,0.8042877489165656,2.2823779193205995,0.007461961553634211,-2.221435525267723,-0.25935074794551927,0.2325409528206146,0.8682214025611978,3.6252447024262446,-0.9179364582242,1.3822467545294037,0.2240423817452264,0.9536467291778594,,-5.25547399169719,0.6105427609526703,1.5712980645260943,-0.4793592807298186,0.6640971151551156,-0.06277293256695682,3.1417627927067704,0.9226131351478539,3.346228482675029,0.9466329638626592,3.3542997112743445,-0.6763617749327766,-1.9377714994459505,0.307282111889573,2.517872058318571,-0.039080099483967956,2.22663669184322,2.326861781130196,-0.3551185681985425,1.1495964136013725,-0.7329345405278964,-1.0621219292606843,-0.7036917985679847,0.44283859187672636,-0.8906352215982793,0.0,-0.7420340462680031,0.028104534286343963,-0.623125929694357,0.22423557710880004,-1.3225536782106362,0.021121664338075163,0.04584591356264767,-0.38553611830102197,-0.2942412369819958,1.4087016237360084,2.9282492384848924,0.7932176692955206,-0.48249125392109127,-0.5625057330229555,1.6445634401426323,-3.466464249877732,-1.0826416615130952,0.7434921907425451,1.1155498744860104,0.7214598090802049,,0.36172818952817654,0.4831289079390899,0.7040908033027371,-0.2838809517004326,1.9174993367828685,0.33602530422771615,2.117668795210248,-0.9121014714346898,0.6014379996558628,2.129361521141715,0.3498012775369652,3.303483420432518,-0.05906116758024327,1.4671922013644867,-1.1449065382648338,1.4347959523066223,-2.48625607524956,1.9857352331560163,1.0764735155724514,1.3929340040476301,-0.6796282138273102,0.09561470891583657,1.1039908255983333,0.5774583239346098,7.815599742142121,0.7851875431057254,-1.0400794884437792,0.9931602699510433,-0.5194407674080526,0.06520882280847129,-0.5983213347235838,-0.4235667519713271,-0.5219931332378414,2.0330701160393927,6.981165535725142,0.8855434783930471,-1.3688331496284234,-0.680495119795621,1.944748912524008,-0.9711371655356182,0.18100334376542904,1.1799484911982683,-0.11823388612344221,-0.23089354939267448,0.710056545017479,-0.06254808161896275,1.9010092948085866,2.370291519301615,2.4824824244036092,1.150291292570249,0.7730794126647567,0.9339318343988046,-0.6779926357910693,-0.3649656141117896,0.6665263050493087,-0.8539599776916651,0.8362108555236114,-1.1996539806377937,2.448456992869641,2.4544639493922604,-1.2991017763274826,0.1571381531296545,-1.3960774730437886,-0.04339917928326553,0.37605507177460584,,-0.9024266002926606,0.7518442673455583,0.24693230228163277,-1.2613405284695234,-1.1950656571445228,0.10096434759621076,-1.2399072104079867,0.1002331420832947,3.3767549267580854,-1.4469682454491095,0.43827519301593565,-0.8711097374848098,-0.8137674748507018,0.32419503951035544,-3.4766119507571247,-0.6194747550175239,-1.1380055013673562,-0.8838819811388343,1.7171309648710942,,0.15977886823279608
-2.4415695704232188,-1.604697277849687,-1.2717219540404057,1.7435108772222208,-2.4151107050412124,-0.310304198196687,-0.6739890968406548,1.5927954568365932,-2.1112996041557697,-1.7384580523321924,-1.6395630875254086,-2.1537086071026224,-0.08943126492872988,-1.4090763238333026,3.317597035289177,-0.19509565525381856,-1.2940601091624981,2.738468431174157,0.0446162743275913,0.5815985622664277,0.3556388386241949,-1.887515135890605,-1.4179069773330388,1.004238378636213,-1.7887442193618819,-0.33981847999950965,0.33028103277199516,0.18154033639690148,-0.7320738313867703,-2.3857990350153013,-0.42743332334264084,-1.6527877349685194,-1.247532110133731,0.05689002846656077,-0.16056937217405753,-0.45516144537147696,-1.5767249698569463,0.4325012952098639,-1.161255197901545,-0.48397335828496146,0.6597218547416572,-5.0567639251858925,1.6819942518536024,-1.169712704116166,-0.893909724009978,-1.123103536664094,-2.196506057383496,-2.094010085549447,6.442060432684871,1.4028539032309384,1.528393136795314,-0.03701368285232709,-1.712854392147256,3.765960157511472,-0.5500765742572633,0.11935321617269068,-2.21759594496741,-1.0477195614276735,-0.3411778172807578,-5.956536362929299,-0.603651119168469,1.0931931157049934,0.0673360896596753,-1.3576154378448058,-0.46035456113828754,,0.5595237259408359,-0.26615587999603285,0.27021352874250226,1.2675429638490998,0.6843946903413389,-1.9094287675940236,-0.5916261482185825,-1.0796776880662162,-0.3930325011283098,-1.0703660361726208,0.12547658645161164,-2.3959634663402563,0.6821612166346247,-0.22779235485632654,1.7411459592381329,-1.1102336627374032,-1.1998670684987944,0.7727737477802199,-1.3727572415550227,1.250172027062546,-1.1536768901657557,0.01627617777419932,0.5576471608928824,0.5903465736625702,-1.4977138915282295,-0.9951620481747359,-0.6332410881156547,-0.6930766011385758,-0.708167211837829,-2.2668340365876727,0.3474781485123035,0.40129143549214596,-0.35647273817243086,1.419110741372065,0.3505800730238873,-0.816116102362896,0.8712639008718437,-0.4363390149335622,-0.7788798444903433,-0.6692740024606958,-1.1899859699102233,0.8994647705940606,3.2591497252601354,0.36899453240266666,-0.082326388592735,-0.8271475302747522,,-1.2055654037645858,-1.1095386719034872,-3.2762886727782714,0.3539389764330769,-0.5427206262393902,3.24250914179689,-1.1956021654544013,8.10427798084632,2.340859666522732,-0.10215237650902376,-0.31953522981923443,-0.4509823785922684,-0.2757816619106124,-0.9689553113296667,0.9620962560340951,-1.5456336168755747,-0.9929036646191269,-0.15211438437218172,-1.4865723840292278,0.44960353828578103,0.43360452521641335,1.6716407923743182,-1.6555060903477248,0.298113301384606,-0.8602011540099319,-1.610780649576249,-2.3157770064352046,0.2998583776079311,0.053555241249370056,0.2715352662540971,2.6003197238510856,0.6026089820680314,-0.010929279687077464,1.7650224206123388,0.8885911406156577,1.4483158677070618,0.8305096314360494,0.04780892922198188,1.6043185644024405,-1.7138680339099488,-0.09728923474104922,-1.1985857667717092,-0.06962564559982454,-0.4242844860626316,-0.005340005797715985,-1.376890229835015,0.342797587724597,1.2267160559454426,-0.6251173907371954,-0.7778296373845084,-1.2630764998570077,1.3721899475000576,0.11232263274603138,-6.657514794407771,-1.281500380247591,0.7359359983944547,0.15615415800322996,-0.27286281889370434,-1.221923246236678,-0.31024901263897453,-2.9552392848480213,-0.07530735752573348,-0.2915051654487355,2.1272906961655513,0.5165958364214518,,-0.7398964704197986,-1.197655565020106,0.2701675783542079,1.0219611248136307,4.677883585271214,0.41487754579998537,0.6948953740735675,-1.2063078524286786,1.1374542720960168,-0.6841433830373944,-1.6137060573991668,-0.6217137297658715,0.07814301440378646,-0.34273718010009446,-2.930576905147786,0.08904923677177656,-2.8667780144134403,0.2786801984808518,1.9102634420414821,,-0.026585164815351447
-8.912658194228374,-2.442698358485529,0.06158643422062848,-2.760858481370798,-0.9751737152744133,-0.2274654739731541,2.352847115717571,0.3919523281461279,-1.4645200483476062,-1.9824618764750501,-2.7552003481669196,-2.020207945566177,0.2506421939932002,-1.823089251806076,-0.18525211107350836,-0.8674335055640969,-4.182236466645007,-1.300040766871835,0.14650758808212316,-0.04707007457837031,-0.2885031014915329,0.3153852177639527,0.2712831749302813,-1.0829434761473244,-2.020200396957661,-1.3254146695645064,-1.9469486573962302,-3.5624302658387452,-2.36766521448194,0.7957577731341203,2.926231872898666,-2.955903558242179,-3.2652165922259058,-1.7625672956641858,-0.13569579772556573,-0.803265729132352,-2.741531888676718,-4.071949617291204,-2.2229651558192898,2.6419635956715926,-2.1759087460623716,-1.98369264391961,-1.7686466055669925,-3.654912798416232,-2.9627883257544063,-3.1254662316771764,1.7638110232869764,-3.3883015042674103,0.5189666419053163,-2.6576820849301797,-0.8882675571285525,-3.008707725925863,-2.9593064500494926,-2.921879263717664,0.010433686564792488,0.05216026345060687,-0.28695732666851326,-1.0819975974175278,-1.3693968142089008,-5.71728403702747,-2.6363014276093444,-0.9347463002468914,-1.6148035592412735,-2.3325200260226,-2.3905404859221657,,-3.021863065676289,-4.2324895719705875,0.5254988935476046,-0.2920638945207221,-3.742120035259444,-2.2027220345781418,0.16085112571155857,-2.0076531544730325,-1.7568659447223967,-2.0011516422121844,-0.6641598030042051,-2.377266021354729,0.8523871162207097,-0.9447331492123623,-1.5906471580483306,0.12649613776545277,0.03282538557258796,-0.2908758905779796,-1.9673463553100512,-2.8763796632195415,-0.5135352943560711,-0.5204164473580852,-2.992313855405415,-1.7457801977308396,-2.9856988837849596,-1.5221102353302318,-1.4338885238136534,-2.782228597760006,-2.9123426820052645,-3.1929651643851975,1.5706161243604022,-2.992380544652462,-1.7529452352298969,-0.18656012010918044,-4.937322469443961,-2.547266914125068,1.304424209971744,-1.1895515315399119,-1.3136848267242596,-3.613541352107308,-2.704409770844207,0.5897336938152531,-9.268631896681734,0.06565221761276607,-2.7686206061157903,0.7050709712413727,,-0.8630026816635716,-0.4737330984265875,-5.1943765119459195,-1.1615864137437093,-3.222112595590665,-0.6045477872678617,-2.537232346673435,-4.531380552412855,1.5632713195937065,1.3533025254871323,-1.7703641679292725,-0.2470995641895124,2.5135797730481357,-3.4433389567504302,-0.587111444976629,-2.570204700667078,-1.956166407126947,0.4570383742258377,-2.263515841389019,-2.287699074744054,-0.03372574121335292,-4.010579158035588,0.6446947400682967,0.3962984906632494,0.8002695809433247,-1.1342357284254478,-0.15804362193924115,-0.6429213124551691,-2.9974565378880436,-1.6247863839392696,-0.30311203905942774,-2.836493483057978,-1.0058505397105177,-2.6287242036596714,-0.19267437673846644,-4.401898361081247,-2.7853014200719173,-0.9714980703792953,-3.4366078543321743,-2.4431176496169327,-2.1842032454021942,-3.1475376598949056,-3.27480499097329,-0.6042801776469098,0.657018801801712,-1.8022578454522264,0.636510036982707,-1.31030220769367,-0.9042680713880258,-3.155546879496751,-5.67676665764274,0.9810589655899982,2.4598721182652383,-4.483466079283771,-2.2501100996542123,1.342060335159423,-0.7711146994334173,-1.0287479233589636,-3.0380242797113377,-2.2055640040305136,-2.584604371049737,-1.30628549228462,-0.06263836579122328,8.059860703482368,-1.7246963963386541,,-0.6421992632650086,-1.1235999925650497,0.00791660650634185,-0.3827731617227492,-6.728764926560937,3.11130652783691,-2.522616365786401,-1.4426118510472818,-1.8886477851814076,3.5603684011449532,-0.7029256031280129,-1.4617472796707887,-1.1477285485555266,-1.4837418814477532,0.6577775709758926,8.362994245542632,-1.3813393845421462,-0.6215019557816559,-1.0462064757228329,,1.7977767150415325
-0.9236785339447606,-0.8027180659395228,-3.5183144906309916,-2.1343273529699225,-4.185315917944776,-3.7996952397178596,-5.743312962183977,-4.475755710530416,-5.584828160455135,-4.705884436680996,-3.329083324441917,-3.985222992805315,-1.8394487847252505,-2.1205863741826647,-0.7362020336678432,-1.7130914036087908,-3.4484908858985808,-2.3615642446949137,-2.8306046023231946,0.10762650425222287,-1.3145238145296556,-0.9588992428934295,-1.687090308859951,-1.873435808725854,-3.402594737466391,-2.7533109916513254,-3.1462857373722453,-3.2677904608750974,-2.564224351561206,-2.2744335945573235,-2.5858465749871606,-3.7460029886970614,-4.788417563559233,-3.576808094602957,-3.7242113576137603,-2.391924906796006,-2.24146912205766,-0.1704770738152228,0.006833362514857555,3.0733742212996074,-2.1573121462596823,-1.413922233634901,-2.8434872477703044,0.4481244565132325,-3.9088968470185614,-0.9655926643662771,-0.3014356395857565,-5.849112986546023,-3.98486032910762,-0.6451586826364597,-2.6415100006283887,-1.4985157696827955,-3.5662864904703273,-0.042245278437191836,-3.0157532867619907,-1.0425956909121625,-5.885629409580395,-0.7735005376783732,-1.0621287938712642,-0.20224470735729083,-1.8145818600585617,-3.5522686784516644,-2.6158347306608043,-2.388225872771643,-1.32914188439619,,2.4157370004548984,-4.564458315371445,-2.7209947573814786,-4.1091278818241594,-4.1642321309315005,-1.7285402840883424,-3.3563562921573364,-3.1788567992425465,-2.7923827205511675,1.7488971195838143,-3.8643365435327315,-2.0910528379350812,-1.9590845027891102,2.0346605189744515,-4.100050966295054,-2.060953073787042,-2.5046456098743786,-4.260963652260131,-3.0307183900384005,-2.224794441971345,-2.299386674331594,-1.6838249832236585,-2.173523285023826,-4.067740828983846,-1.9377338637700192,-1.866431532693924,-4.094825483625241,-3.6088486172129786,-4.583708731325265,-2.4145900951288435,-2.398634005162348,-3.19310070501978,-3.152305408404399,-3.1180925722075647,-2.272403341173046,-6.952307678936009,-5.324518983664673,-0.8157700569847881,-1.4366861137779074,-4.102691022929572,-3.984801625214862,-2.917727475125098,-6.074772500652426,-1.3252758223486039,-4.864408108235219,-3.0652202549943275,,-2.124257677619923,-2.204541047999875,-0.46544178162454264,-1.865638885532972,-5.557943806026899,-2.996583601769909,-2.1534787809747713,-3.873265541661308,-3.641451097955395,-1.4895245416820968,-2.3066050883329137,-2.4653523343040384,-1.9509585638307736,-4.754856714772371,-2.48501601465394,-2.466408295981204,-3.0559453361497346,-6.551411981735733,-0.1958729889987798,-0.0636213238920269,-0.897501731551853,-0.48938405451066647,4.804270462633453,7.664476361191053,-3.5099449153368045,-2.478489095730285,-2.3866028110730575,-3.015401391985928,-3.2004415317487434,-2.8738187964881368,-4.334944036730837,-1.6681805755600299,-4.412172032518202,1.0993576044974862,-0.4853541414097884,-4.502777206563435,-1.739126752306841,-1.4795774184052313,-5.132256760212172,-1.7587476793165302,-2.04805886866114,-4.096142944933412,-1.7432646312707356,-2.556511989721355,-2.679898076084064,-4.032580731120438,-2.762199676634336,-4.6354563927455406,-1.3687756589110034,-4.662125038301834,-0.8653254692331136,-4.168972374644286,-1.5921143005649396,0.10271218500037538,-2.561977009483385,-1.4417696764347676,-2.348288298766643,-2.300055905127807,-3.3395849995795257,-1.4583377669411979,1.1689793372055668,-2.01082184048732,-3.8697715313190106,-1.416210187097544,-3.837362561193036,,-3.4164443350320095,-0.0377220410612944,-2.393022309313275,-4.4256845073027185,-3.573804420995519,-2.9930768695046406,-4.955683788665322,-3.121186518582242,-1.2766528904536,-6.405074736910565,-2.9496054998904953,-0.9889446075748487,-1.469070872861622,-2.583274420418813,2.228550278989383,-2.3809520081029434,-2.824347655912074,-3.6150059717956706,-2.819388878796658,,-2.748312882965609
-0.37133593818062804,1.440241914630036,0.5262611455999266,-0.48019268581834806,2.6395624896754066,3.8583079050330094,4.487763851060778,2.938048144258798,2.022606561854179,2.5706086141771056,0.9085508426232236,1.9070490346309699,-0.6185701326926196,2.6818085465466046,-0.22436813020748625,-0.5768037277878668,-1.7569757531036956,4.47416499054083,1.0735808416666437,0.6249193074359116,0.06925687062198094,-0.34917842196210414,0.9579735541444201,-1.2984561247901705,-0.8902870991670531,-0.9112809441436887,-0.7130820689181805,-0.2605789614380516,-0.6069287910147714,0.6539681785580287,0.32110391924884407,2.0415920830525236,1.956235842560572,2.821128402936335,1.7198146454280083,3.0887052630953704,3.213479174523126,1.8442556917219965,1.6862339396411796,3.7644409656134803,-0.5340933175495111,0.03749623432269811,1.6012924781656723,-0.576880363868959,0.871240648780458,2.731564940050779,-0.17276877234994048,2.2894623203360442,-1.7646266086504103,0.4376061135837217,0.7461221190931289,1.0077523078023898,0.8696501898993958,-2.1447461994371753,0.10759629586092334,2.2877740972052862,9.725784178338914,-0.3700713020098667,-2.1681176198113827,0.7430695199144077,0.8663083819116846,1.995017198848048,-1.6678364897051323,1.3972619958070975,1.8459565590332794,,0.029131325325182367,1.0628344257010758,1.467449866755377,-0.22691624440054348,0.7406522993652187,-0.11326692143731609,0.16617006996730854,0.6969481733902771,-1.7216004841456023,3.0439826202224074,1.0060089606350298,5.460941176143996,0.23430361998548754,3.9258373910918465,0.25579302625349243,-0.37894532492172006,1.2003542400729206,0.18467970546709456,0.19709896107902303,0.9160800902750399,-1.8251682579145223,1.2470887258366758,-0.9069894688592539,0.47288707639454586,2.934985464705009,0.08914941437314639,0.3932538550444731,2.1336581456916415,2.8550785860050443,1.5879124621717144,3.093811657718959,-0.03919944396358899,-0.32765017886297043,-1.5083864686515902,1.2875647204756424,-1.6893513306624364,-1.5070668229270723,1.804680727036878,2.3552621839489696,0.4252165667957941,1.4135459647640403,-0.19661075729242583,-1.7689314849138715,0.4388215033187537,0.4453882019255673,3.1709654089064454,,1.5376679882652233,0.8069161083273269,-1.3271562483298527,-0.019765624850176522,-0.6084001952241125,-2.095123385151021,-2.0214075157707123,0.979762401677231,1.2064482109660712,0.4096458133138636,-0.5238350449411677,-3.374247348696513,0.8253878763071043,3.0567165947724684,-0.06056638091699318,4.562533680908909,1.7845554769855942,5.712432896740149,5.1835577480938255,-0.572956437499117,0.020428932412897005,-0.4917908002687321,0.8998281482120118,3.289539361427707,-2.840804386919127,-0.9100493868264836,2.0582547866895062,1.7814240783073254,0.6983000214106028,1.2696987241862079,-0.6581854239566476,0.07376152587881268,0.42749996615034647,-0.5092876218069531,-1.4853405174242162,-0.6752696761918919,1.2026249649475407,-1.5670871643041373,-1.3325582803383362,-0.009731937077905872,0.6388799121327393,0.6000759212256179,-0.381228544543466,1.4477762248577886,0.19630162702504173,1.9528573478340583,-0.9554605314548104,1.6578095858948094,0.5430425902582581,-1.0639996912673144,-1.1806111667881258,1.2961189786638183,1.2412179213092234,-0.46173057893528213,14.322222582315058,-1.132353402428088,-1.411125628271559,-0.370682378519982,3.0667663088487673,-0.949172952207944,-0.2791365072703611,1.2273557448638561,-1.1955056481173676,-1.4365449981622924,-1.1758346569874512,,-3.334126442549956,3.594334372348107,1.65610145820001,-1.2850917915001259,0.87293067490255,-1.9649003632290496,-8.79443959784597,0.8369129372599149,-0.4400812933572307,0.6308258134375633,0.4949683282053474,0.16647847276825,0.713420662309483,0.16380842322130107,5.999022797196996,7.905799438527272,-0.8427764990559417,-0.9336929739337085,0.22665977162137363,,0.9240859966601178
1.9666918343546058,0.8635786691423286,-0.05287927729417108,0.9951796322419826,0.06827677495075957,8.602882401743962,3.52674873521861,2.0485650958750767,4.965638293561225,1.0057656838873497,1.5538792602957097,-0.17298413286304104,2.0869574094308563,1.2545598959728732,1.4304432808899037,1.3494771194215938,0.7375441611821687,0.1757284394921399,1.1204659017248542,0.8948263381677757,0.1545598710262608,-0.08759805529203746,3.8263774707740783,1.8417452082296393,1.7854126451390506,0.6535899678003165,3.311716451309854,4.085306911832709,2.1346396351322516,2.350464038715372,2.3899235305167243,-1.8381884319908393,-0.5293003737219748,0.1401111798446042,0.15417243061941477,2.302831229570046,-0.7068347561002497,5.270517248585582,1.3561552955529077,0.3352460846739902,1.7348135198627324,0.6840381546078023,0.1416695855409822,1.2223465143635037,-0.476312385417188,8.217832708113892,-1.773936376433427,-0.47789150872513675,-1.734633831249921,0.5668872571938044,0.5963304643065603,2.9739089036185273,1.5849435902381748,0.3562961620478422,1.096297388674139,1.8466784151762283,-0.18878101402373115,3.0269458726241094,0.8965108026600443,0.5531832643582257,0.11451748066106937,2.6894841949713255,0.07142361969918465,0.5889374243255086,-0.4286307995265526,,0.2717178974571022,0.16757534990206047,-0.2342590762713037,-1.6794977590084637,1.4817390021833576,2.6614222277917543,1.6174450270292295,0.9673230643385322,1.6416458396733447,2.814282189092232,-0.2273411048820062,-3.217124522930437,-0.8203647201509789,0.3222941826933834,1.758621107910141,0.841690813820084,2.477550410551399,-0.14746689869389318,0.32317460004369636,0.35138935755740786,-0.24462014305154378,0.9032665025406006,2.186865192250176,2.008154578224053,-1.0092499092219431,0.4156751436457773,0.5129640226143151,-1.2711873008025565,0.2884952180799205,-2.2536071996961615,2.2144267851585298,1.7254930004464653,1.0669861539175152,-2.5019987652072695,0.5803890325220218,0.7069856051900025,-0.14929543612225427,1.7256184435498367,0.7965258893051663,1.157923346580647,2.687335217417619,-0.23217970728398596,1.5756911085222702,1.4696231604515164,-0.21284756708372932,-4.311446697337196,,0.6282181416450427,2.280669756904863,1.9227238875132224,-0.01976334477470365,-0.13158147392274833,0.24991621368113393,1.995620080211058,-1.2850992335995737,2.267812398278979,0.19197677738720387,-0.21369219952334095,2.0965016263945646,2.2853570278941415,0.17073594953651572,-1.4031262124122978,0.7044317818965862,0.39671960536575845,13.877795515930691,2.3049044671858976,1.4982649258659997,-0.6331258040787935,1.2927579612538542,1.2619889204192214,2.0607338914762297,2.0324412342137332,-0.26880215041720223,2.7562167231026447,1.7240245318879799,2.2502130676427923,0.7388374195923086,-4.462331728999446,0.14741431670823868,1.2597804939311397,2.642508185917092,3.713078044589535,0.35782441706113666,1.2219765895099544,0.08291873963515162,0.5431538828047477,1.8001404927330045,0.5049658238371668,0.7719341060050011,0.22078400297471656,-0.4100033936758285,1.5891129889455735,1.6248411786519812,1.2689267414389915,-0.1662423233098287,0.12002260686907462,1.5805747321412378,4.575053218888403,5.561543572177419,-0.6425895537119364,1.0102097664349774,-1.1077421661037978,2.1043298896884943,2.066482021448368,-0.3351291192939754,0.6968036859028359,-1.882510298904072,-1.4321050528268042,6.241974273739426,-1.1791545814260118,-0.5425114314054347,-0.21317719025625292,,0.8406471597552256,0.6875599242075037,-0.5190803245177511,-2.2981784264887617,1.0878401734728982,2.5164147803236503,0.04117570855131092,1.1727267184707957,-4.76708283726921,1.3172562683711586,1.028251294290583,1.5018982471455722,1.2814363507001714,3.270985484091593,4.809026596396793,1.0911951999631242,2.74842560458215,0.266240764716974,0.3618268724452145,,5.584240919069416
-0.7466154291966731,-1.117390300788501,0.005289433745780947,-1.4133627566009999,-1.1750436120745889,0.11426953926292338,-2.53728346841533,1.2236357035635637,-1.4076366808256857,0.5958238806761607,2.1450021824454657,-1.2917449602037778,-1.6228827582928096,-2.2865510530210242,-0.4495622630939611,-1.816822832542031,-0.7839784755837798,-0.6330490522858945,-0.6725170584220841,0.05956876030970282,0.3984957239117737,-0.7811183179202819,-0.9163872562794162,-0.7032773811879167,-0.1863753511916033,-0.6953245690474619,-0.4731083802901659,-1.9533563098302786,-2.3010412235701216,-2.3898411062622804,-1.1740151346063987,-0.6114682915652869,-2.0471474149484026,-1.2125480261311772,-1.8369367228207478,-3.594335142851557,-3.576267048463988,1.1627288871271846,3.4841455848055203,2.6491695125465675,2.151852983922664,0.6235449478297239,-1.1847907801908364,-2.117083179635182,-1.3272869821127298,-0.3201785377206945,1.7949666421857247,-3.0816893190254158,0.5884213850287034,0.6242323820864648,-0.7935821311907065,0.46580197279215696,-2.8289752318441774,0.6347525490741246,1.158837411969138,-2.3260861465218774,-1.116815275150862,2.53911802857103,-0.2772310035772163,0.03334905154013246,-0.18587694714607972,-0.21978245550022812,0.3746517414946693,0.35243709721894945,-0.29518216944678377,,0.5709714711454206,-1.1191280818990568,-0.16673148863376452,0.7651222145021341,0.44210580953245593,-0.26639166161285255,-0.6285163677845707,-0.09912177479346473,-0.2462093672568555,-3.24481508795863,-4.81337000031854,-2.953248239884043,1.0450506809055682,-4.6992920742669035,-7.530779342316962,-0.12038254876876042,-0.7409819286326891,-1.1260872411490097,-1.4285773818803582,-1.298507451022679,-0.4414035205128841,0.7324251586557251,-1.3405458247593316,0.9304856923351368,-4.120920521701699,-0.08870129972670115,-0.5381763960836894,-1.3274795874294032,-1.1817732084980381,-2.3055753913598487,1.846807359518321,-2.368099613628194,-1.0290582509946633,2.1917849407550483,0.8036421526398829,0.438766990591577,-0.16817846137301418,-1.3956320846944203,-1.6602806963634364,-0.457013133052353,0.19546384045237009,-0.7475307516083607,-2.2022194479310975,1.0046942746251508,-0.1955127425249059,-2.3822358544816513,,-0.7968713742493194,-0.7267072257826968,0.7970921930440467,1.7278830511476606,-2.6235885790953595,-0.07790837597695388,-1.6005437929793476,-2.154525452966416,1.6570566825292232,0.7365349271421184,1.1166313471975275,-1.6795405175933809,0.05239633721989545,-1.6251747009724316,-1.5082046875462995,-6.221862570770076,-2.115990426090464,-4.8800232950575895,-1.9311183779027963,-0.264947722763309,-1.993699074945543,-1.2457308289519742,-0.5151172563672368,0.1449135383421174,-1.170716818092088,1.240945589308784,0.41037375483963245,0.3640912363581217,1.9238733415666065,2.200242290515808,1.583565779973295,-2.99908589528588,-1.2384280079204557,-1.08505765184439,-0.7051732004165201,-1.7470895864625247,-1.2626006600987894,1.358742702076432,-2.014893337757828,-2.4565042812993654,-0.70340378350493,-1.462406499101232,-1.8651769193507861,-0.878788362005023,-0.11785242563990828,0.6369426751592355,-1.4618645415870213,3.0211677551489124,-0.2197802713735042,0.2994387345250926,-2.866970854661466,3.894380049726509,-2.3827837642903527,0.06753149678522252,-3.3554389557617026,0.8050679229051783,-0.42998688964765996,-0.014250926730619007,0.6919747960310696,0.1733703165553102,-1.0830763447921,1.4431534761087716,0.8014244295923012,0.4640499588837388,2.4841017954275735,,-0.20840791665490688,-1.9400386642862477,-0.38531700049331263,2.0172686324423372,0.8197894325825184,0.04088298811093516,0.5693908730237007,-0.7525943733854623,1.7673472862143047,-0.9633497341028807,-1.7533364538456775,-1.7950232671970823,3.7878204939825855,-0.26724859623120656,-2.3163193404817206,-0.15420553085504496,-4.85504916706806,0.902813299442351,-0.5407879060174814,,2.0167401518779826
0.5093203258256462,-0.23481434360318465,-0.7512406908629643,-1.1610285748615223,1.8947586456562693,-0.9646517677893152,-0.7251631617113841,-0.412237471510013,-0.9171819285694549,-0.9979773340539566,-1.973957136623139,-1.1171413415960396,-0.32810664330801265,-0.8299728638242465,-0.7670932717895873,-4.9049482283732075,-1.299547602294182,0.3223782079514237,-0.3288657293748942,-0.7474565725066773,-1.238901451815233,-0.5543133235402897,3.002049573402754,-1.724883422550727,1.169747672888577,1.4466798991129126,0.5723758879499607,-1.4523092951695071,-2.118687599003821,-0.5164519242989551,-2.8398684792764084,-0.2819714212304758,-1.2222780250324305,0.6963327676448694,-1.1551958404347973,-0.7657541457307238,-1.283186590762353,1.7161751497807076,2.2594847129898232,-0.8951469604025375,-1.5500801289564659,-0.4717027911538163,-3.5134826745573,-2.475211272632616,-1.1899401981485647,-0.41198603700819403,-0.021638320622774376,-5.079962370649104,5.147792460686285,-0.40740923293961506,-3.2478734650017715,-1.7340430864674072,1.1292517733771712,-2.426771649587911,-4.203888596952177,1.101986533266075,-1.812551234174331,-0.411460420736931,-1.446997390907201,-0.9732685074703373,-1.7762439668347563,0.11013888299162833,0.9420706198631112,-1.9315721714264322,-1.1780692065542886,,-2.3864416188794424,-1.6218346759232394,0.34085655809754645,1.2360944949377783,-2.8999352005875,0.149836804397685,-0.6160690763753807,-1.223532299279051,-2.1226129677909045,-1.3489506443819077,-1.3610942921917002,-2.046951310724965,-0.792177065602917,-0.20382374064746855,-2.6001093746287895,0.5303315207532133,-1.2096741616913431,-3.7714687449470707,-1.2503513608409955,-0.08869988165431941,-0.39408775840236165,0.22619483714945154,-1.2917383379078329,-1.1733384851435824,-1.9854214305543239,-1.0654057431118136,-0.7650035502769881,-1.213834655910917,-0.14162101285345452,-0.31553756438743585,0.17435305182622596,0.6486867567482957,-0.2316546894522986,2.1000848686875795,-0.9084731492834286,2.7181884942358847,1.254215125690239,1.0947762507295122,-0.01622908681161439,-0.1845042181673917,-0.9537205716140917,0.5755241263292854,-1.9685545757697764,1.227225725369463,-0.7123761127993955,-0.2741949251404141,,0.22512061226549474,-0.9697826579398661,-1.0456018668568046,0.3653656972616437,0.9177023859195499,-1.0603391656739736,-1.2615728370585444,-1.3837158925680604,-0.2916519707600873,-0.8797574866421076,-1.5505655532170648,-0.14339456534445683,0.8046899800842056,-1.5110077869270544,3.134609282143108,-0.6190735219110954,1.1980711231255547,-1.3180255264671703,-1.3893493289371506,-1.7583838600964574,0.08388357546216252,-1.0202820945260482,-0.7182207625347159,-2.3634961004269206,-2.3072822412075755,4.364947310038825,3.5538706547836085,-0.5971289701194871,1.8603996634629416,-0.6741287068327995,5.146640935250835,0.5880103781003676,-0.7995412375071953,-1.1923492486916376,-0.0163916834022948,0.43546335221729127,-3.5782398923943526,-3.04071215463676,0.03724453120061977,-2.5085819361697403,-3.513082940806256,-2.1908092883910046,-0.03741258009706261,-0.31948881789137795,-0.2198967865882251,-5.541206856069502,-1.8442061608141658,-0.9005535632538808,-1.9823793210129503,-0.44781061928832466,-1.4716112190944153,4.071851191253528,-1.0461152409830365,-2.4709289339017504,0.17151862865039114,1.4694974161010732,1.091544997457361,-0.12824859176711056,-1.0958398048212747,-5.070960146304094,-2.4769732072930983,-0.6904770825559736,0.8480452056328636,-0.24310394930939783,0.7029259032451218,,-0.6511023774365743,-3.288139106318222,1.4425022723413505,4.341480421081867,0.014394166567188726,-0.2723826452010636,3.922236092519893,-1.6823935562228942,-1.2384658175806917,0.8857276698591043,0.6442045232248894,-1.883418259649472,-0.37858730965502074,1.52838377633302,-1.2233765117978246,-0.6949818835016441,1.7957336885060737,1.1421030349836547,-1.1780708313412935,,-2.0361804744948753
-1.3175301405374706,-0.02206114286834593,-0.6130063965884891,-0.7252264581443235,0.09033735810923815,1.308649618701363,0.6428085338294309,-1.3928461151350602,-0.09576229409244963,2.1635869223653126,0.31419768190188435,0.8069722520788414,0.036570339129071705,0.3603449061364339,0.06857487381515259,-0.866316676583756,0.15879496135835502,-0.508806059435607,-6.262532143588806,0.8197300118710338,-1.595934494748541,0.03231994435639596,1.7011604702329874,0.06372876076157219,0.26598931042458585,-0.18823413315532944,-0.5208899590635307,0.5148480387669796,0.45708205903391974,0.21150692917344394,0.303858538312074,0.6940787017447825,0.19860202820223272,-0.8556020331982883,-1.7821237131264822,1.4800803754821734,2.01211704404638,-1.2692875015051452,0.876315390420368,0.44574900886522606,-0.06728400464066642,0.6690807824628608,1.3168500048299947,1.0008013578914898,-1.0799141247876065,-1.1498992642662853,-1.1144741569886096,-1.5791228552403336,4.740011087319651,1.7246293169989269,0.7271598072689178,-0.8398666984449576,0.7415202950597166,-0.7779144033354446,0.8008763349389714,1.1265589634529949,2.486085343228206,0.3004761052700866,-0.44120012829825805,-2.699430186408147,0.5250010978515185,-0.45837915073175806,0.9332569090549248,0.5487205990914346,-2.5589851905367667,,0.7492099608370051,1.7256682163541592,-0.2921460166040002,2.860640990163388,1.0856691895072768,-0.8066086243387116,0.9009041847655608,1.0378205480993552,1.018753748835688,-0.45579094649591534,0.1548725832328568,3.371414909342052,-0.9449102665107123,-0.6127296801355042,0.47226130417403756,-0.8232735553478587,0.5405410154706969,1.3096679663129773,5.841723105890284,0.32548767395579326,-0.04945823892461565,0.04836526417846265,0.8765430312597244,0.647601366137529,2.420149988495668,0.329047590031073,-0.3854447470285738,-0.4505451821695594,0.6697120125936706,3.765501672942495,-0.04640783514173741,0.3474733592679691,0.8315809407035912,4.761492564390868,-1.0618235271680931,0.7749773544826644,-1.5899571929378187,-0.5878747601882339,-0.4465063528573676,0.2794145096071121,3.512412801499387,5.079477804499688,-0.5634244936846389,-2.5140260018921112,-0.28699271628922496,-0.46741984292355543,,0.0816821707158022,1.5289383466223994,1.5538980264792057,-1.8433941194933468,4.016322843082976,0.7564938156197742,0.27888957149009297,-1.8011319954170157,-0.12420778043328307,-0.2758572305172513,-0.4609704394341385,1.0114299641661884,0.9635803369077101,-0.8795943809623785,3.351163907293464,0.3859186146456528,1.7372251966172314,2.9297752077698025,-1.2425147039779705,0.28328769974159673,-0.020946892046658228,1.3306746611074782,-0.23553572620435004,-0.8595940501666677,1.474984090872189,2.524313121113897,3.231710714523617,0.9139923555161467,3.1862431225601062,3.1417627716267216,2.4716289259440805,0.0,-0.16235224385070524,0.38616015828938366,0.12566515682626012,-2.565336397220297,0.41880024054390397,0.6912892918336855,2.5620068074768687,1.8192806006560813,0.1648151061249381,-1.896682359730406,-0.9881095096107906,-0.03205323830629547,1.1287894928196485,1.9554229845057503,-0.10227450038563513,2.1281670431504196,-0.20429305035590817,-0.6800951951833945,0.446943999582472,0.5383242157505075,2.1495957091349105,1.0006347812018923,3.279202752203303,-1.2330793480193059,-2.1423636345052954,-1.6523018547025647,-0.6384979391321877,-0.2309358145320517,0.8009936815551955,-1.3066388469895607,1.9227567093740072,-1.632822779956833,0.758196004233902,,2.633848779296466,-0.2002769821231487,6.220200846405999,2.5944042145263246,-1.623622162510363,1.5112604032915478,-2.8355688158827608,0.9250342440211723,2.7424516175387215,-0.7133288793755188,-1.669399753742029,0.04406592547192556,-0.820851384733845,0.6451576680429838,3.256878867426405,5.132199212336186,3.9750955888289363,1.5611183019252683,0.7336077548372177,,2.80496878529386
4.360877734842372,-0.5664723448663644,-0.39689055586282773,0.21607148682993849,1.2485878590400512,-0.7412823893131693,-1.0596673783447752,0.5559290229455671,0.524902631108648,-2.037540571256613,0.5410005211971214,0.11207123895335958,-0.6124276171097343,-0.335884435294298,0.6541242351826293,1.0755605930549583,1.4731139330514065,-0.08074167578131508,-0.3588971162162724,0.3106789410481481,-2.1671341994216275,0.9286885390649591,0.6633602041820064,2.5232763144819703,-0.04872666025887984,1.2687139443746664,1.5029578469658134,1.2688016559848192,0.49159440616066696,1.1319969370625405,0.3822924796604621,0.523365465472736,-0.6098490396571288,-2.2815970333884716,1.6637045907967885,1.8199930631164873,2.548433402646433,-0.44943450061415424,-0.9866025717554683,1.0627166001289767,-0.8079728573305966,-1.3292676902626699,4.131068413153027,1.1969856637604748,0.49622963726176916,-0.7306055957742807,0.3829738650182879,1.2218094482062902,-0.6869672423384321,-0.13253419237675423,-0.28678921225991916,2.7693208134653258,1.0218109642223805,-0.41961239753847135,-0.565956930356748,-0.27488994258756394,-0.4616220130340354,-0.9960962477792434,-0.4794797726191735,0.1660455368418523,-1.4797641452400256,0.6815161181597418,1.1514280823827772,-0.3561622856319002,-0.3074530761922989,,0.08806514598906912,0.2331791057220256,1.2230875271437958,-0.8139791660480289,1.1946031510544408,-0.3869072903534665,-0.8682850329484126,0.04970360756120229,-0.7888135955792519,3.5485918647630177,-0.15463309895795696,3.1671170628431833,-1.0569186687764076,-0.339861438804967,1.8900529049392212,-0.28207309038392747,-2.08470145829881,-2.470558289894109,-0.3534455077011667,0.5898922111795102,4.552210377960497,-0.886237555753544,-0.8444455226558678,1.0493989145353932,2.251846604531793,-0.14907345168675423,-0.3680657327220005,-0.09257762410518344,-0.7826563561659672,-1.620592915694108,-0.6617161108338099,0.21223626758621883,0.9211105182456603,-0.26736616713510797,0.8108241626454626,0.7408745851196441,-1.2211071724390843,-0.15562325245050967,-0.26095212623429287,0.5958491574964864,-0.0951388228382366,0.9546829344797558,-0.1743443597724159,0.32726468861312696,-0.8274941156725779,0.6998072901360786,,-0.26268988761191103,-0.36714550704266546,-0.0830596839625275,0.3116868488306501,-1.3674129591118245,-3.3317662089986766,0.9669126584206378,1.7586023423712849,3.6628340331587017,0.8419032828151485,0.36277044860506535,0.4635638721073754,0.6502878599049744,0.6191155054368513,0.3377627771375291,0.1725375651828731,0.5565462182532066,-1.0325135046774458,-0.6065977381441212,0.7832610062540768,-0.7894391149356417,0.2897596193073948,0.6070785136488288,0.538166558453046,2.8624910725064234,0.5961020111963533,1.3962738525099994,-7.1497173750143865,-1.0723522676638897,-0.8384658440043657,0.3513390400459615,-0.18857081784806606,1.364850698894693,-0.013740795060812605,0.3983683176391972,-1.0877611610591753,-0.5213134166243028,0.4353609398514591,0.7770023286549854,0.9081943890499877,-0.37396681162820133,-0.718087963689984,2.7973085446836077,0.08816732987035891,-0.9142167013388991,-1.3143674229370572,-0.9062665387684077,0.5171362559758252,-0.020467919242395105,-0.42055196369663594,4.097554652809121,0.5188720716425177,1.5265181558713037,0.22133607168131064,-0.0050287693903694475,-0.10625186327639646,-1.7110509149254272,0.620949228029799,-0.6426009328452498,2.390814470816216,-0.8489503300627033,7.834324326790987,0.012883557127674194,-0.18169138084229708,-0.2627730050160926,,-0.3614435633722657,-1.0893986568227931,0.882511343780279,-1.915346573026555,0.10726202034163634,-0.6928129568462338,2.1819875310742587,0.744543868762304,2.721106878565349,0.16579553784439316,0.36065991367268957,0.02515108439220537,-1.5556772032255917,-0.15539209501469475,-1.155040416698494,0.4437830170924917,-0.5220314356348621,0.999127724299842,0.13655297033747793,,2.154284484314406
-0.1059788639146575,0.6806763069997057,0.18846589015195647,-1.5708418749491138,-0.28972769369265405,-0.26619324159217195,-0.3667840506964337,1.1677849202192725,-0.413187268167603,4.503759682690345,-1.0478652345156103,6.764758419176742,1.1956205746936233,1.4410303236369826,2.8470614860763854,-1.0641153872847031,0.5663593326135308,0.007694994671303412,2.5143760049145536,1.924214245263589,-0.16891075889426954,0.28004573005038225,-0.7514339982483409,1.954601252428212,-1.673699929621908,-1.1173862274342694,-0.6304881055038569,2.338738914488725,-0.5568493349286996,-0.17073829219510506,0.043103960707124855,1.2825347515043495,0.0,1.7178775885874797,0.5613842008343584,-0.061217049825479375,0.9021255817819096,-1.028921568309371,-1.6795111106470584,-0.42755224661762403,-4.398590730855789,-0.21517279352449847,1.3653705729929744,0.24283403462066477,-0.9809740259322575,0.17149804453138184,0.32701094641232054,1.538662317321604,-1.8041751689309882,-0.9380469656458224,0.34711748404943066,-0.17594263482302308,0.7971888975651265,-0.8981983584792519,-0.8865998032391076,-0.507757049650226,2.373374556697283,-0.2572122202475602,0.6204834451907892,0.29355349632387284,0.3681374736314247,0.4390824224771883,-2.1214204983574736,0.08647526929044247,0.1670486429295348,,-0.547467437366167,1.017801376101768,6.172794018248862,-0.13677828371979617,1.586407182674665,-0.04608213615903134,1.528675341381791,0.15730471519030953,0.03019854245158715,1.2713159121242823,1.0146840016904246,1.580663046282349,-1.371473695420522,-0.3806843314445585,0.08255936434700129,0.44451298224843505,0.9076618432370509,0.16690926921330007,-0.5457046510577435,0.13194627827808336,8.092755714852217,0.16257026763191185,1.079974459579991,-0.3335263505707342,1.8038242059038145,0.8360667819163004,-0.13260418760047132,1.0707309224089911,0.8677180189669009,0.006456399637544408,0.9232198917365375,0.31209930101503414,-1.6980607487004362,-1.0471636857328326,3.2453195885778774,2.1131995267057,0.9699488974191262,-0.1480586520835936,-2.150269078583944,0.47300467953648173,-7.808696109466173,0.013329937177952722,2.7506949622498666,-0.6132560865100167,-2.104111090605054,-1.6185034809256704,,0.4551579322946031,-0.043719491745886074,-0.04374856560978024,-0.8298874735527373,0.42613700626659146,-2.2815413779689875,-0.743068617377185,1.3771641253550682,-2.701335474496802,-0.787172977464623,0.05382821305353058,0.03691248781381162,1.4316260522223567,0.6973548832750476,-0.017946323951512078,-1.1059770077122666,-0.6289389880681728,-1.1701660701834649,-0.36166329417204324,-0.9300609760554579,-0.9576772935523836,1.7028394404820846,-0.8213147132790088,-0.17842860970951335,0.18205249986453786,0.27825011593753946,-0.5846967853483598,-5.539087093167749,0.24814151358496517,-0.8348503892945836,-1.2804593744259685,1.9837518279455901,2.8877500105263243,1.181651161028685,-0.05979547090373405,-0.9497671213640868,0.3842989455928203,-0.11670760608165631,-0.15852656253467767,-0.2934884370041413,0.21020901066286513,0.4265566062962911,-0.7428072844503308,-0.6646854394462998,-0.23065802330428653,-0.14950202649152144,0.27168294508581603,3.654389725936391,0.7575803137372716,-0.9421190263522616,0.6546944336736082,0.9994511706035158,-0.7305468134631066,0.0,-1.2610503373699622,0.5850165922960837,0.06248812051969921,-0.03748591264938206,0.5706662332168211,0.5592090595861743,3.4454313821162152,6.7977075249681995,-0.008595058568272584,-1.1417120262098734,1.0203373418014694,,-0.7255094338950108,0.7584213599284295,-1.5345876258631042,-1.3203561484574466,-0.567402994988786,0.9031028461138568,-1.4015605197413405,1.7195546519120253,0.9997058914699153,-0.8433824245879795,0.5697205925240922,0.7043990881492324,-0.9341453077471251,1.1381296371739236,-1.1985018726591745,0.29455053076399285,-1.7209491898044105,1.3291438387990961,-1.9545468417080936,,-0.422738005969725
1.386786755217595,-0.05878986529849195,1.0695487840042261,2.0027144865614632,1.9147723273085226,0.7302774828076286,0.3018773231962202,-0.35688551712239613,-0.004556835249391877,2.303716971996894,2.2610171821654035,0.8837572184115183,-1.76315466344944,-0.02291451879651296,0.6499403213293009,-0.026895823373251915,2.4145606192848224,1.5776557581137496,4.16891330536886,-5.379191426807606,-0.48825762251938354,2.561232822847792,0.16479892987100175,-1.1015354615766082,0.980549363663874,0.7875868162566135,0.7786964557078502,0.13150409558941867,1.8473933882915627,0.8741848354685056,0.4955894911940373,0.35105346143433636,0.6672764876558102,-0.9157961940950643,-0.05793814115226947,0.09800277618274844,-0.26990142018968877,-0.7372861347996973,-1.701828876467748,-0.13925736543956013,2.4282867618286907,-0.028129774882679204,0.09249482834858824,0.20316374773896584,2.3803235013252433,-0.19260608496007858,-0.7931370365031776,0.07184687040742155,0.7334795875136857,-0.36952961023446473,0.0,-0.6864594765304655,-0.21260245013129397,0.939905657995177,-1.1374917496376313,0.4228631498514712,4.121513590335768,-0.8570321713624596,1.2986111145911527,0.9400445600624696,-0.3080958431624592,1.0018214936247771,1.2158623168800675,1.290249681992095,3.123804083796311,,1.0026566942547666,-0.23029978519429894,0.025363518534127216,-0.35952024557751594,0.39590935733457844,1.0077033756975995,0.36623996000704206,-0.23261002503875972,-0.07043866990256165,0.9005628140860589,-0.04576557078947996,0.2186283323302618,1.1289693689472413,0.6687385221979758,-0.3590517710762353,1.7299689062019619,1.3992190085919898,1.9505977913388595,-0.34293552094268875,0.8491825450067436,-3.546395181688178,-2.061339182022126,0.8547545914439514,-1.0876160090481424,-0.7542820960703467,-1.0068112169945964,0.5880632537925479,0.02037717513909687,0.8915239976284184,0.45216520850164255,0.05789804927207598,1.1333924509429938,3.746292546809493,-0.567221394352746,0.8085418500170416,0.5105329810223935,3.4469811845098786,0.3277930149521824,1.0945816964539778,1.0221409933526715,0.22954154354200007,0.019967650111696322,-0.16997340042935738,0.866474530599759,1.141889825261444,0.2323648859008154,,0.9279038081544844,1.593348608151124,-0.11819220183353352,0.5671418756057145,0.3394630274307975,-0.7948464468770289,-0.5711459411023467,-0.7924368754852473,-1.380223299177663,-0.8895784384861272,-0.17678089101450523,3.3210332103321027,-6.218488138998845,0.5825296694883741,-0.23344537075601357,0.7333394554366768,-0.8101251652434693,-1.6690459639131627,-0.35163926396423184,-0.03857867829055728,1.180229121562304,0.3143105012813674,-1.977355410791759,-0.7447864945382299,-3.738313610639432,-2.1119161399722475,-1.478591969004217,1.4778352429395847,2.8009359433222913,0.04317446289203719,-0.9703187487278275,0.907743475257794,-0.3007129526414465,0.38022616891351113,0.7614129224821298,0.8705557187232538,-0.10440493916562543,-1.752629014836915,0.2092962206185156,0.7260629107131988,0.9739310967303405,0.12926869062110935,0.36307001155833074,0.0,0.5806724348645931,-0.5172234338629123,0.7250856755230073,-0.5985483859990537,0.7315580456979998,2.869637400294156,2.448523602647845,-1.4136540056824076,1.617318952834701,-0.17877927893406032,2.3813198817682624,-2.4692049087327916,0.22528314764471702,2.584816817576807,1.6644620501108598,1.0885334208783792,-0.6489127828062324,3.5701052791307752,-0.42540644009113615,-0.2594347203643599,2.2144732151537783,,-0.38977662740550256,0.29245237093316057,1.0916995114988337,0.1549215302384166,-0.08082338713160109,0.38038181370541047,0.47605910255441586,3.023690879979002,0.3565926825517485,0.47694968529119475,0.8279669132835954,0.374729413870023,0.7465007144673574,3.7703224116917733,0.060655711002644,0.8076333157232662,-0.42402571347004425,1.6871975867750022,1.3908259093817543,,0.24121254630598
0.9791450804944146,1.6397089218975536,0.9625086724774023,2.188360009171353,2.6610149692521956,4.872474255706938,3.582171695566716,0.8954059491034227,6.4107227289159185,0.9727414833561765,1.7772197930202571,0.014850982118885803,-0.07400909541642742,1.2833736215718927,0.49626790680448174,4.451329484960365,3.7102598625813776,0.6818713129516318,0.6875619410436684,-0.608132860544075,-0.4809279739494743,2.0071504318333933,2.322487075568147,-0.5545225428733591,2.765807562716205,2.3442763196399596,1.5167348527875824,0.4890591012331136,1.2126829669512729,2.581018205265906,4.352484962384007,1.4117949674266272,1.0361886160714207,1.272363996638548,1.0855327211535926,2.655736672981468,4.279429511261412,0.18168465206236384,0.3566280440322256,-0.046486221160224606,0.6793293838250225,-0.08440375890487184,0.2541310125920626,4.26577213051984,3.3251011770080163,1.0506078350701387,0.31759787707219544,-0.2023350718187933,0.7858096121788449,-2.777124667978126,1.2156551213243993,0.5417574669619452,0.9544937195212766,-0.8535564085027536,1.7537993736532975,-1.894878580319348,0.8701586759938484,1.8512841717491568,6.194939680292544,1.5385164804111895,1.9131698025746324,-2.596938577829122,0.713780935305186,0.4321851342586003,4.9138481598197,,-0.6909961270003651,1.9851173884250173,0.5165953480805507,0.14604112543519232,0.7083781708060233,2.614759326580973,0.5514133219741923,0.24148758057336295,0.26178953334736743,-0.8654879024184048,1.316272999244772,3.5159771661237293,-0.32221373257245167,0.3558718861210064,1.0566765913894605,2.1751199545107625,1.5387178516499622,1.278725601316788,0.5368195202439363,0.8420543727172713,-1.8611047217107823,0.7457668752199664,1.7192320481759227,2.0453572634036243,3.2121534365737947,1.0768788724654144,1.4332815815063737,2.301654395196251,0.5891092147785049,3.195936850531278,1.573893685933525,1.7524569136682766,-2.3362360280738237,-0.5108460549326788,1.4261209231470229,1.052153039189685,1.1106966909953275,0.303380661073005,0.19836697465802633,1.4904118188096893,0.4809368041694073,0.738966982017697,1.5465415157277729,2.264746224216019,3.405520049930666,0.7882114002790042,,2.7199053132823003,3.001413368154515,0.23665334514930692,1.474938216827404,2.2667007421784513,3.004508904054215,1.8725855881455145,1.9197212326291568,-0.883274308555404,-0.13342704933156924,1.4090958562352762,2.7857171921503054,-2.189106103206373,0.04454588310158769,0.9719269847805023,1.7502336283702347,0.842262231356905,-0.8124148679978571,2.6636357517689335,0.3602197140024188,-0.6675508620646586,3.181494227457282,-1.7413751010237122,-3.4417233030577754,-1.3484357848608464,1.8687664041994845,-0.05021336765249629,2.4451650168331396,-2.306428795229909,1.0788692522826437,1.362093750141713,3.635034403182291,1.078027494354683,-0.0811761349980511,1.4573307059358331,-0.21263442239289887,1.9393750490406925,0.35678503367302383,0.9290607080399527,3.5067207061072025,1.5580857629959421,0.49797861334297533,0.9228523034322533,1.6285029647122862,1.6678288371495764,1.6144531153668762,2.7127338172166615,-0.1982556466324059,2.299774962844725,2.226354256682561,-3.7830827611868623,1.3512030801127173,0.15159064505096964,2.1491743696329335,-1.4363099712819904,-0.2168535186760856,-2.4101482825338083,1.600106145963287,0.44651475063590684,1.5215801024140552,2.0994351087110674,-1.425661799496536,0.9578876866111585,0.4569218243902107,0.3734555987672028,,1.1371986507682896,0.4923744055538304,0.8862801186482416,0.9351715982730324,1.9461753807454407,1.9259031774414348,-1.5949281557670947,0.0814682170666936,1.2054609969234908,3.2120192468020337,1.357073973761902,5.070921053441824,0.15599607702343476,-1.6220202665033212,0.772840642105721,2.257832701764295,1.2538453300743324,1.8364355971014268,1.9204392326336528,,3.272523804198224
0.7253859408789642,2.1919930421547607,-1.2904245399265268,1.2508737273599024,4.201381325111742,4.196936116554206,3.2811317149161967,0.4603609046727186,4.7776131901630325,8.184771702626525,-0.16499549390517343,-3.6965526146193084,-0.3795945188902805,1.7535908568814706,-1.7313211621172941,1.261746931105856,-2.1574918852987235,-0.4063575494277938,1.7071433932872582,0.45373131422465907,0.1562018461063186,-0.9075500471812714,2.6123049493193884,0.9722574633064696,-1.2421725272944828,-0.37070091878262934,0.5920012887810744,-0.7390436791131605,1.741375947670587,-0.6244340592611142,-0.6985803597820528,-1.2196583597726907,0.28655824584009615,-0.41483751497072285,0.6307644387822275,-0.3934239063386302,-1.1841018317873098,-1.4881645436590762,0.6655089500826827,1.4184394139813206,-1.3081792144340798,0.2064956241639937,1.2962322483623723,-0.41137189710067634,-1.4896278156375065,0.2546140240675898,0.03274837532609709,-0.18312941975964225,1.7739601510083247,-0.9489779883659732,-7.059857178367068,0.6781857403985736,-0.42209250955611566,0.08944311963001716,1.7674799818227838,-0.051797886649129765,-1.2770635994587276,-0.2628782525197937,-0.512540631507663,-1.2397084974999473,5.776178624362016,-1.3701099265702177,0.3284397323571886,2.304516947217805,-0.6165846311868228,,1.1172068475539643,-0.40175379394808974,-0.20809959129085565,-0.32598437708103445,-0.6635053685203229,-1.010353495589067,-0.18548698459317503,-0.23260082360445633,0.0803349448750712,0.3819588391031248,0.04067030049923481,-1.326394583931212,0.5872939219357054,2.033100774477936,-0.4288494343862359,-0.983137247465371,0.32357170936803126,-0.7594415048405079,-0.136909190673129,1.0941555658911417,0.41723980110282,-0.7567072836789035,-0.7855747875299857,-0.9645028364469566,-1.0906503219911379,-0.4735124092245413,-0.1208447352253117,-1.1647567988958385,-0.17724510962117135,3.445911594293438,-1.2760600328718286,0.669477207462088,4.496541538397314,-0.06847677595628321,-0.46869317652453724,3.4018442854548248,0.4682230444320812,0.325733829472008,0.874371180048028,-0.442632631934714,-1.9829119161305697,3.7139880375899104,-0.6706703522565083,-1.0691149439607361,1.1992146161880601,0.12880602440543676,,0.10909274039050398,2.0959028833827054,-0.9268963583434431,-1.1620250126116671,-0.3473500107896821,-1.1181324613082744,-1.0098771381904958,-0.4214959201027879,-1.3794466874364142,0.8076787943842367,0.28853387717258094,-0.06949694279901886,-0.6894137127404831,-0.4088633867164071,0.9491993410221555,-0.6826825366811451,-0.7339789368676297,0.45341166163366253,0.5322050277700052,-0.08972582922455175,1.061119353714357,-1.092042234444035,0.8948895187679717,1.979073371077189,3.1164525616021788,1.8447902710502007,-0.13954786491766624,-0.3896190567269642,-0.6226450552848983,-0.5763754334766613,1.3457740977729005,-0.7263031935225928,-1.3373094329336088,0.08800878989245753,2.2875958580650835,-0.58912161932132,-1.1847776720423364,-0.9480339436883312,0.05708262852204271,-0.32937394493829375,-1.344239446904416,-4.661410878456862,-0.782727074955647,-0.2538435057788724,-0.9832311373963343,-0.6462882240380496,1.4275213189840485,-0.06622024236293544,-0.6902014379865928,-1.01876360154054,0.26447920989109974,0.5550399065536338,2.245012641398003,-0.11344632978902425,2.7833747528294817,0.010871891810904089,-1.6510142793963678,-1.1625007621884786,1.092795210679176,-0.42081272968006456,2.3434982285810424,3.7758270690684714,-1.3863695533430809,0.0336947801983678,0.19411944433596062,,1.7893929142740461,0.11892345272275229,4.281701909462887,1.616165828677052,-1.281503590676436,-2.6352669430882103,-0.4136655328342398,-1.4046604123214346,-0.2789077096576942,0.41392280117269475,-0.8783965920289183,-0.7757438056545496,0.7242486006983295,0.11305234776186612,3.7293214726268786,0.7122534312067552,-0.981308821212501,-1.5035739867486408,2.4226064872098885,,0.5685450471286213
6.099354675785151,0.9910783996484485,-0.34149855917166017,-0.6720689165454208,5.248405945131851,0.12798580417883176,2.2299985903366792,0.7343242314542975,1.7911932706325073,13.38522149047494,0.5095733826523619,-1.2486590930982477,1.3289926423068588,2.2348208155811067,0.1695183932606481,1.6528936585158638,1.9185322231844992,0.9406862405344496,1.254110128999586,-1.7314486451715294,0.5068672432135823,0.3694174618528834,-3.517809465634869,2.034366880084626,0.10213052730314587,0.4664911701848462,-1.3918787370536534,-0.3631862155182186,2.709585584389962,0.14785230466540789,1.3863082377211011,-0.1247256923526896,-3.5867412863010983,-0.2380416340084457,0.42478109385111207,1.1011434672332676,0.8371594687697215,0.2869675518123449,-1.540433569138988,-0.9056517646755524,0.5581105371576633,-0.04683284515021313,6.3299734781894434,0.7585598265986704,0.7592634133536613,0.04937313074240279,1.0695222901238033,-0.15069629349985236,-2.4177672875067224,0.4958806242646663,-0.7564596235937193,11.239270773790878,0.6951667973843945,-0.4803331916119702,-0.8090614886731351,0.6589683684002257,0.7110425768868334,-0.67022794355317,0.5829693690738491,-2.013886748257143,7.617747189959045,-1.201431249747209,-0.4479736352521302,2.213858695982629,0.8172732072311506,,1.2211661987306055,1.613455651781126,0.1579748026475647,0.28401335924124194,-0.8577291921040731,-2.5998210590779114,-1.494710255503462,0.8326394671107407,1.846270287232632,4.1583573298494825,-0.3320039179666834,1.2311520756945304,-0.4978691375049582,0.2239652637003431,-0.19356959730377765,-0.5003470863179094,-0.5214224038533222,0.03825738490561559,0.7540381189390599,1.7943607858717625,0.13850793322063293,-0.5789142601012265,-0.023997864795777257,1.6054190835569804,1.0956593797149194,0.7433838598269515,-2.606105674212933,-0.09064901188273744,0.5094979900543306,-0.8433190427138526,0.6924366617942601,0.0,2.5441013018321135,-0.66796722140674,1.9907203892301828,4.522574542837821,0.21508484225210012,1.2136684809687992,-0.18807830729523634,0.9224249806030205,-0.6394573266348402,-1.6439489758900305,-0.1969368921060921,0.01286837897911397,-0.35373185596739853,2.2603992369682357,,0.24022861594372724,-2.912624693397259,0.4589612144566102,-0.09436784071018556,2.2075942565421336,0.03277922968911717,0.46020589378583665,-0.5224823426439817,-0.1320430427278363,0.4578329202376663,1.1811051259436711,-2.5092679282815666,-0.050301467391677956,-0.20324281805119693,-1.430281021016544,-0.7384090546675659,2.8556854766741857,1.8928363761006262,1.7756707211481926,2.168329849824069,-0.0769976877511902,-0.06494320770239481,-4.678265115489133,-0.8331652210248452,-0.30046169029845915,4.224853268569118,-0.23476529747764596,0.33124212602775316,-0.026209464890436518,-2.3617834490684886,-0.14493565847121248,-0.49965401110799723,-0.7617326873511576,0.14879483501553104,0.5253050832666917,-0.5169557069912178,-0.04611252000507049,2.5978487166760544,-0.17115890512692244,0.7175833381951158,0.6220435732664731,-2.868147602351012,-0.4276436694568342,-0.5487533227365615,-0.9929880871247021,2.3444789076727313,-0.46914035354277406,4.8520125645239665,0.8737095154609298,1.1605323215584384,5.47971235159701,0.9416052457887458,1.7598710025962028,-0.07227797697793026,1.0890901003663744,0.19013436862385102,0.9692153098187273,1.7782653791346803,5.404904450852754,-2.034785570482367,-1.19275597854398,-2.115377375946903,0.35147038427931765,1.431458432930044,-0.10148024505667319,,1.1521479394573264,2.009789079289659,1.9042921065744567,-0.21251828153486807,0.7793703686779008,1.9249288199971515,-1.906713389493031,0.2122864548784964,5.6398276942585035,0.17557284156002329,0.567847403688293,0.6922930018892215,0.7035671769843654,0.6022994819196326,2.84140866453253,0.282885154751189,-0.755073924951255,-1.0553156095216343,-0.3066127685420361,,0.625546189485493
0.0,0.0,0.0,0.0,0.0,0.0,0.0,0.0,0.0,0.0,0.0,0.0,0.0,0.0,0.0,0.0,0.0,0.0,0.0,0.0,0.0,0.0,0.0,0.0,0.0,0.0,0.0,0.0,0.0,0.0,0.0,0.0,0.0,0.0,0.0,0.0,0.0,0.0,0.0,0.0,0.0,0.0,0.0,0.0,0.0,0.0,0.0,0.0,0.0,0.0,0.0,0.0,0.0,0.0,0.0,0.0,0.0,0.0,0.0,0.0,0.0,0.0,0.0,0.0,0.0,,0.0,0.0,0.0,0.0,0.0,0.0,0.0,0.0,0.0,0.0,0.0,0.0,0.0,0.0,0.0,0.0,0.0,0.0,0.0,0.0,0.0,0.0,0.0,0.0,0.0,0.0,0.0,0.0,0.0,0.0,0.0,0.0,0.0,0.0,0.0,0.0,0.0,0.0,0.0,0.0,0.0,0.0,0.0,0.0,0.0,0.0,,0.0,0.0,0.0,0.0,0.0,0.0,0.0,0.0,0.0,0.0,0.0,0.0,0.0,0.0,0.0,0.0,0.0,0.0,0.0,0.0,0.0,0.0,0.0,0.0,0.0,0.0,0.0,0.0,0.0,0.0,0.0,0.0,0.0,0.0,0.0,0.0,0.0,0.0,0.0,0.0,0.0,0.0,0.0,0.0,0.0,0.0,0.0,0.0,0.0,0.0,0.0,0.0,0.0,0.0,0.0,0.0,0.0,0.0,0.0,0.0,0.0,0.0,0.0,0.0,0.0,,0.0,0.0,0.0,0.0,0.0,0.0,0.0,0.0,0.0,0.0,0.0,0.0,0.0,0.0,0.0,0.0,0.0,0.0,0.0,,0.0
0.47098071184044077,-1.9136320702957788,-1.9596282348764427,-2.019897330963716,-1.7401420156257341,-1.200776249435609,-0.9732196632255552,-1.0907121929955244,-2.2257074699345236,-4.3596534774212214,-0.438477974863849,0.8585748871668963,0.85297745319175,-2.5883595264722503,-1.1604691538660616,-1.3133225685117211,-4.9993905992946175,-0.011225839560080608,-1.276113817598945,-0.6616059501688865,-1.6947896421011022,-1.3419167895243445,-2.407966663674377,-1.8623633719566546,-2.4593225254015527,-1.4095413192979356,-1.8472884257235145,0.49210086795232755,1.2000204885012078,-0.9042336908122395,-1.7140866433345336,-1.0114904283508253,-6.052096283034059,-1.9923655711774346,0.9594533534887484,-1.325916188144094,-2.946439190234451,-1.252562874896468,-2.5097809533080606,-0.8213828751412189,1.6373018459731936,-2.4552523278298155,-1.8560093937207034,-2.5044780412085577,-2.627916596136004,-1.2127980463449206,-1.1121943804634271,-3.7075923023050184,2.405648440491448,-1.3174328142162683,-1.8314671699561136,-2.43052739268671,-0.5556614658690395,-0.4602150460027654,-1.6095690911330895,-1.9198276643670353,-1.97346036066689,-1.175134162609337,-3.261896765569461,-0.7151740014153862,-1.9408880255113004,-0.3230120171881845,0.01731951743202398,-5.171106642573397,-2.656807984120746,,-1.4457999827235946,-1.4480589301939295,-1.5015764837999046,1.5962997409632473,-1.5462225008208708,-1.858566838678044,-2.4278213442937124,-2.8241082718311272,-3.389156211409372,-2.0005199870558266,-2.4745145183011963,-2.2462069670805884,-2.0423880384703663,-2.4504837754748987,-1.323707380335093,-1.280738948641702,-2.7880247935958224,-3.6240192607611132,0.4626533911668229,-0.22383784163371168,-2.443527213368002,-1.7297544440469936,-0.04199325385183528,-2.014380007589689,-2.5705142472357223,-1.357741690282399,-2.5516066116284764,-1.693719390891435,2.3425523220021782,-2.515035158433798,1.3295111909955581,-1.9253509304166694,-1.0590184228282284,0.08620911182357638,-3.610503282275712,-1.1627016303151994,-1.5202979957075313,-2.39058823970677,-1.0978249086640357,-1.6221301042696257,0.046805417453121834,0.019442887117215868,0.08456315517089141,-1.1577062313163133,1.7394368775828006,-4.187256109923343,,0.7164916615194583,-0.8795122482445739,-0.3821858754885721,-2.8494922036493175,1.5644388128888131,-0.5078655618829586,-2.434641809073379,-3.6234271760842485,-1.8509257352109065,-1.45118772314482,-1.773421826178312,-0.4933750571966433,-2.8536953595592274,0.05701352534561721,1.7242196165781154,1.088632890716923,-2.243431888587455,-0.6716222190649268,-4.648895722016211,-2.825568296486003,-0.4203164854162611,0.8566724769202949,-3.156356242211922,-2.428279939245004,-0.8331769855145055,-3.2574396815379436,-4.611163524012795,-2.5392506387237446,0.13108168025914857,0.31886054302752154,1.8809783359247767,-2.779773256529794,-0.03386937801739265,0.14183135744259,-1.9298414298090871,-2.9531036492989493,-1.1303318092110826,-3.1984028981278168,-2.1860263356973664,-0.581229057154431,-0.603475414510557,-2.71502373151582,-2.1695675384946322,-0.1359417170631705,-1.8449999685740126,-0.4766856196638858,-0.7673205958096507,2.3383170977631096,-0.49212540756038425,-1.6663201061055233,-0.8946285159392109,-2.17659106167446,-1.8183304041275106,-0.3513084750765172,-0.8201506655486024,-2.4453758185755126,-3.8051766336494874,-2.3497673585408774,-0.938635689706302,-0.8538718209098795,-2.136721909862882,-0.08135814803825747,-1.107611941196751,-2.1749918398538015,-1.0574558631209374,,-1.1860005792298733,-3.1113206271632055,-2.0076419686787306,1.944219731711061,-1.5225112094032434,-2.605546835562589,-1.402288890712422,-0.5790118290195934,-2.152317061989817,-1.7297909760767505,-1.7708961879798868,-0.49786152594916144,-2.4951981095029385,-1.2160894934317046,-0.5920513197755106,-1.3399191112024589,-1.275963081414111,1.324534087545648,1.7135298142639588,,-0.7459979241327241
-3.109061793532053,-2.8085513876706214,-2.3373888552489785,-1.5791609620073532,-1.1101598021578507,-0.953226090374415,-1.931679512565987,-1.1692356643030255,-4.5486264895141515,-5.107978287803771,-3.509496401983303,-2.8633373647143356,-3.3375807444054995,-2.891596561141041,-0.8316512715741187,-2.332070820725518,-3.641275025329338,-1.4672934669892834,-2.857685807408439,0.5117727588942689,0.4266876021241872,-0.8316507156248654,-1.917462490115307,-0.8030592734225572,-2.113956245133486,-1.3848404190099584,-0.8782906197244977,-1.713907720266017,-0.5568930262058736,-1.545616490080326,-2.26574089484054,-2.0562572069597995,-0.049807039523275254,-0.8642674926042759,-1.7627215812138552,-2.8674300922543194,-0.4193223664564205,-1.0060184720562249,1.25041571042952,-0.6998675978181268,0.21842884110971905,-0.903062968609547,-2.5178523422245025,-2.171259167996298,-2.91343826646544,-0.7637339350401784,3.2103118994890156,-2.5896142406821587,2.7711326498073507,-2.2496158433470637,0.09706481595184169,-3.409282598691643,-1.78631933958463,-4.239965647960053,-3.3381244389903086,-1.7024120267611131,-0.5293300937174616,-1.0049871920419062,-1.0659025709172876,-3.3918491568315057,1.487707099805391,1.6774779332187295,-0.2595570171799122,-0.7994061331390911,-0.4680499905067359,,-1.9722215067181081,-2.7514626241469164,-0.6341202632358378,0.9545522540116869,-2.6025528302458856,-0.24847023765377507,-1.387021369343766,-2.8552087238362556,-1.6948833968081778,1.2958251261758535,-1.1547848728740817,-1.33300003715362,-3.213371539520693,-1.058537337517218,-0.3685346058596384,-1.3291974905118242,-2.471818321881214,-3.0459354106056713,-2.38385763589426,-0.09814740865305982,3.638950341295044,-2.527012950239327,-2.7911203903256743,-1.1463491541417237,-1.026809364824588,-1.4063358221323652,0.5393683337258981,-1.2716700502494738,-5.238276440475498,2.5300663848128346,-2.397912051008444,-1.4436413368515422,0.9095480299617487,3.583427000602346,1.096476837400684,-1.9494037464854008,-0.5085333354681087,1.6744855822782512,0.21538325952812354,-1.67399346575956,-0.888886884392226,1.8330169494985116,-3.126313467840458,-1.7699165038692621,-5.355898735735353,0.8440424397669233,,-1.611675485634123,-1.5801660512962834,-0.2116652849521783,0.8142871682000896,-4.807586146873765,-2.815734968371908,-2.4757118917118404,1.455574305067775,-2.3320485017252035,-1.94718511014631,-1.3788368556349129,-2.962961504536288,-2.7613655650824853,-1.3596494197552045,1.7214048434680551,-2.8867152119135375,-2.1174192150356985,-3.2225527500593154,4.977844060860015,-2.1194060012435734,-2.0893385558887534,-3.3800025298048486,-0.4144710357245396,1.3861191196298694,-2.127283499232424,2.278201525491763,-1.8267239698054327,-2.6090109015316276,-2.539593872297574,-1.5234559328936248,3.998620521292784,-0.2213548428831591,-1.321132734238617,-1.7264723297355955,0.03165916926877177,2.455268054493076,-1.7498865615831471,-1.514367262551597,-0.8033914923823327,-2.14050594732641,-1.8510422225215817,-1.5848386500528666,-0.09082506285353897,-1.353301069288193,-0.9616947609817128,-2.993608544880866,-0.7217084739094659,-2.7240351551741537,-0.8506382072091312,-2.9667965128746587,-3.4521312856733544,-0.24112806895015826,-1.1935163163273699,-1.0680266038341268,-0.33272627686433687,-0.1500627290777934,0.5705502558218889,-0.7974086211550158,-5.369365297715389,-0.3367419314166842,-3.1662279052582787,-1.139947776554262,1.7043686155183702,-2.978612937774705,0.4083679651806893,,-0.29709034931469924,1.2258509988483546,1.3469462531593646,3.9962161366512206,-1.2343863100484076,-1.369363947997848,-0.570309215969933,-1.5790656799669622,-2.6994288175929304,0.06978796577159496,-2.177328325802186,-3.180852322109129,-1.6692894349688236,-0.4734891772166461,-4.381739063979328,-0.28591824522832265,-1.3887698352157307,1.0575326952221076,-0.6047489933277417,,1.2526596854270045
1.6862311253840856,0.7279390038500422,-1.06805889027215,0.7532363214895144,2.2786485523513145,2.017608753031497,0.17278318873568121,1.73816070599484,1.5626300371656354,0.592808582719373,0.21394951536639617,-1.3702944847900467,-1.4206438844653224,1.023228124655562,-0.23432348626467592,1.6740221242839803,-0.4873830991344197,1.0750669320843453,-0.4174590669291045,-0.3138732059188354,-0.36347680757026213,-1.9437256453824103,-3.3123526081280996,-0.9155744024672341,-0.792984776546235,-0.9949415918620974,-0.2921133252986041,-0.8026905611668522,-0.3910400209711784,0.5485036756801565,0.4022142539669815,1.6357607496633175,0.17441657690511203,0.15962427432680837,-1.0298020488291648,1.4698640544220876,-0.825336754811079,0.19883145134671487,-1.6246196920403078,-2.0791772961083477,1.403077648218276,-0.7852617765444436,1.4927083340442238,0.8752756388727523,-0.6765297604464982,-0.7912008013129301,-0.0952165884559264,2.6794407516197216,3.989875269660459,0.43716764730001856,-1.0019403372353297,0.4841148330749778,2.034307076870756,0.21196781618835203,0.16009427262007048,-0.3128130739884605,1.2300444909709496,-1.2709220625147233,0.5774254432698189,-0.4524383430213108,3.5691595657799446,1.068607219907114,1.6828408817430862,0.3108215156842009,0.6656872488844057,,-0.9811671978610548,0.36752315212675857,-0.1611599029551658,4.049872267115773,-0.813907769698663,0.7472758041013217,-1.1337414061647455,2.7466782501061937,1.1431773358352437,0.43810300581366146,0.5735626602542343,-1.248067262087027,0.45098227142945646,-0.18363663298403,0.0,-1.05670686339141,-0.08009751098503326,-1.2586966842838443,1.5540484963571632,0.4771827947427809,-1.6871975236370407,1.2873256506660935,1.9512222159183246,2.3038247781621113,0.02161702920573383,-0.3945404100307415,0.8388702756393585,0.4154996778092501,-1.0612151528588853,-2.2366697277604985,-0.5330941257480903,1.2594970057800303,1.1602990950403624,5.679838726070363,0.28743389239764827,0.8740984947376074,0.657173698255753,0.8773332154182967,-0.5290121760236355,1.1449248446152582,1.652115807737542,2.9449200649565244,2.660268519187259,0.43720179510808865,-0.2027604766705049,-0.49288562339151465,,-0.24683719865984388,-1.025067052278017,-0.5788994618194376,0.21699955656613312,1.2094014057361324,-0.27110951136631867,0.9460687174374094,-0.033999489540770256,-0.9137122497208661,0.6516115790749843,0.5870525391070025,-1.785274536083603,1.0922259803682444,0.8996649181958194,3.3412678340462243,0.483618647880224,-6.360092211556212,3.790694148545981,3.1828458640167145,-2.983897001928082,0.4957574988455171,1.5338858047716064,0.2837684580551336,0.27964911517672775,-2.200911012414386,1.5062309881267888,-1.6273826040970052,1.3764591907097667,0.3760890787606108,0.5119618798520298,1.2680448914122788,-0.5361466383655977,-2.3458060907762257,-0.17841654263738294,0.5379423933732586,1.4149108458811455,-1.9116622867736743,-1.3978682807335718,2.709472358994036,0.2987073892403824,-1.9161067882164762,-0.33532538918845667,-0.4090889791988239,-1.6965682279293182,-0.595864762931031,-1.193257441645268,1.8210888792945301,2.2007533222676345,-0.259379676710747,-0.7997385697392501,0.49578407036354744,1.0053215262807669,1.8577123230195225,0.26727270656923263,1.0604367598899378,-0.36738188933865823,0.8877773838262826,0.9202746822189578,1.0940110314282103,0.6727664351452667,0.5585811058803181,-1.8737791587073893,6.507358393714768,0.9971050342764132,5.284801243835968,,-1.096539689833953,0.01424443058295477,3.238669796965521,1.827379495406789,1.3293289140845932,-0.7470577585865334,0.8285069466400286,1.2772672212159941,1.769933287056169,-0.5579143690838118,-0.5965045639896305,0.08613343511099103,2.098012310886821,2.1883888545617403,-1.0677758174959195,1.5053766381236677,0.9768790212548728,1.6617320417548598,-0.7822698973720454,,-1.1821745266308081
0.6996953899497393,-1.386957356026497,2.0461267375804226,-0.5991126870436125,-2.4500196392362006,-1.4318989491771017,-1.5109717155493918,-0.5896905026765986,-1.4453390875175276,-2.783989714158286,-0.7258718706450784,-2.197093015874929,0.6680670005321021,-2.8223520633635535,2.484706338493914,-0.1531588893618374,-0.4844808591484173,0.06389012268699368,0.668114242185891,0.7836603431873979,2.7458689263926583,0.3277085215249498,0.8698140243036834,-0.21398696624841396,-0.5895672443022915,-0.4019746606174879,-0.48828509701205336,2.3299055473257946,0.6252125472769654,1.1474896086834274,1.9156566475541759,1.0011234295176807,1.7328600312680464,-0.30648918641263956,1.765728501749253,-1.0833860433276943,-0.7812458697867619,0.5456963550974692,0.44307362641087256,-1.0436621258775092,1.450830274324133,-1.0357642610398399,-0.1156756394015801,2.1459617385833685,-0.8227746093850685,-0.29726089574724224,0.03176692898945177,-0.8176058049479851,-6.488979310314768,0.9905906681071386,-1.6432729544034963,-0.2715497960896762,-1.7403083922162277,-1.7978863746563767,-0.011421009054168874,0.6658492835489582,-3.248879696656326,-0.8398741085582251,-0.16103112982944756,0.5344915269833495,-1.7969263265187774,-0.05564604091156111,2.729915369614133,0.005743826192383672,-0.5884858399124115,,-1.261134299709088,-0.912520382794435,0.12913129418208324,-5.186971107332116,-2.844975708122399,0.7216830370820881,-0.9484396829985697,-1.5494595224043062,-0.6994928790964305,-0.6455637842003425,-0.3365601451310596,0.09120613020259238,-0.14805445444955323,-2.327625717683046,-0.06410137009139616,1.2555017646492583,-0.32636422398367726,-1.1503817160691043,0.3005891697834606,0.2654030441988864,-1.2986924299716263,-2.206531332744921,2.707290304775456,-0.8085868502574312,-1.0444457184412226,0.5789111166230265,-1.1801192364052415,-0.9516894448859725,-1.6809401016499415,0.3916627914940962,0.011658492931698738,-1.3753377947429923,-0.95008307101202,-3.7928963126298454,1.029981393031032,-1.4187338802707727,-1.9586604688012765,0.1602079584532623,0.6564720639893773,-1.0982979532149995,0.37148031127347547,-4.324996231289746,-0.028322317130269337,0.5144482718101084,-1.0528282138886458,1.168219051313124,,-1.1922305565288505,0.5490357227873943,0.5067087703420459,0.07618706909806594,-2.7218384579201227,-1.2742082983218328,0.4269090612279314,4.856481554997383,3.066550674206181,0.03699497101266047,0.16894486719376545,-2.2439543863786215,1.7761104444484754,-0.12678736776059463,-4.154623374719913,-1.342694813675227,3.8871086934459065,-0.8879994412249848,0.7659252708350994,-0.16331140813373723,-0.5147617354714029,-2.227260859749214,1.0186803740358075,1.414998144422852,-0.7657179059897934,-3.354439557252642,-3.995861399037781,-0.05474828710387847,0.5352615742864941,-2.192446137499504,-6.8183898582742986,0.3531647231418189,0.2109195853614576,1.0037111312129143,0.41966555228014624,0.3770739180567029,0.8594604879146095,1.0278199394710308,-3.541218658091072,1.6428176350308021,0.1845873079556526,-0.718581483124614,-0.1064961136754583,-1.4781192744890537,-0.9713049050491196,1.6518676431867885,-0.9798614041490405,0.49692832591679004,-0.8801762295383764,0.13710782801878985,-0.5389172635340778,1.0388312250553255,-1.2922172392421216,1.4425325292205082,-0.9618707445325225,-0.0782178822393842,-1.898738051250115,0.5572575160670556,-0.22010075362660642,-1.4850456339730922,-2.486113252184141,1.4426612741829992,-8.386122221554515,-0.9266434246416932,-4.046079915739586,,-0.7592225325619206,0.6125342009908996,-0.9350250787263592,-6.306474325193278,0.2623719110276701,1.171868241521401,0.8989336845966589,1.1210310590332062,-1.3019528232234845,0.6857274792720025,-0.5732193183969336,2.4711150406893756,-0.9490225740908298,-0.6703790345089944,-1.6039501669111722,4.872885180035658,-0.43534081278163717,-2.7354107455378474,0.4380218213049014,,-0.1576567363922532
-0.5558655635629739,-0.007407132059344956,0.16616815993306666,-0.8808965786993306,1.8016224535470915,1.613345976615932,-0.29421724496497825,-0.715161611002213,-1.070877966373307,3.6858930453310235,1.4050161710349451,0.8093786857605645,0.047403716707372645,-0.14053195410314023,-0.5005777984129156,1.1760219454627574,-0.9599519553201263,-0.030033140974472516,0.8068166504567653,1.6106602873262599,-0.6981119455426565,-0.15136246658531416,1.6968781283829726,1.00399649088605,-0.27372011629585025,-1.418355235958968,-0.6182510984338752,-0.38629009200150666,-1.0499897106345801,0.9112850002062522,-0.16437659416015382,0.25095375937420616,-1.1572902340566404,0.8116099576367608,0.05163816008815214,-4.208704670974206,1.0441587570141575,-0.2850724146546302,-0.46116289033134583,0.8728338609519604,-2.012711379054255,0.5134210970537012,3.4467544431155517,0.9632061284067683,1.0471977197283877,1.708844898333295,1.979675621877508,1.1472194684587045,1.097893662621452,-0.7034554316663555,0.5421558207729937,1.6688578323122982,-0.6448265048156876,1.6273730828698207,0.10276597700469292,0.3041147262218269,2.3247528280039287,0.33245693346135585,-0.28050824750714964,-0.502709103529031,1.1154267885974178,-0.6867134912506678,-0.3155559854784995,-0.6770741621254572,2.251923854303439,,0.9021831454741669,-0.6159135696329532,0.06125687935758517,-0.9075429149983938,0.5139397471818352,0.07297335723297493,-0.11316392229225869,0.8647526624765423,0.8552117272845106,-1.1677916704825209,-1.7143118754243347,0.7550085705098075,-0.5357398805573954,-1.0973732439583883,1.0067551655249751,0.780997491923463,-0.4538157279683319,0.04193792916786787,-0.6402413802707896,0.5294010419165218,0.09397853580201954,1.1913313332017061,-1.2560440457189737,0.7999426070254279,1.1428089891291737,-0.2726451292461296,3.269383830486672,0.3237572413511858,0.33379144069278777,0.3529894347907403,0.29123652088560714,0.3611250859150372,0.2783159420861381,-1.7421814617562759,-0.07314316831011913,1.6976863290835587,0.924902123943272,-0.8987780176144211,-1.1640513655761575,0.3020901105997842,-0.46264065231552687,-0.16144245671091406,2.5779054117607947,0.13123550169054088,-0.4293424940374768,0.7944630417955567,,-0.28078148468899666,-1.0548580447509392,-0.5041541769115865,-0.06009925564848251,0.2900368277733101,-0.5162572711781221,0.16605092282921952,1.5762795913701222,-0.6963494408102955,0.6902871775143371,0.15333201655989281,1.4042077941066156,0.06732099729302998,0.13923849036268088,1.1972896779389286,-1.5101170468535652,1.3582036140053155,-2.1387265596775618,-1.3952560959092142,-0.109049593728483,-0.618036685890444,-0.33589592010383473,-0.07470110440009892,-0.4175615153427015,-0.39521514678189096,1.0052513128282037,-2.6734210435144123,-1.124788977916269,3.3808079977933447,-3.2605028994597496,0.47082023763820313,-0.333396646867945,1.0991537938180862,0.12931768165105328,1.5253618913347422,-1.4901031483472327,1.8843063016441786,-0.15786062400393597,0.83234204984588,-0.12288161125925123,2.9326069956812306,-1.0710410046477437,-0.7234252850892964,-1.181793301019296,-1.081713220826852,0.6827825654521336,0.3016525021483085,-0.8927963139728101,-1.1705343555133196,0.3121697596781603,-0.6119288864891548,-1.5287707819020557,-0.3811418471715955,0.9067945470942362,-3.2177356725902495,-0.4696678198333637,-1.5925126178078064,1.956393819116764,2.242642227547531,1.374780638512152,0.10420342243921965,2.699488340102829,-0.03122011517167067,0.46329098147945835,-1.1916212277962357,,-0.2307233435599465,-0.6229607551408334,2.3664584047183412,1.0188090974266872,3.477791522768592,-0.6546891989527293,0.22969056656410025,-0.028185193952379173,0.9185047064176777,-1.0680212137162304,-0.9368549730261244,-0.09598975606671667,-1.045213154015534,-0.9373913531575795,-0.21328829402653682,0.5387200111178547,4.170042408673025,0.10778942083318199,-0.6977751647739616,,0.7430782348109899
0.16070456504382324,-1.5546313274545698,0.7852217971781927,0.7639962951520474,3.881578947368425,2.536326280505863,7.19454077360997,1.8593951517240637,1.117248766620449,2.446074714151414,1.0886487119925015,-1.5402238989194572,-0.47379402141436433,-2.0640383546764562,0.6728098124083148,0.2653131688086674,0.5884732971195961,0.9430297138000476,-1.968625943867297,-0.08881707976881037,0.11838694601078448,1.5159971779261427,-3.8032405120323576,-0.19301293186643198,1.7154655619545656,-0.38601646047015103,0.7109696476695904,-2.2765658305890835,0.20929702211924806,0.34247505931070954,1.2670944530932982,0.6226147843309882,-0.4452526547373048,-0.4147347047287253,-0.3974155696508941,-0.5781094355946204,-0.050819549241454265,-1.138051899140713,-0.590889319666843,-0.9013396792002193,0.6486557600597465,0.5992166812811117,-0.00533626472142279,2.0207323334223704,1.1574608048480428,1.1257918890057894,-1.9412452626519472,-2.2616169706582756,-0.06961154639907319,-0.24446339824282237,-0.7483173454114089,-0.06047485993123658,-0.017295421740359807,-0.11774280048346686,1.5740832212638223,0.40172731820833363,-0.48746518105849956,0.8441812003515903,-0.5625876798773355,1.1050017294258918,-0.9543867661206296,-1.9622501362483558,1.3495444376826704,0.1559763819685145,-0.08953097734477611,,0.2611994086451297,0.8263050192507837,-0.5091040743634756,-1.1641027351511402,1.093604482480992,-0.9480276968216628,0.2701524031073044,-1.3631707888594913,-0.9687940049547317,-2.931769130089823,0.617980013801378,-0.5038763160967075,2.024631318344472,-6.13562793589878,0.6156184510234253,0.8308744426129167,1.4484376035729163,1.6405484473039245,0.19193773644428092,0.26329596927061605,-0.6103273404170162,0.14271296164234393,0.5732992440091733,-0.5970839173968789,-0.4965774160535452,0.030383161563785066,0.20852617742890267,0.42682039613761713,0.1541727074811261,1.4008048316641597,-0.1858548181375541,0.17714785855975634,-2.0221034682438077,-0.3163214606722198,-0.6099184082515752,-0.6547020943554416,1.9428246353606182,-1.3142709025009913,-1.3280890335182094,0.4878235504782946,-0.7204224384434688,0.6209516890445022,2.6926263009265705,-1.0615935145203204,0.7124086274917341,0.7698612633722623,,0.28157208697527913,0.3135595179008632,0.7956195563483703,-0.9702111723195683,1.4403220001754757,0.2767732330337225,0.8089936828246547,-1.0792531329776311,-0.7182278939120268,-0.7590104055989588,-0.10716884362975687,1.4353431028691022,1.1436553711909214,-0.9038067651173654,0.6088381221902139,-0.5237042550190862,-1.5107779689452427,-0.5906674435760539,-1.9007344037688445,-1.2963974015081425,0.23862656680728733,0.09191944576656397,-1.0465288434755582,-1.1351989900298176,0.6329665726854117,-1.5993265993266004,-0.14320596057167956,0.38410871348963926,-1.2617560145857687,-1.5915690918370862,-1.6206127359811862,0.14867450449098651,1.2664830576256225,0.3738708301104232,-0.19038283458685523,-0.8897927915829107,1.7198637254661753,0.36893456445916684,1.7909759100385392,1.1166866396518094,2.595455760155563,-0.3594720027994991,-0.5162943225685335,0.01695938692747312,1.0142231382202604,-0.06782666915503555,-0.795866214454255,-0.5197176427123695,-1.6336528863701516,0.818957338602111,0.3770172087590895,0.8090606416227386,0.19128986554723948,-0.15828315475810983,-3.4210126620651815,0.11796930804104377,0.056052882913237845,-1.1200151402467218,-0.5573490912385459,0.6364283224907119,-0.16655020280538224,-0.6646862539458787,-1.8786335800248022,-1.6009765624585115,0.13735883833536633,,-0.3894770557612559,-1.8046273543063207,3.05338454217865,-0.2554955199234099,0.6901556002328668,1.8664024936670964,1.3958345366438474,-2.234280514852238,0.9876118454450244,-0.2659803975166075,-0.7729388840117757,0.27621919936144934,-0.24005576758885372,-0.9651798191776639,-3.633585922590654,0.1339551485636692,0.9172183829360803,-2.9121055297125276,2.327618658945463,,0.40567457761382375
-2.922917682037718,-0.7595199432151145,-0.2688480456325748,-1.0831435660427657,-0.5446469655438602,-2.5654481180738875,-2.3071345807436305,-1.0525141571910201,-2.901977567875036,-3.6798889873588925,-3.776223776223775,-1.3313350557981218,1.9994303203339614,-0.5388587168486003,0.6502533576958625,-3.0115854963094435,-2.938942260987376,-1.0235592503694102,-0.5003995984052101,-0.7180468884217417,-1.9521293053332944,-0.3301215115246281,0.9484552784696731,-1.0732933668536115,-2.057578105380964,-1.6791889772104995,-3.2454162847610823,-2.2128702084988183,-1.4377966190521119,-1.6875282521934598,-0.9755441943416931,0.53036766763086,-1.6895829055463496,1.1636453526203905,-1.9017577640346617,-0.16799052568881034,-3.3389851198358023,0.8397302486354175,-1.735890006449503,-0.7397450798526273,-1.6917332330987467,-0.8202331479785663,-3.6732901923201333,-2.8716498917041755,-3.13996343763564,-0.9562566150817298,-1.566803952253426,-2.223612017432708,-1.0031421341566538,0.30007501875468634,-1.241825788422457,-2.9996538189843602,-2.8388547401825392,-1.0373638893551362,-1.3250968885983982,-1.5400867621148673,-0.3498950314905547,-0.20341125430789475,-0.28288182853251076,0.6183719392306664,-3.4163434833104134,-0.7624857388779493,0.1479594066078782,-0.057680107755908594,0.7168531964065084,,-0.1002005363625158,-3.143481312479468,-1.217732441979824,-0.2944347349686849,-1.718815017519948,-1.1244112901075853,-1.8685957769392636,-0.8865668119839243,-1.2306145417874559,-2.7640547435914264,0.5003744164174151,-3.194388063074871,-0.5373529716407477,-1.9054319028873334,-0.8789370346546366,-0.9428746880817962,-1.1149019104628843,-1.6244192661180823,-1.6830915792491297,-1.2715961300784007,-2.4563008372406214,-0.44531526385472864,0.11282624373518679,-0.8135667423805337,-1.9239028153216986,-0.6680875149234211,-2.364737150459406,-1.8347716907471945,-2.6492721663951,-0.42600546240851855,-0.8146141159194875,-1.0775883765912098,1.0875610323065388,-0.826732718636769,-2.713489716706863,-2.2680588365521004,-3.4699708179482647,-1.8146464449436905,-2.1163132749035363,-3.3897556582120347,-2.949438604715937,-2.8927722121418475,-4.746535863057366,-0.09273533271250134,-2.5688733208089287,-1.5916299954608304,,-1.9654950959119066,-1.1002760355197982,-0.5820876666664865,-0.5546382836781438,-2.6329066874034357,-3.1395601829597886,-2.450256859061528,-2.1626797783899643,0.9117676382475848,-0.2035438611644902,-1.0574719732928783,-1.6643780067672087,3.090304238415409,-1.4072890714195485,0.17597507686806235,-5.975076611884789,-1.9474469039764797,-0.2525270612307229,-3.562976462455947,0.20738283220176346,0.9161765809335254,-2.020325804506673,-0.037773787919026525,-0.4861913879881774,-3.144949449457368,-1.8165349972324218,-1.4470993758666784,-1.3650145834621763,0.5346214837487651,-0.11891993781123489,0.5259486578652606,-0.7793652208442081,-0.5482254422809474,-1.1377430935944233,-2.10330450342614,-2.2572831019041284,-0.775907477847082,1.6278641679822625,-3.8737242412351547,-1.0669168483805391,-0.14539285598687002,-3.1322959498752634,-2.1456197654434517,-2.5525760543005926,-1.0320857028334296,-1.886528080041494,-1.1275825606906098,-3.1694136970094045,-2.283579480550102,-2.886381818474326,-2.0752298756201215,-1.7732317940547526,-2.3327239517844656,0.43469366338722004,-3.5579339138121835,0.37032970028951784,-0.8841960478043642,-3.0788461806244727,-1.591034254683965,-1.9592720411611309,-0.18073398313247502,-3.391289969760347,-2.160170492476765,-2.113363153073189,-1.062521862619492,,-1.2218962951623502,-1.958700372800648,1.0892116265932117,1.34142517687188,-1.591482868397165,-0.23750820493432245,-0.3903822983066685,-1.8059276647121147,-2.3298197425750455,-1.9609420278996592,-1.072210051657596,-1.0898208820047217,-0.657735958001826,-0.21975073354359997,-3.596326325732979,-3.6789310886412574,-1.7022330956851461,-8.373240509374124,-1.2875504158102014,,-0.12855267282525507
-0.3880382377985936,0.3788706224366889,-1.028769966122245,2.0440032784178053,0.5603621129015135,0.33333105805473107,2.9520295202952074,1.185601905503919,0.12840083165635008,2.444836703469644,2.1366296812545427,1.9564847857985512,-0.018674922473960187,0.16855565929410066,1.9800209424279736,1.6889708443761586,1.9713506559861704,1.838902740740389,0.9793524596065861,-0.19286738765336153,0.706321237097729,1.9162605516292563,2.0297157850437175,-0.45938813410223434,1.813808538993289,1.1047429830840283,3.9014965817907976,1.5850191450288653,1.986106410417654,5.593056894889092,5.454025763693782,5.476699631860882,1.3310908869524019,-0.21794984030800713,1.7062012312625718,2.6533781131970136,1.3852401513517743,-0.7886200403560251,1.4434903217459993,1.7348815756211167,3.305108674370416,0.5710341163046806,0.8634035402011131,4.245316809073807,2.706043318936069,-0.8213865706123369,0.4301998541476726,2.423422370662598,-0.6403435692688197,0.8925467172307355,1.7065241463289471,0.26736203494204247,2.467499736575851,1.5247144046548033,0.011377669801815316,3.557738620025841,1.9224016853932602,-0.5565943467672585,2.170214791056191,-0.3144360851445871,1.8269010953873677,2.5931618580668836,3.4471381249905786,1.1196413089838098,-0.5990567788027756,,1.624871899802871,1.7949957299425945,1.4884766529705828,-0.43429106370034276,2.0505523370617507,-0.04062111669768109,-0.6996727800739011,0.8944971266428903,1.673121889216822,1.3460130695099437,0.6087714064580974,2.48155148169249,1.0757785553269894,1.3759036715939699,2.3809493116512703,1.9836810056854892,2.260695248842892,-0.136725684650707,4.899101387912719,3.16394697017659,-0.6779660389182762,0.1968107958289389,3.790034667485176,2.2154167060654206,1.8657774627170332,2.2011655177480716,0.33908158937872024,1.3833212568151065,1.922434660612593,-0.6845099319220393,-1.583950914329979,3.100387035258012,-1.661331971121749,-0.6146752535401534,4.080553578776502,-0.09632853686135645,5.345491891273091,0.07931892264161355,-0.5534886760880875,2.337677630259072,1.977805411436817,0.11253976581624414,0.2399705128865781,1.2198435801145324,1.4711407743045024,2.1719065726749642,,0.6476608864985245,2.1238956922223995,0.4302485275618162,-0.056991501231584696,1.9520042129921311,1.5138061454527563,0.8125443647992059,5.8000614378944215,1.4253032598688264,0.5191628699565909,1.610903240690531,1.05229639213551,-0.4317894899239727,1.938048740385545,0.27418537547683197,0.8904829129146696,0.6665759165965124,-2.3827252419955314,0.5022933318799438,-1.862582812826441,0.8220717906630925,2.005747418262316,-2.1348928875072337,-1.0498935120517139,3.9061791931219503,-1.194136941369417,-0.9656707024391809,6.923300142533528,0.9208819542859237,0.5000554820711711,-0.9279383416252118,0.5423518471092237,0.7235128099877919,1.507059435090219,1.2690859169171231,0.695453221088238,1.6806681767840281,-1.584559345285963,1.9885518584241924,3.727183412373103,2.533497580134658,2.4799532956134795,0.46702304406802675,1.8101165494776694,0.2663767346883672,0.6916503076819014,0.5683597522784911,3.632838370289071,-0.5098812847999956,1.6784682395997175,-0.11589351742342657,0.8446533679163926,2.3119460692639926,2.1131421907478076,1.2025284190589236,-0.5478550406433746,2.6910165789203244,0.24633888012506322,1.469776286193536,1.2177447900453942,1.176884997769645,3.6730011441589827,-0.01858723122253325,-0.04516711833785214,0.0423055521423521,,-1.3730870143936258,0.22691077083671907,-4.4253497717844485,-1.3037173066833385,-2.08711100807506,1.4171050558654974,-1.8289322759824311,1.732682909316119,1.616437802129922,0.5520451694297268,1.0745722176446204,3.184409466626592,1.5098839848843637,1.4555149893586306,0.6573541495480617,-1.8055505701051966,2.2096951704537293,-0.04951042754474111,1.608699301014771,,1.6550133571192616
-1.8756298769017632,-0.6416508920885411,-2.0344622337930773,-1.9724041735269093,-2.7608901300676503,-1.6376350744638501,-3.3561420658194896,-0.28472231637420853,-2.458652858229493,-3.157613440914153,-2.46193076596557,-2.7957029281666324,-1.0456530497551797,-1.4903851612160346,-0.41647421031340004,-1.4053900932150531,-1.5716340178459909,0.25848943090496235,-1.6055060021098688,0.31745863256986695,-1.1876856709738481,1.7099998846791697,-1.6715470707346358,-0.39277297721916904,-0.31571386917677025,-1.7069284639613769,-2.1262053273356396,-2.096058445728821,-3.4696133829411058,-1.625575235445209,-1.9360957126439038,0.2500882236749158,-1.5796474250655002,-0.8979401796933462,1.2361013399730503,-4.8543710308416195,-0.38049328270223226,-1.3229547762682703,-1.2603335088337775,-0.4203230710736805,-0.07932527563193625,1.2432735149248586,-0.34021472558863897,-2.9452315135553686,-1.524673498614637,0.036324010170729615,-3.405435998962758,-2.5673051105722267,-0.6586360101078714,1.6259772668328232,-1.6447757901719706,-0.28442397384549345,-2.077727658238393,0.41065649617808564,-1.8889367110287436,-1.6955428480818768,-1.0679528033761043,0.25225477887613756,0.2290657213330327,-1.7670759358917265,-1.6796079775409312,-1.7412447515591345,-1.2694311646152645,2.8879616626337645,0.25061052456765154,,1.4212379652430718,-2.5411152181581964,-0.7850129179340914,-1.2387703458059507,-2.217073419783666,1.1512144817837466,-1.971100002731574,0.4345936549326357,0.026776297099351254,-3.4735676533685145,-1.0460028988124925,-1.9895261217341198,1.7207359031339742,-2.856388880286198,-1.636509950994025,1.4353007261128425,-2.5594870478567566,-1.8852053095379184,-0.583789870468332,-0.949928897071306,0.048758031324092066,1.3035692487444184,-2.713902144124325,-0.12750600425829317,-0.9049521098812963,-0.5085312057752422,-1.0620836650183985,-1.2602844053224427,-1.5432345642280798,-0.20307804987981237,-1.4902239820869911,-4.21000581263391,-1.1550975081219605,-0.865576004272095,-0.27988793721729355,-1.7093267150567915,-1.4851403166493915,0.6419983930822104,-2.5045668240927577,-1.7249552269020585,0.5321671244654658,-3.0681737151921795,-4.604978495442524,1.6767032490014877,-1.9581931570289535,-2.1257375393402222,,0.43326416245297317,-1.9683020002463691,-0.7508089686971364,-0.12627016114635792,-2.9169948510067267,-2.7192972947938654,-1.2574823620460807,2.045652272802112,-0.6189899133469234,0.8239048443551056,-0.3582283047047885,0.2634761499600291,0.697839534881739,-2.7799498926083688,-1.8243895949855538,-3.085822801465221,-1.7972971380330383,-5.537755574823611,-1.7658862184784407,-1.1247012705317916,1.9781676607191656,-2.5053608078572376,-2.7413150978824796,-10.211157654593217,-0.5317118630480455,-1.7583899579853735,0.8214737431845531,-2.047862585364646,-2.4418389349857295,-0.5804964770777521,-1.7935428862797975,-0.18601024279406575,0.6613064105461142,1.666884608887198,-0.9567873708107966,-0.912170937881418,-0.9871413087912173,0.5250262288799101,-1.920234496735973,-2.2617453604984683,-0.9372396978352793,-2.4455933823480325,-0.819406141179535,-0.7265578102929937,-2.2836484637156707,-1.3463387741141308,1.6545179892885509,-1.2841850569331847,1.8577869652087298,-1.5739830541053101,-1.0249217866723948,-3.120373939479726,-2.0935436898585458,0.054850681786478006,-2.295824585379602,0.41596857563561684,0.5887076577103523,-0.3200268762719838,-2.082197575073663,-0.687912378089639,0.6918739426338583,0.14170912173450123,0.13481386260374428,0.13556258472662286,-2.1519831652606958,,-0.9783003541070201,-1.9047183975408721,1.7581608698273854,-0.33023254282856795,-1.5298758613446872,-0.20567656849260763,-2.010086335421102,-0.5990032551954627,-1.3910818197685693,-2.768941574096151,-0.4124346880231444,-2.341002569213224,0.21476915104836625,-0.6606950626017238,-2.269391741071425,-1.83875687813978,-1.1039616108699635,-1.508237787480693,-3.2948242623551782,,-0.6602649613330569
-1.2057050561930405,-0.9497045833033679,0.09645660169803616,0.42743807342109363,-4.486847193897125,-0.76080670509866,-1.9217801753202979,-1.872386230630485,-2.298489111493407,-1.6817687264143788,-1.7799842095805096,-0.8849500645336961,0.037742341553692604,-0.9150823761233662,0.05301702338265102,-1.4383885377545869,-2.0912756785951614,-0.8913241558533014,-0.7525788675358913,0.722344536072761,-1.3948633255656429,0.2130094499244617,-1.0484808390238798,-0.29574132492113936,-1.5326332372342155,-1.1477000739198884,-1.7139980216203,-5.241940510438059,-2.9335149810435612,-0.6312594751248346,-2.4023165213837405,-1.3067218699611471,-1.985132541873369,-1.4815823151550611,-0.32320645324935837,-1.762518975767824,-0.5729145473904129,0.41685196863627816,1.461710132508487,0.3256153466056233,-0.5953910698518805,-1.121638626500998,-0.743310228110583,-1.4536281741001966,-1.201951802347212,0.45751988584785686,-1.0642955556136147,-1.1679178830666825,-0.6344924589269052,-1.347083236124691,-1.178453191205453,-0.9359075977862563,-0.03550949708961415,-1.4489388487987198,0.2667580329860364,0.2560818043733759,-1.0098372072777972,0.33813376898017555,-0.5540547670265017,-0.5801764502541884,-0.1811812464869722,-0.819357449121183,-0.43395206634396777,-1.3479740065459045,-1.1427880672106094,,-1.819771996509012,-1.4316179488691239,0.5958581780346695,-1.9344610790901218,-2.3694745830145414,-0.3012635723958046,-0.7824584673172152,-2.293379489398528,-0.42209326429945015,-1.4432873084273212,-1.1115971244912703,-2.3237169048146322,-1.3689758599580881,-0.46570867497359725,-1.0848492255126962,1.8325185401073085,-1.1430508784172067,-1.159294555173862,-3.4966004749916624,-0.054807025908476525,-1.5107250802018801,-0.44068395095970825,-0.935867499997256,-1.5243557725701962,-1.9286895694476058,-2.525556809917384,1.698060431657411,-1.5506341491366316,-1.8908597982038478,-0.8447895003120487,-0.036306974434130446,0.565639165271592,-0.7670514268316442,-2.680526668413219,-0.49724856871078416,-1.4982652364710747,-1.1306551711029345,0.9844051810371512,0.017845387605408547,-0.9340909472989822,-2.6937964681672755,0.5389187966310605,-2.332454717844412,1.3527480116134027,-1.3251438932786241,-0.9426905204321878,,-1.4167198468410969,-0.6945317065855994,1.1614449646497826,0.27733483546794613,0.7018548106428657,-0.5590642682491098,1.6392790598007467,-4.840483073766666,-0.14729400184836372,-1.1098937331491365,0.19123041246389416,-2.2649109764295794,-0.04949722214471208,-0.8489585044297532,-0.8703966408216579,-0.303575571957182,-0.7430881203595141,0.24224805723978005,0.022616476146009035,0.056878205745158894,-1.0985242772031723,-0.5591930715985294,0.2778929035301747,0.46800046131636464,-4.051399349523132,-2.15945089757128,-0.3577122748671613,-0.2315081461127133,-0.5664624195265922,-0.11916083887415496,-1.0957770094929042,-1.9567645582040494,-1.863278204312957,-0.5111148525926534,-1.5908080054720775,-2.0252530141525504,-4.115466681374647,-0.19151054567170256,-0.20330781539540377,-0.9330943894337196,-3.4260254048185113,-2.6208493592054904,0.3336472043979466,-2.143966238215367,-0.5553291986518438,-2.074914028564434,-2.7687428719274765,-1.0336746634484473,-0.6289316954611213,-1.2369724378115898,-1.6942500777238578,-3.1417763806670718,-0.7042898029386846,-0.2541727179634967,-0.1981073123119459,0.4366283875182786,-2.1626415975709468,-1.2813488384025296,-1.4608004600208724,-1.424330606343449,2.887283049426115,-0.6368135627113136,-0.8496096254216212,0.05414942111350296,-2.030688981652229,,-1.1399627303720683,-0.6773298553029328,-3.5280919631924923,-0.9331244969104313,-0.4181055323644989,2.430718803963128,-1.6296109909176848,-1.590009126087888,-2.8409948415599184,-2.8232357525004415,-0.33130320020403614,-1.1475008340698811,-0.16667275258327452,-1.2066375865483425,1.87103452452837,2.089336883731785,-0.9844905153368111,-0.8718430932562748,-1.6814206269961218,,0.6919751221355019
0.7664772874744985,3.1168049634269446,3.0327079383485778,5.418872299450861,1.561329868168726,0.4849560672828934,2.1450636763062914,1.87120978225237,3.507963904264777,1.7600188792073368,6.3874033304051725,2.8502743811318787,-0.06601725859989305,4.7147676985719755,0.05887147277683358,4.207199061820743,10.008655602484872,2.0996745529152205,1.234732800002103,0.5942267186163752,0.16554044786181166,2.9606030081036794,3.9297426417540304,-0.5042515325291652,5.485044104281411,2.6746118076943493,3.021395675955918,1.98075128517341,5.518315312414157,2.6718960139778813,3.041439839058535,5.079442859527861,3.438757275245141,1.0440045169298973,0.11323351835661466,2.1853554225754523,5.587567542853833,2.2383084770302153,-0.07439861329598951,0.7332610574052989,3.9797688263618625,1.0267880634795334,1.4533795945995243,3.4165869341405086,7.780600446773689,0.440972700832698,-0.6051150337485378,2.630061876047707,-1.9084610221841936,2.4844732830830774,2.260086916097226,1.1606948735717992,4.271753368535647,1.1145350287150135,1.908617698091386,-0.2629417966218517,1.539002726233396,-0.04701977063902296,1.8455338195646265,1.3469439536042849,1.6336068812908833,5.091258405379451,1.920906188923155,1.4788532611765826,2.6551892102747443,,2.41848132556044,4.53647004240425,0.5178873386363136,-0.054049574989956106,2.7659156483839764,3.7402604241833837,1.852364657379768,2.2232042148748965,2.613615606086328,-0.26359928021727486,0.4793499687484992,6.34399781961299,1.3552673935375514,2.733949433772942,1.1557513137170794,1.8071406826400516,-0.9752436933012643,1.6833188754868944,4.25944120459818,4.866350349995474,2.968823057801373,0.9560949948252961,2.404163386299718,3.622076383238082,4.991057171258717,2.9302924632779392,0.057573706937308344,2.742952435839263,3.237526714166261,1.6915430155978406,1.9854791428196572,3.1947791779179058,0.871549346950995,0.16149729656855794,4.604217694231005,1.2856451943752845,5.645305126625155,1.1931705629190992,2.4257435514775327,3.451449914425253,1.3902344689679769,1.6420101205476545,4.217053422553896,2.529548470169485,7.415344010565805,4.403798374996293,,4.849820011085582,1.5640857997258228,0.8797751029595346,2.0986661606060553,3.600018966519447,5.567644616762291,1.3995787222337297,3.4104031231027676,0.35403323880991433,1.0175159325981564,2.0461194714357145,1.0818785403106768,0.28229265824697425,2.6666713898566563,-0.3248857892182433,5.266434296604672,2.301403140419467,1.9171843313798842,2.780602521227249,0.5826311659536065,-3.2899870151605892,2.5336579502314382,-2.5336536027836476,-2.690117187924801,4.965306425604332,0.6691489935783279,2.8985573109667095,1.4458116072357141,2.344991753042547,1.539006518310826,-1.2925785755337316,5.652764044247616,1.4312053358138233,2.4486251139421933,1.9419559452142465,5.2080520527474805,1.8135689516092013,-0.645388502671207,4.678181955008154,3.5960057674881085,3.3249030095482635,4.982220551138794,2.375296912114022,3.730754457902541,-0.7620252325041488,3.2565348516331083,3.1823705879819864,1.8899963518993257,2.0042153390651185,7.75175871754179,1.3515033782359964,0.011663423026542219,1.3587493262538386,1.6438505052828845,1.5052909783587864,0.7524250552502387,1.1356185677574793,1.196350990261208,3.3589808308781333,0.7726515556037539,0.6408526607893927,0.03051939996265851,1.2080851356331301,-0.7126127176655395,1.3918286729762919,,0.8456081378806823,2.010720644198427,4.0399169113610744,-2.4503468469535106,3.9451489220421854,-0.02187130828228412,1.1407353413016574,1.7880286759945685,5.596069881005961,2.7536815220092103,2.650043682948744,3.3487428454131773,1.1607550203395434,0.44238738989677007,1.5578878632620308,5.151725746689295,0.9502847028925787,1.5617083402107879,3.600365297618935,,-0.10851361209466281
2.245034111422206,1.4813743221449016,0.8912892528492256,1.7823690681099125,0.15440714727592564,0.7153580793112679,-0.20865421604762124,-0.4467965953365516,-1.1431402555393877,-1.15991931462337,2.8204428738814347,1.9031708858236351,0.6794990637914333,1.359016761298082,-0.34714192654853315,4.554637253463123,3.4437521187897557,-0.2948221655500127,2.3995781196663124,-4.379413217111261,2.6392202465541414,0.8847577535648687,2.1009151877480425,-1.1924873298221228,2.6135210440629164,3.6173076770068757,1.2301938249288824,8.911623806607993,3.0694013791314756,0.4731529728730699,0.3775419271072167,2.0847647550999326,0.7915347764115621,0.750300666043513,3.876404604011019,1.0825097522636495,2.7286257097595135,1.0260602037701405,-0.12184294089063741,-0.7040562976687315,0.02559898143636996,0.6582197123022882,2.301928756298488,0.40252053365781304,5.4524582207757355,-0.5829836939403643,0.12400788981372646,-0.877624065960303,2.5819205552970237,-1.024533373166181,2.0324269855672705,2.3570240548209,4.66741229152472,0.6449348601871518,2.962539794090513,-0.4444118139326103,3.5596743460938773,0.3214721761285233,4.2738001934576,1.437678455799296,0.7398903659818545,-0.25594596235146705,0.4434589155233093,0.4100418138348827,2.8797675437591597,,0.3387151110606279,4.422364999634509,1.8998511508699245,0.8741962084823474,6.799951408468496,0.6343421388081083,4.654719440933364,1.4730093024539759,1.2372611027772873,-0.753713133662004,2.2040465348118765,3.2784742579758053,-0.5855725698908909,0.7054743703589939,1.8767081866682744,-0.9844923925420912,2.264553017621118,3.8449215496476397,1.9763866239984607,2.392155027017373,1.4896723274019141,0.9821072371188011,0.48491727805293205,1.5306488434144283,2.5188071105689547,1.4084544073929894,-0.652146070417492,1.2410078725422435,2.2025730794249743,3.7304248320362055,-1.8874702134288213,1.7278064567808782,1.0543145154586542,1.6571121099455022,3.6244283065224536,1.2335791034645993,1.1855705617496604,-0.08477437951729394,0.0870769426686957,1.5388538553722464,0.7869266844607647,1.068094858163815,11.094996374184184,0.6074864328813323,6.269246975060638,-1.0098352891742435,,2.975816916660645,1.5900842300177631,-0.8808203704629092,2.4100745688641734,2.39630734418117,2.336374200690816,3.0037237954012364,4.931372406865808,-0.03359996620522221,-1.1476671905884528,3.284451704097213,3.394551968710413,1.6247674766770137,1.2571974717629386,1.7309741353134456,3.8754897237756936,1.2196788357734523,0.505850826830545,-2.7053767471862944,-1.6388776188182796,-0.07269197193713328,2.8715735648420004,-1.035744550514306,-0.14360354319464808,4.42313054475596,0.4878048780487809,2.15143595472973,-0.2533718389091111,1.4757302128556082,0.035254921450600385,1.6524685998579258,4.058232537391948,5.080794837764757,2.3119510470466897,0.020940537193081532,1.9392718096145511,0.8193779687587499,0.3160198218536303,6.141426881505296,1.0104807810707106,1.0918140051662473,2.7608649590302736,1.0827532869296164,1.9424907914005862,3.1359906213364486,0.72992592783514,-0.820267770142391,3.2914912914738137,2.688726508665895,4.785595994830927,0.902060093122925,0.7816660060444347,0.5564402357795428,0.36375668122372584,-0.8582768550631337,-0.09404217436068674,7.403227658645095,1.8651323812224119,0.8896111973134779,4.428276654480512,-1.454525966021758,-1.6627653715318935,0.027757530025041,-0.027248730000684063,0.08118401208900838,,2.680731323891483,-0.29313748573006615,1.4323301471109717,-0.251887248383309,2.3781125132554815,-1.4700777135381204,-0.16523369387547726,5.291621465696128,2.6831774674203945,1.065398874833745,3.139333533761901,0.7350713856211,-0.07073772574296422,3.6001533772660688,-2.30905668897724,0.33557175848972776,3.189668525071765,0.6883533630080318,3.301477905164507,,-1.5026692799276042
1.422897748345897,-0.5455635712819373,0.44715623042517194,-1.0158663469454488,-0.053626168981346645,0.037386496389135715,-0.006743260999853007,0.953011453154784,0.9432259163593804,-0.8818798268993566,1.5209058664530373,-0.11467839740220143,0.26246923751591655,-0.6529132029138851,-0.9210589054455043,0.5068215580270374,0.5072942721871865,0.3212520622701387,1.2428761115141684,-0.8236950404072352,2.495725901134427,-0.1900276381110899,0.882206542716446,-0.04022930705018801,1.8412418199362124,2.1197642176344678,1.730508411038878,1.737758267475642,2.7788336257107638,-0.2535706286566075,-0.382956694902159,-1.0435371145805394,2.231958426868097,-0.48833974782754863,-0.40583281808866944,0.35261402918265183,0.48293624292463644,0.6408853057386921,-0.7590057443765397,0.09614564081745769,-0.06398610702406105,0.3461860720540555,0.5558537901690253,0.4765543852918164,1.6207033275969174,-0.5864111612188805,1.5538895397089636,1.4024597020128704,4.442072276864373,1.9050372795873516,0.8707920801316327,-0.5300645874501742,2.4167890726554564,1.4680215921164086,-0.4960864426319933,1.5737360766594488,2.324997909174553,-0.20320457405671455,-0.8394015124292165,1.031738042724628,-1.595543840373237,-0.23826756802410864,1.103757427920149,10.126372853168085,0.38765900552120147,,-0.22183554052079835,1.6023144209825757,-0.7647309476627284,3.5468521391175623,1.3610963682067823,0.9712599233722363,-1.1699876124538156,0.777045152048994,0.13932938856016097,-3.1068173369820706,-0.6744985908931023,0.0373429015530391,2.0314300479658876,0.0798106280954558,1.5701090186255318,0.5046742733137322,2.8545067007035962,0.8639334073355043,0.35120223999349776,-1.0596185506071887,0.8522687920891281,1.3025356302537316,0.4355005076923879,0.6595666040340342,0.42909140191309536,0.5614616603199174,0.9556930380093753,0.5665383312625227,1.0655358390533998,-0.507016056542986,-0.3629742231521016,-0.7715450390030631,1.5471493242446677,0.7665830456182077,-0.8277990154935577,-0.7417240100717426,-0.22075934102775419,-1.7122950727306185,-0.843841277838675,1.014526541190519,0.16562491853799877,-0.05944464021723217,-1.1618830827757831,0.5175660929904069,0.34100596760442414,-0.18958666173243266,,0.39810298896336693,1.3063793348606634,0.20675938311880415,-0.05446147886933872,1.8569894564381295,0.0,0.11485535836217586,-2.030182147225501,-1.0124815007299226,-0.14821748257467515,-0.8257858094165682,-1.2434109433651641,-0.4665195115260645,1.1063789698497528,0.7576691644452849,0.21517687659777796,0.08033349410958568,-1.3998055284336175,-0.4295296457208275,2.1401843030240286,1.2366357098792857,2.120525714459731,1.8674340922376187,0.5872439160517828,-1.1503499316225518,1.3602901952416424,0.9929842188739046,1.5346643860080444,-0.33168227087211344,-0.03524249673606539,2.57642511159617,1.6264407120512248,1.1532799001705563,0.012725368546551152,0.37149093543635825,0.9887389754771547,0.7067151286694662,-0.19251602626755293,3.30050398612034,0.009264668687736233,1.3357913873523586,0.6007534913261114,1.66794558746175,3.4531534626302207,0.4603566687091609,0.7246366172830143,0.8638076697468078,-0.35106073611819166,0.18127466831452388,0.5096662565642784,0.974508868060675,-2.1878829278688228,0.3856899235723299,-0.543663410461781,-0.8328250832394524,-0.2934654931028735,0.017911645041746027,0.470423270129805,4.228897763229567,-0.6937418702124609,-0.7685979549111988,-1.0496920746557281,1.711383174475789,2.771719313277954,1.2487107182008517,,-0.45781148057576493,-0.648823391736153,-0.2526268260368947,1.4870974058815989,1.2723245200063182,-0.8281484166851705,1.345617255265874,-0.11375163617384221,1.1809880102140458,-0.202728033307209,-0.6541013413409846,-0.43199198413039763,2.1627960726073647,0.009238840401293302,-0.8429711712293342,-2.207357377366248,0.0904667634038292,0.7112155977841761,0.4625681237456991,,-0.8638949923374994
2.0367511224200996,0.0741289844329085,0.6840377625373151,-0.21991845675859434,-0.006704821110214976,0.2819610141373552,-1.126472254426647,0.36223795751577637,-0.9883253129868153,-1.5482678441882003,-0.361149178711373,1.2301131457831183,-0.009356875341448578,0.09389142718549959,0.4409755342709154,3.15764214194838,0.6750834853115117,-0.36752875311654165,0.07672663460955853,1.8400568583555987,2.051750632419136,-1.0836829710054174,-3.920816457301146,1.0363215615253107,-0.13025022838905054,-1.2700799551359276,0.3440314636998121,1.1386990514081319,-1.3749263343556417,2.3606318706803853,1.0091310765297345,2.2111315276782895,5.910900019603105,3.0180422994260825,1.1032133510525455,2.0952610908372193,1.8744011499875812,1.2250394550529897,-0.12292458366944814,-1.1045761483511218,0.4738084146360455,0.27790579917255087,2.4503016364260333,1.81435190008854,-0.07141490906681369,-1.63121927907397,1.0644135030987378,4.791839672801079,0.061443333113708754,-2.9901260952796993,0.7877434963050156,1.9131627084192582,-0.9137147463876838,-1.4812278558043568,0.05539552554003624,-0.7299822420169466,4.887617490805063,-0.6186861119211073,-0.6811721572422491,0.03533419694181639,-0.03860697937162483,3.233517732098168,0.655026484640886,-3.0266599094504465,-0.6019635303755488,,-1.4016452184725803,-0.345499618997569,0.321616555235571,0.6730062802073666,1.9747234661686264,0.2802798830629616,1.2883006611430492,1.4065495969362685,-0.2902070960696945,2.5956852285123455,4.809908933427076,0.21155474327394508,-0.10453966728246611,1.461988335719533,0.38528306963923065,0.1873661225739287,0.3868594140227888,2.71234579941273,17.12248713312279,-0.15484296220322769,0.18779855211983332,-0.3085869759365756,2.7012760017244064,0.6768399995550345,0.21362373260369605,4.554813715423345,-0.5641637156809987,2.8782190587328893,0.24573726107339766,1.196968676352439,0.5100182121345664,1.1015148164164046,1.944566259442504,1.2329464748994212,0.793386412060948,1.770307343320554,1.8720211487693206,1.0123081689893398,-0.3509448796594872,0.4257118180369446,-0.047249355219081135,-0.6014142913244203,1.1887465711559075,-0.8213833095127354,-0.03398678114380216,-0.3165629420992855,,0.5087973787889943,1.7396599378031175,-0.2546339855076907,0.6032527290657175,-2.4681565212564704,-0.11751464847279403,-0.15934880524168804,-2.6884949452496976,0.3352918533270355,-0.4267388316182452,-0.44554881653234846,1.2094522985453882,0.2001780634264927,3.444915861588793,0.5586143245181141,0.7483721002662591,-0.4548509071943707,-0.7816277274262928,-0.10216408404130073,0.0,1.120941659739283,-0.5865754077448493,-1.289281622718752,-0.6195653857573924,1.0464569766294618,-0.5894426609125869,1.7409773238806325,-1.487145507621368,0.6015647520659417,-1.5391833837000823,0.5681253786664175,0.4990577415079578,0.048176021709989136,0.4455190335083792,3.492675529399869,0.4461489003611874,0.9941478598927134,0.4208354314280127,0.026299329925527637,0.8335662829522361,0.6170282187316856,1.6587845587786365,0.2934905328449755,0.6514900078683494,1.4709210431721909,0.27148603308682073,-1.4030617816246926,-1.6937599565549077,0.4020888114951715,0.1740011806765196,2.4333952131480707,3.3019670345669994,0.4343008287339911,1.1031234454535577,-0.7790505659510782,1.0940220318736538,0.17457979719519567,-1.3794252031934073,2.3308051303464694,0.38422212696478386,-0.06169198704509826,-0.7211546507912336,1.091405793354494,-0.5659230945174398,-0.592374419610342,,-0.18644624929597953,1.5357114830795604,0.4675605236935443,1.078239121369906,0.9797103792948958,-0.535079355674728,-0.07810196568209804,7.074332132850314,0.1072223951722906,-0.15437787718450835,-0.15802561757625178,1.8703148298056416,0.6928448019120959,0.5544712026085863,2.1836931243222724,2.051984904809667,1.9056981992605637,0.9853854445171173,5.106744461583168,,-1.6037783719963006
0.907313684375155,0.6592610677083277,0.33969852858077854,0.440812312653871,2.166334596118369,2.083403978270737,2.7971072884585224,0.7382697243925262,4.614343788281117,3.088301489773726,-0.4967125903830749,-0.2916401516780964,0.4581639013277794,0.8324510942317342,-0.18985522277622513,-0.37244180681607064,-0.7018927897276428,0.6208905340119086,0.03194036423888047,1.4974638914665883,0.4478179664723081,0.6810245391477343,0.3825757156110443,0.3485361481776472,0.04694841697268082,0.40236018444013144,1.6761901748732377,-0.9663202889578226,0.243264452566061,0.40801627517510486,0.3602003408287091,-0.7100059840048467,0.15269506225696894,2.084075442496003,-0.7176244933336462,3.4799236554648783,-0.518957179026025,-0.047974412240958664,-1.6956051635501623,0.4856157712286535,2.0520036434984235,0.24847230992053326,-0.9649792781290523,-0.1996482264817634,0.5776618556056157,0.34793833298660815,-0.8228191374187399,-2.0397264752631483,1.1803279840705283,-0.33919489280171966,0.03211847074915397,0.42859737691214317,2.7503850759135418,-0.06992645688105315,1.6941699968708646,1.5532340838702474,-1.3013325021429156,-0.11820752055781147,1.225193934447999,-0.7523874427722732,-0.9140013983461093,6.1042865817164005,-0.6972421939467677,-1.462377401398507,0.8055782848329418,,-1.0588237913238374,1.224621349665922,-0.16822187688195767,-0.4285218458843221,0.630734864065241,1.5118840210480489,1.6328611745314303,-0.20053679112167488,0.10366767871712312,0.05952737854610923,-1.0985309264497922,-0.26077501048408225,0.951032765650961,-0.19211869869696363,-0.9829149583279184,0.4114272138304509,2.708740575258317,3.663254623853951,-6.352365897518553,0.9175543920614926,0.3748841003408776,0.13757313722593256,-0.07416710184440234,1.6235169055470067,0.4744943788703271,-0.9837050893934274,0.7789186840822859,-0.3086471330674523,1.186145825446383,-0.46257951269442765,0.10872903637610953,0.2723800480047611,-1.0078152196899226,-2.608616433066724,2.7345011687061493,0.6206272365330001,3.200408346475969,0.5205197758218816,-0.34336286082385925,0.46094439057700054,-0.04725722576651714,-0.8045194458749849,-0.02609987968241745,-0.3831825905628028,-2.464728930965532,-0.16332048914571295,,-0.42066198851853365,2.8339109355722147,2.4251874177207977,0.649930500616569,1.005690292436623,-0.4873937169550202,0.11491456925070143,-1.2416961004876548,1.7723404514592866,1.9565192719886548,-1.0711704776159126,3.456299831848497,6.266138723545844,-0.7248037762354387,-0.15382660827539807,-0.2570110656776925,2.0561765026112733,4.099678456591649,0.6022713401100832,1.8000350538020848,-0.4903059228310469,-0.035410404861846434,0.12245022520727122,0.8512212958771581,-2.33907255985516,-0.4764677854836141,-0.42472144021631353,0.3809290888043826,2.2391852369267884,1.241056187333922,-2.071364950017962,-1.2842465753424626,-0.8239272706231149,0.18375395931471417,0.26192247418979075,-0.18507094386180922,-0.5674603197497463,0.8206761143445096,0.40748825336345273,0.6521530876832271,-0.01394090680369997,0.9953560830628927,-0.3451621335989863,-0.1198657480210863,0.7805530882339928,0.4602642095983933,-0.09239911499367981,-0.28947287473037875,1.7621149520115065,-0.4764277296401054,0.5583280610033103,1.758604839339828,0.6320190187034003,1.5781735189356993,1.4366866047155424,0.2417079340389039,-1.4724583764955002,0.19900724942498726,-1.4003742612523795,0.2580725087826474,0.5006892200360102,2.2212853768194485,-0.8861877462246093,-1.1649600343208055,0.522637176607299,,0.3486871841857919,0.7587607694613308,-1.0697596167326906,-1.0052035101833723,0.16892339600778072,0.06077688464942721,2.9346903639280386,2.478403414128927,-0.34274715620777885,-0.5859381268917052,0.5011918870718723,1.364019222576407,3.2339501093268774,-2.297581717551078,-0.16313213703099683,0.6032181777994028,0.3473982620342264,-0.8836170925669573,1.4735122377186771,,1.2248045453635115
0.2628286040950556,-1.1479855254741045,0.5749879645062572,0.7509725892264063,-1.0437880853673143,0.8296276899908195,-0.2920111674727166,-0.36913994071627876,0.5161066681772963,0.40726338185419486,1.4301100123264243,-1.4624658961482462,0.027917900974494536,-1.4069739053415686,0.927300388766672,-0.5841108845456966,-1.1296896942936008,-0.8021779466897527,-1.5073084080739152,3.7473228154046856,-0.4597555453314639,-0.1617482172711182,0.141986203204425,-0.10915947206510124,0.3076569938023521,-0.1298151239550016,0.009372064284218773,0.4252070577551059,-2.888745634275758,-0.6890502498343665,-0.7448979876522377,0.7709524484986074,4.695835744248278,-0.39664678002113707,1.0644137113914764,2.081799012261798,-3.066703150112726,1.9202008297227513,3.943520308016746,0.3986906008997204,0.3996481226546056,-0.9532838661518328,0.9691445211059913,-0.9113104515186099,0.2664490340842818,-0.27295840441718955,-0.15487265596547672,-0.7893287818892758,-1.3283913076160392,-1.4551373397861056,0.9846982347524458,0.1194941040862707,-2.5284865898960285,-1.2129740311556336,0.4137617260401516,-0.3546612890499623,-1.1763777040896928,0.3629217380584304,0.13156320626050988,0.40929667704034944,-1.0653496747292435,1.4089170088761094,1.092209038816483,-7.194927446935518,-1.4395876840714639,,-0.8521588758664156,-0.7899606872910692,0.1398968083889507,-2.5908151353499442,-0.33721689526177157,-0.7888056243042341,0.4497561649701831,-1.51540314936085,-0.9299906187926421,0.14873295317041624,-0.07706997885317257,-2.3655366329209615,-1.0772968373665037,-1.3824524009635297,-1.3708332217543973,0.31288878389361674,1.6911351596485824,-4.175443174174309,-1.9380753207487667,0.7555388150153775,0.09337322375517765,0.4636806222965584,-0.6394925822805431,2.012814017600184,-1.8342458588648691,-0.3973868619572274,-0.8396993156607802,-0.6191901869510352,-0.633008412307845,-1.4059646522833646,-0.7482460975728356,0.9267623316014273,-2.239767404045112,-6.749443510947895,0.19354714255401806,-0.946922478085721,0.06493965953107139,-0.4791778116790657,0.5124054783781862,0.1433838090205919,-0.9339198199584731,1.8901982134132966,0.143618690543712,-0.9182307104636855,-0.13941927674934185,-0.0454378734124572,,0.46300482920644814,2.360462634028382,1.0528059944287183,-1.1069694453114454,-0.6331178064059917,-0.658666111269679,-1.9671545224984377,-3.0678347005202555,0.3408126006598122,-0.4508083622579262,-0.6600428782814527,-1.1195298477902793,0.39433139784272875,-0.5998657741571489,-2.957291553345165,-1.7690989949451952,-0.158022349191711,-0.6332008626930508,-0.12425235724422556,1.0636760480989826,1.0282824308669891,-0.6315613780659368,0.38727963164424395,-0.5825040826148431,-0.3473853865357035,2.5426884408745076,1.1745070515849498,-1.4898079501191708,-0.5102055778905212,-0.5893433172298512,-2.256850382565001,0.15611871883129957,1.4781261873983764,-0.07589558540419539,1.7919337741658659,5.488260125347644,0.39599908846013054,1.2296458756028805,-1.9899140607830157,-0.7391907049217883,-0.9339203103420957,-1.4500351684981316,-1.4004951380058195,-1.288101069802361,-0.40938396293481727,-1.7922098271085263,0.2515725091697174,0.5944242824812651,-1.3183760935701394,-0.07978167746716114,0.35770230934402125,1.621257328408987,1.446156118574593,-0.7288746467664087,-1.1583226657512768,0.7398009093014579,1.494463732914486,0.02837114932454643,1.3004828098731824,-0.4251560301165136,-0.4777178575540386,3.341130102786427,-3.553761041857817,0.008995463716154894,-1.2269193391642341,,-0.13650717533417733,-0.7779760250124834,-1.5191736793930266,-2.6317551574646214,0.729282078832405,-0.3531705165335741,-0.36020720835523434,0.8208352378227035,0.8935998868232264,-0.3519984599562931,-0.551185049600289,-0.20440286774119354,-2.2069259671294583,-0.3856646772653405,-1.6993503944546573,-0.5996012739208023,-1.0459598870975473,-1.115731292969191,-0.27472408195371445,,-0.33507388285298756
0.13797109423101528,0.483882957174786,-0.8922820789547647,1.1616012989950075,2.122860520215175,0.6977421009047191,3.161608042340447,-0.4413500485341393,0.8715931654897258,0.8387235973431828,4.269757534225116,0.1319291422491986,-0.12096201212041802,0.955298425841522,-0.24147946480190807,0.6227936218996977,0.33831148149339185,-2.155217196394743,1.018096740319252,-0.39391268672200885,1.0193892161701301,0.05154136016471966,0.3109269654386626,1.2418040929862872,0.675820372224134,0.7234007617572313,2.041770302230006,0.2362220028227835,0.11533859021095605,1.7790429522036355,-0.3274960512666958,-0.7983160009014223,2.4246342045915803,1.0775397084574756,3.0567282238815663,-0.6878278651822223,0.652315707823159,0.3035373816800746,0.7092657155123527,1.3477766230225008,0.2612238765118402,0.43310742946702785,-0.11933427409933639,0.8075383480598886,1.4999401091247089,4.727023230924199,-0.5096331226719153,1.2620044179741052,1.4077730439583602,-0.7908723817177332,0.40275272654102245,-1.722084633449994,0.4963908250429139,-0.29515630510000834,4.923006156793908,0.6599456363946876,-1.446033394583368,1.4621491664279063,0.37445729687379803,4.5796108675900005,0.15758345089476045,0.6781403881335413,-0.16978837045134032,2.418491835284464,1.9551519692964092,,1.8888655950034527,0.16704183975648768,0.8160003247205339,-0.10603458965779966,-1.070250005746598,0.8463755737895706,0.8955054569154797,0.4250616162926546,0.1768964933422268,0.41584350638155243,2.429626755307601,0.2932931483718537,-0.44200360282606876,1.7123635210879673,1.317995064723565,0.4381754698531193,-0.5293847678363051,1.1992804610027052,5.627859701159066,2.5546513905419177,1.2126838800069484,-0.42735042735042583,-1.0343638952454048,1.138317677320333,0.6623525913968198,0.8264488864812902,0.4137845487074854,1.3968438948936068,2.909952444541375,1.2768492313339763,0.5350198298101683,-2.7864257130263748,0.030479589498400017,1.3315578918501547,-0.007963802524146857,2.0961257180811543,-0.3569709963665124,-0.4115804665125289,-0.5010115142035976,-0.43771931718038504,3.4367536989652114,-0.4802245474916145,-0.6258132715735054,0.7263586577628933,0.7678925678992199,-0.2546017278090451,,-0.19242879850260852,0.5111942602052499,-0.49328565978891126,2.2659324027950234,0.9257782378973234,-0.05100256052588126,-0.37076274586199665,0.11673433616401496,5.140423335524069,-0.5629986591982439,0.19410764019749394,1.0363581292624602,0.02741200511779951,0.913167250663327,0.5556881000293945,2.87578450898458,3.1653885605924303,1.8340048718081592,-0.2601173176905114,0.3417167965318324,-0.9117962095764987,0.45143356342598473,-0.32487433573921143,1.0522525315577624,-0.07338104538370249,0.964880427452397,1.961269543221178,0.07133946108686118,-1.6385209989574934,-0.8181203845876728,0.6523017155185995,-0.7620409123687888,-0.5316038557113489,-0.48737693884045585,-0.600019835366461,-0.46871336835809796,2.308590282639611,-0.8554319931565413,1.015161879635551,0.9469582058289738,4.080471800325469,0.9016750098052473,1.298205421916765,1.7668930049498988,0.29441445238762576,1.7288723663732686,0.4022370957544652,0.213000877902636,-0.31904435695857547,-0.9032887621350238,0.21810856420181324,2.1548925287258047,1.173021317488132,0.5458433530407758,-2.888084898697485,1.3381967190521982,1.4233124528049368,1.7642867882758262,0.18581183941541735,1.330275352964705,0.5897260713149111,3.665521950620687,0.13176169639199653,0.12595811192646078,1.2249367774566533,,0.89474854291125,0.005023374798285296,1.3270428542859536,1.8161150120582503,-1.0724256984045222,0.6140276425972369,2.5583930849002234,-0.786073703538892,0.6787114845730136,-0.5175406436215058,0.30790815407382155,0.4893067985356492,1.7114790523254708,-3.12558095308213,1.678862538393,-0.6702438402035549,0.7890408957347494,-0.34292456248607994,-1.7709593295620718,,1.3728021462056983
-1.3709011736161014,-1.5113367666398814,-0.6954565876474916,-1.7893906329945142,-2.968693810407219,-3.160550144660257,-2.496939972422929,-2.3642705957915955,-1.0223284293472634,-2.3656989423957664,-2.0921066339194105,-1.9598195281335218,0.903674715381797,-3.0724284804869995,0.2184440576797675,-1.0860696486741594,-3.6452672807069653,0.3847586258723057,-2.2082402186625716,2.8353057219384192,1.438595189641667,0.360666604682236,-2.2540665181708275,-1.6288882347169076,-0.6093152457238515,-0.965090673868163,-2.5699865112483677,-1.0982609089704942,-0.5808158772001915,-2.8841112924538947,-1.0815263677605325,-1.7659570912010647,-1.1445209458154304,-2.665120798729592,2.305350886382418,-2.8311078126656564,-0.01620813660324627,-0.7826375490990523,-0.09965891788651371,0.4986967537584652,-0.27295381474323754,0.4504016784905085,-1.251881766743168,-3.3007061009348138,0.4130762872470273,1.2290757232603644,-1.0356314895283547,0.4876694021142658,-0.1819491350680602,-0.07568113017154543,1.1823104914787885,-0.49444948676778955,-2.4298921300733523,-0.5802291602820309,-1.519217811366036,-0.5966896308815417,-3.274967574578469,0.8212598641030411,-0.8050218961357269,0.04745756017092706,-0.6031288596130113,-0.4271458138577211,-1.082246245415952,-1.478623383620692,-1.9514983949871278,,0.11770612417385529,-0.5114246514946186,-0.9731644539406115,-1.8575804451024247,-0.36803980457131846,-1.4941505131252697,0.05023658724006008,-0.5502412368854293,-0.1825988386924604,-2.7016376718362434,-0.3322125215231675,0.8900198862964004,-0.12944679892333832,-4.605726422163303,-1.2251640330850688,-1.0425859035861351,-1.4890846091262788,-1.5208338682800249,-1.9281259691789843,-2.4042644530636204,-1.2442382629127668,-0.42918454935622075,-1.7071131794972327,-0.7810910869518684,-0.838065788772191,-1.2153767444718966,-0.6133228954540049,-2.2101123123983712,-2.7053942528068142,-0.24154804338444302,-3.241415628907751,-1.6937184925529092,2.747444971877777,-3.388396354298129,-1.1889863605859419,-2.2592498332950073,2.572878921392152,-3.134760254825464,-4.363963750630894,-2.2886044862386656,-2.2957936929438483,-2.0161297541152368,-2.0991865315864167,-0.12433352033532907,-0.8139958448738827,-1.3309020846134056,,-0.5212649266142733,-0.5085943550544925,0.760684195415462,-0.15962794327777363,-1.7158606562036383,-0.9185357863571997,-0.851989718204127,-0.6996190096623556,-0.3821435994674216,1.05852677006133,0.22352627657433732,0.11858176384149655,-1.5524410769898744,-1.3770248426632659,-1.5569551572243046,-2.9975094012360093,-0.4090969196257732,-0.13736636100337707,-3.322372405106222,-0.667479027634521,-0.691924692961321,0.7864782708794316,-0.44815272291834907,-1.4672776875077953,-0.11934717431837383,1.3461439654729457,-2.7804424170916,-1.3758272683146555,1.665815739655696,-0.8726811122508837,-0.4937776276858985,-0.5410079556609992,-1.042167722432552,-0.34982132781643527,-1.017710152157647,0.2825480703937844,-2.2791706545021273,0.759279450226491,0.013212311255861309,-2.1584723868039,-2.1495259408372935,-2.461512635867247,-1.2815680361854542,-3.2812959519729734,-1.068958672286069,-1.5915884973110361,0.5880865278000247,-1.5358256973132423,0.16003275395004568,0.05036056084328777,-2.1736886798147337,-1.1604650465329436,-0.8132004636383083,-1.5902040670790263,-3.242787091684507,0.27376018872891095,-1.0023769618640377,-1.3183974214972416,-1.7197781725613148,-0.9315791112698868,-0.38175577699470775,-1.8673910322458132,-3.205189512667539,-0.8176813178460085,-0.9525358756754421,,-1.2764962841096072,-2.7190046886055197,0.9307273271145222,-1.3656606711612729,-1.5368728483219907,1.2811329965503715,-1.3828567664705194,-1.1853170519701917,-1.5205906876180286,-1.4368264144660081,-0.8331865070875133,-0.8492823370798375,-0.40205733486515793,-1.6863288894649053,-7.896025311279786,-2.4966254600416904,-1.9645476799067585,-3.1579436946094552,-1.642627654049733,,2.4596957914698514
-2.6681594636200123,1.3239036605023902,-0.8577659515811575,3.9801173898788234,0.1472901730003695,3.6045783640426876,0.9396554857731276,1.6423794186168683,-0.7044405061204295,0.46784954656857725,2.8794756463762283,3.477237925870935,0.24004776386872262,2.8926117448352384,1.0132593887360208,-0.40141793898786915,2.2778270139389267,0.2367371465398893,0.8730350071139092,-0.23464839659183,-1.2952697217933906,1.5401591802446823,-1.4003747953278078,-2.7431421446383997,2.966539845102223,0.8781818057221003,-0.30146182813881595,-0.02698491091895905,2.240248301853076,0.7559417551453063,-0.24911813994604737,0.7281822665751614,-0.5105692298711495,-1.535713802383054,-1.3706323304117363,0.7627857402917604,2.3172985567771365,-1.2778683607929442,-2.314444283114392,-0.6025621236062428,0.43544035211693366,0.4102300351353838,-3.266700451653737,-0.1687514220625408,3.8820289107311945,0.3349416586349685,-0.585126821439863,0.23591264879994078,1.1274649946113158,-0.7674804934044488,-1.1058938680155173,-3.138344252948455,0.9471815822282403,1.0242983860183186,0.965468667873326,0.09634397925342153,1.2906469996647685,2.0825309220970034,-0.07917880620158524,-0.7182089609666709,5.3950694545115585,1.138430076224961,1.65677639061097,0.8512109345252705,0.627011252216092,,-0.019595625419432938,1.726545582647021,-0.5215804027959736,0.39656914340842064,-2.048503818796643,2.394628181545566,-0.9540567563091851,0.9703695837535609,-1.555900498939522,-1.0336470936703757,-2.9176522314317,4.07057282590646,-0.10647880765435325,-0.8869743405652386,-0.39749650733967856,2.637673960834097,-0.6221022872612503,-0.4512635323820846,1.1167974577678486,0.5714224083400943,-0.513304159638317,0.12069175983298042,-0.32490547266982306,0.20026410213072054,2.1862165859382277,-0.1430593303836658,-0.6363875943790953,-6.253165383038606,0.16495097674948944,-0.8208819315051352,-0.34999737567279476,2.4462922722340297,-0.17793319697840815,2.6522807211457833,4.954252787658464,0.966777951128539,7.445620187510382,-0.8855221667160018,0.6558259607179817,0.445734955882493,0.24795716125909362,-0.6881218895659846,0.8308780629329604,1.0705872109201486,3.5620679141057376,1.727640756561133,,0.055038833863685355,-0.8065359634812586,0.4156433418842642,-0.9364312796146357,2.9755627126417883,6.729616457899468,0.8955291527623199,1.9179350056584665,-1.8033732458729412,-0.19487191512231883,-1.5091808470977353,-1.5574989422042718,0.3385656915788626,-0.5465345151269729,0.7350930043032999,0.33016426352974193,1.8100112308748084,-0.5807714907326456,0.516062398530881,-2.0707674668560827,-0.6895476258861,2.8573071483118273,-1.7802357253360546,0.4083059119808219,-0.06433374741497966,6.144486692015216,0.856756915982082,-0.730030035162188,2.276423962481622,-0.0964812784310265,1.9022035346840882,1.0177202218813575,3.2782498402755156,0.7850877509642418,-2.298271256489093,0.5282930341029557,1.4388491807889148,-0.359656881878212,1.8774436011857132,0.2606336949655397,0.48356486889788997,-0.07912922917332477,0.31309473737590743,0.06587012036651796,-1.0357183129393044,-0.06852147724651925,1.0633284070407756,0.675444680165338,4.1342108517461895,2.5821728819880985,-3.3750188037237394,-1.9915483622150676,0.8361061758346278,1.0154291066078347,1.3240368779639633,0.34261404716282584,2.3721919722323515,0.564909446081785,-0.6519146717220425,-0.45135853642772616,-0.31479487460081,0.261963669238674,2.398523787326501,-0.5164045107842741,-1.2413850603262944,,-1.3055440243086358,-1.7565581418521936,-1.38321701194829,3.2495032675783353,0.42970195883969,-0.21488657988635307,-0.7286291793012101,3.312230770652902,-2.673752922758199,0.41052308753508626,1.0878257603358588,-0.1655971180001492,1.5997601035725895,0.47590672237933784,0.3017307593557339,-0.9688539203901669,-1.303303338099726,-0.005740187441438671,1.5886000371369668,,-1.1598532433728659
0.365982437295842,-0.6755735401586804,-1.7906008129554118,-3.1249985688148185,0.7955093401862623,-1.0326726284689003,0.045886400988082165,-0.9540643226312984,-0.21326177145274405,0.055596798072388154,-1.0131712572639673,-2.4025967189887143,-0.06447278383479027,-0.7262518587767941,0.21578149346976883,2.098152448805024,3.7247362192679434,-0.8359905839971926,-3.2407032068179187,1.6072112882740797,-0.9547947957506908,-0.5272704234787318,-0.37307708101509407,0.9538461538461496,-1.0646340941949717,-0.8930093279408635,0.15118668421152393,0.4452169720750909,-4.722326177080105,-0.26795284614310466,0.39542653371742453,0.203321255684763,-1.0914330022361751,-1.5354801857851652,1.0599181790831524,-0.04963610322850087,-1.8847044589688888,-1.4169359799748538,0.5582758558106748,-1.0697667256417631,0.1857998604114508,-0.4845559579686798,2.463425208352299,-0.9220107602898597,0.3513837322320912,0.15299750570429982,-1.4374667251452422,-1.9299274859154503,-0.3337987734812864,1.409451507844417,-0.8756277746851504,1.5570178528653278,0.5176664757418736,-0.047161112419114026,-3.378027317816623,-0.5922885603381944,-0.6040046334601978,1.6636525821561499,0.3433691843619968,0.6517414356256745,-2.428037495369728,-1.6802590200601597,-0.3536388806156143,-1.1605321856143824,-1.1890394211132915,,1.3816691408060855,1.6478099202229313,-0.041559368905164096,-1.1850301953425513,0.9371015428169205,0.3908189029538711,-1.0646367204002916,-0.665984038858336,-0.022460365043663888,-2.3960620637212604,-0.004569169328372258,-0.8839890902426983,0.7600288243879039,-4.410005328117316,0.13943786802357305,1.011940715833548,-0.41183900392876005,-1.0677985786992306,-0.5982474160384776,0.025264492181298337,-0.6097547850880791,-0.12054627041779842,-1.3097906132106818,-0.6685011145330821,-1.647305154948564,-1.2320925111046988,-0.2231973632338624,-0.7891928183065833,-0.03920594705096869,1.4529012777986239,-1.2669375046772235,-0.7720509197057801,-3.0649664977229096,-1.4575075496781498,4.662770694049123,-0.15668948046800857,-2.5118203762734437,-0.016243886853994915,-2.7713920029088124,0.2344345066285003,-0.30623833816767476,0.889879948658967,0.42529918501357233,0.7513228915742465,0.8261717443541761,-0.12714492746247474,,0.8297990150070156,-0.7618377762543593,-1.0179084076660683,-0.43805792495522633,1.023625940042483,5.694059599452017,3.840756673076129,-1.4721904337557268,-0.8336669823550191,0.774904016176281,3.751512445440852,-3.0620238776955855,3.8504263039810027,-0.822305506553711,0.10172232808982606,-3.3323687000148983,0.11347598729847252,-1.5833955100643782,-0.8868080908975173,-1.4003641425410662,1.446548345938825,-0.22246802253078624,-2.874997456868489,-2.691065740581089,3.448909989511817,4.833548263839127,-1.289500521090936,-2.253534896358411,0.15898602481234647,-0.3983640634454555,-1.7652400445706706,-1.9454597827945785,-0.40266030672886366,1.1399634017569271,-1.6662367810162504,2.8377891088845697,-1.018081489117273,-2.4063252481507202,0.9863097397392773,0.1485504256516501,0.27499301262639,0.3792649928262337,0.342570042907675,2.8390389554188156,-1.2898075118855767,-1.1246889802761006,-1.1895394744231402,4.931527964788596,-1.284999476085269,1.25613593273044,1.864379808728911,-2.4406608184888934,-0.008071660577113615,1.0438864375584833,-0.36752122829425415,-0.6188594710775042,0.5825868006317458,-3.2103864664576265,-1.329650250030323,3.7522481500703364,2.4507499443154224,-1.8042876798588847,-0.6780534579050257,3.0234107986818026,0.06955778979318428,,-1.0557094459549665,-0.7625141566670601,-0.03339567301005042,-1.6762505170240694,-0.7516614490457374,0.261972587349768,-2.111895930702057,-0.9485694126308952,-3.6744987824453346,-1.4601625300571186,0.5161812854968861,-0.06864001390232133,1.8983203577048524,0.1874869763026643,-3.2206604066836064,-1.747029997688121,-0.5877376776861065,0.2980380876666189,-0.28067238702993436,,0.19102225414262541
0.0,0.0,0.0,0.0,0.0,0.0,0.0,0.0,0.0,0.0,0.0,0.0,0.0,0.0,0.0,0.0,0.0,0.0,0.0,0.0,0.0,0.0,0.0,0.0,0.0,0.0,0.0,0.0,0.0,0.0,0.0,0.0,0.0,0.0,0.0,0.0,0.0,0.0,0.0,0.0,0.0,0.0,0.0,0.0,0.0,0.0,0.0,0.0,0.0,0.0,0.0,0.0,0.0,0.0,0.0,0.0,0.0,0.0,0.0,0.0,0.0,0.0,0.0,0.0,0.0,,0.0,0.0,0.0,0.0,0.0,0.0,0.0,0.0,0.0,0.0,0.0,0.0,0.0,0.0,0.0,0.0,0.0,0.0,0.0,0.0,0.0,0.0,0.0,0.0,0.0,0.0,0.0,0.0,0.0,0.0,0.0,0.0,0.0,0.0,0.0,0.0,0.0,0.0,0.0,0.0,0.0,0.0,0.0,0.0,0.0,0.0,,0.0,0.0,0.0,0.0,0.0,0.0,0.0,0.0,0.0,0.0,0.0,0.0,0.0,0.0,0.0,0.0,0.0,0.0,0.0,0.0,0.0,0.0,0.0,0.0,0.0,0.0,0.0,0.0,0.0,0.0,0.0,0.0,0.0,0.0,0.0,0.0,0.0,0.0,0.0,0.0,0.0,0.0,0.0,0.0,0.0,0.0,0.0,0.0,0.0,0.0,0.0,0.0,0.0,0.0,0.0,0.0,0.0,0.0,0.0,0.0,0.0,0.0,0.0,0.0,0.0,,0.0,0.0,0.0,0.0,0.0,0.0,0.0,0.0,0.0,0.0,0.0,0.0,0.0,0.0,0.0,0.0,0.0,0.0,0.0,,0.0
1.9305017122894563,-0.33634800193466097,-0.3345413994981894,-0.32887046833962597,-1.419287950726278,-2.485187623436469,-1.546423954097531,-1.1080191767295355,-0.9682911760514945,1.6462957518835308,-1.4073695424252963,-2.195608313832076,-0.15668292765615988,0.11799410029498247,0.733240342659025,-2.3220734563649703,-2.0662137271369785,0.4423087625830213,-7.99650077699755,-0.4951100446005663,1.452985165668963,-1.481257353640375,-0.31508147954844024,-2.163974398049373,0.16829593475871096,-0.30034733112525025,-0.06604374110554811,-2.954873085316845,0.2825176606912061,-2.274764908599769,-1.499445930515153,5.794160120274561,-2.43350250175447,1.0805445176491402,1.1933014853259039,2.743977075161075,-2.8894308981537553,-0.5187176143785166,-2.4983065125756765,-0.21626836484126555,-1.3724021651423168,-2.5778132754383565,1.501966328495219,-2.3962748437527215,-1.4006201886493708,0.9721547279593512,2.170422671163452,-2.1119067685492876,-0.10047255204225225,0.31108636085674934,0.2554294060741702,-1.781284190270549,-1.0621972154087223,0.5661712048749878,-0.26893288141753846,-2.323676640460892,-1.7314575876134164,1.8659803023183263,-2.263750708386014,-1.7798422655660895,-0.8337602249456566,0.2322819562886158,0.0,-2.2921375746137618,-0.36448068300050096,,-1.2275186460255494,-1.1077478453904055,-1.4840466454271728,0.15445100320330418,-1.6265937392859642,0.32651471316733627,-0.37578139228960916,-1.8840764085740758,-1.6850171293698035,1.1120429145360822,-0.5928656104459584,-4.801466227762274,-1.0532565016114104,1.4380875171468022,-0.14883826704901182,0.007204088728474112,-2.5088222657976056,-0.3156476594033064,-0.509262075967043,-1.2875647993694672,2.0764445769507978,0.24138351966593863,-2.149887569514908,-1.8871901977872696,-3.273336570849661,-1.334502126137549,-1.9937696886173972,-1.264025362479393,0.015687332607594584,-2.893536678767661,0.2795112792995713,-0.38630912952956065,0.8121775342081916,-0.43219364301114727,-2.4733909116972486,2.2231909328683575,-2.667471341551464,0.11373565476142655,0.8117004908869019,-1.1360223197979469,-1.2996225365003333,-4.093715620781402,0.013239362668882038,-3.300736511674174,0.01671832540761642,1.9823647879129824,,-1.2142991228794475,1.8660667964069289,2.8077697120330036,-4.245462910064923,-0.8338204467117305,-4.002427953029686,-2.803090573923195,-3.07931557195531,0.9625127198918948,1.71349558474867,-2.422703061823561,-0.6143741010344317,2.3634690367833944,-1.0394287924456291,-2.456476350693171,-0.14543053749183077,2.7329972930174806,2.3898762107522398,0.6004173442162752,1.1504100130600214,-1.0908314990734747,0.28013198577305776,0.40754908767368647,1.4626382462084475,0.7379024179861915,-0.9112032438835516,0.4891050428976751,-4.659391871778274,-1.3308919164674804,0.012121950395016512,-11.215532968939712,-0.3542958370239102,0.38853431213481393,0.16280579978820153,2.6020354632252607,-2.6913413387395835,-1.8952880945134587,0.8277584198795207,-1.085910982174132,-0.8436114201714084,0.08226656066254723,-1.3867609769117828,-1.297320074551711,-3.6728738206885936,0.601753673739891,-0.4161330502227001,-2.49551385341934,-0.7580290720209271,-2.29259878132666,0.08237990843980025,-1.5105144214454413,2.1230188788417648,0.2422285022204207,-0.8896162818953002,2.5996853539116405,0.6441912701494967,-1.7203032187447564,-6.660040002562761,0.12250559253050852,-3.162728069250942,-2.2179023749971494,0.0753049842670217,0.15276973068651944,-1.6352867675700655,-1.1890908299720504,,-0.6299041342431311,0.4557260239280936,-4.456467785654084,-0.2296215653936895,-0.3285563043517459,3.130948501585773,0.3041698363617007,1.3090012528888417,-1.0379791991438458,-3.742579837194737,-1.3317082707325123,-0.08586119888452926,-3.133802038140232,-0.6992975008135116,4.059233896663206,2.6315780548829437,-0.5067548727132998,0.2742762624525996,0.8845971287923415,,1.8067976191427082
-1.3608267314874745,-0.4649822355382027,0.06713013548951263,0.6405118023216749,0.3363832022251989,2.4810126582278436,-0.6855273762479186,1.9199355922905115,-1.444615166355745,-0.013672742124737347,1.7259342394881472,-1.258499784644762,2.833930000558116,-0.5657027451937191,0.31196006965330536,2.2703037230584977,0.21606274566083883,-0.7979205822987057,-2.368429942896,2.0161519335621936,0.5439567434587955,-0.8181092224702979,0.14767950016130182,0.8930425752855742,2.940424421491694,1.2743145819505086,1.347734658765054,0.5905030793278643,0.9143424400670952,-0.14662533518438048,-1.508249112062665,-2.567923358442459,2.494198894244648,0.04858555452866842,-1.2345025876162374,0.08459271552532233,0.9142287605053756,0.5920374014188434,2.978966676584749,0.7344897697749708,0.037609150330930596,0.872206471333592,-0.4287556168300677,-0.2701445778137024,0.8906441304553425,0.7771163618630617,-1.3038179446086984,5.624828397406434,-1.7232202333264834,-0.06502234841745391,0.9023382610335196,2.1293867471715355,0.8621339640247694,-0.9617554511585746,1.8336749485141413,0.32786757771647856,0.9741634900465979,-1.3520389301773572,-4.746838681008992,1.3357672537988474,0.27163919575188267,2.91343110948199,1.8515699350151849,0.3679866946724619,0.7200124749592751,,-1.1645014874946624,1.9944222744412654,0.6428239027449267,-2.7757524558721602,1.7877638214440994,-0.11891503041673301,-1.2687568648199754,0.27679900612105346,-0.4009532546804584,-0.7470454740768795,0.8842316214792367,1.2448637571085053,-1.5386090691663634,1.4557610683277877,-1.4137378253670563,-0.8936329935560927,-1.4931296181548648,-0.31664714871679767,-2.826896615933916,1.6496201934146137,-0.9708649463794794,-1.2899896259135013,0.23935340343848033,0.9758891921631596,0.14370532091294574,0.2352303293235769,-0.18855059948854613,-0.08829249587881671,0.9412539004973519,-0.4049550808725044,-0.7474930110338285,0.9613270218778336,-0.891767964500767,-3.501488228756977,1.000897521755939,-0.5287804837420085,0.3269971264436178,-0.48685202661084004,-0.7489951896187841,-0.11406764015930992,-0.023944235428985383,-5.707675088222852,2.342200862924182,-0.8217411091928195,3.912393474207776,0.5795818638842043,,-0.523391240432669,0.09275220788043104,0.40260459503049795,3.039095855119389,1.6710108420003422,0.12681525229933932,-0.7824112876904321,-0.09383965906389902,2.3974295115144706,-0.4405035515119837,5.241580901660914,-1.09272556977833,-1.7958114570782335,2.0353091598158457,-2.092576889659581,-0.7910731739049437,-0.29422177912686864,-1.7543859649122862,-0.3393719092915415,0.15444756628530953,1.2902735820296884,0.8608362857490226,0.36316634635489287,1.017568069541186,0.7413312677655659,-0.9103866844452635,0.33885774645610045,-0.18360476981875706,2.388312653605773,-0.37566791072833894,0.6513954745420492,-0.1600043402777751,1.914224664536479,-0.43136015456131105,1.8611309949892574,2.940827454066941,-0.03534358468456622,0.017462984443228358,1.6370026968833162,-0.2524276789243163,-0.3151086746430054,-0.7073362793755922,-0.5457321741689114,-1.4454247971663614,0.5867566716737604,1.894409124976426,2.7883096540526564,-1.6272626829483938,0.4175731802449789,0.9199601611338926,0.7500488710025843,5.045505229656322,-0.13692719870116443,-0.8879404872751073,-0.9929751051757529,-0.6560750938621074,-0.8971951641266962,-1.1333735495264508,2.9540333306261823,0.10992966831890882,-1.8776141641375088,-1.1437768911850443,-3.165066334040867,-3.3429251985891306,-3.786050519274198,,-0.2587322121604174,-0.796544657532483,-4.321681736232518,-2.029579538553883,2.9645436972866035,-0.8051356753206562,-0.21861604978402616,0.7457891680928697,0.23160859182524973,0.4926065113180833,-0.7321817490082538,-1.220206573337801,0.663439879658001,0.6843858048914964,-1.3354376931948853,0.20789835299193093,-1.4045433366549842,-2.9006108669195174,-3.6269423749614726,,-0.7758914983182152
-1.3369361206030606,0.37673298552980405,-0.2012621280376825,1.3837308383659597,2.011532755055856,3.54414023900691,2.8682515901781613,2.0992156129161277,1.380880492869041,0.334907012222474,0.30615681900254543,1.050631727912621,-0.04487581430722143,-0.7111532432368506,-0.7314051043290304,0.3370495129537243,2.9296198258601525,3.061803417190734,1.9841353753959234,-1.6532575152462203,-1.189309821110307,1.7091403832733887,2.030731715904377,1.2968299711815456,1.0102039725367051,0.9774196658419498,1.0940299915118468,-0.5090699324805659,0.4211998523459881,-0.27533040264494657,0.8831948340954465,-0.26247319199040886,0.7746255040061323,1.0806297738247483,-1.6463733382337753,-0.03622021000476705,0.2141408137712908,1.0259214114324955,-1.8071530662982838,-0.023899817690842262,2.2180465316852915,2.244243236230603,2.5573675325925693,0.6054829163130382,0.7542770899992668,-0.5936995425987024,-0.9793812508685718,-0.23211087892647253,-6.481550122083279,3.703882928345714,1.0520799578449092,0.06184260695514254,4.620601586614326,5.341062827966159,7.5521714513205,-0.5091941264786182,0.30201342281879207,-1.267404131595895,0.9259926429223908,0.3201861323150146,0.7094924860582941,-0.7077407636590594,0.4090272118234983,0.647344694441343,0.5995579648790939,,3.3267288156098695,4.982326747484778,1.3032218645875115,-3.508130343683613,3.4901288768436123,-0.22557651048719096,-1.0245660552304359,2.5446388991201996,0.8468444801694286,-1.766669572077828,1.2142649666599725,-0.595766455839597,3.011993687981551,-1.6411890836198206,1.8290938671971624,0.33450426385743803,0.912902615824529,1.0246951275571625,-1.4964683565993453,-0.704488036891171,-0.5602304158366711,1.1674422176084498,0.5265398474767702,0.6723142672314886,0.32286194120314526,0.23466710472088703,-0.03976569733152857,0.7179957303032225,-0.5905681263597029,-4.8367528096525785,-0.7276005076921832,1.8827053829348461,1.5899779188339735,-1.5093998653126661,0.5700040647659277,-2.3493117780105988,2.5764452794662773,-0.8317105957058812,-2.9525485371935445,1.5098911141689264,0.9219346035367559,-16.9756475087821,-1.4610872086131654,2.0905073113006045,0.6275180070897113,-1.6932685543046833,,-1.2260415572912686,0.7065952400495901,-0.8887963574699675,1.2595842155492587,3.878565211327878,-0.20582119246850272,1.9942640890573626,-0.6172412949403627,-2.1723776990360766,1.7638273302172047,1.9837045923827956,1.5719712382615159,0.9431035350951245,1.5661299382835114,-1.609928721049525,-2.7491457358962634,-2.1640215392841,-1.5217372349330405,-1.0098644590996075,0.35048367345908993,3.4585866831489787,2.000907607115243,0.038319114098972484,0.6835293206616688,5.4489663751094985,0.8120272841167564,3.4139737455131547,0.7788356618300352,5.414557455071023,0.5230563042550873,0.08551525004971694,-0.6054066108815204,3.587192101500647,-0.6780930948537489,-2.4846902921393466,0.24940622014753,1.5201500307182592,0.436604978447952,3.879592109670682,0.7966992732874933,1.7317194652819223,0.7547835507655476,1.0897268196839782,0.4973048122598023,1.4272002004339646,-0.7108751302018046,0.03285505517756082,-0.40510059556072564,2.6534681537832894,0.5709323484981876,-1.0889187803493572,-0.4599914766838631,-0.08065816749606158,1.9962994948507395,-3.0088195604494383,0.19865660532392138,1.3801628264730859,2.0077237748880927,-0.9337912351600863,0.9651477027458499,-4.106435353416948,-2.988938655423923,-2.407086139105219,1.4224664536451215,-6.316419182388677,,-2.607000724505515,-1.53674328786908,-2.031861405491331,-3.0255529816150983,-0.12260435135323933,0.44803589951980527,-0.735035990855204,0.23456866334015114,2.234838509073356,-1.0766849419144076,1.8039645884037725,1.420870291366838,0.14809704227669584,1.6057570426583512,-1.8521860042853944,1.2448153852069321,0.2739511636570713,-0.15259152434558,1.654258120272445,,-0.30559278279191915
-1.0955746580606607,1.388680429219824,0.17926577143876354,0.5326150912877692,2.3333771151786475,1.0783783334599173,1.3159577310667858,1.8937344943553258,-1.0182480615264278,-0.0749302170257149,-0.050866512160185895,5.471285153148364,-1.2034138502724057,2.411365872349891,0.8992315669893891,5.7801482635159385,1.4847143263778895,1.0344610022995804,0.0807482334528764,0.5410295340815274,-3.271267718469084,-0.44567224774493264,-2.773769696172279,0.15240804714489187,0.34486155441968425,3.232085913163152,1.296762757719927,2.807350127599628,0.029267320150849763,-4.19657432454369,2.343975810876331,-0.17543425226828058,0.4278480358275827,-0.2882934815749194,1.9015462779036207,-2.8989033777025885,2.054569279815288,0.2137845729326182,-1.0712777158912279,0.09565134864237823,1.7898711444713333,2.128463866972563,-1.7511495735727078,0.285081258973352,-0.820717562071871,-0.048050469920857264,0.9545682722174931,0.9904296844096327,5.194432793559356,-0.5019500378365516,-0.5830310808833117,-1.492146869963018,1.46446659739925,0.5059038683949302,0.315141923866058,2.0930429751556012,3.4877885580461676,0.43285725117263585,1.554838766305111,0.13919895340495092,7.429231063508723,1.7333569445363128,-0.12069476274174651,-0.14798654162490044,-0.12034768702990917,,3.2196266447366506,0.46437676035553377,0.917077116345455,4.244828815392454,0.5025875367004495,-0.03140111691687375,0.24562915149086706,-0.1766569288351061,0.6659946259285787,1.010959350410956,-0.009014391580974834,1.9000259681100529,1.3107285818629633,0.8199823784854621,-0.9292586238176304,1.4639802598416685,0.19344699939070065,0.608580976916584,2.5887274117807113,0.7474981120112911,0.5633866793733011,-0.1377863979689975,-0.7125935238573855,0.2713060461956518,1.2801133024461508,0.848700412840242,0.6962402854604699,-0.38385443403121666,0.5080915534497965,-0.6440880827502937,-1.3115631996812982,0.20178679517064424,3.281170335601513,5.642955172021824,0.8334876829042326,-0.719999391202597,-0.8927257067804395,0.6249009459722732,1.4580169775694651,-0.116660498132104,2.4083520987356666,0.22418943013293724,1.8501557633895827,-0.2871826049742565,0.8154741584341485,-0.2795524690058393,,-0.811225004160876,-0.5981150288713044,0.08759451412174712,2.0358474883623856,1.4007902140414474,0.904332397158103,1.450472502107436,1.2624013066541595,-0.1365356148940733,0.5875434477525365,-0.32650598917507434,0.5842516173424572,-1.0965837561464076,0.76112771908321,5.576453908935042,1.1938677139528453,1.2818845071362217,-0.6622535676741981,1.5065202812468037,0.09779438655617145,-0.5227734039431553,3.3303754494554694,0.4127840325240273,0.09528928673046,0.8058547508242198,1.1322838994752837,-0.1246868333226292,1.300968516228873,-1.6624633956959345,0.06050696945278933,5.782640108038928,-1.3973464031519556,-0.29725043349021485,1.485557597067677,-0.8081536006588785,3.3359720012691607,-0.1625099716442424,0.22605614385575734,3.0025151683920503,-0.5858259699224266,-0.1351002540900148,-0.31984801486096837,-0.34403669724770714,1.4090351480170238,-0.36294599985426945,-0.09637438629443995,2.171613824658758,0.054235874658137284,1.1574090512739055,1.7746382532145555,0.5532577029814467,0.2633078688980106,6.926051289631219,0.4009882636984319,-0.08914788819435193,0.25720837977674105,0.4443155234327367,1.6888161961067905,-1.165381873107274,3.8008027712685966,0.32044457740121324,1.3757414604735896,4.312527526027221,1.4941723707969867,2.3217583949622034,,0.2530248125093282,1.3501107224287212,6.2966295789913085,4.338576782056491,1.87559215406925,0.4438911076371399,-0.7262336185030249,0.835790037136408,-0.20665064887515072,4.19431728019064,0.6983298780145253,-0.30306514580148436,1.5528012737631158,-0.9792569055278033,0.19960745233642552,-1.0929016211355558,0.7415502444026556,2.2747361603230765,-1.3425546164782087,,-0.8474503459196758
1.3044725833796234,3.190945377532306,-0.016778438736919643,0.13245411299613874,0.7643409485166508,1.0889094463021332,0.06430041354146265,-0.477909952918143,-1.229129248770855,-1.5952024012958477,2.1122248467053906,0.9534585365285286,1.127168861187644,3.3686866250697056,2.2711609055186655,-1.7739847256037944,-0.23067421470218674,-0.24412283373564936,1.5991860658987722,3.811659192825112,-4.599954565470499,-1.5044804841248482,-0.4720005714410114,-0.7253728314903118,1.2765121453605088,2.150133397851617,2.0353656290292843,-0.43942644533863096,-2.194054071293361,-3.0931808075918554,-0.6277618791130535,-2.75703219572615,0.23827905983384579,0.7228064956942726,-0.2660544917706287,-4.565241450688329,-0.7408659108098403,1.8880034554471958,0.9371056057398963,2.0808374940083363,0.9153315477024915,0.09304747046761097,-6.967900241812197,0.43430437018998624,0.07268374751803197,0.15109554751888687,-0.04556703621272362,0.3159301391133962,1.532692834519822,-0.7033713315546919,2.2515481906248302,-1.8015518251291773,2.6891516770144896,-0.5928405049977825,-0.36323888283490424,1.1148492291311651,0.6708154853309667,2.110428733240677,1.234486572014326,1.663009245097813,-0.179705280707243,-1.1783478366341527,-1.0876210071346093,0.7011301610593268,-0.08032554652670498,,-0.02784888130451524,1.407021017869825,0.36917549235440106,5.648827457466599,1.4712223539239178,0.6470615932820944,-0.6388314579278798,-0.4718948189394889,-0.2979235039208161,0.4214082038086042,-0.11502385442906382,-0.07508637463000678,-0.4252305287754776,1.4847693218632996,4.220853085108556,0.8142850899957921,0.6700765944420706,-2.1574779602111627,-0.6752840889575951,1.182094539850409,-0.5602304158366711,0.017253643187298273,-1.981347547863288,1.0961514146106133,-0.04236229644737355,-0.26117282350260895,0.7408138896816796,-0.2862513827909807,-0.06999248453026796,-1.161744238215745,-0.1172656144145523,3.2697377409578676,0.8283419974452144,0.6052384100345032,-0.321454812637767,-2.67974954154806,-0.44275181894083415,0.5229575022918098,0.9771864088985227,-0.15850851304596292,-0.4633909781782908,-0.026831979269326123,-1.5588812716826328,-0.638614601210008,3.7272006344171382,0.144689265473108,,-0.8079963905148313,-0.42814304035728723,3.1838564608825504,1.9611533507880807,5.048701389614285,5.047169843720978,-0.17502546368772798,0.12666829427083748,1.6767942800271163,-2.038556217986842,0.12545490205972953,-1.3409177894977753,2.488004211176209,-0.44618151996745903,2.2802216450463986,3.5664627898875034,-0.07445227550284539,-0.4761904761904745,-0.19866561826761275,-0.502439021065948,0.9404023139804929,3.7378693045293954,0.796740791037176,0.45216416974978024,0.659304420556861,2.384853449845248,-5.403960866380652,1.441443489289096,-0.19820887539062637,0.1209333316096517,2.2289756999952504,0.2725290576788941,1.7440981657608656,-0.46094878190294786,-0.8977685521536105,0.8864124238672,-0.9882602822264497,-0.12144555471572671,-0.36437218587683784,-1.4591760682365118,-1.2040071492119053,-0.4559850861811765,0.03835826620637306,-0.12405922010486625,0.24097325145602255,-0.013773500440528164,-0.17503455997620598,-0.8740457552777525,2.078561679172175,0.2734066698936388,-1.2317038867366903,-0.7771031697778152,-0.33217760041979183,-1.1030787233970885,1.046877121545342,1.8065217708421732,-0.3007150633057898,-1.4318031837260214,-1.3872017729512187,0.01653947026438729,0.6315754026769538,-1.6150695989744612,1.2281675910466694,0.8580202690530392,0.2124650508026127,,-0.31880491735160055,1.1349735725446175,0.42111172054877244,1.7902205936390247,-0.4463185660258717,2.2933003943729657,-1.9938354625670618,0.6872038245999246,-3.714491754083593,3.1677368213856028,1.6210071931508585,-3.696492199591983,1.4489588947088183,1.008517065660941,1.557402281025877,-1.5883946789186587,-0.8058286541761994,1.1953965856227322,0.5773170707151998,,3.7097595026947205
1.76246382293892,0.23675754356493606,0.9228187919463116,0.2834448991636096,3.4421212595153516,-0.17122754063652046,-0.449813662744869,-0.5228858720055407,-0.8746955414324686,0.3463803255975062,2.1183800623052917,-0.06403219904866919,0.6471885165632907,-0.4510599971877527,-0.05622032121657128,1.5273171015786735,1.0769631566408533,0.6245837245471675,0.28881269882521377,-1.5982736448048485,1.7599652149719924,-0.18627326936713207,-0.36419978633527306,2.5650196719636087,-0.22300259585815718,-1.3135695681978365,-2.346782200559616,-0.43686421659038244,3.384842207574046,-0.8921490988208713,-2.9503643942811686,-2.2817086534726028,1.541566428956953,1.794037773579138,0.09360228603474408,1.0166817405606654,0.0,0.800874200914814,0.8802741591831476,-0.5857544684871652,0.5489908779011232,1.4036064021528682,3.6412526406911505,-0.5739471207808933,3.391439235795435,0.9669522787268292,-1.4474534763964875,-1.1613379342172325,1.2226860610589085,1.5925792699682528,-1.4133605842374442,1.834603151692371,-0.3846703515897998,1.2152580662396772,2.4041800992318896,1.4873484427136319,6.807964033397562,-0.4512014501383943,1.7984847859456643,0.5969913283921713,-0.20403410731213434,1.0312640454134714,0.8857698801576941,-0.5943620596121302,0.5053143345704614,,2.2007656700433476,2.5045103673937197,1.00915401875028,-0.42142001134425344,-0.9570762551048939,3.595279724342504,-0.6165227980871713,0.03386880216165178,1.891768899540236,2.853545539923874,0.2641834264172749,0.27551822930167447,0.03634603152244953,0.7082262378943494,-0.44999024882304006,1.0981961669627172,0.7107386754793055,-0.03091064327344073,0.15506308264681135,0.8451414400328261,-2.8638471269514576,-0.586312169498171,-1.5082280003578252,1.3107396579920216,0.08477137448490435,-0.4946120867859727,-0.19609765193887574,-0.3643610822199772,-1.3619795739580942,-1.1494280208591223,0.8478961134150031,3.6383243285568856,-0.9181903466519148,-0.47746373502067785,-0.33170551921127833,-0.5089036224730559,-0.62873420325672,1.0567408395185662,0.5218278733773785,0.2715696558690528,2.0134981219917414,-0.11635820522564178,-0.20939348737848418,-3.8941469829094744,2.6299712854787938,-0.8759331084363997,,0.35761938097929047,-0.2672850427621998,0.6300521716330554,0.7315088021440097,3.6802245918269083,-0.6735546612316012,2.0497960033752705,0.29961844392254466,0.5101598451928702,-0.053662327737091786,0.6264816836980103,-0.9269652376376336,-1.8120360648232081,1.1912235712745245,0.46154111485052773,2.7071327361348763,-0.8444084799184348,-1.7703310344397871,-0.38641899901452614,-0.05611227386214113,0.9521764158396895,0.9822175538600764,2.547930395182374,0.8173375123351923,-0.2620004239579643,-1.5736130867709863,-0.6598793565992134,1.1488600291379436,-0.6775667249323436,0.37443531010015185,0.7068448527185911,-0.16307743689956133,2.842355632746729,1.182736811264684,0.3717861444205939,3.3409249351679327,-1.1037970055392088,-0.8511419680672816,2.1282947350773185,-1.0061676069735626,-0.10953855820934333,-0.8185978535145355,1.3266908610525263,-0.049683305570324965,-0.05590652581752842,-1.102687291492488,1.295401619230141,-0.6630149077270553,-0.5043842064384463,-0.12221951745499116,0.998220115298798,0.1350282802546232,1.12104600632561,-0.22115854116586675,-0.38262840628114914,0.4199935836366242,1.0941752875440747,0.1641542697766507,-2.461750901135884,2.139276058482298,0.4400590009466576,-0.7709630014329338,-1.7148252342576664,0.10746604232660939,-0.5517900792725405,,0.6263260952776406,0.563747127621439,-0.5381655702691779,-0.25529931552843443,0.5222890319962259,1.1408760533790474,-0.6732492624862751,0.09578971078041398,1.0114891049977093,0.20578849775918506,-0.528874617749997,-1.2324450009009835,2.440245551038389,-4.061645405647452,0.5706155985532257,-1.1228059467516482,0.335888844878407,-0.999537569255049,-0.533001902500152,,0.6400150138087257
-1.3431343904805493,-0.9090223601606384,0.8478830051606989,0.5181917384260437,1.737734183101547,-3.09986101968337,-1.9493901448312423,-1.6359150182689741,-0.8096423606460013,-1.8018623117664778,-1.0616244303881972,-4.485021982017212,1.2324770009271901,-1.24603535932305,-0.579403845965587,-0.21961350395900414,-1.1798648643683518,-0.8530255484058502,-2.1238343711105334,-0.7211840070281195,0.15253158280692514,0.10450915987221254,-3.137245789038534,0.7273451900563055,1.3021110418774295,0.7804617542810144,-0.5545799057214196,2.0039044136763495,-1.104194286304594,-0.8401643810227455,1.8669531855340926,-3.8377061759819364,-0.9860970952616954,-1.5039298002365031,-1.2671180686554928,-2.851611769572837,1.8822062065317668,0.005199218319984489,2.2769092119522494,-4.100870704001636,-0.4510384515833743,-0.13750679047283,-1.5728866531508068,-1.1307925949141984,0.15671788352458194,-1.3923792243515143,-0.7864037829324433,-4.0294790399912355,2.3145908766770473,-0.11541384745461514,-1.776435328925019,-1.9180750639827604,-3.29720309214675,0.8337947158725489,-0.33676511455440483,-1.2541036045942588,-0.4660252555622413,-0.9722932306417631,0.8632801727735728,-0.1240593841396187,-0.30066145520144527,0.5422686465809345,0.3784388147318518,-1.6001352984793327,-0.5827596866678331,,-0.3089250567886781,-0.16126145490391597,-0.6878346763771415,2.9977057813852515,0.36056826826702526,-0.06627556897623732,1.46224739835219,3.681760473973772,1.031470812404267,-1.1117923305922983,-0.9075405593547248,1.3987821663549838,0.3088123900147677,-1.7118535056783513,-1.817416453258025,-0.8550014006021511,0.4984890944528475,0.5668934169036355,-0.7264506388993119,-0.8750351635147036,-1.0149830300145823,0.17346053772766545,-0.12072845057269355,1.0566941048549383,0.3529022126853576,-0.49708181242732463,-1.6209843407261837,-0.3546095992902232,-1.2466421242632975,0.03941502963644705,-0.9701186132881734,1.2329186331485387,13.100518048567466,2.840155348593809,-0.2496070999352895,-0.5845838626800437,-0.478391294126157,0.8332698836307717,-2.274654284266575,1.2791702414960637,3.8106122752255,0.7885306873517628,-6.950819672131148,0.10491542306427792,-0.41716146335604165,-0.965655401481047,,-1.215048197383073,1.46818636759678,-0.05618760442031023,2.2191052564467295,0.6068062092172477,0.12056592252163156,-0.1499452986798877,-2.754908333310546,-0.5547943205292172,1.1394900051372003,0.567237882508409,1.713236486875469,-1.2450309568156737,-1.9697737372877389,2.9212976257958045,-0.41751967263246037,-1.202247350332497,-1.8509537201119475,-0.8463632576537261,-0.57543516995614,-0.12891606797419408,-2.4060606443541577,0.11480065039104481,-0.5639746129312506,2.282059591398111,0.23484780056002297,1.7270860803080046,-0.9041687664521292,-1.7172439645278703,-0.24067335308903814,3.5836970740389384,1.4882054822198176,-1.4578758884994603,0.3339682430570923,-1.9094323873121821,-0.9656777673087702,-1.8879198432628974,-0.36790042586671845,-1.7728182175229645,-0.4794323478863438,-2.330365890201058,-0.50461730198752,-0.9763130203093273,0.24026714283864603,2.4948312845795906,0.06968771480095892,-0.7100676695621089,-1.3486689218631498,0.3004071118238416,0.4236091304866463,-2.1446946046628,-1.4617825609245627,0.5543089448736049,0.038549140684729366,-2.1095504080596794,-0.23063341552828076,3.972872227418578,-1.626471788999695,-1.9650263720943806,0.20782594256072429,3.224872568347714,0.7875277174451689,1.8711109987005425,0.6351172225493862,1.3283729355050067,,-0.09269648980346767,-0.5658311199681298,2.108073959290735,2.915037326697467,2.671494712592759,0.7049992457139886,3.1238415102362582,-12.440935280977472,-0.9015510920803549,-1.2815243913366636,-0.10290542468484043,0.0,0.8477571529025063,-2.14206926816487,-2.4645433358266855,-1.7033340562035648,0.27247956403269047,-0.7572307475470219,-1.0305028756857681,,0.44429287694485176
-2.959298922742437,-3.561112970146829,-0.5605051636720204,-2.6338001682630563,0.27256208358570344,-1.9406555669319925,-0.9479937073115563,-2.301110893745184,-0.7291289692652247,-1.764621425416324,-4.847063194949586,-2.2136502954551163,-1.0851346555381225,-3.395271392567023,-0.9448954623996753,-3.2574025489408465,-4.836746018688665,-2.3980377221144322,-1.728579477469161,-1.623394072908313,-0.7934315621198174,-2.3489920657782326,1.5121917083849468,0.5390968890647496,-3.0791343487709844,-1.6124767213027247,-3.931592155404773,-3.8891367759908535,-4.417366899483522,-2.985680441009464,-5.1190284091408245,-3.113359648125258,-4.17711032438326,-2.755574530841043,-0.5256723405426267,0.35860879890370345,-3.3126370472011057,-1.9576285736750298,1.3064067365628151,-2.4207437334151094,-0.7750082347437792,-2.4141707173212956,-0.2635941146691412,-3.103253052307031,-4.532212099656507,-1.3776001740834598,0.02330840326696393,-2.8774971979639963,-4.636587779139944,-2.74889162950942,-4.516131037439408,0.49346494798105933,-2.626319711607139,-3.7375943006294987,-3.10871516936283,-0.24366669685982334,-2.325932638574235,-0.41340518877651666,-1.5591815072925952,-1.9839489560936951,1.652594958628617,0.8724618951454044,-1.5080666910496143,-2.0891189575195312,-2.7412155417799844,,-2.0051066823166597,-3.1129172995003396,-1.7581172210157092,-1.9345985191878579,-4.462166973106985,-2.2910889038555315,-2.9260196773202685,-1.4040776466836768,-2.053891403091923,0.22176511692868495,-0.8090317659577573,-4.705016072569834,-3.3049618972405437,-0.15062847481515096,-3.251215922077544,-2.4104063786509533,0.5517417418684056,-1.5988558394917418,-3.394915799344733,-3.245058956876834,-2.4902369096910904,-2.805196918966446,-1.7240266661385895,-3.090017751292895,-3.200162328486944,-1.6455997022675195,-0.43938728847515707,-2.691279157277693,-3.1879237587238762,-1.418442132535025,1.5020877863773041,-2.699924244161167,1.6861463970595292,-0.23325246184989767,-5.0231696014828575,-1.3322307676174483,-2.54303361656143,-2.158217577595789,-1.3424849613243972,-5.381165354956963,-5.659961555343651,-1.3869225697828003,5.468638166732731,-3.0390381539629585,-5.954525340272809,-2.3824790950620622,,-2.5000577952594694,-1.7225539975049053,-1.2529088469930394,-4.118280374692695,1.1382627796103995,-0.16557381560993178,-2.9376769244329637,0.9898265368758263,-1.4323000937962127,-0.8907042898214312,-4.037699178004528,-3.0952854790502915,-3.004289596966059,-2.873336762823242,-3.0571734120461436,-1.3186094150063998,-0.10141532465267611,-2.6468155500413593,-0.7231779743762656,-1.5527949775408945,-1.4472088175106812,-1.9041164373204467,1.1548887741851699,1.7015271915122865,-1.81380221395967,-0.856087230783098,-2.829601990049746,-3.0162496584284937,-0.8736242418294071,-1.2545296262401084,-2.360382384413817,-2.861230266582393,-2.534822185959118,-3.199159734111834,-1.7764067652377369,-2.925275631789881,-2.3115048449484643,-1.6353064169766784,-2.2709571256261385,-2.736298238976398,-2.1052625165845162,-3.4084094001747833,-2.483949816078179,-3.281268901652734,-2.363152741049057,-2.3119803433546138,-3.597102830139909,-1.8971831391350835,-2.995132354574559,-4.911888077960224,-1.3991418213082918,-1.6257915188271577,-1.3632336483391128,-2.0421878114301184,-2.197271102971121,-0.7985748159726302,-2.7278428093645446,-0.06286540709725674,-2.2986391604411294,-1.9662240676615483,-1.141100953306995,-1.0855353179067717,-1.8415158181329327,-3.1288845486111105,-2.2550672911289427,,-1.3520694428600488,-0.8377661595116326,-3.2413444619972087,-1.2918791828583798,-0.38661229381555806,0.19971805219956007,0.09288053679195052,-0.12979195179827485,-2.6655089880953886,-3.187155132811459,-2.5409913545506813,-4.153217261831744,-1.3721629271168267,-2.003100882789466,-0.9998182592430904,0.5776167617517869,-2.670809348917891,-0.16185082479869273,-2.457310066487106,,-0.4336595422901768
0.7162351298696024,2.029808709572034,-1.3096790169993877,0.8278800422603094,-2.2349743279975853,1.204509386221364,-1.1963312702427897,0.46882986230860624,-0.07390447453706761,0.28626636085460344,3.0071305517862967,0.4115895354436683,0.758111917052684,1.6741837308916319,1.0510142730595362,0.02274937430493118,-0.65932580415341,0.2963407019682007,-1.4146737650797436,1.9262873718835838,1.010246216533739,-0.9087468352222072,1.781171999339315,-0.08854781582053883,-0.6532102594634437,2.16184026406514,2.3703560371516996,1.591841279332984,1.9485886693145327,1.7259343763546653,2.523685453919633,1.7493842292839457,-0.829966755144973,-0.3434739352517924,1.4329967939181065,1.0058230410121771,1.531880942533248,2.277415986500886,3.3949601803253238,1.6370734667769948,1.478012658798411,0.8653962172664231,0.3083414715784327,3.012795278503755,1.2716200180078463,0.6635004662679966,0.19811490275136734,0.18517026074675869,1.5699532086922208,2.1236584789136037,1.2627424355076355,0.8002206245447452,4.0378571897165205,1.5118540891808419,2.7600711355154406,0.8586219225565017,4.198237204267818,-5.8932548294529425,-0.7750918700684228,-0.3835862382552624,0.913731113740579,1.9185328988021944,0.36748081716000414,0.4905683928154714,0.5672367194037298,,1.134681074865851,2.546099570722804,1.821485727053318,0.4189921282354403,2.929458029286036,0.8947303602641066,-0.6928264416987906,-1.4075177440582398,0.11649387855250382,-0.8439279487642004,0.32532850926747514,1.3571122243208888,0.40733921589002353,-0.33942821693434544,0.4758628754364391,0.007240093999949515,-0.5265491773142728,2.218524046428172,2.222775292016421,2.1074328726450986,1.2018067746869532,0.49883981005920397,2.6864318156567757,1.1827344728475797,0.4577496297555772,0.8664388713875981,-0.4012036108325012,0.7085745675223132,0.5281830480480032,1.099126837824227,2.4707293420828558,2.0610264411420776,1.938080825253885,-1.7301037272255515,2.0589383294301378,-0.6518297644903526,3.070801558149361,0.5166091699979392,0.8125418254387284,1.4696215285492364,0.03494687945972963,-1.1629899488173834,18.401712475388756,1.9048884007778932,2.1635439308467674,1.733887272333856,,-0.15673023568749667,2.4655336436155917,1.8015392677277697,0.6995602199183049,6.909706655634307,1.5377696318723988,-0.5511715602336875,1.176145873773482,1.6377669246875337,2.3747182889866103,-1.5984485615122446,1.1352750637774633,1.5210176306522438,-3.1786796338275414,0.8653440086282771,-0.8400138187724893,-0.25376657765454613,3.0586236193712812,0.8120376433278897,-1.4338972827541485,0.8755544092713619,0.1657680593283306,-1.3562777747026855,-1.6962979451639493,3.2287068180269385,1.1997818578440178,0.6399999999999961,0.979667680720353,-1.9316625357335027,0.7207464271698605,1.2663796147307282,2.0434417040673614,3.238566131025955,1.2735632572666855,-1.7327268789257055,1.288348889445401,0.12389041357132591,0.5899155611273521,2.3604183553464386,2.46657312376215,0.93190201879505,0.6674639163686047,0.30566849591946443,0.5298302427699353,1.827834050971222,-0.09980664171810316,1.7493984191660816,1.5286184791801327,1.4859131527298342,1.705434379085835,0.8792482922252987,-3.288638985162551,1.3141020115465807,0.5113532350312644,2.394759610979058,2.674504888566398,-0.694097017030193,1.541171337518099,1.072839607312348,-0.37365314993194065,0.46452529273075527,-0.8376591648195153,-0.3888235901543191,1.5507342252299106,-0.06071849136782825,,0.9137312122318386,-0.15408782722380332,1.2233251189100347,-0.1749719984997511,-0.3412542763596704,0.6534664969361614,0.9921502079987432,-0.6805712155865229,0.5794275786296543,0.025786075370981543,1.5062068350495394,1.8589255317918774,-1.9591210036660978,1.443478382911234,-0.3488732030995867,0.7896601167795669,1.2603740535923391,0.023151370648699654,0.939365126549152,,0.9581978320071682
0.2346060556714713,1.6370613439635306,2.7997087920083708,2.35820744736015,2.1933889403768836,2.390061902900187,3.363379578981407,1.5554691616995298,0.9846475369386543,3.3183471333556813,2.755752238896525,2.5106767546679176,0.3717786966329628,1.938577234349692,-0.05087728218267085,0.6748283765800167,1.4820561992234138,0.14959981774826936,1.2679505184336026,-1.430015931275197,0.0416775837917438,2.090079908700515,0.4188989300765389,0.009847365829651622,1.66367925982438,1.1081794195250572,0.6899158869672073,2.320828697628774,5.073548760317981,2.596071417119772,4.598278476372508,2.731371546666428,1.3722348263468742,2.129493300528429,-0.638322398990343,3.5770441449986423,0.5029162010310229,-0.5540822246653532,2.1126266695262963,3.7046246212999456,-0.9709904113369916,-0.15853929414413326,0.6257493708534678,3.1890990626726623,0.8873285836313416,-0.13182712479662406,-0.13957015241720105,0.8033019990305146,2.396853530071219,-0.5138195664687317,1.4548164904917726,1.425348735697085,3.964521696046863,0.07898059917827993,0.90176731479652,0.33759310959156075,-0.4155227424501029,-1.3634523322929026,0.06113640792066999,1.141440901367896,-0.18815105540432864,1.8670015548379437,0.6407368450360273,0.641102501299895,2.0740298722627726,,0.09196260180002191,5.07906605302042,0.6798522567369014,1.1908881236630142,0.8804885702302867,0.9051464160667821,2.8721640522434866,-0.20154722167037287,1.0329734863024687,0.9390161078172143,2.920830749025871,0.8161172183955623,0.2844531432151909,1.5988670211979583,1.0497499699214208,1.4847537512027387,1.7551680424034988,4.004482047616875,0.6924194569209341,1.724141085610964,0.3958449666030983,-0.10635979647301008,9.777467743288359,2.8504990413529496,0.5062931447329166,2.4289204688688004,1.3595166163141936,2.019971316178748,3.7681668658414047,1.5088576277706212,2.0092915298002056,0.0640263373171246,0.1830516970513285,1.636843392903975,1.57758867960609,3.749179781110956,1.898732328611863,1.5989537286015931,2.087781762900387,3.680857274569127,2.0263178322284636,2.481065197523691,7.483068599657883,0.11931440903054646,0.04671251748156191,1.7321329955557019,,1.5388586934669268,1.0491448187633923,-0.27962497148739107,0.4145800088673157,2.3990166775175847,1.217524013558413,1.4260712190525604,8.558266598215504,-0.27250799145932536,-0.8778552431418674,0.9178315146415095,3.570517821816055,0.6174454241646643,1.9934288342752016,2.6798678727765424,2.3549421828922723,1.5392414405946742,3.8417127441003673,0.5922767245260641,0.24730158735797314,-0.06867188803263424,2.7546472044099213,0.5376617484913027,0.4491252733453077,6.247527348862714,4.643434524878742,0.5023862902424403,0.3811322150059304,-3.0038245316817536,0.375986854654875,4.637775607721228,0.6494744182528045,2.437734786578072,0.5092994697116326,1.5042979942693435,2.834966847785214,0.5939134962064774,0.6220010527940634,3.542618997341296,1.9044868273461635,-0.014199431723238565,2.8466645106203226,2.187841766816523,3.9867411969344513,2.2616278391885514,1.155988880806924,0.6420280569863213,0.27311261680742493,1.2169596733306864,1.201902200342042,0.5781913298965158,4.925210593811857,-0.3279928746971694,1.3599476319421822,1.2356860320543062,-0.16505654575070805,-1.00191056461294,2.824934892554376,0.4096785900935984,-0.08273351311892663,1.0298410340793707,-0.7591997998736111,0.9514461356034731,0.46987200430261833,1.90258320932144,,1.5446039395389466,1.7455157870119642,0.9766740367449511,1.9981770331856996,0.627773363237405,0.06736769743829196,0.31804367251060395,-0.044765978596061906,1.4470883834881043,2.2170731622069395,1.622703915638568,4.610199830373807,0.3258036605186643,-0.685496768428584,0.44222652016279174,1.0683733542580232,1.362842793846486,1.5628694730186465,1.2690404067461358,,-0.7075054996814267
-0.4242250490723132,-0.4116974483116653,-0.3921822074426706,-1.0819886023923586,-0.5683207021803249,0.6397856035055272,0.6442811773628598,-0.9736845356122958,-1.3687298128383207,-0.40751652266057814,-0.20817428639465785,0.8163909697307403,-1.8079198701821286,-0.985225842657822,-0.6616860509029543,0.11361054148280036,1.0984796921695184,-0.9597412317294607,-0.21742852816286629,-0.9842080158701583,-2.131778146043606,-0.32484149855908084,-0.19414802956179145,2.2154391492713588,0.2057790873040144,-0.412318601986561,0.9198423127463773,-1.6334476489326177,1.4999973248884801,-0.11954694377609432,0.47619218113921225,-2.0059376159124676,-3.1015210986891084,-0.976260252386385,1.3509729643953694,3.504115095484428,-0.7102541427058129,-0.9685455847266433,-1.0780809837016903,-1.8040592097894215,-0.28697678853424335,-0.08406475387898737,-1.2109945321394755,0.4270873248728657,0.17147758625488674,-0.88231714789343,0.20964783442785073,-0.4372320995680523,2.4670707651939017,-1.3350177181581713,0.043135749159706194,-1.1829610933562051,-0.4958084963452625,-1.0372085488796978,-1.5375745123375362,1.499415497775769,0.5141196632143741,-0.78759531009861,-0.9368030397198135,0.9483956040745811,-0.2356267705894255,-0.5149991443799462,0.8033903576261103,0.03506373645596472,-0.35111991328672376,,-1.809999861286271,1.387724072255181,-2.156465448785816,4.905077706068228,-0.4418351219619976,-0.8485362623697035,1.0040535642885429,-0.8078067476202544,0.06061772211916061,-0.0620224935162228,0.09984517863514952,-0.9359946740497893,-0.9299729885531183,-0.8101380989291251,1.5848508751572732,0.5923567304255917,-2.1301009409614657,1.8320772002928365,1.4235737891960198,-0.3092909010047551,0.14785068974527693,-0.7453437811945407,-3.2330336533140103,-1.8277283295376034,0.7124298158530662,-1.243494165432979,-0.23845250015523956,-0.16685375231693111,-1.257914515894698,-0.642600447918662,0.8371262081784847,-0.28548566782393703,-1.0796862515225158,3.2396980885709192,-1.553087349397586,0.03613916390274863,6.408127615908077,-0.642363886556363,-2.140212654486706,-0.22731292369514433,-1.5180898682038424,2.0827802368164283,7.245615970227304,1.8670530264562224,1.0739337609435795,0.5007720930865434,,-0.4384421058858057,-0.39498928974528447,-0.14821833113803917,-2.3358767426506777,-1.8103585475065964,-0.19498841595416705,0.9906052587520975,1.3847005501483878,-0.697005939391715,-0.6744857404944127,-1.1476823398232416,-0.07959872495534315,-0.17146687626788948,-0.723112296506867,2.9501702433793797,-2.265606971184786,-0.45101338318501716,-3.2550016508953727,-0.9302884274157264,2.0896858110926786,-1.9378746645205336,0.020779726706909862,1.424718377988765,1.43545720925069,3.33134219296789,0.8153806540211139,0.8985036036771588,-1.4727234233811837,1.4215017430652566,-1.1962251895292653,2.7404653731297524,0.0,0.7059749565514473,-1.11354292014757,1.0422886922534014,1.6981144871101916,-0.34440918360147954,1.0243708350271108,-0.513493085797545,0.8822622554518933,-0.25572297661298204,-0.485669218777518,-0.8334626095043873,1.1526179206356346,-0.37575822149670257,-0.4373584661061525,-1.1893547936919768,0.6075803162210125,-0.7326684055410593,0.383105075522594,-0.5348229592231912,-0.43869467971248133,0.3440263009444555,0.09652509652509078,-0.5596918478634638,-0.7284926678345349,-1.0011105306159007,0.4518616567878331,-1.3909496021310197,1.4849108011755652,-0.9222610764145323,-1.1205649878764934,5.437418749512801,-1.1961550981288704,3.6121737274576127,,-0.9047945974040572,-2.134003754879954,5.879897114711685,3.4162736804902893,0.37300623899558794,1.0119371142762512,1.5851768080170414,-0.09301195833192333,-1.2608119639947346,-0.504415879655562,-1.1954544955605217,3.5742538928649426,-0.8876327625912506,-1.8824558154609705,-1.0640227577948913,-1.6208565823658372,4.880706552520597,1.692684110611009,-0.6683368581570814,,-1.6944777994009952
1.2487108566733962,-1.2257052375669875,-1.6241019284132685,-2.0933412311544886,2.778795690174163,0.3587695466168439,3.7504041383769726,0.6407764057370757,4.970756113129204,0.09015373713865404,-2.0125198088998264,-2.61113544899102,0.6197254035661848,-0.5437940846248268,1.3435753994039512,-3.3477076249823323,-2.53108827308115,-0.41853992110100213,2.0737832654700528,0.22590846767527317,-1.9578927267843937,-0.13642934627990932,-0.3022974645814136,-2.07109141701185,-1.5646391924498348,-2.0386785237559213,-2.473958333333337,-2.3058528399809153,-2.4771255304100515,-1.6157940919964031,-2.5551214467164463,-3.742728233122372,-1.9189437414043442,-0.17039547804055255,-1.207128323337936,-1.2710849978128769,-0.7153249152245356,1.8245848425874733,2.1670656830706347,6.411966128051283,-0.5636195451606207,-1.2152913292004741,0.9221397665309272,-2.775847766533568,-2.175719864814174,0.7990484898172667,0.09298427699495626,-1.4874627619846925,-0.4153403172987735,-0.8049406828703698,6.293771165176487,-1.1071115048185143,-1.5974182780314483,-1.0138906448480811,-0.03904200893951604,3.6030817801208315,-0.9266123054114117,0.9477481710712832,-0.23298713786576997,-1.390714533696491,-0.9329196377879101,-1.2027959083026674,-1.5037578751078473,-1.343693442548366,-0.9299911366458469,,-0.664362920132533,-2.552487981542295,-0.9859136061093565,-4.462823670640958,-3.244814520621131,-1.0452946592541479,-3.1740515228664723,0.7210722470235797,-1.490282577594959,0.7705447996227521,-1.52727771223512,-1.430028651379156,-0.4881322635728602,-0.8824542597292373,-1.1367963353707156,-0.12771074193801413,0.0447561537491703,-3.0305945026081194,2.938029296621014,-1.625719339167997,-0.6397530081198255,-1.4661205767926067,-1.0800517141748012,-0.7108523575619752,-2.0721635422418894,-1.376284625776536,-1.0158302380121942,-1.158775393345235,-2.1873213532092484,-0.8362278544710167,-1.0499255686423514,-1.5352007555849645,-0.26028422362812664,-0.879734390227993,-2.3233578736016836,0.6502258515652448,-1.1247186986721225,0.8323845607397518,1.0983654201036197,-2.253428628502352,-2.2948523012902844,-3.112742822458725,3.74033219069958,-1.5598584318141206,-2.8949873916447433,-0.41675931306405234,,-2.031310903095962,-1.3369576387235904,-0.9387842282039705,-0.19804234822833333,-4.288160458417578,-2.2843419971942502,-2.1231443990953114,-4.7225922786676815,0.941180365154537,0.1771470077586601,-1.5042018864554363,-1.2379012524662003,-1.2023076609000927,-1.7772511848341277,-0.7571893513666272,-1.3764949372649937,-0.8683627434613039,-0.3446538040389746,1.0222282639104963,-1.0234558929681947,0.007005997613007686,-0.4518984839727236,0.18112173627271577,2.331520379342611,-0.3678309113550271,-0.851353652307163,-1.7371097200535646,-1.237836182962504,1.4391213487427335,-0.3179703154075342,-1.219092274027489,-1.0396215404751996,-0.9981429897864436,-1.6005575381207393,2.428410250899904,-3.267368770169299,0.9997511997483333,0.05244541835118799,-1.7804382937948948,-1.2601056836910596,0.39881016731426744,-1.8268988907622852,-0.30071897144303694,3.2568228513568664,-0.8405612037675758,-0.2692390963165536,0.12035725673960052,-1.2168834084619107,-0.529900377780268,-3.2630428364198383,0.934498477680834,0.7215203076127219,-0.6037099113600508,-2.082929178971793,-0.3353078121146935,1.1033595764806892,-1.5014020121831506,2.7859383321270137,-1.3165261845937581,-1.8629824531349426,-1.7007312428394372,0.7191866076218911,0.8755444513198984,-0.09102494285662122,-3.3031709802900933,,-0.03969667700449708,0.6199581306854052,-0.5586225115919108,-1.3426355049435013,-0.6041465758448328,0.45242273236110186,1.6228603937760155,-1.0689286216380212,-0.17116133820938018,0.2365895447374866,-0.6481743270639884,0.1643281767121696,0.9392765534255831,0.24515384475110036,-0.7231528772819851,-0.9312329089232185,0.6965560884818478,-0.7229655964695381,-0.7148867593995245,,0.20329854700507077
4.534240287001601,1.5639860765092939,1.0116704375694896,0.22151215733752228,-0.7276843443655201,-1.201035023374386,-3.0601418252376167,0.3951891473403135,-3.183444756834597,-0.8591950362582312,1.26486857682373,0.5599830555718555,1.0265141039370151,1.2680345188042397,0.3763931158890843,0.2700467018908137,0.8570151492566902,1.0980689132904287,0.09569489088461225,-0.1674457479707181,0.34219839164824073,-0.4022409574996888,-1.0098359828409564,1.5443635648239251,1.4603628614707986,-1.0485756525752898,0.4291436200648535,-1.5750647525991868,4.161255759427784,0.6285432905942967,2.3542762470110556,0.7927485135785339,-0.5165203790924111,0.20726621782707344,-0.9105085282214098,3.478583452233508,1.391845395463731,-0.9398377699366245,1.1098834200834018,-0.617420938674107,-0.036180438247057634,0.6056551743576888,1.674240765648105,0.5805657462508496,1.8289613640296132,-0.006951921815923079,-0.7083222223331465,1.4667746352855504,-0.08472199023551452,0.154333535700113,-0.05069430779954809,1.0193904198540604,-2.040363631276232,-0.7250598702010613,-2.6850166252574748,1.1754865843999873,2.139917695473259,-1.3400699587711506,1.7171510070377982,-0.32440924452963316,-0.05960185784346095,1.4331927019676671,0.015259492722852208,0.50334578348874,0.9562121405018553,,-0.838354910593242,-0.14235679952486757,-0.8736694368067122,0.1114256650659895,2.609215018787858,0.7474657289945563,2.440559707321488,-0.8338266661265581,-0.04304316168780575,-1.8987991616326583,-0.49297130413598067,2.176162727573683,-0.830103477075228,-0.028419095875020783,-1.4096679048623106,0.603822964528522,1.4820200414865647,4.20676886467104,-0.3582130290203489,0.2523059672706829,-0.4952986921307412,0.39920382952152167,-0.3479542110009781,1.3500647182415504,2.3276174364901925,0.29690758080465063,1.2777896025671254,0.18036711054072452,-0.58977818635646,-0.1515223253917064,0.4071544028326546,1.238285147983098,-0.1683512268571219,-1.5188924160594919,1.2333594361785494,-1.3189727386159755,-2.850970164574329,-1.6670615990869164,0.20189837617128337,0.26274276823814446,1.7912159147939644,-0.7199396370490385,3.463893456524314,-0.0660249911615507,-0.919757059549442,0.10008602753741602,,-1.6836866903171877,0.9990827203708808,0.9638744520237941,0.4960943085697611,1.320556475611756,-0.046137771045329234,-0.3362152497400017,0.32492003378008505,0.474102150725364,-0.4479826936542475,0.6968647994247679,-0.031025068725143434,0.896690139893308,0.4025607097969619,-1.3952745004832234,-0.006628801828290065,0.40624045476242987,-0.42820101594583937,-0.1176591088769996,-1.0914800688172965,-0.18919145246053537,-1.5027409599777664,-0.6910410859304661,-0.8841518572931362,-0.9700321541362578,-0.1803194229778482,2.801711898018433,3.2358515810844146,-0.33308427119281836,-14.636238024416514,-1.039172666437338,0.8512973039064509,-0.004693911195774447,0.861522452750596,-2.182008916863365,1.342565326152112,-0.855431094792447,-1.9045891335663145,-0.448741593041313,0.6761896042596804,-0.21279869475725466,-0.14956871727047627,0.19334880123742515,0.23479690965382272,1.4182456606767868,-0.4972988147740609,1.1184492168271332,0.03519854471150108,2.4543391754510147,1.9627205774615408,1.7519856191133831,-0.010932506466798664,0.35993168236345685,1.4477004942320848,-1.0874121909155487,0.458150135175317,1.0042322231468503,0.8840276828045113,-0.09529836210120379,0.10808520646068409,-0.5482343305001747,0.38407311910122477,0.027408091421876613,-1.102403048021039,-4.784576424638409,,0.8472283786157497,-1.5987728779508381,0.31723276092621155,0.9701476702853151,0.12461916583625943,0.8907168932844156,-1.6515438774155178,-0.04880089354564188,0.8092921332502279,0.6996466078656338,2.7487800165510556,1.001937500564365,-0.9305362446583754,-1.2865510981555306,-2.6709092596278516,-1.1569041814516123,1.3613952216960934,-1.405667906143604,-0.042355902682400526,,2.055407171695367
6.426539091006278,-0.7157246018814956,-1.3592313358772978,-0.5285495797776596,0.6853396901072673,0.025385788824650035,-0.7522227760408451,-0.1476109129032177,-1.0960377600150784,-1.0763226089260836,-1.137762979179957,-0.9787344461443692,0.8835478000682295,-0.3790910732876185,-0.5148953591458061,1.182666930437648,-1.0541842002516177,0.17602813377808335,1.2648906593955456,-0.11610932876444657,0.5497124996108882,-0.35815538118623147,-1.8484952095919716,0.08234040492105521,1.5960039153817052,-0.5947231912411421,-1.0825182793656851,0.6616879210136428,-0.9698879307905917,0.060451000992567394,-1.2946799778867923,-0.7615488414130733,-0.6607852947135839,-0.9368553291501325,0.2047252441464531,4.175140493441343,0.7751918117475443,0.18244907550866163,-0.731802660213865,1.4035908922796159,-0.8082969429414444,-0.09406216694876068,-0.7749030853840488,-0.4506995250434964,-0.820444596025105,-0.591098748261476,-0.04677668699684112,-0.30470003589794237,-0.1630607492875802,-0.5318656418375367,-0.5274894496831273,0.7658347087319273,-1.467120876403294,-0.42893273273385546,-0.34112816017065617,0.5912322780479151,6.2706028862354435,-0.41480077966145057,0.1890751290941628,0.8873256141321617,0.5009483599204723,-1.2914007660829951,-0.2900263578736184,-0.34173502973575687,-0.8316414862122756,,0.4749697860449764,-0.6700156373897537,-0.42772994670675635,1.660962219731954,-4.653378362602867,-0.8768194625089043,-0.20220209478022388,-0.5775478755836727,0.447067389726552,0.36618539911073,0.30086743857913323,1.2677426569953631,-0.1997619669656614,-1.0990028977676425,-1.1028758342230605,0.14122274191163964,-10.51471009174917,-3.1038784257381824,-0.8001883503936713,-0.23908647418172668,0.04977736289240031,0.9759668413517275,-1.282278434222428,-1.581001050458386,1.112378641469447,0.02960964059182114,-0.6755402302697777,-0.5176089459391298,-0.43671619696058483,1.6099250994398684,-0.30720542443454235,0.3763481971900351,1.774948458547132,0.5667541864909476,1.8274995165345143,-1.1820330444476612,0.5780292438633428,-0.4808887681683971,-1.3624969653647345,-0.3973124200211564,-1.3751316048516204,-0.04532600916206109,-0.2736726996560135,-0.3303349859642535,-0.9122939049928336,-0.6180116635569388,,-0.21934524965523394,-0.3297355786313294,0.30084374147067994,-0.18606797466204084,1.35065225214972,-0.9539947644441216,1.132055778322294,10.071760009782981,0.11403020850113688,-0.6039432093854935,1.4724314507941871,-2.029666170156974,-0.40808925358323256,-0.3418503272181739,0.547197721242787,-0.6663965864668775,-0.22757361949037325,-0.529267499353403,-0.9541731233567718,-0.5517624111536112,-0.06318621164252969,-1.4038280003526804,-0.1739593367272474,-1.7726440493167406,-0.504387749565971,0.48172043010752397,-3.0854278455196726,0.47722782242787254,0.16090483200672523,-0.18683399552269497,-0.3250715446994401,-0.8979885254342235,-2.166570685034075,-0.586446440532884,-1.1743257011099795,-0.7149603582714326,-1.0600240203848643,0.017808261772311873,-2.6275256088599153,-0.46353028853777234,-0.5970964018700009,-0.2511382314325128,0.0849074168998376,0.663699564618736,-2.373555949884465,0.02856410604643589,4.096402509214081,1.0836628523810177,0.27854829067350817,-0.909269101381649,2.402155104436221,0.628928330493217,2.1219384261813357,0.10678338142002808,-0.6134563353864086,-0.07174093846079588,-1.3537806281109566,1.8769131073887557,-0.858445181153733,-1.3509411778779623,-0.5154691430765745,-0.851426802476063,0.5390119263344761,0.2763703362505865,0.49426619040611186,,-0.9976339863112305,0.12415577736597516,0.8696192739683584,0.7740106782001099,1.0132310637470665,-0.6018515725365936,-1.4155870348806276,-0.26153363767834614,-0.23811636790773694,4.7798452861191665,-0.34710311807326644,-2.094210760004167,0.5970548293366518,0.5062440540066548,-1.01707696052169,1.6093655142718433,-0.25410192667078,1.7692565040191344,0.63559159366815,,-0.2593143641190232
-2.106289248526194,0.320389003663446,0.16178657819037046,-0.47338594069017415,1.9591580696026956,0.2951084951550609,-1.930422212891203,0.6022776967235854,-0.9789030356372352,-0.15543826510093783,0.4628410131194194,-1.4144543741276716,-2.55736712699286,1.130072377193314,-0.6975678188184897,-0.32403516630932216,0.23245342655247025,0.5346412341264539,0.05810345149064311,-0.9687419118761809,0.025310689329449687,1.5983500156228736,-2.8005414157903696,1.0792237332429844,1.8022430302802928,0.8375951603694975,-0.18239416338676762,-3.5357251360865094,-0.545656664683869,-0.6041079265260096,-0.11163305662827971,0.5157927703206555,-0.6335128041390248,0.577258213774634,4.0765929024872305,-2.7649769585253448,1.1378166003104928,-0.6764467110727646,-1.3699507733882843,-0.7941910376793371,-0.6202943983362408,1.9207234425214992,-1.838495795065409,-0.7069097528688228,0.8831270737698516,-0.7555123349510362,0.07020148499188306,-0.3340730087871724,-1.4568444706623773,2.0638673395631857,-0.6934488992011434,-1.7670393076090862,3.0396567726178603,0.7665998128130402,-0.9060706846475752,-0.9363048394961493,-1.2269938650306789,-1.0780850195183933,1.9545696667191415,-0.2648753293531425,3.299317544935021,-0.5541075193864375,6.858541641058613,-1.430771721229629,-0.2970180803002709,,1.3425329027151989,0.5645087371517032,1.1975683779146928,2.4247064325362055,1.8830220935917463,1.3979943045431487,-0.6959040418910267,1.426625114512614,0.2429571951058085,-1.5792727584372557,1.508873424902668,0.25037924867585826,2.163560264831621,-0.6897282377427705,0.1332228018657844,1.8403721001933215,-0.7143796839162331,-2.2993047197981342,1.7301796956965099,1.3496444486611248,-0.44776386332818774,0.48326689601552175,1.5245761224282228,-0.48533566665167616,-0.07757104590414565,0.1775600975677305,1.4202852950996103,0.0,0.6703612896789446,-0.5779216815898991,-0.5300059725689588,1.3517465389121908,-1.6362867022970407,1.3026584689491472,-0.3228563289336295,-0.40486052782265913,0.839966462142816,1.334975333998778,-0.2918279490331299,3.1105486135788007,-1.1375726984866774,0.48971385448017823,5.085995256096432,3.5723804002739,0.16152480042557205,0.5761343677348263,,1.0302972067380178,-1.186397863170674,-1.5830835378902286,-0.38566779216622216,0.90399407977928,0.730155680891853,1.9693341902033756,0.6692457450268918,-2.4273389170512583,0.5540016665559921,0.14510368802105322,-2.559555485882603,-0.7557755533457944,-0.7834620614563859,1.7942156110491103,-0.22028962454936352,0.3674961457792225,-1.6960445282603764,-1.0228360985048424,-0.17520983563372727,0.2599192955303753,1.8052943833680946,0.21884226388362293,1.3738488133142823,-0.9624550599450332,0.7704819792826001,0.8263419778237191,-0.3039762695368542,-1.3840748486926513,-2.7501764356929304,2.462795563214204,-0.7611475715738947,-0.498509375283418,0.4167788735334632,-3.830710797612591,1.0907537780490806,0.8720558572536952,0.9973242361420276,3.124808059501949,0.522709956265488,1.5732188019615512,-0.4240278050931079,2.3600166714571547,1.5668689115156953,0.4006393132065966,-1.3133546802193585,-0.5053111086070983,0.36199393982268013,-1.5410323059784625,1.0249902137600797,0.0328072920058986,0.3641331598981612,3.138710916825893,1.2703741540486702,-0.3605766540814015,-0.8973898886769582,-0.31721968921764043,-2.5264712076994544,0.038484620538548064,1.5350063469026232,0.5253345535679799,-1.2392004198916173,3.0895047705588263,0.00918471161575063,-0.9780116789729565,,0.039775628230342974,0.21564175138217845,-0.979687821773989,4.144870129250822,0.265906297031826,-4.503169726093182,-2.1257093130019666,-0.6223358202922857,-1.5037320307624724,-0.5243204207482366,-0.3738022961306542,-0.18368048275527737,-0.41979783296918205,-0.685882904391033,-1.8805703604139024,-1.0799176997623228,-2.292743244795703,-0.9789579396705883,-0.5894711143092146,,-0.8839653114240176
0.1465502347232528,0.26856887372610494,1.0526915538073833,-3.581822775141408,0.4005587200659022,0.7150345811177239,1.0634768033753517,0.3592018884424508,2.5740286085400133,0.8916004876593497,-0.09961247880565516,-0.9853063264629203,1.626821142264756,-0.15963790354190932,0.8950834218147907,-0.4527996556576874,-0.277003599572323,0.08924887853292152,1.3281937852986037,1.708618152780228,0.5971835886393162,-5.457282649604823,1.8454367249576498,0.7612754955472534,0.7289549196194178,0.4045307443365731,-0.9521061742642778,-0.4890307014381312,-0.8956618018912788,3.2617516013845327,2.640217103890974,0.7759638364796428,0.22313728473530858,-0.31750914960284593,0.8445560374343852,-1.0663507109004766,0.6496651528606234,1.6397688929711274,0.7287424371342999,-0.16011257719265037,0.25701351926721294,1.0623564758061255,0.8232057687327377,3.0477602774826806,-1.2244437323679858,1.614155579208032,0.40921294628042393,0.38511086878512124,-0.06629341592719884,3.461617332406286,2.4851071427560933,1.0646108663729725,0.11979004905986468,-0.1638605306715224,-1.0769049799243757,0.9727488789686545,1.8145020587619465,0.9824987527904838,0.0,1.5117433552519488,0.33317593032680115,0.13930110634137183,0.5014347954456877,-0.28790348478828776,1.057241583445201,,-0.662368138721825,0.7896804015225856,1.096570154737364,1.4453047646154182,-0.23763008992739865,-5.1244511043297525,0.17741505485422415,1.0949212048656953,1.3808880380959732,0.38658722496685005,-0.2155282529427205,1.24875355460341,-0.19125373462377526,0.8295647787509353,-0.49770615978113053,1.1008717191209216,0.5830557436272032,0.25143317215050587,-2.2868282469970524,1.7797142252290232,-0.4997541793100635,0.7125044221675703,3.1355087482499266,-0.39154231700815334,0.5081506852738338,3.397345872136759,-0.4437869822485174,0.350636291995321,0.15620062673431523,1.0123460555018893,-0.37175281333771126,0.5500413437147023,0.3579714367485609,-0.8572753683595558,-0.37153472420691225,4.896526127546097,1.8413030609180536,1.592172504198408,0.8097553374929012,-1.6709226290214985,1.845861757088274,1.290500399542438,-0.7660209308923527,-2.025906953906753,-1.354614370202012,0.4637109602947165,,0.6370441428267037,-0.023090764744004844,1.4448284845124393,1.6106201461417724,-0.0294410184181082,-0.5089526070124917,-0.43092448988070187,-2.045966652433062,3.284763676843183,1.3388595603912146,-2.0937445421993273,0.3315978924536722,1.1468941847872838,0.15792138006185397,0.8019359937952331,-0.22411611212159732,2.2727299071187312,0.27063185942175494,0.7570262487105461,1.5796383794269175,1.3382916416558865,-0.6385954344396039,0.9260417352481287,4.18054012502429,-0.03709198813056647,-1.282813694673346,0.6734419050786311,1.2805818250819279,1.0651568626138364,0.44418020776073597,0.09260028539073151,0.4565376390539333,-0.08671590643526406,-0.019155626274358628,0.25953509365832517,-2.105591462392409,2.2230497612442335,1.8162668438634233,-1.4116906775800464,5.663236913373515,2.365526201289536,0.63431321853753,-0.3089192086179193,-1.4892316814127171,-0.2678487126199669,-0.043392876955505866,-0.10436129821881357,-0.6381342724768646,1.2634357910616734,0.04831384560872731,0.5356878708888235,3.037847103572755,1.3761811084646247,1.5033946603270731,-0.24533483375602794,1.231504146165019,-0.12637920063722774,0.08736931131609893,2.1157884951111594,-0.7738654684059432,-0.6943999622490038,0.30268009872305157,-0.7888894818752767,0.3031461420296866,0.9562685677930949,,1.8687840405483769,0.27973762664388335,-1.2334246733727405,0.222518910653835,0.11426671645526909,5.089227426910559,3.078032997348079,2.9376584178443244,-0.05885705186549073,-1.7109938713415263,1.5008107840094098,4.434278561202953,1.4173571237048321,1.003558365482049,3.477574766105773,-1.673941383316413,1.1174016483311178,0.21590493869174665,-2.880136753904372,,0.4634123360259146
0.19954401019315338,0.46329986252731103,0.2921196392644987,1.0067449283873486,0.6996227572094504,-0.018851432382915867,0.777779373468146,0.13557483731019282,0.1818402028752386,-1.753401539055055,1.9693366612696384,0.22695717682561511,0.4952636268013233,0.6966693457262529,0.24143299871970392,-0.046655516989968504,-0.5555559388871756,0.03715538516328998,1.3609377653224008,1.288790452717592,0.0025178633190847677,0.1751553480792145,0.4413525065725121,-1.1309099548586388,0.48871721540177937,2.100455309478244,1.4273230410719595,-0.856365594601427,-1.187661377919369,-2.8055754302667046,0.10208176821280279,1.527575022619554,1.2404560980266544,0.46551668758465503,-0.3259371286498447,-1.0059909477919127,0.5510075460860131,0.42781606553208285,2.096219102580399,0.8705584863616833,-0.2197325598439992,0.2193747280277103,0.2630240941200901,-1.0091683024675113,-1.307448939527489,-0.6312413804140604,0.4308363974725449,-0.1633934923062963,-0.8889487304858279,-0.9559507064954009,-1.4729471991943743,1.3984743915728348,0.7553161635107886,-0.09378520433397375,-0.4313456048451014,0.16397874406686164,-3.2284597984783003,-1.3980848603766471,1.665897018686624,-0.8452388809721434,1.5573155629446722,1.37558337157071,1.5110469097742385,0.26467903930724734,0.5664476142674069,,-0.9955026643491793,2.1522618844851626,1.1451105373882164,1.4902112866808093,-2.4121822013364103,-2.076898647886005,-0.646422430929694,1.4413001794595148,1.133055400499594,0.3798308364064029,2.019595231185023,0.382338891001921,0.13086175127459132,2.248158318402993,-0.8022969200773167,0.19860130993571978,0.14800348114185624,0.42134954438859396,1.881687048207592,-0.14672981606563829,0.251127331131773,-0.6013484731604013,-0.3669218886502623,0.9033843049782941,0.6249584483491999,0.7142857142857117,-0.9806859251176303,-0.4621321646394394,-0.5581550479813346,-0.640117334619339,0.6094619537441837,2.9626737967029637,1.3596199423393962,-1.2510326456963816,1.4534327787339762,-0.2642240563230702,-1.1192493262836556,0.8273686884695763,1.1032511000734546,0.46459069895501415,0.15299373594124255,0.579114584887086,1.2280701754386003,1.0208152175562812,0.29425989162144006,-0.6968976856329578,,0.20318976578386216,-0.7621218921405881,1.464597491552344,0.9036144578313143,0.8877478265521654,8.463810058510868,1.1435776708853318,3.1535217922953107,0.5339446142006432,-0.20460313687054033,0.6141785490549001,-0.23977391163331196,-0.18142234721584272,0.32389182175756037,-1.3797881012243884,3.225155880283359,-0.8518531321443867,-0.42172740409588405,0.09541065296427842,0.3743665350522063,0.38719321004483387,0.11154442259064812,0.12420769144940724,-1.8520547067721882,-3.48794063079777,0.103270223752161,-1.394672215476056,0.9181911381024532,-0.5703686488447213,0.3095448411215562,0.583955432828076,0.5817146607983048,0.829312978393193,1.6285637469050762,0.20821609454135803,-0.8667710632356829,0.2416288717159487,-0.6927606219031879,2.264691555612308,0.286327566846456,-0.39889247713559284,-0.709656817829607,-1.4662553678508772,0.01550129220020402,0.18635376344546817,-0.651231217718018,2.343559415122898,1.3752190022360278,1.4711359404096847,2.520762504396079,-0.2881601808838119,0.08934345858295778,2.5470593405572117,-1.4716958099941002,0.8792473806793044,0.2811286000493407,1.0711357735625038,-1.0940685555864138,0.15068377496232355,5.620858213266233,-0.42531016085791684,-0.20848934536997765,-1.3326817421950632,-0.9524703893695197,-2.1234442998406156,,-0.7416017893481786,0.44525605640735044,-2.631229048462169,-0.006342018801641647,0.9755845699588539,0.7052442094031441,0.18139785790582952,-1.0663369292600478,0.7759237135693153,1.9965410221618907,1.6046402560834228,0.10231793444228643,-0.32251127660888335,-0.9722207262034321,1.1456940729701603,-0.14804187583146167,0.13260105535870537,-0.7994074574438126,0.9158267844647794,,-0.513485685107129
-0.34519098156092776,-2.075230423319563,0.18136122622569584,-2.3024008046708233,-0.9875948216000796,-1.0996952441939434,-4.513909753155765,-1.4676401617079615,-1.5519345848905797,-2.684187346203004,-2.065757717056793,-0.6270695197846954,-1.6984872221290526,-2.2796910902587175,0.1288374824084837,-0.44340581014804537,-0.9419234281187516,0.014862074687593818,1.1094671424911828,-2.918274166669377,0.6263180836128202,-1.5736709208557076,-0.8679052627763362,5.719229105589463,-0.8323889590525546,-1.2732795687011578,-0.20103388856979043,-1.123873012718457,-16.918063190503318,-0.7872414098776259,-2.1142083489534502,-3.155965542574546,-1.8614476972027227,-0.8047739572413892,-0.7403055893654087,0.762164168182955,-1.6752797874634906,0.030793800612860522,-0.9629922025549242,-0.5337214742423435,1.6882876117232826,0.06384914252348661,-0.218615079343365,-0.831240265446942,-1.75119672350742,-1.2146613901614312,-0.6608721019078834,-2.675592140454597,-1.5127179335048035,0.6784937634426669,-2.0848141195151992,0.053734551316497736,-3.288059059304249,0.0938732435472378,-3.5379048780782574,0.7708062573117846,-1.6716248760447638,-1.9237107107690665,-0.7477690093862011,-0.2638538988214534,0.9922186887730167,-0.411649962880134,-0.7864062948969464,-2.3218185810227387,-0.5632570580995977,,1.3849477589652714,-3.8441894248320896,-0.4245529039868412,-0.17748698441911737,-1.3598890522735774,-1.0900239884311769,-1.4082039953765557,-0.8623521854907334,-0.9336358809237999,-0.1471541284566058,-0.15060314943510233,-2.8873335117020393,0.5647653515169271,0.1871257399541637,-0.9885065127803294,-1.530998154560248,-2.4938423645320174,-0.19980019980020414,-0.8080306711709673,-1.1511162539616593,-0.551098091302682,-0.07117872136342962,-3.2501301907356672,-0.9226353506359697,-0.8862583227720267,-1.8723399926584672,-1.1504602121722773,-1.0417825777142564,-1.2133728453887938,-1.4902019349379958,-2.3735981326521327,0.5501055926330656,-1.523547265116676,-1.9934815476537082,-3.5438265786993384,-0.7947721481776582,-4.222896040765923,-0.039450843488120224,0.02872566220026851,-2.1788914537998694,-1.9506434296048814,-1.6919117074571832,3.310221072086228,-1.2436891200231504,-0.2771006042430746,-1.8228204661149938,,-0.7591170012783977,-1.4894168564693833,-4.290605391655511,-0.7873134328358233,-3.165269191637343,8.089177447261541,-0.8245589139009524,-0.9358481761285398,-1.3491005554613245,1.0661377354615587,-0.38244059472091196,-1.045860421631839,-1.762997453984294,-1.9837781082591266,-4.4662007674719835,-1.4095453830383242,-0.037351163330134884,-2.5580172621032515,-0.7029714823541755,0.5594641444054638,2.8720952180370407,-1.7667661700058068,0.8043517194546768,1.3478602902991854,-2.575932333717801,-6.714236588720768,-0.915203124999997,0.5891625734580241,-0.6858666485892728,-1.2049990777791897,-2.3031273385753392,1.0844026987842703,-1.7023648788665802,1.0871581624749327,2.100297635761228,2.1157140618961234,-0.6146774131325472,0.9068627398801876,-2.5660592392138692,-1.2044954069112435,-0.38669329063631963,-0.9544486941698072,-1.1582400975289064,-2.8214886522674565,-1.1598048557925456,0.01456915033810624,-2.4430073154975362,-1.1155454507437046,-1.9269590750596421,-0.25435244200423535,-0.5016707195512282,-0.9923879062709529,-0.8529512111907223,-1.857528146358145,-1.273853540183989,-0.9633530852168226,-1.1760518827474309,1.5798284730979884,-0.3009212956970875,3.0485257820741074,0.14479113366403507,-3.155928242417083,-0.5762932000062393,1.2390221372226007,-1.5888605976536407,,-0.7602632904068485,-0.37919605481592233,-2.2702315216692415,-0.9960079144741174,0.4884061976631493,-0.144826962245026,-0.19500304899483512,-0.2556362479211094,-0.19249367044607002,-1.5044970413032654,-1.6619824612142065,-3.1060139695335387,0.9634672040053971,-1.122020717088612,-0.9628160286128895,0.3706463423514217,-3.7669182615649333,-0.30291021193394885,0.4321537774735651,,-1.4696872593756183
0.2931004694464834,-1.8469444875597874,0.43886114942432997,-0.15302901717375583,-2.354440675662428,-4.3746212570423,-6.275896308473817,-2.2479951558335487,-2.1756170947673126,-2.7875587852928874,-2.0843749316763582,-1.787906172487841,0.3043797294118189,-1.6829155537219198,-0.8503074316305037,-0.527426152791477,-1.2066440621658847,-0.8912655809867664,-1.2161031446738635,-0.6650985481385319,0.8623922009748819,-1.2435419985839302,-1.4646757306053804,2.591262444878839,-1.9334149821701119,0.6928160216827628,2.0239808153477146,-0.16379482570992865,-4.414987460063102,-1.0579882415119535,-1.2431477718131356,-0.871535718037153,-0.7763066163965604,-0.3441917039529119,-0.466710188601005,-1.6448567421605165,-1.3216541071606303,-0.9235486546700034,-1.6634014547262654,-0.627925544776553,1.6361891255325833,-1.7774137444074856,-3.182339767750142,-0.9805455264484397,-0.6192101372612835,-1.5617253881151982,-0.3151287877951159,2.047232653332265,-2.140820461009141,-1.0108702881186038,-0.18695267333229681,0.23272466881489873,-1.42747592826441,-0.7854645025828,-0.4597933850343905,-1.1033673323696647,-0.38178936752629733,-1.3949948697032588,1.1726910309914018,-1.4007531561329167,-1.8086426243440479,-0.5511384803760122,0.3255493618391725,-1.019591906815387,-0.5895549656419252,,-0.9543494793340268,-1.926871535571384,-1.683354361179401,0.5980685405095221,-1.4650451228642947,-0.7833797016275179,-0.3887115302488753,0.2319649477886765,3.743650107038632,0.5947394120065841,0.3869097305813307,-2.543019788903955,0.3341664738485406,-0.7937989925665745,-0.7513162316742594,-0.42340155510119937,2.241869276918229,0.4004004004003914,-1.0124551885165367,-1.0158551283128037,-1.8639824984753806,0.17806268580347062,-0.030209655451352013,-0.11036598191537239,-1.4855973719931082,-2.226078214417304,0.0,-0.4119471482616821,-0.08355487455389277,-0.9776793094133152,-1.1650008922001631,-5.966524447281674,-1.627013187900006,-0.4467209657768034,-1.8272425249169388,-0.774441254505509,-1.6666666666666718,-1.586547888436085,-0.2966529820119468,-0.6984672906936606,-1.1745024618146305,-0.7208477711975192,-1.7614494933805402,0.5772037891278892,-0.27787058531398845,-0.909761372739637,,-0.6548960192682696,-0.44885281154641854,-0.4403944470355081,-0.688254541351685,-1.2575314298448048,-2.062670347445239,1.7132208455017395,0.7385739488637411,0.49907460272582416,-1.0954616922112526,-1.0483560242167123,-1.2735524054494074,0.29601768472478085,-0.36837724170001307,-1.8207470136044623,-0.8301553070826695,-0.03737464912427768,1.0778880520607048,-0.839929180467136,-0.5420809975704377,-3.0597182591642014,-1.6977574703467169,0.18658246609417617,1.6956652997849098,-0.8050474484510683,-0.07372592387798749,-1.3887095128588545,1.6681513974938111,1.1300906258347343,0.4462283873117201,-1.9004441487232793,-3.6474099453149833,-0.9729578283789841,-2.0599852806329366,-1.7105769759639178,-1.701900167646675,-0.5457239290763582,0.17283097860267826,-2.3510277993251227,-0.5237982601563496,-0.6100050526400502,0.45717350571172766,-1.272700971968066,-0.7657315115123131,2.5903608840952996,-1.4273229857536873,-8.527485461037953,1.3718670870271676,0.39296407185629434,-3.116735783732183,1.0111297279225884,-1.2462881809130022,-0.9291121816930481,-1.2097584794207306,-0.6605704986123673,0.5661348430262558,-0.10180995475113086,-1.0368410658553873,-1.1695886653761978,0.31221084212769146,-1.77112695259104,2.231175554280229,1.5668094348857187,1.169049819380752,-0.557740839996812,,-0.6339965589424179,-1.2330472668255266,-2.273845452938761,-0.3075693216008424,-0.303512451658694,0.6317855442787845,-0.21631258382165397,-0.4329304121015509,-2.7275504926526972,-0.3038475256826878,0.1261267133999322,-1.3127083340226164,0.9827694992161407,0.17457480185243401,0.8768655804750836,-2.5110794205745357,0.16819198561734972,0.21784460795446492,-1.3339047719253427,,-1.1098279239509456
-2.025770252534509,0.5247769601829599,-0.44240403506082826,2.5850615226576945,1.0927605303584498,0.544847253945191,1.1015255382960998,-0.5735142632485202,0.6738010476172951,-1.4714760578398822,0.4079046790352203,0.39264898357345146,0.5623014007807514,0.37776086639806916,-0.6375455972858268,-1.1075791538659119,0.27880082625357794,-1.1578292085966946,3.8700940132561312,0.5645251049044342,-0.4014857787329573,0.3515984323896104,-0.8186657957006127,-1.3603934949262153,-2.5966589504959003,-0.6721749273887134,0.4042873260624358,0.10440739502941554,0.05426403783836964,1.3571882108138977,0.2953573684661759,3.2492295021518958,0.2581021976002962,-0.08635077291254678,-1.0895026267591312,1.8798783141392716,0.09681710087445783,-0.46146034756816556,-0.02488222579415389,-0.3561622856319002,-1.1482072509014674,-0.1577595436093704,-1.821676375685688,0.3433958640663981,0.41343826844832954,1.2634584053077935,0.08196047604858148,-0.2364352563773986,3.111325511029528,0.014385311204367923,-0.6139501851272766,0.02679049830327518,0.4671485165246292,0.011820468218926017,-0.6230581884210107,-0.36426116838488287,0.12293007448116455,-1.2518303219587357,-1.2109075224843835,-0.06879708069262858,0.7390562819783897,-0.6157635699404085,-0.028219785992755764,0.4405817924875821,-1.1454161042988242,,0.08502618500390025,-0.6026464108592089,-0.7581159019070416,2.112962951702846,-0.11958385053575382,-0.5955185288767151,0.7441647146015251,1.4050747712178069,-1.7200068720216177,-1.3446383396445216,-0.4158987132474312,-1.0515359074667052,-0.7771324104295374,0.15061428150195955,-0.655395177113105,-0.11850014681662469,2.643610180860101,-0.18943413898928618,-0.15283006953817901,1.1138885755170191,0.667359524103528,0.7643172795460229,-0.1450516408482705,0.46958420984528626,-1.0363093357180997,0.177413878865873,0.2024086680919135,0.67793171959174,0.7526354842764205,-0.3802482245751859,1.1146706779480375,-0.939832143911612,-0.07287483205977718,-0.6205842895255054,-0.766397929730267,-1.0226879737247119,-0.5546957759533844,-0.48123193495536176,-0.585458571068409,0.6647830796228327,1.4431269423221371,5.863131915216924,-2.0577165804885555,0.3651999150109164,-0.8687080814711812,0.9836994251885889,,-0.17930083489606785,-0.02373187113529074,-1.076661866311024,-0.9656896159963679,-0.200631900728665,-3.7397072702206047,-2.114749043586628,-3.5237266585835703,-1.9629292675685472,0.2812896261964015,0.2909803024019775,0.7713262449381864,-0.3504821000688385,-0.2218456940423219,2.495081425779566,-0.787269198136209,-1.071648308236306,0.722385792141611,1.1132601352131122,-0.401604667806188,-0.30389007112857636,0.17050633230102363,-1.4304397036879357,-1.972534445021068,2.100565031674373,-1.761505118509643,0.6877579312123627,-0.4156693256174404,0.012406710703993795,0.9773485559615658,3.9704910693950657,1.9484133465045739,-1.2232277811309755,0.4283386684143409,-0.30777839955232755,-1.1291536427925242,0.4511666198663056,-0.5520964987343335,-1.9211819360475002,0.2088022917412502,0.8787873283284009,0.17846139263124616,0.45590701546422974,-0.5305020268028815,0.27515379476328317,-0.14775690668343833,1.6014055316601716,-0.013742028889496272,-0.31686859273065693,-2.017944263683291,0.09494683316770836,-0.6820193524106344,-0.2500851396969428,0.23701604502546214,0.3355871442690006,-0.6601854869018653,0.7315095614879308,1.2262189740634977,-0.20996490099844944,-1.265373157773153,0.8757655222350724,-1.410557174015581,0.508277095757248,-1.7784555421379022,4.439718325897024,,-0.4652399384277528,-0.8467663218647892,2.1184919210053943,0.2378166252573255,-0.4321590175539236,-2.04730694373082,0.286711579436183,0.5461232400588933,-2.035761079664611,-0.7495861273424609,-0.5206581223102247,1.2470345484730139,3.469672155985548,-0.4030019395046547,0.018891833641609956,-0.5303007260279324,1.3051517549634406,1.3156321964498563,0.08722397513076796,,-0.3684487308000861
-0.6508087367427362,1.2827168960184654,1.486722342549851,4.80078682808982,0.06462799246895745,0.3370405644211427,0.3297237234919592,0.11875674534584935,0.14041142310952104,1.1717890327247904,1.6757664088447255,1.4222208658854152,-0.36389461096645315,1.3642287178202483,0.4315400648520429,0.07149250921254513,2.6411531349249895,2.7408185111151173,-0.15665665011268537,1.1357718285941676,0.221456709356449,0.016291955016689563,-0.36340824636434954,0.4806828391733964,3.505140349825231,1.9342489355028691,1.226706620470086,0.5810742915492773,2.1093246144885835,-0.9941152276649157,-3.330528791630538,-0.493646219801136,1.0780389713646477,0.5308665599037976,1.3803657661211055,-0.32350242641445703,1.9667922694048379,0.37404371714722107,0.4167773735563651,0.5995632745555257,-1.2094376724556377,0.09294310639818004,1.1063703412334425,1.281337517548664,3.5258597713411666,-0.08506672285858441,0.023400169010878713,0.7110043263772958,2.9433595272928548,2.4207850839342404,6.899807553100135,0.5178109097402128,2.150033261860651,0.9806223480102849,1.6106393695043852,2.2832310133130918,-0.2600028889209849,-0.07813687435119787,1.855009292866372,1.6866888696720483,-3.6117381489842004,1.2236717337066993,0.6209500392993172,1.2665266470536674,2.4761741849691488,,1.340240403580517,2.469562399310976,0.7444856999466509,1.9590892536634597,1.8637487361579108,-0.43753366362545565,-0.3963628962103227,0.8558154528535811,2.0494443341749324,0.259865532324266,0.997070623624885,3.3718211744734994,1.3799579326922995,-0.4323691587911127,3.3855092021305655,0.8932934393476977,1.1553707189631224,1.8479672811071657,-0.5298445150420661,5.06250538676245,0.0509957778811021,0.846707988402362,0.6234141830605555,0.8660372104270175,2.2026428289672273,0.7083761989470361,-0.21209732731229947,0.5820526031150353,-0.15770454524586253,0.6294799637581949,-1.8246359924502187,1.0642072939111458,2.471046660499776,3.6795009952441893,4.914744232698087,-0.35348719672448903,-0.2789043631907573,0.3062481147870111,2.8866459420170187,0.6220376676265627,2.1996442814181005,0.34292889752998157,-1.5604589656554757,-0.025992489542725483,3.257277216377008,2.3749842889937867,,0.538881599152008,0.7239540467410821,1.6663151233916818,0.9674582233949014,4.772306389014758,1.8232819074333717,2.4419623488716624,-4.394702040569776,1.7709056855885086,0.3564769863304784,2.142540981104424,-0.2903348343162304,3.165489670404509,1.5912503462716776,1.9492090211136182,1.3124837383311494,0.4156721986839029,1.9296532273278322,-0.04787089121118804,1.0368592912925578,0.1801160780005251,0.6259622622286409,-4.100336538623739,-1.7231795441912223,0.4831728084563336,4.102515959444242,1.0408535329319069,0.4174043474535871,-0.7572908665558487,1.7304587645124991,1.6536458333333393,-0.65526692047988,1.2881098643767075,2.571775656387265,1.150715689026094,1.1746777796587171,1.9907731825112185,0.22553569359928805,3.2521340854211322,1.1233969233729768,1.8113932871744565,-0.2583121294287505,0.15649452269170805,4.2424242424242475,0.4411962417895987,0.6806784539403754,-1.058279156284725,2.3497066968312996,0.4487658937920802,3.2932023072273386,0.7642665652095149,0.72455413983461,0.4108938166826892,0.5517217326046708,0.7246814438283344,1.6794588633229468,-0.6969738153981053,-3.4895473873091443,1.6641215893190786,0.16019717973481118,1.9770991917728464,-2.2587786038039015,1.832056422550954,1.7830904792336844,0.4635359622314761,,0.7879306236973083,0.8649487309861259,0.323486328125,0.9939083039435692,1.3491575295328184,1.1690013100876806,0.4114095610141755,1.6536948219382452,2.9743478192547634,1.004230669828532,0.295457692339407,-0.22873864495509544,1.0087274618775677,1.5966727014414372,0.0,-0.5331279071904227,-0.602727319046148,1.9472383263986925,-0.043573980607380935,,-0.045097864347476424
-1.1463642057670809,-1.2002007989713737,-0.17298628033701746,-0.4276726550670462,-3.158577307922905,-1.129554360964391,-1.5646140678517995,0.24287882391074156,-2.668726179983383,-2.2634386384604466,-2.272444955953945,-0.6134942660853349,0.6859065365959705,-1.1486279305761404,0.6728088467558679,0.9286805055649605,1.5735860182019001,0.9593388114687906,0.3820425727697474,-0.012912949466559187,-4.496359105968983,-0.32586558044807035,-2.2336575127049008,1.7034023337953341,0.00953692466667544,0.7788826144308647,0.1942645698427281,-0.5925327566544181,-0.3482267632624825,-1.9672143654745122,-1.1242386653102288,-0.5333006571044518,1.1620483366948653,-4.45781723649602,-0.8527069747347515,-2.452220677410244,1.2015771677371445,-0.183698100577534,-0.6008824328315177,-0.87105737374642,0.1454585246368767,1.7457484500741138,-3.784339754814403,-2.3730977697360545,-1.8037167853795721,2.4975131660373684,-4.058480370628681,-1.4048400881573442,10.311435920984668,0.0702049953870798,2.331049140907915,-3.0908606448174836,1.8666404859707386,-0.6435006343100125,0.46808770362367635,0.14836795252226587,0.6734250543084741,-1.3208266073385988,0.85591351006713,1.8888934986248662,-0.8430927642893771,0.8722283407851972,0.21037588067842616,-0.31114487596245466,0.528036613387739,,-0.6333066626151851,3.277264463838847,0.1220965096701887,1.751674569351036,-0.8305889352373086,-0.5611471093780906,1.067201713775856,-0.8323944258044058,0.7919746870590494,-0.9362576657960808,-0.4091802814699341,1.5484156538631,-6.985199101576911,-0.5192107756517572,-3.813816333790221,-1.030639470749939,0.16657042404075728,0.05885019963334237,1.0535030235357956,1.0249797977138986,-0.8664668612094695,-0.4198048561862455,0.36090225563909506,0.12947355462096244,-0.16959066426781577,-0.8206295078022952,-1.6295521848114891,-1.1119888324983007,0.16626232165599664,0.2861467116229033,-1.4971586754746413,-1.460290254856711,3.504142499784857,2.45552272043974,0.7743785850860441,-0.9914520804082949,-1.1186997273143318,0.18480225560362218,-1.0603344338225629,0.3853194325878384,1.1112410490935698,2.947715178380328,7.748849077543185,0.16898320727889438,-0.4003202562049668,-1.0965094659306507,,0.6831318970047295,0.6598297991506907,-0.5892095921939844,0.8483563096500557,8.567624351161673,2.892561983471076,1.0066032400609437,-1.3925655310437768,2.5983618964585897,2.864964862742503,0.524392581347155,-0.291180231960253,-0.8792326370418935,-1.480502815524698,3.463799482120855,-0.3800522281352525,-1.8063260420953076,0.20103051144166884,0.47892904927711033,-2.009688722432179,3.1602291690566275,-0.16915724256442166,0.14671617500736645,0.5882366750035395,1.4347758375766295,2.209396699431876,1.9379409350058108,-1.3126263399167004,1.000753036245472,-1.1244064055943581,3.040881156600528,1.7955273016030393,-0.6579605506578323,0.5151074602057548,1.2375138734739277,0.16125564183138152,-0.04760533244946297,-1.2290179108650046,2.292357455886096,0.026875809495341407,0.08148445045075281,-1.1654423295778593,-0.9609413146972612,1.5348875060561928,1.1945535769517068,-0.5731894514743652,0.07219845501615918,-0.745116870011342,0.05584512285927712,0.26007256493700837,-0.9951592465293535,-2.003545146908736,-1.09585575621024,-0.725060117178411,1.9862323719789243,0.15199878777008013,0.12000301582890671,1.7134968548482288,-9.651930236760986,3.020846677491895,-3.5198219719219104,1.688569021013242,4.460702996497412,-2.284635025316306,0.7708796769408943,,-1.590035750086638,-0.8792375127204877,3.546893064059886,3.8222191220238066,2.3121895191715813,-2.414587016884151,-0.5694410536024264,-0.25865628186205747,-0.8423168114608082,-1.4543920437037783,0.6312537318264866,-1.099285821220386,1.80837036627024,-7.427337269435408,-2.002640436501124,-0.842271108861048,-0.6215472552639767,1.4507345295467378,-0.5667003709186047,,-0.812127810552854
0.9249710818655998,2.1612758193985337,1.250885269238844,-0.5154044624068987,1.1094300592982664,0.7394314629059151,-0.34112883405579275,-3.09911542870569,0.609845989176927,1.6032897245461752,1.597035876459607,2.3985901094387474,0.371581345164107,2.1830957260490003,0.3594305381541707,0.058983129975209714,0.29206775483630043,0.8113424299407423,0.33300979884884896,2.678802046734363,0.03899547553471994,0.9726215295514873,2.4177179806552873,-0.31651134165641137,0.5723006352802429,-0.18154468362869824,1.0894654233219558,3.4025351179278296,2.8073994463086116,1.7349536823662248,0.9756356373297637,0.660855896333068,-0.7238356547501934,-0.37274918965602977,0.40690105085343653,-0.14787581109442227,-0.8279937502133516,2.544952208491824,3.1098081493291296,-0.3121762204666867,-0.5930770744158043,0.7118775930085253,-1.7296500424375472,0.38635171054970385,2.8465501662328974,2.0559375428579107,-0.024384327768800507,1.518877504037297,1.7141184594944292,1.3235958746048215,0.6604072206491729,-1.328934103198609,1.0858928194836803,2.1431950006371547,-0.4659068509440645,4.841750841750847,2.675681507588301,0.5900029399640072,-0.7274105177896506,0.22924837065185777,2.893245199950334,-0.6371377623264007,0.5318385248168855,1.1627906976744207,-0.0171274794988574,,0.8997905320775157,0.9079800363685608,-0.10269314279840458,1.9490424479014168,0.42272247859838075,1.7405476431915146,-0.36688819560961594,0.8067822191370588,-0.10088095819573706,2.7819294226598457,-0.17608043775585447,-1.824767428102747,4.701641368071052,1.8599330686816407,0.3908479133484688,0.4962262730547895,-2.0786316061909504,0.3038595911434294,-1.4407910476292418,-0.8513182033681677,2.7249312898167455,0.5620959556730254,-0.7851348867807917,0.4763849110994256,-0.828134451140683,-0.14775188190040422,2.068111439554232,2.271939980346538,0.27388317445884436,1.4664941994831038,1.1923494196956819,2.051512206815742,0.9464831081017699,4.5129806111663395,0.11384119153781125,0.26642392412150606,-0.5185494502712107,2.3819031670828217,3.2530309822139447,5.2302974787453715,1.827856009569051,6.0253927990426615,3.328676060272051,1.2717426860380243,-0.5948572680114506,1.4201974792940941,,2.593943171809765,-0.7608568527306625,2.1370711298265066,0.7961544239146745,1.148756648666427,5.421686746987953,-1.5101462179361147,2.112107047800449,-0.9626017843277324,-0.5151439821460047,1.0578216469452117,0.5575114280404136,0.5973909571182823,0.5226997360400443,-2.162832035296247,0.11610934558745623,-0.48543267090584985,-0.7189413088934171,2.2998097560611885,-0.07272727272726875,0.7708807898909598,0.38261820169445127,-0.2511431477621229,0.7422374601138593,1.6897297326558425,0.8205399682371661,1.7621361386554568,1.7475719190656491,-0.24770443594190894,4.140546856938987,1.0113459459765828,-0.25197326141525034,-5.570381271836089,0.6359625205846653,-0.81675163076248,3.380916559760694,1.7146897806227246,-0.8587387992567974,-0.5528232009779033,-0.510523678490149,1.5741675619152184,1.5767601282513644,0.6468465376690435,0.8550886207322694,0.3070270977228784,2.025115073148176,0.3949322879186923,-1.2579471139413378,-0.18604651162790198,0.3650616455650013,-0.3330590000511835,-0.8989256741942508,1.051893408134652,0.04934859790524104,3.081097631773466,0.6677833544925127,1.311594010066397,2.4709945484318707,-1.1870047675771378,2.0558431865844495,0.7044342408409454,0.9181043452465287,2.0266929798269384,1.293780640963349,2.5573692631333245,,1.5887959605525692,2.5406555689607258,0.514493494954471,0.550391405867523,0.010309915662065627,-0.40421790165952043,-0.04889462343296014,2.5420548415476807,-1.3662311275383976,1.5842574190308323,0.3512905937001154,1.6880624376858,-0.29162409011584955,3.999998294804308,1.9857311645594677,0.7722037292863915,0.16780362162727158,1.3747822218927341,0.13152427596634375,,2.1379185811413404
-0.2599052555464665,-1.0431899853191484,1.2461186303003524,-1.1129349497634222,-0.5276441162301415,0.8133608086047239,-1.048723666892326,-3.233120728302019,-0.2625062240083742,-0.8766579945071129,-0.892861734419248,1.5156686748250658,2.5385708218625735,-0.2526936863735174,0.5931740936256258,-0.21221265822493063,0.08229274404811804,-0.44228362832774426,-0.29804077199085954,-0.9052557230005309,0.6730568770683787,-0.5261453676174921,-0.3134312368472947,0.8290703827835699,-0.08535891438001819,-0.7794637190657427,0.19179833774773947,10.818085889544605,-0.4954521119115096,-0.6985872876075105,-0.3123811804195298,-1.8208858659447436,-1.2601064985557242,-0.6837868598556285,-0.31314984241883614,-0.5306661554667857,-0.5040977108643041,0.3384318439903611,-0.030217445513680552,-1.3337972439321444,1.181051584784365,0.12686766778251535,0.37371616466999047,-0.3527922042172116,-1.6140648506228095,-0.535849159086843,1.7436935036871715,-0.10686805543537181,1.865998994830842,-3.766610837978024,-0.13310795132857045,0.24150102173510213,-2.297653773079078,-1.752364742818513,-0.36170472490026917,0.648725030509345,0.44133099824867905,0.21885668328254226,1.7161551639605754,-0.10607103951479901,3.9136964419648645,1.9083969465648831,-1.392174553768677,-1.3369616204438883,-0.8451323485640039,,-0.40873486485478727,-2.0918412642045414,-0.26340448527127913,0.6248532350402458,0.17310463249626817,0.7685110807521545,-2.029816336480772,1.9967624229486614,3.4161290129864685,0.8260181937969735,-0.23083730705932837,-1.0948445591007605,-0.46747314458951417,-0.14905678680330325,0.9733116351146931,-0.2781829535335012,-0.6610883121825228,-0.20521602765447566,-0.11884772384892495,-0.30580230580230516,1.3513499287748365,-0.41921823826419624,-0.05436899847703902,1.4968826348203512,-0.12133652795355276,-0.17757138699407982,-0.5745980047410559,-0.23560988549744533,-0.7780189072840393,-0.7651547583052198,1.7480271530459834,-0.08396479266888912,-0.30451791739052325,-0.043267567546156904,-0.8717900123187738,-0.3665017326848097,0.7897646805897329,-0.4543260902970303,0.45926578579413846,-1.0141051955281255,-0.06817048543196202,-7.671234302325802,0.954502105159527,-0.2050277512862797,-0.9380540041205365,-2.267594409603335,,0.16024950360225,-0.24769705309907186,-1.0543542635114478,0.4918032786885185,-2.2182551898474068,-0.3047650049603168,1.9212831772805083,2.0990102190277193,-0.6479750508936233,1.2175561026956494,1.7206742279892717,-0.2838048199525267,1.2056886917136023,0.489639629853178,-0.6183075998112075,-0.30484613372133706,0.2182242647390975,-1.6840687446235791,-0.9784465379388818,0.3930148772971265,1.1574470683556326,-1.2033746575517257,1.376358026477842,2.009377120482836,0.1879699248120259,-2.5466001575216612,-1.098557082192142,0.8497076105078438,2.023834929884538,-0.22399330092914838,0.57265500234287,0.6495805677811273,-1.1829351261940624,0.0,-1.6690615673704001,-0.9759161435768382,-0.19900850054552777,1.0076033381708926,-4.674231062806622,0.504138953333344,0.17366786836237047,-0.8673212525976637,1.332392795258941,-0.40878307449375706,-0.9182555380167323,-0.8258453649421904,-1.4751493789133874,0.4931515210295334,-1.379310344827589,-1.675122122899464,0.21913005075608893,-0.14933628318584136,6.002775850104092,1.1443263767786815,-1.1172225006437442,0.5628398931837308,0.24106168282154172,-0.5575876242955635,-0.10537246840172099,3.258411068442868,-1.2885649300192203,-0.39310384634948514,-0.6049230866255084,-0.1733440795897101,-0.4110593433072962,,-0.3445958364396984,-0.18689918061111088,1.2055429522565886,1.5083353341817762,-0.004127568026845996,-0.13118586335451043,-0.5310583268527957,-0.19965393642643603,-3.5131075669447287,-1.0834829445245941,0.7569314509270342,-0.3974794992355868,1.827971254567795,0.9279994775105438,1.1342155009451904,-1.3793126631796992,1.515259392665591,1.4814014550740051,-1.3134817646949792,,-0.6769373756545183
-0.0960008780939936,0.06634901688629125,-3.8878018348268872,1.7092452647220036,-0.8197694747400508,-1.298747052833371,1.7884779348940283,1.9469998731689309,1.1197761995604516,0.19995197172226753,2.6011928226185477,2.2056380760903327,-1.117517404679924,-0.46061721413457324,-0.34490335591933485,1.1696553749227068,5.117336027132047,0.040058905972251146,-1.582989101136567,0.24740862925489715,1.213216313887444,0.04882216405062145,3.2830042982386898,0.7741427571728465,8.324627543604656,6.2689823840662795,3.400182315405642,7.22182012606456,0.8163530817079323,0.3931356221917426,0.5319893026126232,0.08831654420586865,0.5778915668021689,0.7664364432966364,1.6214763453590075,0.992555831265518,1.250795554058337,0.7767758990489426,-1.7420537897310462,0.08228661067197773,-1.1191263280049601,-0.3220463746779534,3.6992613177113887,0.5632479759513309,4.290222882574257,0.4637156740725956,0.5950890495046046,1.4906229782457814,-1.2565277129971353,-0.4173038645488014,0.06663685339751702,2.2794662713120806,0.6795468233849355,-1.0912916756341762,2.9148034955954527,2.82067645181876,-2.0156228204770588,0.2882535479615367,0.03831172977459829,2.4024389433773052,-0.6406062151233738,-0.10487074262640617,1.3271192144485022,1.3734762449409077,4.492054295770065,,-0.15855722428571584,-0.24633812176984016,-0.12883972390406173,-0.4287666864176254,2.729450523004373,-0.7692801510793101,0.568385670548488,-0.0792581468415876,1.1455399061032878,0.4173524001521045,1.420961063285331,0.3346608740620649,-0.3131008976416161,0.615784221427651,-0.3880312912755368,0.10460746745364347,-0.8669682538937296,0.9400740801349894,-0.34507486002866017,-0.09439274930799213,-1.23456382115944,-1.4207991462572012,1.1181625868842637,-1.428096390661493,0.1643547902875797,0.5040082595604733,-0.6793077451033747,0.2586632497411756,-0.2419093444874676,0.15815884123306923,-0.4581306852778466,0.09886796064375591,-1.4308145275097495,-2.16431482368602,-1.1375585508077601,2.01398049681516,-2.0843109703547635,-0.06295631077940511,0.7954649007807291,3.850980862367126,-0.35243015825148216,1.4667343244177955,-3.4667508424794713,0.23112324360323733,1.6326530612244872,-3.2908240550517998,,0.030473402919328763,0.4375088274357841,-0.25606935804183273,-1.5497553017944532,-3.356257136029317,-1.7322603501277012,3.496057816949927,1.8580713087750222,-4.126705567665123,-1.660354840146283,0.32422018496596205,-0.7810463626393149,-2.3381976961617146,2.703641331562112,-0.18749317915793817,3.685982260915721,0.8454006985883611,2.0554985013558236,0.03528852904721713,0.6959529807182285,-0.7299254252874587,0.7330206447780263,0.3890899688129279,0.3720753402803423,0.7879924953095641,0.4489942528735691,0.50203953561343,-0.9397594294201173,-1.7281245429019654,-0.4910934255029309,0.6219704330736819,0.663322389387444,0.28603338864505723,-1.1350389424437668,2.3662320143884807,-2.799330315448356,0.48543051040401686,-0.5075296272582963,1.3418503858317,0.9584375677839985,0.6205376371832383,1.16654603851023,1.1524498517056836,0.35725701804563137,0.239680426098543,0.24836562198471412,0.6795128547328666,2.746727607529631,-1.5120015120015151,1.8983645762203905,2.7659328146201423,1.8722649975073447,0.7397740640343597,0.20481571110209096,-0.011833346406275869,-0.5297074466673601,3.890093279997764,0.1589641363981098,1.2869130295729114,2.487886078844137,0.48485753531055664,-0.9753581346372941,-2.722261281464178,-1.0144375873942901,0.39908846515479546,,1.2634658453965608,1.481919698050338,-0.49244044614357163,-1.0605123530182725,0.5195916559278313,5.145618973465882,-0.7165403000965909,0.22339128037318634,2.387682530707269,0.2904323351511362,0.47269350890519757,0.49296456969945,-1.044454582218568,-1.896421913008417,-1.2149532710280408,1.0878037650943861,-0.3225267713243496,-1.438312621818294,1.02040609092382,,1.0492398438121775
4.344841744064842,2.99101037687568,6.705138774388564,1.2126373130685542,0.09723930729290675,1.943844492440605,0.8676789587852562,0.2652519893899141,1.1073760659344956,2.479079449886301,4.959193399930051,3.6022544961531677,-0.7737096730846327,2.7302145903957964,-1.5295313341344596,1.9736102598367111,5.036713650786195,2.2822389275834576,-0.8974201859913045,-1.6137198321699242,2.397347615404244,3.4566897112647377,-1.9527165850844685,2.9121999913198193,1.0340036218900783,3.297029481987157,2.2568985277263476,0.7560111297903793,-0.2756653715131785,1.9167328027602126,1.848498084936212,0.30253102008070965,0.9496468474910147,1.108673061484633,0.5091349633272957,1.0196545200207296,3.1899959990715487,-0.07606490872210658,2.3825846860419997,0.3053764988704133,0.5233036654225254,2.113911197267604,-4.3201352528844605,1.6962674509880982,2.0703781962456924,0.08146030966351692,0.44669953658820205,1.3281816172918237,2.970297029702973,0.043345807110450885,-0.09514709062169446,0.5616959594129334,1.403003211173215,1.03214508481273,-2.4795127926872773,6.566534260178747,-1.117517261015022,2.7785058002272045,2.7637709835961033,1.6040181464679115,-1.133831864016166,3.4493102011185384,3.5808905054041107,2.0081019894366614,-3.9351847958413733,,1.4480530270096992,-0.7598423503356044,5.134158195205862,2.23475945061562,-0.5810823032396772,0.6482624377023738,0.8386464149384709,1.9275045426579984,1.3739324173783984,2.0986209606292716,0.9361902150495593,1.3470144458063382,1.7465354932220345,1.4465852404272228,2.19374249810369,2.571306376154081,3.1594537396580025,1.348457672227732,1.1462675635494302,1.558816358964843,0.9000054016768066,2.1352313167259718,1.0161386730424438,1.8211376926867695,2.5183659451571305,0.5899614726846414,4.838712290260183,1.2338737580411374,2.8514121302209317,2.7569433867585147,1.0738860273447282,1.624772779761452,3.4699326261467878,4.415540703661214,4.428543801972529,2.5872126483897473,5.313702441689583,1.7559093565452821,0.24492169361260974,2.5501110949229577,7.244723331431824,3.4842802383930893,-0.750893857208812,1.8447380046679562,2.168674698795181,-0.7837807149345566,,2.185891994996325,0.894746334764962,-0.9109730848861242,0.7230549069819903,-0.3336069980166001,5.119896305897598,0.8856877344784353,2.424382168999939,0.5425940157868903,1.183022742105888,-0.5901381832938202,2.9019346230820586,0.1729653540339049,0.34427048820668826,3.701487826687777,-7.331074116978076,0.6604809556028712,0.05035041945535834,-1.4581348194025234,1.0511141530552548,1.3513529904598975,1.8274347708247873,-0.21852916421245538,-1.439163980740521,4.988830975428149,1.3052029322367265,3.028410864814246,1.519332932690176,-0.43343637589052797,2.6508718108290363,0.4685528924130544,1.4603761722228326,3.258857528159087,1.929997214518231,-0.7961346291110782,1.8013172955243295,-0.6716119428113565,0.9674582233949014,3.328800160747014,0.25729830350720295,-1.3004434103190188,3.2907566358912677,0.8563962955889792,0.7422499731413845,1.7534537725823585,1.1658403479882784,0.8579599618684375,2.8258670028762367,3.626943005181338,4.155918795190328,3.7234042553191404,1.4572345168832657,2.027550700666758,1.7130596814979526,-2.3841914502755523,-1.3564431047475511,3.495801059721826,1.864145538082318,0.1874612700153433,1.7597528604771817,0.16331922515480102,1.349348146347329,4.569658820302136,2.483614164935233,2.4231534309771874,,0.34147301058182755,0.6905991574323478,2.160096683145718,-0.13928715315895124,2.5598908698661216,-1.4210940786888893,-1.5283447894988922,1.467117970956533,0.4722032882271465,2.5980493999960164,1.268587750987149,1.611769690667364,0.9301388850750492,0.6104481757967184,1.1352885525070855,-1.1529636400128052,-0.3085240056147409,2.728020654576735,1.0100989794135318,,-0.5147362954196821
1.3024608986475172,-0.951362577119097,-1.1073911923770274,-0.09433962264151496,-0.06071645415908211,-0.5867014341590648,-0.7885304659498216,0.335094131209579,-1.731802973996277,-0.09735820890882652,-1.0250986310707089,-2.259253085818713,-1.7347136873872682,-1.7905432898719043,2.60770821726386,0.40082454776353416,-1.4150679905578167,-1.245551601423489,0.8637564728294578,2.0068228096791207,0.19925280199253326,-0.8018829537637551,1.2027972027972123,-2.1592442645074206,-0.3469210754553309,0.42938931297709093,-1.0690576773859761,0.14869991337040922,-0.02878787193899557,-0.9100101112234582,-0.04270288867882499,-1.445270240404073,0.0,-0.16575037697106332,-0.7236544549977353,0.19458064512298812,-1.8033071637826859,-0.0203006553698315,-1.7620609514897745,-1.1709601873536313,0.41433097733365454,-0.9582354004700755,6.530688028257781,0.7081050642673059,-0.6990759195646956,-0.9766701150039081,0.3846168518066406,-0.8253016306659866,-1.0237542752227102,-3.2258064516129004,-1.604884212195723,0.0,-3.761867300593613,-3.7928591731986594,2.553191489361706,-2.411182294700054,0.6910452058738858,-0.6271207130561396,-1.4285714285714235,-1.0939259712366423,3.069483589339228,-0.695852113353379,-2.488565829573708,-0.11266080130818423,0.401604667806188,,-2.5508841317468445,-2.6845947694298156,-3.7423305924182304,-0.515611879879263,-1.7149925394698395,-1.4608233731739695,-3.100698632419585,0.7782101167315147,1.611721611721606,2.5228641039304334,-1.1727056647738432,-0.8860686686157804,-1.9410664172123449,2.9067686314556695,2.0212667890882052,-0.3698646858946941,-1.802982159514921,-1.6846919123711057,-0.188875025904911,0.0,-0.24777680720017292,0.6968641114982521,0.0,-0.26595744680850686,-1.4613691032317355,0.5571919352150179,-0.6329113924050667,-0.7202232973727463,-2.154472785267403,-1.4343379134453271,-1.3407501250662368,-0.2818567737632227,-0.693572548034882,-1.0593220338983023,-0.7777777777777772,-0.17574692442882123,0.07598784194529085,0.5958330790792221,1.7102519841930786,0.7604460138809221,-1.0638297872340385,1.0254313780391433,-2.7302591424239298,0.12578616352201255,-0.031448460225036445,-1.3487466207257492,,-0.8695652173912993,-8.681449756600056,0.7104053489343842,-0.7365587377551774,-0.8065795820642596,-1.7016014541268443,0.12832941195906056,-2.5393532293124466,-1.8123238018526,-0.6754086071381948,0.12721038411485086,-1.5040486983387336,-2.1265016262174696,-0.04183467138445529,-2.017291066282423,-0.7229548946611986,1.5772883147854078,0.8891207926850386,0.4773196681595815,-2.066115738417129,-0.6535947712418277,-4.422112075516072,0.0,-0.4424778761061954,-0.7092198581560294,2.3649841157783236,-3.2121212121212106,-0.26852733329286727,-1.1194081620808594,-1.126376218366032,-1.3632286995515663,0.052657150524981766,-1.1611228220907877,-1.3698630136986356,1.571839716626089,-0.47679593750822313,-0.3558754282310117,-1.2543575273573637,-4.491014304671026,0.8761043042208261,-0.02716534987171615,-0.6440562498180369,-2.1303999686078434,-1.060068855329932,-0.8355091383811963,-0.6050176724514134,-0.1020775490311876,-2.586926423417879,-0.37037037037036535,-0.2659972916557951,2.5769230769230766,0.21973310466798512,0.2547770700636942,-0.22010036632774677,5.181820031368378,0.02546473134708016,-1.0230577303796173,-0.821529745042493,-0.18711051027644476,-0.6607427660059284,-0.941234179396766,-0.08988122059890857,-0.5538242892144218,-1.6216216216216162,-0.6618969932782326,,-0.5235602094240788,-0.026179608250165298,-0.16365540979018656,-0.03032140691328067,-1.3000000000000012,-0.3960396039603964,-3.6430231336275654,1.8918016777663915,-0.7845195120460668,-6.145157352570562,-0.03318400530943899,0.0,-0.32679738562091387,-1.348314606741574,0.654817586529477,0.31104170233984263,0.21889358672013692,-1.2509278938520163,0.0,,0.802854594112401
-0.12337905394507187,0.6716291728221968,1.4843750000000044,-0.727096427939089,-0.2430133657351119,0.0,-0.28901734104046506,-0.3925676078724072,-0.45724766326850075,-0.9895849014611047,1.1190505254836225,1.8032761870837577,1.5781097834084212,2.052519770114203,-1.5469580909431069,1.4942369571729897,2.859134191418522,-0.540540540540535,-0.9185124291704039,1.734031122810542,-1.9139945314441964,-0.6260916237401881,-2.3051382626796624,1.724137931034475,0.8529198283833805,-0.9026128266033218,0.1830065359477162,0.3892690594584636,-1.8087500435533088,0.24490045041454245,0.39874505045482955,0.9946426900144356,-1.9762845849802368,-0.3831389213255765,0.09567643080865551,0.10923210975097852,0.694444444444442,0.4009961175555521,-3.9646273948785726,0.7582967315239886,4.174757281553387,-0.6936838262139422,1.0738040268292615,0.7109403610229492,0.2666666666666595,-0.08218843642979756,-0.5028750174383534,-0.34965034965035446,1.5486585066487812,1.4925373134328401,0.2621311817354366,-1.981981981981984,0.8859109349686367,1.0618836002264986,-2.4377593360995875,0.11936022917165001,2.3019731198169913,0.28995603657278046,0.6490233144297308,-0.386946994355053,1.8872027449108097,-2.0875894588275545,-1.655404021096074,-0.20182977937417412,1.1200038364955311,,1.0206071283123341,3.215972914988785,2.74059883413611,-1.45266253444839,0.23474178403755097,-0.9433962264150941,1.6885880374740703,-0.38610038610038533,2.559480894015853,1.9607843137254832,0.21574355841120774,0.8812278813941088,-0.5342213771464377,6.0490293686542795,-0.28022529324188694,-0.3093634040649107,2.383265443103788,0.5841690334553062,-0.27203234610505556,-0.8139565404044369,0.0498019368517566,-0.7093383366673867,1.0650887573964596,-1.1933349609374977,1.694904935028796,-0.26246762958567205,0.0,-0.7812466073248481,0.29081718201795503,0.09745284376736496,-1.0641023954665818,-0.6822612085769952,-1.4285714285714235,0.5567451820128522,0.7838745800671898,-0.35211267605633756,1.5641591181425607,2.3076923076922995,-0.9430606976190359,-1.150933179549296,4.3010752688172005,-0.4155940088976684,-3.7030814186658545,0.5025125628140614,0.1572821672223057,0.009764705853743116,,1.679197994987458,0.43445240482111736,-0.9128630705394158,1.250517910279103,1.6425425278155714,-0.05017867635940254,0.6524876884284936,0.7840142866304634,-0.09843733977645819,-2.6285714285714246,0.15527950310558758,0.2435299843983385,0.278551532033422,-0.35580495778386734,3.3613445378151363,0.7665505226480906,-2.360246865265203,0.8646409978019687,1.900244847394883,1.818710930017553,0.0,1.5572268052344462,-0.7438029139495095,-1.3333333333333308,2.0714285714285685,1.370689655172419,1.440200375704448,0.8795540559868309,1.5220166231131982,-0.8057725151734196,0.3818876159301654,-1.47368849369518,-0.09315576166427642,2.777777777777768,0.2615518744550904,2.363463482970296,-0.47619033629023866,-0.5822138080521788,-0.1253964424928089,-0.3859942277896655,-0.5434796190353031,-1.0371606971017466,-0.8443740187401461,1.1702146211293618,-1.0057912367528954,0.1594255079256479,-0.0984028160391226,2.2185470884209524,0.0,3.228177504798957,-0.5124359455068062,-1.6042780748663055,3.5069854619996788,1.1796345453264134,1.1235937274288732,-1.2219959266802416,-0.9059863673969937,-1.1539532231862326,0.29161259995902356,2.183490718176606,-0.32170633221263456,-1.72617099645066,-1.9105691056910623,0.3937773652129106,0.3425220451732658,,0.7894736842105177,1.0683469900629738,-1.1212363687415183,0.09099181073703999,-0.45795537297366185,-0.5964214711729587,-1.3049962714392294,0.6853959250503916,1.588744700490352,-0.7991105377156082,1.1618257261410747,1.0344845125044966,-0.3278688524590123,-0.4555808656036442,2.973977695167296,-0.7751893856784764,-2.0486519674770887,0.37037167477369515,-0.1304377680239499,,-0.787612780005531
0.5786386023047374,-1.119080027685615,-0.17962535283551073,3.452860750674902,-1.3398294762484775,-0.7868852459016362,-0.6159420289855055,-0.2941176470588225,-0.41629281454084177,-0.015139787935747329,-0.7534758924073959,1.8679547116180917,-1.7379110890903715,-1.9101123595505642,0.7239035200578225,1.078898263968897,0.28248587570620654,-0.18115942028985588,0.508819810396699,-1.5185322690755343,-0.37506459270463255,0.16747551998164134,-2.817860434120778,-1.5254237288135575,-1.2081463073942755,0.0,-0.9481558803061896,-1.4350873474145542,2.4639135110692933,2.1986945286183612,1.1773075617796946,-1.3005035593246173,4.758064516129035,2.3589750822644584,0.5871331195838936,-1.0305528765518823,-0.7816054537835293,-1.5166835187057637,-2.460227498754297,2.6810897387589128,-2.143522833178002,-0.6617647058823506,-1.5177065767284947,2.1642954052237595,3.1914893617021267,1.2475973788522499,0.02406885764516531,4.561403508771922,-0.23635065683033085,-0.568626254212623,-0.8424471369445241,-0.6985294117647034,-1.0938184952985708,-0.6521768616017498,-1.4141401162114597,-0.4649499284692382,-0.7686932215234088,-0.42517006802721413,-0.23790145871157575,-0.26543931443364643,1.552462526766596,-1.0138642715381008,-0.8135812678376819,0.29740662296087184,-0.3164629272919939,,0.7764264884751348,-0.814678306634109,-0.12406858357553174,-1.1111111111111072,-0.9328611375390317,-0.09523975605867374,-0.4587155963302725,-0.34883720930232176,-2.451669595782069,-1.2499999999999956,5.920343991534627,0.012650671570280103,-0.2781397732851132,-1.1642536334551368,-0.35988528983379453,0.5103113260223502,-1.5439429928741144,-1.8488022492793799,0.2609122645865325,0.05861302423739723,-0.7964153618560288,-0.3659237727403508,2.7985977065646983,-0.681463852122699,-0.9305506971700073,1.7543814641410194,1.9990224805548795,0.4386944690151662,0.2651198864250581,0.1622533729420228,-0.6608803525723794,-0.27477799734727526,-0.16103059581320522,-0.7666098807495692,-1.5092592592592546,-0.7950530035335635,-2.063395341633978,-1.6616522996945493,-1.1137033098073124,0.4390132425638349,-2.4742268041237137,0.0,5.004389815627741,-1.5000000000000013,-0.5496231261137963,-1.3768167662232988,,0.11831522869423239,-1.386771553951971,-0.12562814070351536,-0.3534094713738334,-2.8800041394914544,-2.409640123139656,-1.4296435648517236,-1.8658258282915452,-0.6281839470629103,0.9389671361502261,-0.7751937984496138,-0.2757682975623732,-0.7037014431423572,6.280198299447948,-1.5487844575711396,0.07607023415887593,-1.399493719379441,0.2307986268397233,0.46619333596420454,-1.4003983943863707,0.9868421052631637,-1.6329919734292875,-0.9991648322133506,0.0,0.9097270818754444,-0.20409898800918258,-1.2962962962962954,-0.4982214473525315,-0.7557895753188881,-0.5602228363169814,-1.0960144927536275,-1.3710739862197063,-0.9065009065009066,1.2612612612612706,1.2499999999999956,2.100885304943456,0.0,-3.9041703637976877,-0.9416157566286332,0.6605019637543563,-1.2295050043808597,2.6200861687343924,3.515625,-0.8562433682603787,-0.9787767527583036,-0.9839415439481969,-0.5606716332117401,0.4211168582970215,-2.434944237918213,1.657161010455921,-0.7035175879396949,0.521739130434784,-2.774364873959323,2.8436018957346043,0.7065558365607183,0.5670103092783485,-1.8707790890255538,0.4739034237113193,-0.1038484946484064,-1.8001479573663604,-0.42783705121088866,-0.7037446209234299,-1.6576875259013635,-0.5746646490492613,-0.9280507860412568,,-1.1488234716669377,-1.9120173772609994,6.3063644287757015,-1.0787908380681777,1.7425311326019877,-0.880000000000003,0.1284436095107644,-0.6999010017178064,-1.2231383495583725,-0.7795582503248188,-0.9433962264150941,3.811147230907408,0.328947368421062,1.6018306636155666,-0.7220216606498187,-1.3281255762558342,-1.9607843137254943,-0.4652710574995722,-1.2625120454840766,,-1.1684930756590939
-0.5886200130804431,-1.1317451617551155,1.285347043701801,-1.8940765031591145,0.6234552830825635,-0.198281559814939,0.06562336230859778,-0.08849557522123686,0.42283533704534637,-0.4089378579373304,-3.190987474977758,0.11065999269503912,0.5816554809843444,-0.572737686139746,-0.32871049139130415,-1.0451438913609556,0.0,-0.7259528130671544,0.13869395032215515,4.348919033557164,-0.7936495614417782,-1.4331210191082855,0.6433798444323235,0.3614457831325302,-5.835084379713729,-3.6960678612625864,-1.0889610959866514,0.024337821638220625,0.7786554145555957,-0.11952312819036859,1.6402609545930646,0.14071972998364046,-0.38491147036181506,0.45089844397092627,2.497735347143659,-0.7227690147170063,-0.8341093930217092,0.6108842101674838,1.6044931547127828,-2.3476866369007254,2.261904761904754,1.9615099925980761,0.3424657534246478,0.18982536506682024,-3.804126228253868,-0.8937001470463724,-0.08421705928186585,1.993285313548654,0.18050265589681924,0.07887870078289172,-1.328122615814209,0.44427989633468723,0.0,-0.3160680358743728,2.0923169891605253,-0.8863336926578036,0.0,0.0853970964987294,0.6589268904926282,-0.03245699448231054,3.3210332103321027,0.01505883148984477,0.7636794431026273,-0.4388508218498788,-1.5702886108359904,,-2.5341154146904743,-0.5715885922446762,3.520249221183791,1.6179756993211614,0.27185304275909594,-0.44940594414106805,-0.4608294930875556,0.1944768572539779,3.143860913431218,3.1742916831487333,-0.20324623154656107,-0.4936712398299625,0.7934599663380615,2.203389830508473,-0.5294231615384781,-2.5042881646655246,-1.1459589867309994,-1.1735724274223425,-0.37851867915634774,-0.564037292768027,-1.2543903470742856,0.06995880073494831,1.321332186279367,-0.6793478260869512,0.5046955930942065,-1.5517268027760878,-0.09607070578779853,-0.6047719901338233,-1.0080925674678443,-1.5486291461752066,0.7044114671726387,0.570752580525169,-1.1854799332157273,0.8669506940718774,0.2726332612578819,0.5164780790850365,2.519083969465652,-0.6422527912885112,0.18165622046211194,-2.394537547328146,2.854122621564481,1.1075439905984696,1.387957824911168,-0.8248730964466988,-2.7317208473757737,-0.14851320051926242,,-0.14279503565909346,1.664304582684406,-0.9014675052410936,0.19413126259986146,0.7398182411138654,5.054018783695513,2.8185554903112253,-0.45893686855595917,1.4750217101867413,0.23255813953488857,0.6958393113343009,-1.4090086730359497,-0.22379936212457707,-0.5968461958317572,2.1924976174640065,-0.14511613719619953,-0.7483940843946435,0.13157693963301575,-1.4849174299454315,-0.7246376811594235,0.32573289902280145,-0.11254924029262536,0.441548796586555,-0.2702730196016301,-0.02774094410974426,0.5965061780996983,0.34396497811131077,-0.4091852958991393,-0.3745302924874738,0.7042237677620022,0.28390878285557974,1.3179251617999155,-0.9147935180344957,-1.542111506524313,-1.0413311862587205,-2.200268549710327,0.4784687582793268,0.31394500591528374,0.430928616468651,0.4461894078909179,1.5214316247850412,-0.6893589277217838,0.739626326650944,-0.15151515151514694,-0.3223207091055613,-0.6868394222828367,-0.3771535186888664,8.709677419354843,-0.895408649266527,-2.2787028921998242,-0.3011108892649328,0.8326124567473947,3.2891398728496,1.1244194628456272,-0.0905305291028502,-0.3075345976422339,-0.9295457231787596,-1.006614897900493,0.10395645185876656,1.5062834821428561,1.5453038125487373,1.1351167485954994,3.358615725742742,-0.7064175387041294,1.7765814266487157,,0.515050622825397,-0.9244585165281372,8.889027644574444,0.17155060114508736,-1.140456182472993,-0.6456820016142006,1.9317913220274319,-3.543500183315651,0.7157632097656963,0.04364906154517012,0.248447204968949,0.6027430704195202,-0.8262279072745904,-0.45045045045044585,1.4000022194602169,0.7917610996778457,0.7843137254901933,0.757577745057203,0.04409271934424641,,0.5595623801331273
0.6513157894736832,-0.38157272203350745,2.538071065989844,0.09372071227742307,0.11655876587444158,-0.3311258278145712,-0.24774295785328082,-0.7381163271331537,0.7894707638681275,0.38780135963922824,-0.0735174125580329,-3.615981129506951,-0.38256227758006744,-0.7258050452728981,-0.3689134661175486,0.21348588922049938,-1.9718309859154903,0.5484460694698434,-0.4847649651095187,-0.6031363088057851,3.948717948717939,0.7512155757774641,4.020710886972445,0.12862287772252845,2.2448934296730005,0.6172544309505534,1.84675486104946,2.3638668318490597,-1.931602415596012,-1.152772008308034,-2.758620689655178,0.766477367753593,1.2364760432766575,0.835411625256044,-7.597556826124386,0.9378054487883869,-0.7788161993769416,-0.8622901272280492,-2.0665484675765566,-0.05863726900927624,1.2922002328288773,2.059891107078049,0.0,-2.2356930780372264,2.882866264911299,0.26642315983471665,-1.0234798314268545,-1.164700384324302,1.9144144144144226,-0.5172413793103403,-0.6532102594634437,0.40545521562844744,2.8037383177569986,1.0243932212271378,1.0669804438608654,0.30211480362538623,-0.5985915492957794,-1.1262756972589605,-0.5610972568578565,0.06818498883929269,-0.9387767558195148,-2.499996323183362,0.5894779150572127,-0.5599251930344051,-0.6508119858518513,,-1.6190498902428185,1.85506774607489,1.7303641287992777,0.044226418747972396,0.5893909626718985,0.0,0.0,-0.23291925465838137,2.358078602620095,-0.5237756592758935,0.3665942725436855,0.025448144934747674,-0.41984965783039563,-1.301820163505385,-0.71129689507613,0.7600315853712125,0.5979285435097514,-0.25945271422816996,-1.4485884623844258,0.5672367194037298,-0.8130073421291018,-1.2058763136771788,-0.6014587505269842,-0.314635812991626,-0.9624801216894574,-1.1091572447017084,0.44234786786636615,-0.28169014084507005,0.1669423565505035,0.13820682618397306,-1.0752688172043001,0.5185957757460891,4.627434009008868,0.6722853015228125,0.009375585974114031,2.4096341243174946,1.8615040953090078,0.19238168526356514,1.994561858170374,-0.8586970517897141,1.747173689619741,-0.31750458379959934,-0.9978538536660198,0.703774792066536,1.5746773063362474,-0.8428368008835618,,0.591715976331364,-0.25380710659898,-2.686693463084411,-0.2533720843579945,-0.46770750802066496,0.9425818266314723,0.42832667047401074,-2.424997261348316,-0.7328990228013033,0.17401392111369152,0.4274417610600656,1.141977781964365,-0.09345794392523477,2.3897669693469403,1.333333333333342,0.5536332179930881,0.36401455541041905,-6.258208993081316,0.659450306244902,-0.5985365818886867,-0.740261325588476,1.0140845070422566,0.4144819799359656,2.3035258555156757,9.88485033388551,0.7200338839474796,1.5892801495793085,-0.8289482876984167,-3.1077690436091987,-0.6992991370312729,-0.018264840182646847,-0.21382968298806482,2.0838828805064713,1.5060240963855387,0.6183553916250917,-0.6978389065978363,-8.297620649476789,-0.5522827563664734,0.26501657095874265,-1.1410134887644974,-6.335150341712293,-1.1569155311571544,-0.5618819093230143,-0.6069802731411222,-0.02694691457828524,-0.08827986092818652,-0.19120458891013214,-0.3026673631073784,0.34602076124568004,2.0448474285313933,-0.6548069386224986,0.9115281501340444,-0.6784411558934389,-2.387892119744617,-2.3388859666928385,-0.030847073827122706,-0.7753832109395731,1.5398024404416066,-1.3499512051511675,0.569710948796609,-0.6903664855139935,-0.9001781675793463,-1.1008276812293993,2.439240612835114,0.7140967997884218,,0.3810306802112251,1.434285469280372,0.7275477440313649,0.3058103975535076,3.015583889900819,0.0,-0.5848404003920615,0.9342676009342687,1.5512265512265477,-1.0471204188481686,-0.5534902932672447,-1.3398728932940251,0.6347510864168848,0.7918552036199067,1.7213511521986025,1.4925415623717964,-1.3307373996838567,-1.0824928238206688,0.26443131128324193,,0.4308067706408014
-0.4967644944113947,-1.311131929722531,-0.36138855584777474,0.2715378664852608,-0.6127450980392135,-0.4817275747508343,-0.21913805697589828,-0.7614544216612118,-0.783286942460204,0.9165352297967777,-0.14715048522762064,-3.9482303592152324,-1.268196838438873,-1.5898818629399902,-1.8121665419493005,-0.6615118569974876,0.4770125465831443,-0.5272727272727318,-0.8420274000295103,0.6067961165048485,0.022197887117658688,-1.403030491054802,0.24748761441737432,0.342553738117668,-0.8074671328271665,0.5293598631276097,0.6886932263969969,-1.0179907438155888,0.7994484828150572,-0.6496915484496935,1.3475134017619572,0.08874200971296098,-0.1832079705391232,0.3709705528614604,-2.011375265969917,-1.4669926650366705,-0.21978405244309496,-1.4307796617666013,0.5308560053085554,-0.023470101404154953,3.8616251005631597,-0.4534542544678555,0.22753128555177415,1.0077543036882242,-0.29166539510091516,-0.32022561342476275,0.38929588893323874,-0.3994673768308976,0.4972375690607711,-0.5694478831393956,2.012354298932051,-1.2756975036710694,-1.500003699100383,-0.3742197645740575,-1.024353263084099,3.3554216867469844,-0.6517888770811164,3.9868786007211776,0.31347962382444194,0.8078875297620858,-0.4223295877102795,0.4016026394640049,-1.0604205125549493,-0.7547607165250825,1.6463746886322461,,-0.7744385319158331,-3.3437621511610782,-1.7245983975188617,0.6041905052462715,-1.7578125,-0.2735978112175075,-0.7407407407407418,-0.824900823808361,0.09385665529009213,-0.4696241177248539,-0.38554888169677337,-0.5850196636279725,-1.0684193824173183,-1.4282113166958932,-1.9237486033480855,-0.1536578549489631,-0.321448851963102,0.35017508754378035,-0.6746958537274139,-0.9753253183748201,0.20491294692979167,-1.2913475943046038,-0.9670359771568382,-0.6449858828458388,-1.4084494826592908,0.9740200884113426,-1.3786524091969787,-0.6666625286899763,-1.0833358764648415,0.6046752971678115,0.36684948465097733,-1.7911051824685553,6.0842433697347875,0.6508834464814095,-0.928095997000089,-2.595155709342556,-0.04385786446911011,-1.4285695534514198,-2.666669710301406,-0.49212598425196763,-1.3737349076704541,-0.14334342184264548,0.3248666733912886,-0.1524793147434922,0.8150831846635898,0.39999970114892314,,-1.0441200405943651,3.30788804071247,-0.9173955502717379,-2.0358610384759057,-0.08244023083264773,-3.274314916249488,-1.6178533506895132,11.156106975193335,-0.533223954060702,-0.9843659525188175,-0.7590267432787123,-1.0234400792340725,-2.7128157156220745,-0.8155339842711884,0.8771929824561431,0.3406711061166634,-0.3238285296323751,0.24530635166666315,-0.03510342479294826,-0.5874577554086824,-2.315846197792404,0.033462107414239384,-0.16260815360379377,3.830023422409634,0.6060208152194768,0.05046257359124784,6.319018404907983,-0.7850013406616951,-0.5690660178962581,-0.5633790142095974,1.1326269638290087,-1.0714285714285676,-1.359175650032296,0.04748064261870244,-1.6172506738544423,2.2026431154022807,-1.077497568962693,-0.7959992032211871,-0.19508916504791252,0.46695927691353667,0.2763694695339991,-0.2947739775324143,-0.2561609499724171,-0.7557270545085926,-0.9380067069575504,-0.972026862959241,-1.532567049808431,0.7559908162057649,-2.2605363984674276,-0.6943244924447978,2.470427661794239,-0.2656748140276277,-1.538461538461533,-0.46685340802987696,0.31893479935687363,-0.12343264677677768,-2.6507627811371393,-1.716738197424894,0.0,-1.4822487218996705,-0.0224285257268364,0.38518748291567206,0.8245042834064353,-2.7690044668465696,-0.3413865546218475,,-0.5235602094240788,-1.0460499556890324,-1.586761283016358,0.18292682926828174,0.7465618860510892,-0.7717303005686404,-0.93082133984278,-0.8264462809917328,-1.243339253996445,0.17636684303350414,-2.143213158331947,0.7508008252920861,1.754267488296657,-1.9079685746352437,-3.0495307888640855,-0.23219607425727373,0.9543319940804817,-0.48517191185141195,0.0,,6.434316353887404
1.2940944623267336,-0.52246602066649,-0.7750770588956679,1.9142776666959627,-1.4180024660912505,-0.327159032820068,-2.4670535264915805,-0.19182060097934217,-0.9617198597301146,-0.8706820709384,0.933321470591264,-2.5072508850806696,-0.8593396653098107,-0.7075471698113178,-1.7541828894962364,0.48532593600099094,1.0696076746567584,0.1645037470297872,2.7440503203454147,0.5428226779252032,-0.3674542578754658,0.016258835903082414,-2.1636615811373106,-0.14508833319109016,0.08231064699160129,-0.5659448818897683,0.25108225108225746,-0.08003521862256502,1.1494285408486515,1.9496357072526393,1.819458512642802,3.698550869171191,2.4778238772560357,-0.036962956626918064,1.4870794734275883,4.218362282878418,-0.2517268167706477,1.5559758556745518,-1.9141914191419196,0.32863706490242617,2.865995352439965,0.8485173276170155,0.7945516458569779,1.304679131562958,0.16715164704692587,0.0,-0.7998105336234351,0.6684491978609541,-0.962067069818584,-0.14940239043824688,0.009763240814208984,-0.2509993492609497,1.792035817808224,-0.33926909419403906,-0.6758923063734046,0.25062656641603454,-1.590244598160162,-0.4149377593360981,0.6124999999999936,0.6115223688445415,1.510290203949105,0.938457782451918,0.6487200494578849,-1.0683288701438087,1.488536936730589,,-11.219509683272477,-1.1237069600922522,-0.43344478223444893,0.0,-0.994035785288272,0.0,0.1865671641791078,-0.7376039103879073,0.502940925752271,2.8024044512671153,1.7518860442839346,-0.21747340696295359,-0.092009416126837,-0.34945005417370556,-1.5528466091713433,0.14689253090374166,-0.5171889260724094,0.9770675765671699,0.024255995238009476,1.8156004149043614,-1.1758668124546734,-1.021507563984092,2.444041230099625,0.0,0.42857984857689324,-1.0815520075611484,-0.2912338676926529,0.3981327033796278,-0.7582088623614758,0.9603357232488285,3.8039765969385186,0.8524110791782391,-1.544117647058818,-1.2261674800245315,0.9273277819833448,-0.7548845470692678,1.3894982931671018,-1.114231615715744,1.5525106301999214,1.3056331525098885,-0.716919277444783,-2.018494216802369,-0.913317816092829,-0.6108409095869516,0.5707096846481408,1.1952182340823958,,-0.430968018145772,2.709359605911321,0.09215401054210037,-0.25929456625357616,-0.24752475247524774,-0.7397145887036882,-1.632900737128129,-3.1798578592493354,0.33402464561855805,0.0,-0.8220157255182325,1.1340893929286278,-3.125,-0.07831583229532812,0.30039911684782705,-1.3580662862876514,0.14334195128182792,-3.2511757349557024,0.5266291324846906,0.2954646074553313,0.9241929600449339,0.35125161205842304,-0.16704694156702837,0.350801291606917,1.0227802803243646,-1.8241425689307311,0.34622042700518385,-9.04761904761905,-0.377209345669105,-0.11331767202235055,-1.1199421965317868,1.0288830698612417,-0.1938466635158287,0.9313056541188747,1.7972602739726007,-0.6362902351895516,-1.1811060279829477,0.5598059084397589,0.3026582925374166,4.340966965383708,0.3771409270740822,0.0,0.3852236189960445,1.0076129399228417,-0.41358161117269754,-0.19332497280013516,0.5836575875486361,0.1417969401826813,0.23520188161505473,-1.123999731637626,0.19945150835203318,-0.21310602024506853,0.5624999999999991,1.5009380863039379,0.5780346820809301,0.1029866117404632,0.5846112463666175,0.724887986717615,-0.3157926860608562,-0.5681818181818232,0.657947575934581,-0.566979242453769,-3.925256651127662,-1.4935042287511635,-2.1897258934453268,,-0.1447336297286217,-1.0889790447584646,-2.6699071076256797,-1.0955569080949523,-0.5655226209048347,0.14326647564470996,-0.8568869666913392,-0.43333333333333,2.1223021582733814,0.4401408450704247,0.9422750424448179,2.465753424657535,-0.8846097761873395,0.8009153318077722,0.2909046519886438,4.732347869899289,0.78125,-0.35753176613616544,1.0109869988410125,,1.1754827875734675
0.0,-0.6077504021231195,3.364882783220269,0.6047256219808839,-1.000625390869292,-0.6966556977689997,-0.9982772904514658,-0.4204204204204198,-0.42997215615699913,-0.8026028604401825,-0.7908504449350651,-0.7522748536103241,-0.5565693430656937,-0.3800489557044262,0.03489102581890613,-0.47175247271911136,-0.2659882449464912,0.5656934306569328,8.743166067534048,-0.21595534408743733,0.7425742574257432,-0.6666626969004108,-0.6861341415331679,-0.33333333333332993,-0.31072038891143405,0.22271714922048602,-0.6822696260471495,-3.4803118163519553,-0.05682446225764304,-1.195219123505975,-0.4329930466065335,-0.26872018238977,2.649253731343282,1.3205001071485922,0.3122748018256072,0.0,-0.6309148264984188,-0.3033431575353518,5.349932705248994,-1.7313977543660486,0.5808950086058529,-0.5402532990877673,-0.1632896629539693,-0.1515128395774168,0.5371322986681637,-0.28707800217874224,0.2931864751577473,0.06640106241699861,1.5265056897030282,-0.4738154613466383,4.218345305346838,-0.9319664492078328,0.34000755572345387,-0.3039513677811523,-0.6911217437533201,-1.1627906976744207,1.7028985507246297,0.49999999999998934,0.6336190831159216,-1.0428694067898259,-1.049626813522575,0.9449797954182548,-1.2330169377323452,-0.07320793055628494,-1.1520107259985313,,3.524864576139497,0.6451612903225712,-1.5357654053521852,0.33689581834535076,0.3815261044176621,-0.5486968449931462,0.19552845306680666,0.39525691699604515,-0.7633587786259555,-2.9902642559109904,-1.001001755987052,0.7435866464275964,1.4057198254968428,-1.06910712641336,0.6122560865103654,-1.7391844096501408,-0.4281345565749217,0.1184846190259492,0.5093356458991227,0.8741258430347232,-0.6208010331455349,0.8509890115719232,0.0,-0.3107734806629847,0.6401098964268215,-0.32506090382848907,-1.7719746475013176,0.1019672962977225,-0.33955986037043084,-1.7924091717431367,-0.052160065893769314,0.7076119087837895,1.3666952074775862,-0.09352738787273829,0.6937933620851267,-0.026850006991052666,-1.5147143414740882,0.46489831593752307,-1.0881292778433527,-0.17573978164644455,1.413240233840063,1.8548896202465137,2.798728316639787,0.48655413482314724,-0.5832301489030689,-1.1811014936670583,,1.2611928152207685,-1.1630710080373197,-1.3458987800032851,0.15292273578775273,1.9272166110938738,0.1389384323578602,0.7227598075509656,-0.5701904277333081,-1.1795731437496682,1.1052645856176824,0.216216216216214,-0.23746540804336913,0.5756811705179832,0.744516446228749,0.13398101406483232,-0.02086352765924282,0.8458055156602029,-0.8672064666610191,-1.047731676241892,1.4140484962013256,-0.006634080022394073,2.561252011813542,0.35557031327144717,1.6525397866459235,2.4534161490683326,-2.217655621200443,0.2875215641173101,0.4550966100735021,-4.635069497580025,0.3545129243496037,0.8951406649616356,-0.19654039612327923,-0.34120734908136274,-0.31736846394725404,0.08612337172999585,3.842182579840414,0.6507330927544075,-1.057712367563679,1.9009299534447077,-1.1682694400949267,0.1445023842007398,-0.8043553085480548,-0.9029345372460473,-2.3758720935096567,-0.983606557377048,0.02979551839745742,0.9168259640957466,-1.238941653991521,-1.2710207274149399,1.3516020691203057,-0.7962179646678225,8.51041110517885,-0.5717806819064641,0.09242144177448175,-3.057475473688942,-0.6172839506172867,1.6229288514584272,1.0722881789475558,0.5491069579919294,-0.749709821428568,-0.16341626401206177,1.2671351583180668,1.0767353004159874,2.6932832591013867,1.78076185768139,,0.8828503039050473,-0.7250219478262543,3.123150408575337,0.8615384615384691,-0.6922887759854834,0.43940322910280827,-0.07581501137224889,0.1004352192835567,-2.0781965480803133,-0.4119150895596002,-1.5557985030695498,-0.2673796791443861,-1.3029315960912058,0.0,-1.70412686638014,0.07407576949507444,-0.03875968992248513,-0.45666865648661403,0.0,,-3.12862665326763
-0.7911802853437067,-0.24910748693643958,0.9204088335310612,-1.466300144438748,2.0846493998736504,2.36770878021908,2.1986353297952954,2.533172496984326,-0.41242410399964236,-0.15266010512713368,-1.6433681644407172,-1.3220518350993693,-1.4955500504633457,-0.4530266867274535,3.847497089639118,0.23699770668710318,-2.6045488561362795,-2.1484286398793295,-2.0887040686929814,-2.482869317179015,-0.24570024570024218,-0.3601263904255636,-1.5930126770094422,0.33444816053511683,-0.3483726309150281,-0.8246889467592555,-0.21739130434782483,-1.9253071511929454,-0.767478907083019,0.08871016963836187,-0.531503444208048,-1.87385027642889,1.6357688113413316,0.07307863409713455,-1.1015325670498122,0.40476481119791075,1.4127022879464324,2.7332267890924467,3.5515794050423155,-0.7142857142857117,0.7486631016042855,-1.0151380231522733,0.4060726039888607,-0.4173012435681245,-1.737641971874626,-0.6032388630089591,-0.828256734831756,-0.6967485069674817,-0.9294696555494752,-0.7266349285893314,-1.2461396251905121,1.5992474129821188,0.1506024096385561,-1.1585365853658547,-1.563166550956907,-0.27058823529412246,0.6768792304951976,-0.497512437810943,-0.41358024691358075,0.6562374561641438,-1.9361470435601214,-0.04529485104906028,0.014231400133457583,-1.373710218244184,-0.568504852017504,,-0.2775148418551754,-1.8737672583826415,-0.25483723758443766,-0.7299270072992692,-0.5801160232046354,0.2758620689655267,-0.40888621075069187,2.2047244094488105,-1.025641025641022,-1.6009557945041775,1.9229970079787329,-0.040142887443994635,-0.7170172084130066,-2.844290112610315,-2.0215497559319284,0.7250462622866438,0.12285012285011554,0.4240619125215783,-0.5188227792298217,-0.9936459619039772,0.26028707335856716,-0.10771554505161207,-0.228538215492613,-0.24246622791825878,-0.6060649579434085,-0.4150589728681542,-1.3777405171672141,-0.8828509256005757,-0.9795583568415922,-0.0461272466547924,0.30010278179821714,-0.3805956440659619,-1.0535657786553188,-0.4936211768617027,-1.1173184357541888,0.2506309479505253,-0.6445033448641779,-0.39215686274509665,-0.7637080253828143,-2.562598941842409,2.553151993126024,-1.0475423045930743,-0.8395866007638197,-0.31855250240644395,-2.86983292702907,-0.39840607802746897,,-0.3365502576020418,0.3275521347829269,-0.6799115005171275,1.9124327213039694,0.9413272033031772,-1.5893006786003916,0.0029198313306055823,-2.20209398391763,0.8650827513280834,0.08676036663879394,-0.5106076950737171,1.6992826472501443,-0.4638322573424891,0.3500624391222118,0.15741833923652582,-1.1718869055911796,-0.7741915795110854,0.3827183413921853,-0.7058805577895177,-1.2345679012345734,-0.5176221847337126,0.0,-1.4589412626288878,-2.3551454940521244,-2.819036071536829,3.572679509632226,-0.17201834862384802,-0.16838195444242032,0.6297842701709522,-0.5228287687602085,1.0320478001086375,1.1815318491861238,-0.4477218856992371,-0.18277080541001522,-0.61310100032268,-0.9548474625001635,-0.7784653511690331,-0.20630843884276162,-1.630738403603249,0.3486722296778044,-2.884470855954635,-0.3506405454387629,-0.5315110098709219,-1.2480499219968744,-0.9381898454746129,0.11916942453049639,-0.10349795769583059,0.5376398973048868,-1.7825311942959,-0.9096571919064211,-1.178831201404562,-1.7467034048415653,-0.9876264749272057,-1.4127468908702645,0.49205707084065686,-0.10351966873706209,-1.6608007039155326,1.7700858548398646,-1.0712080018742576,-0.8106534413245048,-0.20831238811621633,-2.2807403423717565,-0.5894736842105286,-1.0087116001833984,-0.14028715797048674,,-0.1959247711380896,-0.7303251603679284,-0.05757715176681888,-0.37827645954088274,-0.14811303415914745,-1.6583579204395127,-0.6752674062262876,-0.4013377926421424,-1.6726618705036,-0.9064550194068488,-0.7432086109687375,0.4718524840817695,1.3861386138613874,-1.2485811577752526,-1.3279254970363308,4.441150389566428,2.40403257076387,0.49153133068469135,-1.3489968325396062,,-2.7499440001288344
0.14380964832003684,-0.36325478579081194,-0.09600153377450349,-0.8965775971251033,-1.6646054711672353,-0.9159516303792636,-1.513354926859234,-0.5294117647058783,-0.8233873039738104,-1.09318301541953,-0.57356304064059,-1.2325806222781233,0.11177347242921076,-0.5389221556886259,-1.0649627263045747,-1.6662899785593543,3.1810805950145404,-0.32637498307911406,-1.1565893102396196,0.3144057495035213,-1.6009852216748777,0.8132104662004869,-3.336234406730487,-0.31623931623931956,0.21159602834637248,-0.16432050728927283,-0.836601307189544,1.844637490024592,0.11557176811050063,-0.672789525716122,-0.24289110943145342,1.2231598776135444,-1.2875536480686733,0.40166126170726457,1.3559322033898313,3.3791794136833087,-0.8765121939429465,-1.1445171947811694,1.2275630567984974,-1.1990407673860948,-0.27600849256900206,-0.6657070888808958,0.9717421941992432,-0.11428106398809756,-0.5120393326212946,-1.2758620689655165,0.33161534838501705,-2.5860308166972934,-0.3311258278145712,-0.8581524482584535,-0.4743833017077814,0.92592592592593,0.9022556390977376,0.3824769384253468,-0.8048753771546346,0.053084817742132806,-0.7430997876857748,-0.666666666666671,-0.20454968077853186,0.6391157400020386,-0.08401467997406487,-1.19335716224509,0.797044807242342,-1.7890320649552538,-1.6009078848944647,,-0.6743003184502605,3.2160804020100464,0.05540828193368874,-2.573529411764708,1.529175050301812,0.27510316368637433,1.334333253676867,0.07704160246533309,-0.7772020725388629,1.9815468104966039,0.5785422815808072,-0.669344042838016,-1.0592200288878195,0.9966142271976342,0.27587086769476077,-0.11996832546753433,-0.2269908694401801,-0.42227122110533033,-0.32746713530613647,-0.7468775486219159,-0.4672905063257904,-1.8511948914761156,-1.536398660534255,0.0,-0.5667096992267084,0.20839444628233394,0.49246476523241434,-0.5938068343936953,0.5161277196740643,-0.46143504437974325,-1.1317824988778757,-0.9992175087192412,0.9530937325483935,-2.5059808400133443,-0.6497175141242928,-0.8035714285714257,-1.105705459969597,0.6141770730807128,2.253779444148485,0.2810668298191876,1.4679614772638683,-0.8143322475570036,0.28771064529387047,0.3962721039840078,2.840356694010593,-0.3500044080532394,,0.7320668270119457,-0.8464328899637219,1.0738255033557076,-0.3558318975204089,0.8119603977574608,-0.30761655684589106,-1.1055084428018502,3.8759240474820933,-1.826655522020726,-1.5198825969174656,-0.5349139800491565,2.1845118080271453,-0.48581831226593986,-0.3992269332995346,-1.3752455795677854,1.6361717100633388,-0.3901209958453,0.816993482158801,1.3033157040688081,-0.8823529411764675,-1.9411631018513953,4.604550379198269,0.8840996830121961,1.3126988039454446,-1.422336171436367,-0.3297260737233687,-0.7409548773154806,-0.7268823318904438,1.6598686046460642,0.5397750403546286,-0.17921146953404632,-0.2830921066059089,2.1058226893187815,-1.4176018901358556,1.406926406926412,-0.09037591784880616,-0.4255383386513323,0.037589215600131176,-0.037675076040033506,-0.5762714450642248,1.4925373134328401,0.5058265452293265,0.45801526717557106,1.3823064770932092,-0.2562660493558466,-0.9671133529430276,0.38372985418264616,-0.14260575686991794,-1.048598507763665,0.0,0.0761421319797062,0.15524062296559116,1.6540373214567472,-0.6087852671404326,2.4128439202531826,-2.4870466321243567,1.1944950753550954,0.8738682882249327,4.033973646353406,1.8318992882226715,-1.1555952759072952,-0.36086090797833315,-2.0245679300349373,-0.6391870693897683,-0.3366276495942899,,-0.14395702409151223,1.3623978201634968,-3.0245419128455353,-1.3963772750061332,0.24326182137532903,1.3863025036209287,0.28264252625407327,-1.074546675621224,0.28900319530822394,0.7282372266318893,0.5336087442981308,0.8111799413296428,0.5859375,-0.2643664129849177,0.8224344699182318,-2.8348662527499235,-4.051495645588787,-1.1413076649541387,1.1027789993764747,,-0.3259294689059389
-1.4882506527415185,-0.9721955791557768,1.6191779359660208,0.32643165075456615,0.8747105045380899,-0.1596132328064659,-1.4763464858672526,-0.5085733640412426,0.9923385226409565,0.06182769575076019,0.8276869054258285,-0.5787659423502567,1.8794194268701103,-0.6863350038568639,-0.09631182369270741,-0.16029589820560908,-0.42348953932933586,-2.1990734011627877,-1.1896280470163112,1.0939066717219115,-0.35043804755945374,1.2792268025138442,-0.7202881152461038,-0.4801509045700092,0.45901035305919713,0.30922449735037993,-1.0985148079796114,-1.267032262324197,-1.5873015873015928,-1.0342741919262877,-1.1478218410326035,-0.7521585965827304,0.9420289855072372,-0.1091070902442759,0.2818873551720058,-2.5117586650808765,-2.0053706697974905,-1.7823641286728753,-2.4740996700754136,1.3349514563106846,3.74707259953162,-0.47092917949647095,-0.5117907931032395,-1.5255529419432756,-0.8860800978686911,-0.027944422917391964,-0.3794878844956995,1.872679780725628,-1.8272425249169388,-3.1059063136456233,-1.1916110581506212,-1.834862385321101,-0.7824143070044753,-0.8112064631251137,-0.9210553085594819,1.2556741142486505,0.891265597147961,-1.1073784540163611,-0.3913043478260825,-2.281720633512807,-2.196765175293558,-1.9721699832430883,1.0448973808747875,0.20169878171290012,0.8134769592293312,,0.3232758620689724,-2.7555976429375573,0.8675573349292476,-2.037735849056599,0.07927070947284509,-0.8230452674897082,-0.8747697974217261,0.05388384694957615,0.008703220191463856,-0.7905561134506245,0.7906700929037447,-1.3477088948787075,-0.9732360097323589,-1.6740088105726914,-0.5290725512210104,-0.23316955516659021,-0.15372317069051178,-1.7356977895401915,-1.3020195800082401,-0.3409769607543245,-0.7303045857655621,-1.1170071156645922,-0.7035873945919313,-0.1388888888888884,-0.5843716579085445,-1.158643468260212,-1.3801428634039437,-1.0798419396347958,-1.3521624747000804,-1.0662255697692413,-2.0000016061883175,0.43538734616646035,-0.06638327051546877,-2.184404235525983,-1.0520329826556707,-1.3321376082920833,-2.0125223979828966,-0.7982526884031671,-1.3081220167358576,-1.5815803596565314,-2.140764849859478,-2.027910605244254,-1.3770531826331922,-1.2859735557849916,3.2063511439732073,0.11038846141926406,,-0.5481171265663054,0.0,-1.195219123505975,0.36837950607073733,-3.421054578473881,-0.6942611807219001,0.9172988010868854,0.16370790568096538,-0.03779673151584895,-1.2323220644832933,-0.5014534883720945,0.8144079166370943,1.066056797538839,0.6732293192305949,-3.107569721115533,0.19387563289769982,0.1697191715433588,-0.3601656841284995,-1.5321608872441494,0.029675401636675147,-0.5102040816326481,-3.780424650440184,0.4234955275158825,1.2324883975014744,-2.145291949832673,-1.4080922894223469,1.0936881361655049,1.7394822006472577,-2.5026793469815845,-0.6357757554410259,-2.289048473967681,1.579138537898217,0.5285496379829002,0.2995805871779611,-2.465314834578447,0.09045766979816072,0.013364172548446795,0.6950990591550354,-0.11935576260587721,-0.6989428034071099,-0.4411764705882337,-1.224809415850081,0.45592705167172287,-4.168289832489291,-0.6925840172572917,-0.4056497344412824,0.5351681957186605,1.39235771265247,0.7744039127776547,-1.212119036179815,0.3550595992898753,1.4000000000000012,2.3475375713814195,-0.7727055738006583,-1.95853055053814,-0.36663254059843275,2.1154357385962275,0.3899721448467952,-2.4897984095982095,-0.6634920610180672,-1.4934415521877686,-1.2909618126503486,-1.4352391437262413,-1.0255454270349906,-2.6063829787234094,,-0.1310615989515096,-0.26881720430107503,-0.6950675995246902,-1.1180124223602483,-0.39261916432375976,1.448979591836741,-3.7096337165480553,-0.13237957718091886,7.937554001888358,-1.2431648909320803,-1.5580857803270232,-1.7998909509481242,-1.559868969963596,1.2561902991313545,-2.113463829825757,2.9905167488790463,-1.1128631085980611,-2.1110480850680458,-2.006985123429672,,-1.4052164749502882
-1.537238271932151,-1.1581605377160575,0.3215153110224689,-0.06506936912217265,-3.886465928142546,-0.40632643370108745,-1.1467889908256867,-0.029719447975762314,-0.7588274855040433,2.6185713775190855,-1.4925373134328401,-0.9095870272814999,-1.689497716894972,-1.1881653659079117,-0.7598956561188586,-1.9839435542395312,-1.8429259356488426,0.09131587937720731,1.6381595009251626,-1.2462006079027366,-0.40190906807334725,-0.6436041834271933,1.330108827085863,0.32738864478332186,-1.288503794854956,0.03977967619075429,1.11960191931757,-0.43337606932866146,-0.7624651329957821,0.4098360655737654,-0.281498337855135,-0.8323992877715014,-3.158650394831297,-0.6796086876137752,-1.424551133208496,-1.223532284007356,-1.0634830560065978,-0.6307492234442158,-0.2561844241059985,-1.1377245508982003,-0.5540734660373525,-0.7643312101910826,-3.48356340738345,-0.015495175457158616,0.2944325481798682,-0.6358728070141817,-1.6957468665481867,-0.006731909472834641,2.2617019507015,-1.2296386975334972,-0.7525372723709567,-2.4299065420560706,0.6233607831862553,-0.9293680297397744,-0.3984036834001836,-0.326036329762458,2.204946996466428,-0.7465259979309802,-0.3491924923614165,-0.23513912291799333,-1.2358946802794146,2.1054272836852572,0.2794857557621322,-0.9687301262353176,-0.5763688760806907,,-0.10741138560687036,0.4956455538728033,-0.2653475859773491,2.064718707867863,1.057423808787128,-0.4149377593360981,-0.3622874513759866,-0.9771448525810911,-0.6265773213819492,-0.2544186325054154,-1.6081584624436207,0.12295415492658002,-0.702705102119161,-0.17921146953404632,0.1648916687626123,-0.7082152974504208,-0.498835904217132,0.2609369251537652,-0.48082774838330566,0.8612502467446603,-0.2627490415398115,-1.0925971137152768,-0.21142578124999645,0.6050035585448477,-1.0885340832950452,-0.27051443146851595,-0.9532464873372337,-1.0800142824107462,-1.1711620659635824,2.1755137648291623,0.0,0.167488887392242,1.7344453152669193,0.4304976527466309,-0.5172413793103403,-0.7571544542525843,0.38034383788660975,1.4357899647145844,1.2255978694754033,-1.078115997710316,-0.44950555486390487,-1.2654066067523395,-1.063823743123149,0.6707096980401062,-2.983701022737806,-0.36086332091864737,,-0.5659031007474891,0.7560990496379594,-0.31362007168458383,0.09362945208044593,-0.0908245073166114,0.8803712555715215,-0.18997515709484603,-0.5241252940567431,0.588235294117645,1.0041010432656705,-0.007304068366076333,-2.4234789784829625,-1.715302050008638,-0.8967920510960403,-0.3083881578947345,-1.2128156066431584,-0.7298386074391816,-3.1086232760711874,-0.9977478832712605,-0.1631617622629089,0.17094017094017033,0.6297067369146925,-0.6263048016701411,-1.1758572105066367,2.405739507029514,1.2991482405575239,2.0091571600422187,-0.3976143141153132,-2.7191166321601123,-0.19905414557535028,1.240238860817633,0.6637533262827455,-1.0824742268041199,-1.4336917562724039,0.010942116205270302,-0.9238815344255635,0.0,-1.6791044776119368,-0.5157201994889893,0.8412045982262528,-0.4431314623338234,-0.666666666666671,-0.8320726172465931,1.4065080348069081,0.13498450022848552,-0.37712629623424254,-1.9543689104087436,-0.06455435111012431,-1.5571284125379226,-0.2165305269937412,-1.4682865215125074,-2.7564102564102577,-0.060679611650482634,-0.4178560697115419,1.4982391877088386,1.3279304964142868,-2.911507428278015,0.16648168701443034,-2.1138517106259025,0.09870301968255557,-2.5574291281824313,-1.763525148954237,0.39473684210526994,0.6028659157165217,-0.0628085425484759,,-0.5511827043348072,-0.8086253369272267,-2.7817660133490074,-0.13818788768058532,0.3842630029808891,0.844900422450201,-1.6137983393763378,0.3704803365607079,0.06759040216288703,1.4195183252053045,-0.4261240107835462,0.7547136908271579,0.2038250730604041,-1.6958756877917591,-0.5303007183652952,-0.3541090024086979,-2.386465307002106,0.8367996819014678,1.2466638381970485,,-0.9949781130200841
0.6594885598923295,0.9622119099784721,0.8577599563128979,1.209302325581385,0.5062665720338533,0.15382581816254515,0.680591556699528,0.8383361306418591,-0.009805054427025617,-0.9935981311159248,3.2828282828282873,0.514042175549756,0.32512772875057383,0.8588957055214674,-0.17142857142856682,0.4562961651112696,0.40438874844612727,-0.2128667155356201,-0.8350070690791189,-1.0156971375807955,-0.12610340479193294,1.2955465587044523,-1.8168228622837068,1.2709317303563727,1.3701212272847263,0.1988071570576455,-0.10544815465729496,0.49020022544630226,2.931446101257573,-0.20408163265306367,0.776292256320521,0.5762955227153199,-2.3721275018532273,0.04887137915137174,-0.3383276945384206,-1.5007117618297094,0.5537499045704442,1.0249714449466651,1.2090412934573802,-0.06056935190793533,0.598431696244317,1.7421602787456525,1.5352529039347473,0.4028542493681897,0.8219922292000303,1.1251758087201136,0.6250000000000089,0.2693602693602637,3.8001227368499757,1.6173667167975747,0.9040584494565795,-0.2873563218390829,0.9329750369044376,0.0625390869293252,0.022223578559033008,0.1168224299065379,2.6828930991564137,0.8547008547008517,0.6445153619923705,1.2177222331887005,1.0010894675768434,0.9164502654847473,-0.975473834748164,-1.803977865287043,0.0,,1.8279569892473146,0.6326882311037396,0.917431192660545,-0.4830936124831653,2.833407148631295,0.7013871934678839,1.0628402641753576,-0.6993006993006978,0.5429547245818345,-0.8758819975565935,-0.3787123779150914,-0.8868876768283074,0.3612633743021343,3.034115693727557,-1.2053972940606394,0.7061358355251457,0.5756049457932955,0.5005005005005003,1.2636231759679317,0.4094028340938971,-0.15805468925390587,1.7225262362048133,-0.2462376858438864,1.7280708401040012,-0.293476996564368,-0.0602786545500833,-0.5016918555155958,1.5144410787809814,0.8602557695622792,-1.3692324071329587,-0.9667041252735098,-0.8557108392420965,-1.2695879055457104,0.910872542160468,-0.5391873676102499,-0.35849106779486384,-0.015152407970164816,1.081031405809818,0.3497791615982626,0.5963447433391833,1.806140923234234,0.6450600892226044,0.13440654848146938,1.8193481367112518,-0.20608557674788308,2.223337429548855,,0.9823559422019956,1.428224112639187,-1.0561797752808966,0.27688393324851734,2.4793388429751984,-1.835214010388042,0.2869706831076124,-1.4333459056330655,-0.3759398496240629,0.9823500689338127,0.8692476260043769,1.8692209346365285,0.0902732611898216,0.42279435789567277,0.22685089709217898,3.882476390346268,0.23631391558727177,1.4922589748780135,0.7198542112839768,0.2822796735965527,-0.4778156996587013,1.8719581170263622,0.21008403361344463,1.274083966558881,1.2693385276878688,0.44165109563445437,-0.1402839366056341,-0.8982035928143728,0.7519863791146442,0.38466143806501485,2.9764065335753154,1.127884806122026,0.31266284523188137,0.60606060606061,-0.1641137855579844,0.1520373035798217,-2.8441782585234665,0.49335400112666683,0.2339076405147411,0.44262566241721757,-2.6409477437639106,1.9686773586059747,0.16780710693173884,3.7520985268767015,0.08986607301715299,-0.19684943346990336,-0.15900478945830576,-0.4169308139469807,-0.16433853738702098,2.0072288582165365,-0.4847496169980814,0.19775873434411118,-0.1942896886384382,-0.05721682242098014,1.2445695493397357,0.21052631578948322,0.4080132948886206,1.1080332409972193,0.49176724392814286,0.6626745934880329,-0.28288351838762216,1.0542168674698704,0.3931847968545288,-1.0955010460557135,0.00819872754946882,,-0.9633132634680242,-0.27173913043477826,1.402993610894887,0.1446676743724895,0.0,-0.1595850787951325,0.4020262278927378,0.5756857433118823,-1.0469436001350862,0.6866240165602999,1.091703056768556,-1.1878016550030956,1.3123359580052396,1.4935698965596433,2.0563571100435274,-0.2842925566497456,-0.2861815208503704,0.8075727783887654,0.0,,0.2897194361136224
-0.7353924321433336,0.48420943404352546,-0.04672897196261738,1.8566131591796875,-0.42621734491039565,0.07012246568263159,1.3980604155191534,0.2358490566037652,0.7352941176470562,-1.7562606856763363,0.9779951100244544,-0.7305963942993765,0.0,0.8515815085158085,-0.480824270177449,2.422554090329476,-0.46030094229605467,0.5637684406293753,-0.22845953002611497,0.8271174644356449,-1.3636363636363669,-0.41566356289968187,-1.5222903032310886,-0.7886034088018357,0.0,0.8184523809523725,-0.4222378606615007,-1.1438162814076946,0.5397349687876529,1.0224948875255713,-0.007009639643618115,-0.024908624028985304,3.1890660592255093,1.123597013213118,0.04849660523762456,-0.12091898428052694,0.7450559449366789,0.22145794593699808,-1.5102763544678321,0.7393909801136411,-1.1282051282051286,-3.298485940879592,-1.0612790051945042,0.2777782356460756,-1.3764624736063102,-0.40334136496001927,0.6708104862189535,-0.5708529214237701,0.5154065447329881,-1.099476439790581,-0.761081350102355,-1.8731988472622474,0.288390313017417,0.12499999999999734,0.1333050645144107,0.31505250875145663,0.0,-0.4491566803495717,-0.3979109674210446,-0.1778726375698203,-0.9696186039257038,1.1048868863470451,1.604281565681509,1.3390226305042496,-0.28985507246376274,,-1.4783526927138357,0.7425742574257432,0.24242424242424399,-1.2060091110153714,-0.5335365853658569,0.2620542646785129,2.361621364016364,-0.7824726134585291,-0.09581046947130245,0.40297368669657274,0.04001600640255454,0.013763158394453079,-0.6410256410256387,3.6591739164744785,0.021495987894004642,0.5736932818100282,-0.4923076923076919,2.589641434262946,0.6116956362457016,1.0601161474044662,0.0,-0.8282716917186406,0.6773851221656191,-0.7949956893427035,0.0,-0.45235683525074455,-0.34986246363594153,-0.08095257758300445,0.08703087275292454,-1.7801447228459666,1.8844936109197352,-0.23809766012524713,-0.7935960492597482,-0.7964601769911539,-1.0648596321394033,0.544282695024223,1.7735352418577044,-0.46164501234228217,0.9759176448922435,-0.24530093562700195,-0.10841470652532825,-0.6071911743723568,1.2667764753303334,1.3715821330661626,0.7625079893516684,-0.21081976080786768,,0.2940455770644501,0.7756563245823411,0.013629290398586846,-0.9962686567164147,0.1612903225806539,-0.22225286348154238,-0.36790754136322157,1.6266248422529106,-0.04192872117400048,-1.0601707747152411,-1.7669635744804069,0.6349206349206327,0.21043947635641658,-0.7003891050583633,0.0,1.7508417508417473,-0.2619475471371202,-0.8270538875055022,0.7861866421702057,0.7407407407407307,1.3100120429312412,-0.98177936952063,-0.8805057037801323,-1.226865038753644,1.7710167651808106,-0.8625063419584023,0.8766001236205412,0.5760341924722967,-0.07041261794114018,-0.5714199019443922,-0.11455763130067131,0.5490755446220019,0.2597402597402487,-0.6626506024096424,-1.7424657534246601,-0.8096346723676429,-0.21989589350163152,2.8700930717027173,2.8697571743929284,-1.2288109730866026,-0.44194214570473234,-1.1408472638693934,0.21322334238791374,0.30136963817626317,0.611673648376132,0.22757568933986505,-0.100994276801325,-0.11793663526518117,-0.08230452674896638,0.15955051462777092,1.0309278350515427,0.7085020242914908,-0.5231839275330996,0.06678923395753156,-0.8233203161055913,-0.08403233119419484,0.6905915159802767,-0.21917808219178436,-0.6170232245262586,0.0,-1.2214342001576006,-1.3174352063151984,0.17406440382941035,-0.6910961365782176,1.3114754098360715,,-0.25316781000166433,-0.27247956403270157,-0.38837455666269616,-0.5087604867876738,0.3571447840617692,-2.1678321678321733,-0.08008328974958845,-1.548821548821544,-1.508530756719284,-0.5070859049243315,-0.04319654427645814,-0.6660146070605499,0.7772020725388629,-1.8708605790165755,4.104477611940305,-0.6414836372119481,1.2710127101271063,-0.11602580876640678,0.26384989686141225,,1.1104134125051068
1.0775862068965525,-0.4971699463531154,0.28050490883591017,0.523375661764991,0.8560834660399586,0.05338997852017968,-0.9090909090909038,-1.6411779067095567,-0.8759138937994182,-1.0060362553187319,-0.024214552909351816,-0.7359663705825192,-0.92592592592593,-1.3872135102533156,0.103531577131033,1.398679491868804,0.16762617695538218,0.03030487985322683,0.2813247515947026,-0.8203323522834816,0.8704557091653964,-0.786647009473429,2.212278653868416,0.8547008547008517,-1.6438356164383605,-1.5153775561193128,-1.7667844522968212,0.32328795974858604,-0.6853296203324089,-2.2267206477732837,-0.5532553563118214,0.548211811986854,0.6622516556291425,-1.2077294685990392,-1.0664081434803685,-0.3874106788173459,0.28938710497889986,-0.565262076053441,0.9175526712087656,-1.4799648844048052,-0.20746887966804906,-1.0065237651444514,1.211072664359869,-2.0467863378661577,-0.8696158156572542,0.39799423519903954,0.41954137172743877,2.2627490712597176,-0.9885262808349005,-0.5293806246691402,0.2621175911252438,1.615271659324513,1.6074361903116063,-0.511857126833648,-1.3201712992850112,-1.1748284285215793,-1.8855218855218903,1.3024644133901475,0.4619225967540608,0.34665816216359335,-1.3707611459709002,-1.1077880859375,-0.9002770083102463,0.12128331697132122,1.017441860465107,,-0.4394400413652244,0.2407874404944721,-0.6045949214026569,1.497120921305184,0.30651340996168397,0.281998453613741,-0.3334491035763776,0.03943217665616228,-0.8718395815169977,2.3694390715667257,-1.880000000000004,2.3950480955351017,0.7444168734491274,1.5296646852385631,0.7738204469581289,-0.35211267605633756,0.18552875695732052,-0.7281553398058249,6.918777467421311,-0.9913551704340828,-0.2110866169756198,0.11136537392133494,-0.7355470438424327,-0.15068158711473156,1.91317602670098,0.5150014913259726,-0.21685631641370495,-0.47454126720885004,0.3478274138077442,-0.10143633018010467,-0.39920159680638667,1.2728768037873817,-0.08147363942141439,0.802854594112401,0.09784735812132794,-0.04587576739149002,1.340482524982689,2.5740163936746496,1.87976150505611,-0.8196721311475419,0.2269351547083076,-1.0520978000103764,0.7290240250277025,-0.3351478716109968,-0.40989683682385314,-1.1267617914518357,,-0.07329587099926815,-0.09472916435391276,-0.6267621274452129,1.2814231334564496,1.3204528513737879,-0.7599564596698971,0.055686844603641816,-1.6797699574193414,-0.39848993288590373,-0.3709183884677669,0.40545521562844744,-0.9589874556388045,-0.9499999999999953,-0.470219435736674,-0.12345679012345512,6.187954996690936,0.656598804965336,1.2231350851947154,1.5246435483059484,-0.14705882352941124,-0.39265634375978964,-0.8483563096500557,0.06345565107719331,0.42105263157894424,-0.520833333333337,-1.7570794950528823,-0.5681791137091219,-0.8731195290690885,0.22547914317925244,0.5747126436781658,0.4675782973092124,1.006830104788814,0.10362694300518616,0.6670709520921747,0.9814856123131932,-3.0507054508425058,0.27548200002125434,-0.3671072035265954,0.2943009704552413,-0.5920226712476606,0.3826725924862995,-1.5978721947414232,-0.47112090971694887,0.20030628551135354,-1.734618504235963,0.13697149374398698,0.3460533777486674,-0.22435049702319576,-1.0708401976935789,-0.9734513274336276,4.948979591836733,0.12562814070351536,-0.5014647392814875,-0.8772720129904155,3.5685385351263976,0.3994940858076612,-0.6483604001268017,-1.125755079626578,0.7278958665210444,-0.603644646924828,0.03191259785102485,1.9995152288132534,-0.7775804667137232,1.2869399428026673,-0.9304207119741115,,-0.21372904596813624,1.803280356151804,-2.832774901005175,0.0,-0.13959807160542903,-0.20422750944552037,-0.11219863737552682,-0.64979480164159,-0.20098581779705027,0.509670371539972,-0.5704407951598989,0.0817711407843591,-0.06426735218508783,-0.48825995668788646,-0.7168458781361964,0.9325689982362606,0.5668016194331882,0.28762890191491586,-0.8771879924703185,,-1.4464242117745552
1.6391257995735709,0.38434928942767677,-0.2657319893648036,1.3105902680374815,2.5336007351692835,3.7150636535635995,1.6819571865443361,1.8300326555064084,1.2911168003015394,0.10162983722239449,-0.4964853047400797,0.9823888263240876,0.33644859813084516,1.0642216767010604,2.148931280165489,-0.998096253473657,0.8078995957728319,-0.037867312235306816,0.4697254007383078,0.6094557728933525,-0.7715711254758895,-0.08090614886731018,-0.2928110397817263,1.0762711864406693,0.9656475779073803,0.11490477515265773,1.5287769784172678,0.33497908800470544,-0.23001374958211418,-0.20703933747412417,1.4014123191296246,1.2391574198464372,-0.5921034785042023,1.0391198044009675,0.5634492895639331,1.3612071430717299,1.987820560550868,0.6201550387596955,-0.8033393960522495,1.9052316626362975,1.2058212058212003,1.346262474110338,0.11396011396012096,1.1861700476330617,1.424164700466668,-1.105780940544998,-0.7127043352136653,0.297225891677666,1.0571302097237112,-0.11708095645954764,-0.07746405792997679,0.9537572254335158,-0.8780824082683214,-0.8533126640477784,0.7195080847737456,2.924905838041436,2.8826355525051417,0.2941176470588225,0.09941593140301297,-1.049300987558388,-1.0037476098602505,1.1201975003857445,-3.018864512360242,11.711823472864191,1.0071942446043147,,0.032294949411593166,0.44609909686879057,0.048664770567219406,-0.46898269076209864,3.0557677616501078,-0.2057613168724326,-1.1303010872635522,0.04729803594303306,-1.0642040457343849,-0.7038215561525729,-0.12229922543823823,0.3360666645990662,-0.28571669104063835,-1.88742126060637,-0.6985536005551185,0.5441661605565473,-0.24691358024691024,-0.24449877750610804,0.432158821902795,-1.0362084014122197,-0.5288227513307597,0.6303231785351748,0.867366039070494,0.1509089791596141,0.3610108303249149,-0.4520841606366899,-0.12418630054752411,-0.6279810779654227,4.514730516103405,0.6498723579373866,3.473613894455574,-0.33385941992869483,0.0741289844329085,1.2389380530973382,2.0136852394916804,0.6792752201417063,1.1022927294070506,-0.5048945871797272,0.4438621049553948,0.4752040894563603,1.3979141935100525,1.5263290664897067,0.7648594926457086,0.03736303198991209,1.1556098863231057,2.9711042500727425,,0.7090464547677255,0.5096583774747643,-0.5712979890310832,-1.540579764075467,1.8038740250696073,0.726168447677944,0.8464866734162024,-1.150483227181287,-0.40008422825857926,0.16546796530669816,0.4258443465491979,1.4460409266021435,2.5744573447753716,2.7559055118110187,0.2018913203028383,-0.24929884699282923,-0.039137349901741114,-0.6591059210246164,0.04656683913479842,0.10309458130062232,0.5233433641226304,0.5347593582887722,-1.0779974715112828,-1.991614255765195,5.820757622420691,1.831915263066497,0.7451007746848815,1.333333333333342,-0.16872890888638414,0.2571411132812562,-0.6849315068493178,-1.1657415322618103,-0.10351966873706209,-0.5361460490399095,0.48597305058537543,0.17891098560214314,0.8241755447892629,-0.1473816895651625,-0.7824947087692546,0.06041748183622797,-0.579443102119781,-1.488499367245466,0.5496984962183094,0.1076445056391595,-0.38597165624146834,0.09118169576156632,-0.22473840353337549,-1.5088775454188186,1.7485428809325576,1.742627345844494,-0.571220223626645,-0.6273525721455453,-0.5777519615281168,0.8177008177008283,2.749792713186916,0.6282722513089034,0.29078372005686415,-0.22216051096917155,-0.6376179424552264,1.2948321301707422,-0.09570725088295928,0.6751569093315091,0.5297426994570253,-0.1882352941176446,-0.2068898232271632,,-0.7764374555513709,0.3435316044898995,0.12539184952977678,1.0037894200797037,0.9017484679562981,0.9311368054844893,-0.19257195860011844,0.8605851979345935,0.2777777777777768,2.290605879822971,0.31293463143253764,1.8409528930613206,-0.3215434083601254,2.336448598130847,-0.7220216606498187,7.960198364262117,0.08051529790660261,-0.6728813838899672,-0.44247955655664084,,1.8753352288624736
-0.23600367116821674,1.9756433322212885,0.9208596607412023,-1.337938677350936,-1.5051740357478804,0.06430868167202064,-2.0150412652725547,-0.6577759730460264,0.42165226068280326,0.5388539175370965,-0.20688964120435527,0.07342312016052066,-1.2015648286140101,1.4766414944053619,-1.3781077736528258,0.37380922503396086,2.4958501055685645,-0.5038278877989022,-0.9025989879261398,0.32142112837996173,-2.1153108565266754,1.6194331983805599,0.6842294173857066,-1.702020625471623,-0.22071219056259972,0.29940119760478723,2.214348981399472,-1.5932024846361026,0.0,0.6224066390041472,1.3611996529656167,4.773563857474317,0.22795613870756348,-1.5366015979469183,-2.3142509135200995,-0.3597122302158251,-0.03143857327783106,-2.3061132210612456,-0.8223978520407238,0.07190502976779367,0.4416598192276133,-1.3469577333952598,-1.5310201715459604,0.4968553697528799,-0.26161369001935775,-1.3572467530327037,-0.12376237623762387,1.8768521567336105,-0.676249392324868,-0.8951432433420337,0.19379844961240345,-0.7538887298406349,-1.5301284164650375,-0.7214215096827403,0.23439842936838762,3.2077305735033423,-1.7011340893929305,-0.9635525764558062,-0.24829298572315306,0.07178122999300651,-1.0584958217270235,1.7964071856287456,-0.4755798691478019,-1.1242981235503158,-0.5754954454905592,,-0.6887671470065082,-0.6783808889244791,0.31310203008683146,-1.3147931438011962,-1.1156448352946602,-0.04123543545961894,1.152366499414481,-0.8194803099937698,-0.5244910658725233,0.18552410268655173,-0.7040816326530641,0.6162882416233195,-0.15808473713392335,5.720557848579655,0.3920071543087822,0.5131123271714388,-1.1819291822981137,0.9901936848958348,7.292495322665249,-0.7058805577895177,3.4556067888633857,-0.4237265741881324,1.252847380410027,-1.2328767123287676,0.345320667294291,0.2119276337003484,1.9065407604939022,0.29256876410590493,-1.5007027190400368,0.02690916524936693,-2.466104013678183,-1.0837438423645374,-1.9629629629629664,-2.0979020979020935,0.6228440015331627,-0.8935128001312465,0.29073992281125616,1.5678217379638815,1.8455982392089565,-0.8842253549056989,-3.0097087378640808,-0.33783783783783994,-0.3264773228381257,3.7599616220183707,0.8450742432022595,3.636368461277173,,-1.9640665779011912,-2.051889671469631,0.4366812227074135,0.9259609206697217,-1.256730613750412,1.0224128382954722,-1.3011922401430454,1.0300304412137917,1.2135285907769466,-1.7109144542772903,-1.155139640298286,0.47095761381474865,-1.0826771653543288,0.5747126436781658,-1.311727604948143,0.18431435000780816,-0.4959604139787799,0.036861816445021844,2.6413737242026336,-1.5447991483633738,-1.8593644354293448,-0.5319148936170248,-0.7649543957832572,0.3529398709057441,-0.11641443538998875,0.6053371983971267,2.318853919792141,0.011963669382963893,-0.9718309859154894,-0.7836990731927007,-1.1405835543766618,-1.1965811965811923,-0.3057007468426187,-0.06662077416281775,-0.4176742141129952,-0.693353971196331,-0.7901963538334722,-2.1402168977744496,-0.486754430934222,0.6641910127141104,-1.165640427291026,1.3690501724927806,-1.4426727410782103,1.3978457121255783,0.7521339699074092,-0.015186966501323784,0.3106796116504773,-0.8711306547473652,1.7389525368248782,-1.8445322793148922,-1.1612272338344942,1.4999999999999902,-1.7062299704808104,0.3816793893129722,5.585350107338094,-1.1706555671175845,0.4736377632392541,-1.4750904536598997,0.4064141747785799,0.9954751131221684,1.8041110032061658,-2.976644206083756,-1.1410134887644974,-1.263557229048795,-0.43372439966472554,,-1.78089746217438,0.5723719115522385,-0.6261740763932377,-1.8063643960907316,-0.48391753107733804,-0.8515815085158196,1.1656885372946402,-0.7440289702431713,-0.969529085872578,0.7350406483707328,1.5337954939341314,0.2888055178420057,-0.7419354838709702,-3.824200913242004,4.181818181818175,-0.8558207001828078,-2.091713596138378,-1.521456099779217,-0.5333370632595535,,2.267674522009777
-1.5639374425022945,-1.584439164946272,1.3432144511347888,-2.020655590480469,2.9608404966571245,1.8316195372750643,1.9413788962602707,1.3301803133313639,3.7644802927802257,0.25632489476721254,0.0,-1.6140885193076326,0.31111530121616937,-1.9441851566639357,0.38213654251981755,0.04514438834037904,-0.9215353963420325,0.17133066818959541,0.20313057044294425,0.8626001232285851,0.5356816358704553,0.07968127490038945,0.0721644898146856,-0.03411804844762889,-0.18433179723502668,0.04975124378110429,-1.2218370883882113,1.009190028964313,-2.1902034880448507,-0.6185567010309256,-0.9249680527265158,-1.063079496420738,-1.0564948212811842,1.0076200946217417,2.244389027431426,4.440436150910054,0.0,-1.2512447854104547,-1.8166902364306736,0.2155674003555319,-0.23519787299315364,-0.2259887005649719,3.7974726414256255,-1.0119718729058924,0.3907739908746155,1.2333392336452143,-0.8674101610904539,-0.25856496444731647,1.1595770653257897,-0.8064516129032251,-4.63249752553796,-0.19230769230769162,0.5427545597118888,-1.5298316708957094,3.786191536748329,0.3878116343490223,-0.1628775025449558,-0.4230118443316444,0.8089607965152457,-3.0290154008395853,-1.4076576576576572,-0.588235294117645,-0.14480162689718412,-2.73593214511183,-1.1748541390458778,,0.021674491729206657,1.6854172851108684,-1.2697325247347901,-1.2706969580284944,-3.4821359775206506,-2.2277244135165297,-0.9041591320072317,-1.406208934495945,-0.8042895442359255,-2.754036087369416,0.6885212208406211,-1.1984021304926817,-0.5937654626422595,-2.6177213749501216,-2.3107740764637175,0.9090909090909038,-0.5510707429135397,-0.9804849844979868,-2.649078771747193,-0.7108986531678241,-0.7194213578362585,-0.46253469010175685,-0.5174325743461772,-0.34674063800277377,-1.3693636806895948,-0.6042204152926223,-0.8540950090556665,-1.2251989028627563,-1.178452432588717,-1.0422290472265283,0.5957108623990903,-0.10955932130851664,0.4911220249338877,-0.8214242117745574,-1.1713170174269094,-0.25759418841996284,-2.0292795339281633,-0.26099925428784143,-0.45942013798701,-1.2033169694955936,0.9009009009008917,-0.3389830508474523,3.0625635366405835,1.7998559587931506,-0.09311554909380293,2.1167000513281797,,-0.27488416304223273,-0.3250603480899894,-1.2311168120709426,0.05991611743558778,-1.4782570096343872,-0.519008685175093,-2.006943445112941,-1.6185689469009779,0.9942787029958877,0.06002400960383181,-0.591715976331364,-2.0000000000000018,0.3980099502487455,-1.409523809523805,0.5666707356770884,-3.801175778971455,0.40661751924786493,-0.9579978489267393,-2.8228068128478667,-1.1058015957975176,-0.10334137099552443,0.15508151946859172,-0.09043827044282748,0.14920861475822278,-2.1561771561771526,0.4661016949152552,-0.1141291079313822,-1.6465354233605511,1.8347319015787233,0.02872500510380238,1.135855469099356,0.6747447083153224,-1.1641819395190822,0.363636363636366,0.2097130242825651,2.0522611514421474,-1.2076556932442695,-0.1131290711678612,0.4891353187716163,-1.1139635444376572,-0.4034817694890558,-2.434617374094661,-1.2172610807492323,-2.287528578157272,0.2827734497270029,-0.8959701618254323,0.8517228029423229,0.60606060606061,-1.5483611502111416,-1.4765100671140896,1.2861736334405238,2.4033437826541215,3.018867924528301,-0.8650166906784662,-0.9748558009157748,0.7265095460976534,2.1433562999907174,1.2711864406779627,-0.27694345381594765,-1.2141620813732046,1.0193679528159416,2.4434563490401073,-0.9515461522577096,-0.48705717742794086,-0.46027531035959246,,-3.296703296703296,-0.6435782620237918,0.7372369988579042,0.8911521323997418,0.7705844056372646,2.2290388548057205,-2.2488913127049592,-1.0212485960570672,0.34965034965035446,-1.9005620972396886,0.0,-1.6104971222552722,-1.0724731881702976,-0.5934718100890191,-1.919720767888311,-0.5976105583015756,0.041084634346755244,-0.5356708059410797,-0.5361882769644222,,3.4086914062499973
