ABB,ACC,APLAPOLLO,AUBANK,ADANIENSOL,ADANIENT,ADANIGREEN,ADANIPORTS,ADANIPOWER,ATGL,ABCAPITAL,ABFRL,ALKEM,AMBUJACEM,APOLLOHOSP,APOLLOTYRE,ASHOKLEY,ASIANPAINT,ASTRAL,AUROPHARMA,DMART,AXISBANK,BSE,BAJAJ-AUTO,BAJFINANCE,BAJAJFINSV,BAJAJHLDNG,BALKRISIND,BANDHANBNK,BANKBARODA,BANKINDIA,MAHABANK,BDL,BEL,BHARATFORG,BHEL,BPCL,BHARTIARTL,BHARTIHEXA,BIOCON,BOSCHLTD,BRITANNIA,CGPOWER,CANBK,CHOLAFIN,CIPLA,COALINDIA,COCHINSHIP,COFORGE,COLPAL,CONCOR,CUMMINSIND,DLF,DABUR,DELHIVERY,DIVISLAB,DIXON,DRREDDY,EICHERMOT,ESCORTS,EXIDEIND,NYKAA,FEDERALBNK,FACT,GAIL,GMRINFRA,GODREJCP,GODREJPROP,GRASIM,HCLTECH,HDFCAMC,HDFCBANK,HDFCLIFE,HAVELLS,HEROMOTOCO,HINDALCO,HAL,HINDPETRO,HINDUNILVR,HINDZINC,HUDCO,ICICIBANK,ICICIGI,ICICIPRULI,IDBI,IDFCFIRSTB,IRB,ITC,INDIANB,INDHOTEL,IOC,IOB,IRCTC,IRFC,IREDA,IGL,INDUSTOWER,INDUSINDBK,NAUKRI,INFY,INDIGO,JSWENERGY,JSWINFRA,JSWSTEEL,JINDALSTEL,JIOFIN,JUBLFOOD,KPITTECH,KALYANKJIL,KOTAKBANK,LTF,LICHSGFIN,LTIM,LT,LICI,LUPIN,MRF,LODHA,M&MFIN,M&M,MRPL,MANKIND,MARICO,MARUTI,MFSL,MAXHEALTH,MAZDOCK,MPHASIS,MUTHOOTFIN,NHPC,NLCINDIA,NMDC,NTPC,NESTLEIND,OBEROIRLTY,ONGC,OIL,PAYTM,OFSS,POLICYBZR,PIIND,PAGEIND,PATANJALI,PERSISTENT,PETRONET,PHOENIXLTD,PIDILITIND,POLYCAB,POONAWALLA,PFC,POWERGRID,PRESTIGE,PNB,RECLTD,RVNL,RELIANCE,SBICARD,SBILIFE,SJVN,SRF,MOTHERSON,SHREECEM,SHRIRAMFIN,SIEMENS,SOLARINDS,SONACOMS,SBIN,SAIL,SUNPHARMA,SUNDARMFIN,SUPREMEIND,SUZLON,TVSMOTOR,TATACHEM,TATACOMM,TCS,TATACONSUM,TATAELXSI,TATAMOTORS,TATAPOWER,TATASTEEL,TATATECH,TECHM,TITAN,TORNTPHARM,TORNTPOWER,TRENT,TIINDIA,UPL,ULTRACEMCO,UNIONBANK,UNITDSPR,VBL,VEDL,IDEA,VOLTAS,WIPRO,YESBANK,ZOMATO,ZYDUSLIFE
4958.6064453125,1832.8946533203125,1601.41064453125,760.8111572265625,818.75,2332.55712890625,941.6500244140625,1321.6300048828125,119.75,623.332275390625,283.1499938964844,76.45999908447266,5293.7734375,587.1436767578125,7793.06982421875,458.6143493652344,128.6773223876953,2561.147705078125,1310.3824462890625,1089.300048828125,4558.0,1081.7657470703125,2488.24462890625,8469.30859375,899.6695556640625,1991.8004150390625,14274.1474609375,2419.69921875,165.71359252929688,235.1638641357422,111.22666931152344,53.24618911743164,1599.2578125,380.3621826171875,1179.568359375,215.9234619140625,299.1607360839844,1868.781005859375,1711.1728515625,363.8648376464844,39077.84375,5349.90087890625,667.6763916015625,105.84829711914062,1520.8648681640625,1550.6524658203125,362.8081359863281,1711.3887939453125,1640.3045654296875,2175.54638671875,529.907470703125,3735.29248046875,759.3662109375,509.7608947753906,465.20001220703125,6139.18408203125,16748.546875,1254.7427978515625,5850.73193359375,3565.27099609375,374.50531005859375,219.1699981689453,193.9492950439453,964.3695678710938,168.41062927246094,,1185.9368896484375,1992.767578125,2837.061767578125,1420.6619873046875,2797.316650390625,985.5003662109375,788.1907958984375,1540.1884765625,4817.8447265625,710.44384765625,4453.04931640625,364.2907409667969,2522.412841796875,419.4365234375,203.42230224609375,1422.606689453125,1932.7578125,634.1990966796875,88.2300033569336,69.69525909423828,22.263595581054688,387.4054870605469,662.1934814453125,772.0615844726562,133.25535583496094,36.65999984741211,711.7957153320312,122.42271423339844,146.6126251220703,199.73101806640625,325.3554382324219,787.3746948242188,1344.10888671875,1384.1978759765625,6096.5,531.7913208007812,308.1705322265625,1073.6331787109375,990.8842163085938,328.58050537109375,633.398681640625,1195.6568603515625,518.6822509765625,399.5901184082031,208.30532836914062,557.973876953125,,3599.938232421875,434.8808898925781,1954.131103515625,144257.5,1238.552001953125,260.5381774902344,3347.941650390625,120.89937591552734,2472.39990234375,717.12060546875,13928.119140625,1640.199951171875,1209.4505615234375,2722.2578125,2627.65380859375,2745.089111328125,81.08924102783203,231.45066833496094,67.52725219726562,327.4093017578125,1132.511962890625,1638.5404052734375,225.93153381347656,390.7693176269531,1173.800048828125,8187.36962890625,1866.5999755859375,3730.856201171875,44212.9375,587.9483032226562,5195.75146484375,263.8355712890625,1487.212890625,1527.451416015625,7053.5322265625,467.8999938964844,393.783935546875,281.1607360839844,1620.7916259765625,103.75303649902344,359.87493896484375,321.1080627441406,1375.3409423828125,808.9658813476562,1860.413818359375,90.96183013916016,2918.75634765625,93.62618255615234,31170.41796875,619.4993286132812,3102.753173828125,14948.16796875,442.2236633300781,812.9957275390625,120.92442321777344,1617.9224853515625,4744.00048828125,4451.54931640625,58.06999969482422,3208.4853515625,931.5277709960938,1658.3204345703125,2891.178955078125,1062.3111572265625,5577.47802734375,,384.9148254394531,154.76824951171875,661.5897216796875,1419.07763671875,3543.173828125,3619.539306640625,1283.8046875,5510.8564453125,3046.957275390625,684.3258666992188,12509.6572265625,131.89581298828125,1291.667724609375,498.14697265625,415.6876220703125,6.460000038146973,1344.9747314453125,236.33944702148438,19.09000015258789,,985.6143188476562
4988.62890625,1848.8026123046875,1620.6435546875,757.7640991210938,828.2000122070312,2387.33251953125,973.4000244140625,1363.6529541015625,121.19999694824219,628.530517578125,287.3500061035156,77.18000030517578,5339.32373046875,589.482177734375,7804.04248046875,460.4410705566406,130.16175842285156,2553.228759765625,1362.650146484375,1089.699951171875,4653.2001953125,1082.365234375,2484.953369140625,8673.4365234375,896.7872314453125,1970.5184326171875,13548.79296875,2408.874755859375,172.51463317871094,239.3097686767578,112.80510711669922,53.779815673828125,1542.98095703125,377.9258728027344,1183.5517578125,218.99356079101562,306.2586669921875,1885.964599609375,1748.5615234375,363.4154052734375,39599.4140625,5408.91796875,675.3095092773438,108.10388946533203,1526.15869140625,1534.5040283203125,360.5160217285156,1697.1744384765625,1637.530517578125,2222.968505859375,546.8551635742188,3704.291748046875,766.4769287109375,512.6578369140625,471.70001220703125,6054.53271484375,16897.48046875,1236.359375,5876.95751953125,3541.65869140625,390.9266052246094,226.8300018310547,198.16925048828125,979.2136840820312,169.6034393310547,,1195.550537109375,2000.3309326171875,2819.5166015625,1412.1475830078125,2798.29541015625,979.35205078125,790.9310302734375,1557.449462890625,4947.57080078125,703.032470703125,4392.1865234375,372.3380126953125,2558.4599609375,420.95867919921875,206.5950469970703,1424.29248046875,1939.212158203125,631.25927734375,89.55000305175781,71.08118438720703,22.34282684326172,390.0752868652344,657.6405029296875,771.713134765625,134.86988830566406,37.81999969482422,716.232666015625,124.41453552246094,148.12461853027344,199.28285217285156,327.6202087402344,784.2297973632812,1371.1181640625,1388.246826171875,6055.5,531.4923706054688,311.7098693847656,1067.269775390625,1003.2597045898438,330.5259094238281,632.2518920898438,1186.75244140625,505.8697204589844,405.2803039550781,214.8182830810547,569.7171020507812,,3578.052001953125,436.9083557128906,1954.4288330078125,146273.890625,1249.27880859375,257.2129821777344,3319.14404296875,122.56425476074219,2492.199951171875,724.63623046875,14108.3095703125,1637.300048828125,1227.218994140625,2730.406982421875,2670.99169921875,2724.165771484375,80.41333770751953,232.78370666503906,68.63361358642578,326.43499755859375,1149.6368408203125,1641.42626953125,225.7228240966797,397.2424011230469,1226.199951171875,8229.9697265625,1913.9000244140625,3745.380126953125,45152.796875,591.9502563476562,5199.7236328125,272.6541748046875,1500.89111328125,1536.5360107421875,7083.390625,469.75,395.0364685058594,280.0909118652344,1632.463623046875,104.85111236572266,363.6320495605469,325.0252380371094,1413.564208984375,817.2369384765625,1851.526123046875,93.12104034423828,2918.65673828125,98.92051696777344,30737.76953125,619.0545043945312,3117.878662109375,14690.3203125,452.4605407714844,815.697021484375,121.4577407836914,1611.877685546875,4895.24462890625,4552.64013671875,59.59000015258789,3240.5732421875,933.2512817382812,1653.761962890625,2895.97998046875,1076.689453125,5625.61474609375,,386.7534484863281,156.0125732421875,672.42333984375,1443.6741943359375,3556.430419921875,3619.539306640625,1279.662109375,5487.890625,3148.016357421875,700.5191040039062,12605.697265625,133.58592224121094,1312.51220703125,503.72845458984375,427.0711364746094,6.579999923706055,1374.581787109375,238.02613830566406,19.350000381469727,,988.5616455078125
5041.29052734375,1852.3818359375,1622.6365966796875,758.4135131835938,824.2000122070312,2386.033203125,975.9500122070312,1364.847900390625,119.98999786376953,630.179931640625,283.45001220703125,76.26000213623047,5340.314453125,588.984619140625,7863.39453125,461.42852783203125,129.98597717285156,2544.023193359375,1390.2803955078125,1046.4000244140625,4737.89990234375,1079.3675537109375,2516.37060546875,8704.9921875,882.3758544921875,1956.8302001953125,13408.2431640625,2404.405517578125,172.78231811523438,237.207763671875,112.65017700195312,53.527549743652344,1523.4583740234375,369.7716979980469,1154.074951171875,219.96044921875,304.8295593261719,1904.4322509765625,1753.6060791015625,359.0206604003906,39673.921875,5607.60888671875,672.76513671875,108.69441223144531,1521.16455078125,1531.72998046875,359.90789794921875,1703.5360107421875,1692.7191162109375,2304.123779296875,549.3184204101562,3769.847412109375,760.9463500976562,525.3748168945312,471.1000061035156,5980.3388671875,16868.4921875,1237.5518798828125,5875.9677734375,3565.959716796875,394.4099426269531,225.17999267578125,197.83245849609375,1014.0499877929688,172.73580932617188,,1223.21484375,2031.97802734375,2856.002685546875,1431.1854248046875,2793.64697265625,977.9256591796875,793.7210693359375,1555.3662109375,4964.77783203125,697.2128295898438,4407.7724609375,367.82025146484375,2622.303466796875,422.28448486328125,206.74935913085938,1418.64013671875,1954.7027587890625,629.8641357421875,90.16000366210938,71.04130554199219,22.085329055786133,387.1671142578125,656.0738525390625,803.2227783203125,134.32855224609375,38.13999938964844,720.9654541015625,124.3458480834961,147.99530029296875,199.95510864257812,336.4383544921875,776.9415893554688,1385.715087890625,1442.427001953125,6155.5,529.9476318359375,307.3729248046875,1076.4171142578125,1014.2379150390625,327.6826171875,632.4014892578125,1201.6920166015625,509.1102294921875,402.8045654296875,214.32337951660156,570.06103515625,,3557.55224609375,439.3755187988281,1926.3326416015625,148524.875,1291.19287109375,261.3694763183594,3360.311767578125,122.4957046508789,2506.60009765625,748.4274291992188,14079.59765625,1643.5999755859375,1223.42578125,2755.749267578125,2761.466064453125,2661.396484375,81.06965637207031,231.81332397460938,69.70116424560547,333.2063293457031,1178.244140625,1648.89013671875,225.7133331298828,397.14501953125,1248.0,8388.8818359375,1921.800048828125,3777.014404296875,44900.51953125,599.887939453125,5307.46142578125,270.0037841796875,1560.9945068359375,1531.2740478515625,7124.19677734375,462.79998779296875,388.6773376464844,280.47991943359375,1622.6871337890625,104.08343505859375,362.2528381347656,328.04986572265625,1406.4969482421875,815.243896484375,1855.9200439453125,95.76116943359375,2913.276611328125,97.4974136352539,30523.93359375,609.1216430664062,3139.671875,14454.4599609375,447.590576171875,814.272705078125,122.55399322509766,1618.31884765625,5083.87841796875,4496.69921875,59.849998474121094,3218.55029296875,930.3460083007812,1630.37451171875,2975.09521484375,1096.02587890625,5644.2802734375,,388.1448059082031,158.64822387695312,678.5787963867188,1470.1033935546875,3583.242431640625,3631.63232421875,1267.7275390625,5444.9541015625,3175.578125,706.6101684570312,12616.4775390625,132.98370361328125,1319.723876953125,515.93798828125,422.6125793457031,6.789999961853027,1365.5103759765625,241.76577758789062,19.360000610351562,,982.4171752929688
5060.97705078125,1839.2578125,1647.449951171875,751.47021484375,815.1500244140625,2376.137451171875,966.5999755859375,1356.0848388671875,119.23999786376953,617.7342529296875,291.29998779296875,75.6500015258789,5369.03125,585.85009765625,7906.7861328125,458.8612060546875,127.94486236572266,2540.558837890625,1417.8106689453125,1041.0,4691.89990234375,1078.068603515625,2326.07177734375,8563.9765625,890.128173828125,1978.3118896484375,13465.25,2397.3544921875,175.30050659179688,235.73538208007812,112.28218841552734,53.614871978759766,1513.896240234375,372.10858154296875,1149.294921875,217.77748107910156,304.8295593261719,1905.9136962890625,1781.7958984375,357.3226623535156,39216.9296875,5505.80419921875,676.057861328125,107.52305603027344,1516.5697021484375,1577.99609375,358.5803527832031,1697.1744384765625,1712.33740234375,2298.257080078125,545.0814819335938,3836.884033203125,763.6129150390625,506.4220886230469,471.95001220703125,6003.24462890625,16717.560546875,1268.55517578125,5913.0791015625,3518.04638671875,398.5401611328125,224.9499969482422,197.55508422851562,1010.601318359375,172.39639282226562,,1223.705322265625,2043.7213134765625,2872.252197265625,1428.7935791015625,2834.99267578125,979.4012451171875,792.625,1541.180419921875,4927.17431640625,703.6293334960938,4428.1611328125,370.0320739746094,2600.891357421875,423.1192321777344,205.26425170898438,1433.911376953125,1953.3125,627.0239868164062,97.58000183105469,69.8747329711914,22.090282440185547,386.69036865234375,656.857177734375,792.1222534179688,134.32855224609375,38.41999816894531,715.54248046875,123.08011627197266,146.50320434570312,201.4068145751953,335.4264221191406,766.208984375,1402.8939208984375,1442.619873046875,6099.0,519.5330200195312,307.82159423828125,1065.678955078125,1008.1500244140625,323.0933532714844,625.5709228515625,1201.197265625,509.5090637207031,402.8644714355469,219.52976989746094,567.8499755859375,,3577.65576171875,437.54345703125,1948.372802734375,147861.0625,1284.836181640625,255.0124969482422,3340.02490234375,124.013671875,2600.10009765625,736.2830200195312,14138.01171875,1659.199951171875,1247.88232421875,2750.68115234375,2779.87255859375,2653.364501953125,80.15865325927734,232.17599487304688,69.2547378540039,330.0885925292969,1167.4544677734375,1651.6763916015625,226.0548553466797,399.8705139160156,1245.5999755859375,8327.615234375,1907.9000244140625,3849.63427734375,45400.125,598.201171875,5309.94384765625,268.12445068359375,1572.975341796875,1528.4940185546875,7051.0439453125,450.75,385.6423034667969,276.2007751464844,1626.6773681640625,104.13202667236328,362.01507568359375,327.6211853027344,1418.24267578125,822.3191528320312,1874.6939697265625,95.54524993896484,2901.91943359375,97.42774963378906,30439.392578125,612.580810546875,3181.565673828125,14572.3896484375,439.937744140625,811.0802612304688,121.72439575195312,1625.3544921875,5173.4345703125,4531.15478515625,58.15999984741211,3269.47216796875,925.96337890625,1574.6810302734375,2978.93603515625,1078.9700927734375,5559.30419921875,,385.66021728515625,158.2465057373047,676.1658325195312,1467.4027099609375,3604.47265625,3615.3759765625,1274.138671875,5444.45458984375,3093.0927734375,705.6197509765625,12612.5576171875,132.61459350585938,1320.8104248046875,515.539306640625,423.9406433105469,6.550000190734863,1358.4324951171875,240.86941528320312,19.43000030517578,,984.9149169921875
4983.70654296875,1810.6234130859375,1649.5,741.330078125,800.1500244140625,2323.86083984375,957.2000122070312,1335.5712890625,118.86000061035156,617.5343627929688,286.3500061035156,81.25,5372.99169921875,574.3072509765625,7902.79638671875,459.89801025390625,128.1304168701172,2479.0888671875,1421.501220703125,1050.4000244140625,4698.7998046875,1070.07470703125,2326.67041015625,8559.0458984375,889.034912109375,1964.223876953125,13312.9052734375,2379.578125,171.74134826660156,232.70343017578125,111.80769348144531,53.1685676574707,1511.6053466796875,372.75494384765625,1118.324462890625,217.8871307373047,301.4949645996094,1909.2713623046875,1839.3624267578125,359.0705871582031,39067.91015625,5454.65625,678.352783203125,106.41946411132812,1522.363037109375,1577.99609375,355.0718688964844,1695.2857666015625,1731.658447265625,2248.195068359375,539.859375,3866.206298828125,753.0949096679688,506.6675720214844,473.6000061035156,6126.2373046875,16885.486328125,1269.5489501953125,5863.1025390625,3511.946533203125,394.1611328125,224.94000244140625,195.6715087890625,1010.1514892578125,171.4654083251953,,1233.3192138671875,2043.0245361328125,2805.0615234375,1402.772216796875,2851.62890625,966.317626953125,785.9487915039062,1543.5614013671875,4831.28125,700.5454711914062,4427.171875,367.773193359375,2583.11328125,417.2759704589844,204.2902374267578,1424.3917236328125,1897.307861328125,623.8848876953125,95.0,69.47589874267578,21.679275512695312,379.7774963378906,656.2697143554688,785.3523559570312,132.9134521484375,38.06999969482422,715.8386840820312,122.62876892089844,146.7021484375,201.8842315673828,340.7269287109375,758.870849609375,1370.9195556640625,1434.0396728515625,6086.5,516.1445922851562,304.28228759765625,1048.5770263671875,997.25,319.8509521484375,617.3942260742188,1183.8831787109375,509.6585998535156,396.63525390625,220.4304962158203,563.5,,3561.018310546875,434.3678894042969,1960.4849853515625,147242.171875,1256.58544921875,257.2129821777344,3367.634765625,122.30962371826172,2606.800048828125,727.3737182617188,14206.3251953125,1638.699951171875,1232.509521484375,2683.5986328125,2774.22412109375,2658.124267578125,79.06153106689453,230.0489959716797,68.09014129638672,328.3348693847656,1151.12158203125,1649.3876953125,224.15753173828125,398.50775146484375,1264.5999755859375,8255.8173828125,1911.199951171875,3844.95849609375,45167.63671875,595.7207641601562,5331.29296875,266.9197082519531,1575.4713134765625,1532.5645751953125,7066.96826171875,465.5,385.25689697265625,275.5686340332031,1631.6654052734375,102.31486511230469,357.2592468261719,322.7365417480469,1402.71435546875,818.1337890625,1856.4193115234375,97.69464874267578,2906.601806640625,94.70097351074219,29842.640625,608.6768188476562,3157.68310546875,14836.234375,446.8948669433594,801.7975463867188,120.42073059082031,1626.940185546875,5225.005859375,4591.94775390625,58.5099983215332,3283.12451171875,923.8458862304688,1590.0413818359375,2932.27294921875,1075.003662109375,5481.20458984375,,383.2253112792969,155.34632873535156,673.2604370117188,1451.68017578125,3609.1572265625,3652.943359375,1264.47265625,5410.005859375,3067.828125,709.5814208984375,12337.177734375,130.89535522460938,1313.7965087890625,514.891357421875,421.4267578125,7.070000171661377,1348.9622802734375,239.64535522460938,19.280000686645508,,987.9122314453125
5020.619140625,1797.300537109375,1645.199951171875,748.8727416992188,805.75,2301.87060546875,964.0999755859375,1334.774658203125,121.12999725341797,631.0296020507812,285.20001220703125,81.9800033569336,5362.59423828125,578.1383056640625,7831.47412109375,459.9473571777344,127.94486236572266,2467.6064453125,1410.728515625,1067.4000244140625,4725.2998046875,1069.1754150390625,2284.78076171875,8629.060546875,895.29638671875,1962.125732421875,13037.703125,2350.77783203125,169.9766387939453,233.5268096923828,111.33319091796875,52.71256637573242,1514.693115234375,369.9705505371094,1134.6561279296875,215.81382751464844,300.87567138671875,1906.70361328125,1839.3624267578125,359.5200500488281,38829.48046875,5459.57421875,675.7086181640625,105.34490966796875,1507.6798095703125,1586.31787109375,360.33465576171875,1673.41748046875,1747.8087158203125,2232.06201171875,536.4107666015625,3831.157958984375,762.4277954101562,509.2698669433594,476.8500061035156,6222.8388671875,17010.4296875,1275.809326171875,5928.41845703125,3511.159423828125,398.3410949707031,229.5399932861328,194.34603881835938,1015.4993896484375,170.58290100097656,,1237.7337646484375,2058.947509765625,2802.6689453125,1439.0301513671875,2882.94384765625,966.0717163085938,784.2049560546875,1549.513427734375,4894.984375,712.1349487304688,4411.92919921875,367.3025817871094,2584.782958984375,426.900146484375,205.51495361328125,1421.2183837890625,1905.5498046875,627.4724731445312,94.51000213623047,70.07414245605469,22.308162689208984,380.7787170410156,654.1155395507812,782.0670166015625,132.92295837402344,38.209999084472656,712.7284545898438,122.02043151855469,146.92098999023438,205.44041442871094,341.8834228515625,769.6034545898438,1396.2408447265625,1477.0367431640625,6116.0,519.6825561523438,302.338134765625,1051.7589111328125,996.2000122070312,318.95306396484375,645.962890625,1190.2152099609375,509.6585998535156,395.97637939453125,215.4715576171875,561.0999755859375,,3568.247802734375,436.7862243652344,1952.1455078125,146483.53125,1259.9736328125,260.19586181640625,3363.577392578125,120.93855285644531,2557.10009765625,719.1115112304688,14308.30078125,1651.199951171875,1219.2332763671875,2738.65576171875,2841.519775390625,2671.114501953125,77.97419738769531,227.92201232910156,68.59479522705078,329.1630554199219,1141.3218994140625,1664.61376953125,224.60340881347656,398.4591369628906,1276.0999755859375,8376.916015625,1901.9000244140625,3875.896728515625,46349.8828125,597.2090454101562,5411.72412109375,263.6910095214844,1585.35546875,1542.3939208984375,7038.10546875,467.70001220703125,384.72698974609375,276.3466491699219,1645.1329345703125,102.24684143066406,356.7360534667969,320.6430969238281,1406.0987548828125,819.1801147460938,1844.236328125,97.52780151367188,2900.823486328125,94.51188659667969,29852.5859375,613.6185913085938,3149.125244140625,14645.3466796875,448.3856506347656,801.9940185546875,121.31946563720703,1641.7052001953125,4929.56005859375,4585.41357421875,57.43000030517578,3273.259033203125,935.8612060546875,1580.4288330078125,3015.42138671875,1072.524658203125,5448.7861328125,,380.8898010253906,156.40451049804688,674.7870483398438,1472.9971923828125,3639.457763671875,3642.238037109375,1264.9658203125,5414.99853515625,3055.744873046875,715.8704833984375,12353.837890625,129.2246856689453,1295.4217529296875,514.2933959960938,427.16595458984375,7.400000095367432,1353.149169921875,244.6572265625,19.549999237060547,,1022.2314453125
4943.3486328125,1788.1534423828125,1628.9000244140625,744.5269775390625,788.6500244140625,2270.984619140625,931.25,1309.879638671875,118.41999816894531,635.4780883789062,281.0,82.55999755859375,5369.03125,569.9786376953125,7774.1171875,450.8135986328125,128.29644775390625,2456.22314453125,1386.589599609375,1045.5999755859375,4716.39990234375,1049.290771484375,2209.7783203125,8570.8798828125,870.8964233398438,1922.5594482421875,12774.2958984375,2308.27294921875,164.43467712402344,227.77291870117188,108.82511901855469,51.64530944824219,1471.763427734375,363.80523681640625,1117.62744140625,210.81993103027344,297.35052490234375,1881.0267333984375,1819.678955078125,357.87200927734375,39251.69921875,5671.05224609375,669.8215942382812,102.62464141845703,1474.5177001953125,1565.1168212890625,353.1753845214844,1632.0667724609375,1723.3355712890625,2233.3330078125,520.6947631835938,3787.71728515625,745.2434692382812,513.0015258789062,478.5,6165.0771484375,16660.5859375,1255.2396240234375,6087.2548828125,3493.84375,394.90753173828125,231.64999389648438,191.8047332763672,965.3192138671875,166.45167541503906,,1234.692626953125,1997.4449462890625,2787.51611328125,1428.1240234375,2818.11181640625,957.5625,773.8419189453125,1505.7659912109375,4904.2646484375,702.0376586914062,4338.68798828125,360.43182373046875,2644.697998046875,422.4317626953125,200.47137451171875,1404.7572021484375,1859.57421875,614.1685791015625,91.87000274658203,68.55860137939453,21.8922061920166,384.59271240234375,642.2190551757812,765.64013671875,131.97323608398438,38.18000030517578,708.1865844726562,118.91987609863281,143.40960693359375,202.24472045898438,330.1258850097656,755.1768798828125,1385.9136962890625,1474.6265869140625,6050.0,511.3608093261719,295.7081298828125,1041.119873046875,977.1500244140625,315.01226806640625,638.9827880859375,1187.3460693359375,496.94580078125,392.46246337890625,217.7580108642578,560.4000244140625,,3507.04541015625,434.0014953613281,1910.74560546875,142126.296875,1232.47021484375,254.76800537109375,3296.18505859375,121.38904571533203,2502.0,714.482666015625,14567.6962890625,1622.800048828125,1181.3006591796875,2671.17578125,2798.181640625,2650.687255859375,78.20929718017578,231.36244201660156,67.81839752197266,324.6325988769531,1150.4285888671875,1630.280517578125,222.16537475585938,388.2871398925781,1253.0999755859375,8166.30859375,1835.0999755859375,3767.464599609375,45019.23828125,595.0922241210938,5338.740234375,259.0648193359375,1557.0009765625,1539.117431640625,7030.640625,452.70001220703125,374.3692932128906,272.2133483886719,1605.1295166015625,99.8660659790039,345.7975769042969,311.72113037109375,1378.5262451171875,812.852294921875,1814.078125,97.3904037475586,2838.556884765625,92.51158142089844,29947.072265625,587.773193359375,3033.095458984375,14224.595703125,450.9200744628906,793.5462646484375,118.45536804199219,1585.8157958984375,4838.71435546875,4529.17431640625,56.970001220703125,3260.90234375,921.1375122070312,1548.7171630859375,3031.359375,1070.8389892578125,5381.98388671875,,375.42364501953125,151.89744567871094,668.8778076171875,1448.979248046875,3582.24560546875,3573.150390625,1252.833984375,5287.18701171875,3024.18896484375,716.1676025390625,12357.7578125,125.95133209228516,1287.0247802734375,506.8680419921875,421.1661682128906,6.710000038146973,1343.080810546875,242.9127197265625,18.950000762939453,,986.9630737304688
4922.18603515625,1790.6390380859375,1600.300048828125,728.54248046875,770.9500122070312,2274.18310546875,921.1500244140625,1309.879638671875,118.98999786376953,592.3431396484375,277.45001220703125,78.08000183105469,5323.48046875,559.0328369140625,7708.77978515625,451.801025390625,126.78272247314453,2463.74609375,1358.361083984375,1026.300048828125,4699.89990234375,1051.08935546875,2172.676025390625,8568.9072265625,871.4927368164062,1915.965087890625,12743.826171875,2302.909912109375,161.5298614501953,225.9324493408203,106.7818603515625,50.966148376464844,1423.2557373046875,361.81640625,1119.917724609375,207.83953857421875,296.0166931152344,1857.7200927734375,1765.5743408203125,352.82806396484375,38968.5625,5627.28125,662.5377197265625,101.28871154785156,1438.1591796875,1565.6121826171875,354.92962646484375,1594.791259765625,1721.2547607421875,2212.408447265625,521.0888671875,3786.43359375,740.1574096679688,504.6053466796875,469.1499938964844,6106.8173828125,16670.58203125,1251.8612060546875,6069.44140625,3419.0712890625,392.12091064453125,233.83999633789062,191.1071014404297,924.9850463867188,166.0443878173828,,1226.844482421875,1975.0531005859375,2775.653076171875,1386.987060546875,2731.261474609375,942.2162475585938,772.5963134765625,1507.25390625,4921.95458984375,697.760009765625,4300.1865234375,359.3023986816406,2607.17724609375,414.1334228515625,197.5590057373047,1387.4034423828125,1847.26123046875,607.4419555664062,89.91000366210938,67.85067749023438,20.976112365722656,382.2566223144531,639.2326049804688,761.7575073242188,131.52688598632812,38.18000030517578,690.8090209960938,116.34916687011719,140.2861785888672,201.3678436279297,323.427978515625,745.3926391601562,1376.2816162109375,1446.1868896484375,5727.0,495.96319580078125,299.1976013183594,1029.884521484375,964.7000122070312,309.37548828125,633.7476806640625,1171.81298828125,508.6615295410156,388.2696838378906,214.2342987060547,547.3499755859375,,3525.66357421875,424.7923583984375,1888.7054443359375,142021.46875,1203.97021484375,253.39881896972656,3261.05419921875,119.13656616210938,2474.10009765625,708.3606567382812,14605.318359375,1608.699951171875,1158.1417236328125,2611.84521484375,2757.86279296875,2622.62451171875,76.73993682861328,223.18771362304688,66.70233154296875,322.2942810058594,1150.6265869140625,1610.974365234375,221.4064483642578,380.1106262207031,1230.800048828125,8013.1396484375,1805.4000244140625,3689.47314453125,43678.703125,585.3355712890625,5276.1826171875,261.7634582519531,1507.28076171875,1520.50146484375,7072.93994140625,429.6000061035156,367.8174743652344,266.9130554199219,1576.0994873046875,98.58336639404297,337.5699768066406,307.6838073730469,1379.521728515625,800.7944946289062,1814.2779541015625,94.38713073730469,2840.15087890625,91.66567993164062,29514.42578125,564.99169921875,3028.31884765625,13804.84375,447.590576171875,787.750732421875,117.7739028930664,1571.3477783203125,4587.30224609375,4461.94580078125,56.31999969482422,3244.658935546875,903.9025268554688,1545.5458984375,2970.390625,1053.48583984375,5243.95947265625,,368.8146057128906,150.52574157714844,652.1349487304688,1442.61328125,3625.802490234375,3545.4951171875,1231.2335205078125,5227.77490234375,2939.306884765625,709.8290405273438,12270.5380859375,123.43560791015625,1265.9825439453125,496.0539245605469,417.5269470214844,6.570000171661377,1355.043212890625,241.5826416015625,18.68000030517578,,977.7213745117188
4920.708984375,1791.4345703125,1604.699951171875,717.3533325195312,764.1500244140625,2243.69677734375,913.5,1307.29052734375,120.12999725341797,590.8936157226562,277.8500061035156,77.3499984741211,5251.68896484375,560.4259643554688,7591.0732421875,456.3926086425781,124.0091552734375,2493.0458984375,1356.3662109375,1027.9000244140625,4755.60009765625,1044.39453125,2090.69189453125,8511.7119140625,872.4866333007812,1911.8685302734375,12551.185546875,2273.61328125,160.40957641601562,225.53529357910156,106.80123138427734,50.40341567993164,1430.0289306640625,367.33538818359375,1102.09228515625,207.34115600585938,293.6348571777344,1865.324462890625,1754.6939697265625,347.93389892578125,39698.7578125,5728.59375,692.7709350585938,100.5142593383789,1419.080810546875,1574.6275634765625,355.40374755859375,1598.5684814453125,1708.4732666015625,2279.97265625,519.6109008789062,3777.548095703125,729.8862915039062,511.72491455078125,468.04998779296875,6106.3193359375,16682.576171875,1252.1591796875,6039.75244140625,3510.175537109375,394.36016845703125,230.14999389648438,191.05728149414062,924.5352783203125,167.83847045898438,,1218.99658203125,1938.3306884765625,2766.980224609375,1391.7705078125,2673.03515625,936.1171264648438,769.3080444335938,1513.404296875,4918.087890625,700.2967529296875,4288.21044921875,353.79638671875,2612.4814453125,411.72735595703125,197.2021942138672,1386.1143798828125,1826.7061767578125,597.7754516601562,85.66999816894531,67.79084777832031,21.278675079345703,390.695068359375,639.4774169921875,755.087158203125,129.7509002685547,38.09000015258789,683.206298828125,115.88800811767578,139.75897216796875,201.4263153076172,326.3191833496094,738.30419921875,1348.577392578125,1416.782958984375,5646.0,486.7944030761719,295.10992431640625,1020.7369995117188,945.7999877929688,310.97174072265625,625.9697875976562,1177.84814453125,502.6790466308594,391.3843078613281,214.94696044921875,555.2000122070312,,3566.16796875,416.3160705566406,1881.2593994140625,140703.84375,1188.1259765625,248.36212158203125,3166.24951171875,119.49891662597656,2471.39990234375,722.5457763671875,14643.9306640625,1602.199951171875,1152.2523193359375,2586.999755859375,2715.206298828125,2615.68310546875,75.6526107788086,220.68824768066406,66.770263671875,319.1278381347656,1144.4893798828125,1603.0128173828125,221.71002197265625,379.9159240722656,1207.0,7939.42724609375,1770.800048828125,3675.546142578125,43861.7265625,587.915283203125,5268.23876953125,259.739501953125,1500.7911376953125,1514.24658203125,7057.51318359375,431.54998779296875,365.8423156738281,267.6910705566406,1558.04296875,98.02947235107422,332.9093017578125,301.6527404785156,1350.9537353515625,800.6948852539062,1802.99365234375,91.92366790771484,2825.8046875,92.3025894165039,29116.591796875,573.4915161132812,3048.718505859375,13786.8544921875,440.3352966308594,788.291015625,117.19120788574219,1580.0682373046875,4456.6875,4426.9951171875,56.43000030517578,3265.187255859375,906.7586669921875,1534.64501953125,2961.74951171875,1056.4605712890625,5141.79150390625,,371.8458251953125,151.35855102539062,647.3090209960938,1428.9163818359375,3616.931884765625,3528.54541015625,1210.5206298828125,5290.1826171875,2957.48193359375,708.8881225585938,12387.158203125,121.24041748046875,1295.1253662109375,485.538818359375,413.74017333984375,6.489999771118164,1369.6971435546875,240.38751220703125,19.100000381469727,,980.169189453125
5047.09814453125,1807.93896484375,1639.800048828125,720.8499755859375,766.6500244140625,2283.17919921875,931.5499877929688,1329.6961669921875,121.37000274658203,593.942626953125,280.04998779296875,83.3499984741211,5248.71826171875,564.3067016601562,7652.42041015625,461.7247619628906,125.03459167480469,2544.122314453125,1403.7462158203125,1025.0,4734.89990234375,1060.6820068359375,2174.670654296875,8842.5556640625,883.9163818359375,1941.843017578125,12329.0576171875,2306.981689453125,159.95352172851562,227.07546997070312,108.35062408447266,50.46162796020508,1452.93798828125,371.81024169921875,1121.7103271484375,211.53762817382812,299.8752746582031,1876.977783203125,1750.737548828125,352.1288757324219,40518.3671875,5750.72509765625,715.6205444335938,101.78242492675781,1452.143310546875,1572.447998046875,358.34332275390625,1663.875,1748.4033203125,2307.741455078125,531.6318359375,3830.762939453125,739.0216064453125,514.2290649414062,473.75,6067.9775390625,17574.1796875,1271.83447265625,6214.91845703125,3585.14501953125,410.28387451171875,233.72999572753906,192.92091369628906,951.87451171875,170.6217041015625,,1232.9268798828125,1942.8089599609375,2795.192138671875,1404.78125,2730.038330078125,935.1333618164062,779.0234375,1561.61572265625,5069.17724609375,715.865478515625,4384.21630859375,362.5965881347656,2602.364501953125,428.07861328125,203.81771850585938,1399.2039794921875,1827.4014892578125,606.6945190429688,87.05000305175781,68.73806762695312,21.4671573638916,386.9764404296875,654.5562133789062,756.48095703125,132.54307556152344,38.869998931884766,695.0546875,118.27230072021484,141.75836181640625,205.50860595703125,327.09014892578125,751.632568359375,1362.0819091796875,1445.511962890625,5670.0,499.4015197753906,297.5525817871094,1029.586181640625,962.8499755859375,313.31622314453125,629.1109008789062,1212.4761962890625,508.5617980957031,393.04144287109375,220.3216094970703,563.4000244140625,,3563.593017578125,419.73590087890625,1884.337158203125,144576.921875,1202.9737548828125,251.83401489257812,3280.945068359375,123.26937866210938,2520.89990234375,728.070556640625,14738.9755859375,1629.199951171875,1179.1044921875,2636.88916015625,2845.220703125,2687.27783203125,76.95543670654297,226.41253662109375,67.56607055664062,322.1968994140625,1162.505126953125,1630.280517578125,226.4627685546875,389.406494140625,1235.800048828125,8110.78466796875,1816.4000244140625,3748.066162109375,44341.55078125,593.273193359375,5381.93505859375,267.2569885253906,1514.6688232421875,1551.528076171875,7110.7607421875,428.70001220703125,375.3327941894531,272.1647644042969,1574.403564453125,99.3996353149414,343.2770080566406,314.7117614746094,1347.6689453125,808.0192260742188,1807.2877197265625,92.38494110107422,2886.9755859375,96.27334594726562,29708.37109375,581.7442016601562,3123.55078125,14037.7060546875,448.0378112792969,791.7781372070312,119.59112548828125,1549.150634765625,4412.15673828125,4529.5703125,57.86000061035156,3344.510009765625,925.61865234375,1546.933349609375,2988.537353515625,1066.674072265625,5262.62451171875,,378.2063903808594,153.01441955566406,666.9080810546875,1452.1624755859375,3606.76513671875,3552.830078125,1244.74609375,5441.95849609375,3136.532470703125,720.97119140625,12569.4375,124.4846420288086,1305.201904296875,493.7117004394531,423.920166015625,6.539999961853027,1407.478515625,241.30313110351562,19.549999237060547,,990.1602172851562
5067.57275390625,1811.518310546875,1653.699951171875,707.61279296875,763.0499877929688,2273.18359375,933.8499755859375,1330.59228515625,121.66999816894531,595.6419677734375,274.8500061035156,83.31999969482422,5195.24560546875,564.4559936523438,7662.89453125,481.6709289550781,127.3393783569336,2514.228515625,1414.3194580078125,1022.2000122070312,4680.0,1055.385986328125,2188.434326171875,8905.1748046875,884.6617431640625,1954.232421875,12403.755859375,2344.322509765625,160.6475067138672,229.25497436523438,109.34803771972656,50.898231506347656,1465.2890625,374.4951477050781,1129.8760986328125,214.3784637451172,300.06585693359375,1863.7442626953125,1753.2103271484375,355.6746520996094,41044.90234375,5794.98779296875,738.0211181640625,102.76985931396484,1429.768798828125,1554.615234375,360.4294738769531,1728.38623046875,1738.4951171875,2360.052490234375,536.8048095703125,3777.74560546875,745.4410400390625,534.8021240234375,472.04998779296875,6095.36474609375,17545.19140625,1245.799560546875,6283.203125,3591.44140625,414.2150573730469,232.52000427246094,192.90097045898438,988.9598388671875,173.8704376220703,,1259.4139404296875,1968.6839599609375,2771.167236328125,1402.1981201171875,2706.062744140625,929.1326904296875,779.9700927734375,1570.147216796875,5134.90966796875,717.2085571289062,4405.89208984375,361.9848327636719,2629.37548828125,432.9888916015625,208.60093688964844,1382.54443359375,1809.924560546875,608.5381469726562,89.19000244140625,69.28645324707031,21.229074478149414,387.8345947265625,650.2969360351562,762.2054443359375,132.60006713867188,40.0,703.0029907226562,120.67620086669922,143.37977600097656,211.29592895507812,317.50103759765625,749.9852905273438,1354.932373046875,1444.837158203125,5665.5,509.5669250488281,301.789794921875,1038.03759765625,975.1500244140625,311.0216064453125,633.7974853515625,1193.2823486328125,507.2157897949219,387.8304443359375,219.6683349609375,556.4500122070312,,3540.3203125,422.17864990234375,1876.0968017578125,153610.8125,1190.4178466796875,254.96360778808594,3200.885986328125,124.13119506835938,2543.300048828125,738.5227661132812,14694.4228515625,1623.9000244140625,1159.739013671875,2714.108642578125,2826.814208984375,2676.072509765625,77.93501281738281,228.83358764648438,70.65225219726562,327.6528625488281,1188.73681640625,1643.8148193359375,227.19325256347656,391.3533020019531,1257.9000244140625,8114.61376953125,1826.300048828125,3733.6416015625,44677.921875,596.9112548828125,5364.5576171875,267.4015808105469,1563.19091796875,1552.3223876953125,7144.60009765625,425.75,378.3196716308594,278.8266296386719,1561.833740234375,99.95352935791016,346.93902587890625,330.8111877441406,1360.2109375,790.6301879882812,1811.9810791015625,92.1493911743164,2892.156005859375,96.00465393066406,29832.6953125,577.7908325195312,3174.69970703125,14009.72265625,442.2236633300781,789.666259765625,121.56636810302734,1551.0333251953125,4269.8388671875,4545.9072265625,58.25,3357.86328125,917.3458862304688,1537.5189208984375,2987.4814453125,1091.5635986328125,5329.91796875,,383.67254638671875,155.18955993652344,670.7982788085938,1459.2039794921875,3608.7587890625,3551.4423828125,1286.7635498046875,5404.0146484375,3043.26220703125,703.8370361328125,12475.357421875,123.99897766113281,1317.8468017578125,497.5489807128906,424.51031494140625,6.510000228881836,1436.0885009765625,241.85250854492188,19.549999237060547,,995.2056274414062
5107.142578125,1832.496826171875,1674.800048828125,713.25732421875,763.7000122070312,2287.677001953125,935.7000122070312,1326.8082275390625,121.86000061035156,596.9415283203125,279.25,81.41000366210938,5240.30078125,570.9240112304688,7716.759765625,479.5479736328125,127.18312072753906,2527.987548828125,1422.099609375,1034.9000244140625,4758.5,1053.88720703125,2208.182373046875,8989.48828125,890.8239135742188,1964.4237060546875,12799.8505859375,2347.202392578125,163.31439208984375,230.9501495361328,109.97747802734375,51.24751663208008,1458.914306640625,376.58343505859375,1130.8720703125,216.27235412597656,299.9705810546875,1860.4853515625,1767.6514892578125,361.1181335449219,40831.3046875,5811.2177734375,731.68505859375,104.87055969238281,1438.1591796875,1563.7298583984375,369.6274719238281,1727.7899169921875,1715.9044189453125,2328.958984375,540.7461547851562,3835.7978515625,754.9220581054688,533.721923828125,478.0,6138.68603515625,17751.099609375,1254.2459716796875,6305.47021484375,3618.103759765625,417.1011962890625,237.7100067138672,192.5720977783203,1006.7528686523438,172.6388397216797,,1251.271728515625,2002.221923828125,2772.761962890625,1402.580810546875,2738.845703125,938.9207763671875,773.6924438476562,1553.58056640625,5170.67626953125,739.0943603515625,4405.3974609375,364.4789733886719,2617.294189453125,436.62249755859375,208.72630310058594,1385.321044921875,1809.2296142578125,607.2426147460938,90.62000274658203,70.38323211669922,21.328275680541992,392.60205078125,656.5144653320312,770.5184936523438,133.4263153076172,39.470001220703125,703.8421630859375,121.2551040649414,144.93153381347656,213.4881134033203,312.39324951171875,766.85791015625,1356.8192138671875,1425.941650390625,5740.0,507.3245544433594,305.6282043457031,1066.0765380859375,1028.3499755859375,312.9670715332031,633.0496215820312,1203.472900390625,512.5999755859375,391.3643493652344,224.83514404296875,557.0999755859375,,3565.969970703125,425.3786315917969,1937.0548095703125,150281.75,1197.194091796875,253.98561096191406,3251.8505859375,124.62086486816406,2559.10009765625,731.4052734375,14778.578125,1617.4000244140625,1159.9385986328125,2699.002685546875,2817.367431640625,2760.2607421875,77.7586898803711,228.1180419921875,72.09829711914062,325.6556091308594,1182.6986083984375,1648.6910400390625,226.7947998046875,392.0346984863281,1288.300048828125,8053.34619140625,1830.199951171875,3738.1181640625,44841.16015625,601.4474487304688,5329.30712890625,267.1124267578125,1509.9764404296875,1544.8759765625,7200.83349609375,442.95001220703125,379.909423828125,278.1944580078125,1582.9073486328125,101.35283660888672,349.840087890625,333.5525817871094,1366.2828369140625,792.5733032226562,1808.1864013671875,92.22791290283203,2937.984130859375,96.0643539428711,29777.9921875,579.4710083007812,3196.19384765625,14284.5595703125,447.24273681640625,797.7701416015625,128.07479858398438,1564.4111328125,4441.6123046875,4585.21533203125,57.9900016784668,3388.456298828125,924.978515625,1551.9873046875,2974.039306640625,1095.1334228515625,5331.88232421875,,386.7534484863281,164.4584197998047,674.4423217773438,1454.7667236328125,3678.52978515625,3575.033447265625,1296.232421875,5470.91552734375,3039.5673828125,708.739501953125,12478.2978515625,124.77603912353516,1330.7882080078125,503.5789489746094,432.23138427734375,6.570000171661377,1425.8209228515625,240.53207397460938,20.350000381469727,,1007.2947998046875
5081.94384765625,1829.8125,1672.9000244140625,695.5745239257812,758.3499755859375,2277.78173828125,929.1500244140625,1322.6258544921875,121.73999786376953,595.8419189453125,277.54998779296875,82.87999725341797,5249.7080078125,564.90380859375,7880.35205078125,479.3998718261719,125.01505279541016,2542.53857421875,1417.7109375,1036.0,4829.2998046875,1049.590576171875,2213.66796875,8945.1123046875,929.0390014648438,2000.492919921875,12758.5703125,2321.77880859375,161.08372497558594,226.61050415039062,108.59271240234375,50.4907341003418,1426.1444091796875,370.4180603027344,1126.6895751953125,210.4112548828125,298.1127014160156,1857.0289306640625,1755.3863525390625,356.42376708984375,40473.66015625,5983.35107421875,738.5698852539062,102.6924057006836,1459.53466796875,1563.135498046875,371.1921081542969,1666.1611328125,1676.965087890625,2409.8212890625,533.6517944335938,3885.557373046875,748.7000732421875,542.7564086914062,470.6499938964844,6108.31103515625,17844.05859375,1245.10400390625,6358.41552734375,3574.61767578125,403.71533203125,239.52999877929688,189.25343322753906,999.6056518554688,169.38040161132812,,1221.645263671875,1993.1656494140625,2801.073974609375,1380.7685546875,2725.145263671875,945.610107421875,751.5712890625,1572.0318603515625,5172.60986328125,735.214599609375,4391.44140625,361.9848327636719,2619.16064453125,429.6990051269531,206.5661163330078,1393.75,1858.3826904296875,597.7256469726562,88.86000061035156,72.0184326171875,21.184432983398438,396.5590515136719,650.3458862304688,771.3148803710938,132.6570281982422,37.959999084472656,702.1143188476562,119.34178924560547,143.25045776367188,211.61746215820312,312.296875,753.6293334960938,1322.4617919921875,1410.420166015625,5695.0,500.7967529296875,302.338134765625,1066.2755126953125,1031.8499755859375,308.72698974609375,652.3447875976562,1211.882568359375,501.8999938964844,389.2679443359375,225.52801513671875,554.2999877929688,,3557.849365234375,428.9938659667969,1925.240478515625,149388.328125,1187.8270263671875,257.11517333984375,3445.319091796875,122.40755462646484,2568.89990234375,735.2377319335938,14516.212890625,1566.0,1158.1417236328125,2663.72216796875,2786.4951171875,2802.602783203125,76.49503326416016,226.3242950439453,71.26366424560547,324.81903076171875,1200.318115234375,1653.865966796875,224.7921600341797,384.5603942871094,1241.0999755859375,7939.42724609375,1864.4000244140625,3721.704345703125,44188.203125,599.4276733398438,5256.3232421875,264.4620361328125,1498.6944580078125,1548.400634765625,7222.7294921875,432.75,375.8145446777344,274.0611877441406,1552.245849609375,100.4977035522461,346.5109558105469,325.9265441894531,1353.0440673828125,790.3810424804688,1788.613525390625,90.61831665039062,2879.104736328125,93.86502075195312,29782.96484375,578.976806640625,3138.97509765625,14050.6982421875,435.2665710449219,795.06884765625,125.99092102050781,1567.9786376953125,4458.5712890625,4544.521484375,57.41999816894531,3421.24169921875,924.5353393554688,1540.293701171875,2972.310791015625,1062.11279296875,5332.37353515625,,380.2438049316406,163.43942260742188,665.8246459960938,1447.2431640625,3679.028076171875,3567.698486328125,1277.1962890625,5520.841796875,2992.732666015625,688.7332153320312,12397.9384765625,123.19277954101562,1305.498291015625,487.8810729980469,428.5429992675781,6.610000133514404,1398.20751953125,236.1081085205078,20.290000915527344,,1011.0414428710938
5037.25439453125,1818.47802734375,1664.699951171875,693.6264038085938,755.9500122070312,2280.38037109375,929.3499755859375,1316.2528076171875,121.94000244140625,590.1939086914062,281.1000061035156,85.91999816894531,5281.3955078125,563.9087524414062,7785.08935546875,476.7337646484375,127.71048736572266,2553.723876953125,1451.22607421875,1044.0999755859375,4793.2998046875,1055.0863037109375,2313.505126953125,8958.42578125,931.87158203125,2012.6826171875,12704.5126953125,2293.177734375,161.93634033203125,226.92047119140625,109.00910949707031,51.02436447143555,1437.698486328125,368.7275695800781,1131.96728515625,211.6771697998047,297.73162841796875,1871.74365234375,1726.89990234375,363.2655944824219,40642.546875,5976.4658203125,734.678466796875,103.71855926513672,1489.200927734375,1538.962158203125,372.3299865722656,1642.304931640625,1643.0791015625,2369.439208984375,534.2922973632812,3886.741943359375,746.1817016601562,536.8643188476562,468.75,5984.322265625,17847.056640625,1260.1087646484375,6512.30419921875,3630.893798828125,410.781494140625,242.63999938964844,189.871337890625,990.109375,168.7112579345703,,1208.1072998046875,1952.3629150390625,2795.2919921875,1357.521484375,2726.61328125,947.7251586914062,756.8524780273438,1569.8494873046875,5184.20947265625,739.93994140625,4359.67041015625,361.04364013671875,2586.551025390625,432.2032470703125,207.7137451171875,1391.0726318359375,1827.500732421875,594.6862182617188,88.87000274658203,72.38734436035156,20.990989685058594,388.40667724609375,650.3948364257812,771.3148803710938,132.62852478027344,38.4900016784668,705.0270385742188,121.13735961914062,144.74253845214844,207.55462646484375,325.1626892089844,755.8258056640625,1337.55517578125,1392.6815185546875,5670.0,502.3913269042969,299.1976013183594,1066.971435546875,1034.8499755859375,308.6770935058594,654.1396484375,1219.896484375,501.95001220703125,388.4294128417969,228.16090393066406,554.2000122070312,,3519.2265625,428.62744140625,1929.90673828125,147836.109375,1170.786865234375,263.3743591308594,3524.289794921875,123.84718322753906,2550.60009765625,728.3692016601562,14746.896484375,1577.4000244140625,1167.9244384765625,2654.181640625,2724.36083984375,2814.105224609375,76.23056030273438,224.0012664794922,72.33121490478516,323.490478515625,1196.259765625,1620.726806640625,223.27587890625,387.29608154296875,1254.699951171875,7926.50341796875,1822.5,3644.90673828125,43812.26171875,592.4083251953125,5095.95751953125,263.3055114746094,1515.667236328125,1536.4864501953125,7193.8662109375,431.6000061035156,380.00579833984375,277.5137023925781,1508.600830078125,100.81837463378906,348.27069091796875,328.36883544921875,1368.671875,788.6869506835938,1802.7939453125,90.95201110839844,2841.1474609375,94.14366912841797,29877.451171875,585.5988159179688,3073.994384765625,13906.783203125,438.39727783203125,792.318359375,127.65999603271484,1579.17626953125,4500.12646484375,4532.4423828125,57.869998931884766,3464.49072265625,919.3155517578125,1535.635986328125,2926.80029296875,1063.40185546875,5354.96826171875,,383.424072265625,164.29183959960938,661.9343872070312,1425.540283203125,3653.3125,3547.67578125,1245.6337890625,5520.3427734375,2986.441650390625,682.2459716796875,12348.9384765625,123.68814849853516,1296.2120361328125,468.0967102050781,438.1820068359375,7.230000019073486,1428.3131103515625,234.85513305664062,20.440000534057617,,1012.939697265625
5028.296875,1827.724609375,1691.300048828125,699.0711059570312,776.25,2309.8671875,937.2000122070312,1342.6416015625,126.7699966430664,592.0932006835938,288.8999938964844,88.86000061035156,5280.90087890625,567.490966796875,7767.13427734375,473.9689636230469,134.0779266357422,2505.1220703125,1458.3079833984375,1040.199951171875,4714.2001953125,1054.6866455078125,2340.03515625,9302.58203125,938.5306396484375,2006.687744140625,12552.16796875,2304.896240234375,163.1260223388672,227.28857421875,109.61917877197266,51.49007034301758,1435.7064208984375,369.8214111328125,1197.792236328125,215.9832763671875,301.4949645996094,1864.238037109375,1726.701904296875,363.71502685546875,41084.640625,6015.318359375,744.706298828125,104.65757751464844,1492.29736328125,1526.87548828125,367.0198059082031,1643.000732421875,1647.141357421875,2335.705810546875,538.4306030273438,3916.1630859375,748.1075439453125,536.3733520507812,474.3999938964844,6002.74658203125,17997.990234375,1242.7191162109375,6744.3740234375,3711.372802734375,425.3118591308594,247.27999877929688,189.97097778320312,976.5647583007812,167.15960693359375,,1206.537841796875,1954.850830078125,2795.391845703125,1342.214599609375,2795.114990234375,950.2828369140625,751.0730590820312,1566.5758056640625,5261.54296875,734.9161376953125,4398.07275390625,370.7379455566406,2577.219970703125,427.78399658203125,210.3593292236328,1390.973388671875,1820.1524658203125,591.0986938476562,92.2699966430664,72.05831146240234,20.956270217895508,388.5973815917969,656.4655151367188,774.2518310546875,133.81568908691406,39.08000183105469,704.0889892578125,122.22647857666016,144.78233337402344,207.846923828125,331.61968994140625,749.5360107421875,1327.625244140625,1381.4019775390625,5696.5,508.4706726074219,300.3441467285156,1095.10986328125,1041.550048828125,310.3731384277344,657.9288940429688,1217.81884765625,505.95001220703125,389.3478088378906,231.18972778320312,559.6500244140625,,3495.458740234375,428.23663330078125,1933.182861328125,146812.921875,1177.46337890625,263.3743591308594,3524.289794921875,124.07244110107422,2579.39990234375,727.274169921875,15106.287109375,1583.800048828125,1147.560546875,2648.516845703125,2714.329833984375,2876.5771484375,77.03380584716797,230.85275268554688,72.31180572509766,321.5221862792969,1175.6702880859375,1615.4525146484375,221.7500457763672,382.94830322265625,1253.0,7946.1279296875,1786.4000244140625,3678.430908203125,43807.31640625,595.322021484375,4975.80712890625,264.1247253417969,1527.2486572265625,1540.8052978515625,7289.91064453125,428.8999938964844,380.7284240722656,275.0337219238281,1536.66552734375,101.265380859375,350.9814758300781,331.16009521484375,1372.15576171875,801.0436401367188,1778.427734375,91.14830780029297,2876.4150390625,98.09452056884766,30320.041015625,589.79931640625,3106.335693359375,13926.771484375,451.5660705566406,794.4794311523438,131.4499969482422,1566.6904296875,4440.12451171875,4417.8857421875,57.45000076293945,3578.791015625,929.0164184570312,1533.0594482421875,2898.66796875,1065.1866455078125,5373.142578125,,380.8898010253906,165.4088134765625,667.9421997070312,1408.9495849609375,3646.036376953125,3581.178955078125,1242.576171875,5307.65673828125,3068.02783203125,699.0335083007812,12410.677734375,124.37779235839844,1280.3070068359375,472.4821472167969,427.2643127441406,7.289999961853027,1414.7554931640625,233.7467498779297,20.18000030517578,,1008.7435302734375
5051.52734375,1839.5560302734375,1694.9000244140625,696.7733764648438,794.1500244140625,2310.56689453125,943.7000122070312,1375.104736328125,128.72999572753906,594.3923950195312,289.70001220703125,91.08000183105469,5283.87109375,564.8042602539062,7806.037109375,475.35137939453125,131.9001007080078,2511.55615234375,1458.3079833984375,1043.9000244140625,4759.7998046875,1051.3890380859375,2347.0166015625,9252.783203125,942.6056518554688,2023.5733642578125,12840.1474609375,2283.94189453125,162.05531311035156,227.14328002929688,109.2027816772461,50.83031463623047,1418.275634765625,369.87115478515625,1176.780029296875,213.83023071289062,299.1131286621094,1870.1634521484375,1750.737548828125,364.0646057128906,41223.72265625,6041.87646484375,738.4700927734375,104.58981323242188,1505.38232421875,1537.1788330078125,367.8732604980469,1619.740966796875,1681.0274658203125,2345.581298828125,533.6024780273438,3960.985595703125,741.786865234375,534.4584350585938,463.95001220703125,5977.84912109375,17993.9921875,1283.1627197265625,6803.25732421875,3706.35498046875,424.7147216796875,241.49000549316406,190.97755432128906,968.6178588867188,167.73179626464844,,1221.2528076171875,1940.321044921875,2787.217041015625,1365.2703857421875,2765.757080078125,949.4467163085938,758.3969116210938,1574.4127197265625,5242.69287109375,739.0446166992188,4408.3662109375,366.9731750488281,2594.998291015625,425.6725769042969,209.1770477294922,1391.9649658203125,1822.0391845703125,596.0814208984375,92.26000213623047,73.31462097167969,20.966190338134766,390.9811096191406,656.02490234375,772.0615844726562,133.85369873046875,38.91999816894531,704.1878051757812,122.4717788696289,144.3247528076172,203.90101623535156,334.318115234375,744.9434204101562,1340.0377197265625,1450.2359619140625,5637.5,504.3845520019531,312.108642578125,1098.192138671875,1034.0999755859375,307.2304992675781,661.9175415039062,1227.2178955078125,500.25,391.40423583984375,231.5856475830078,557.5499877929688,,3490.903076171875,427.33282470703125,1943.2103271484375,149048.921875,1168.295654296875,263.0320739746094,3657.88671875,122.73074340820312,2589.300048828125,729.16552734375,15212.22265625,1597.5,1150.854736328125,2667.399169921875,2778.801513671875,2917.72900390625,76.9652328491211,234.2637939453125,72.45738220214844,318.9633483886719,1190.0235595703125,1609.5809326171875,220.6056671142578,383.53448486328125,1219.0999755859375,8053.82470703125,1807.4000244140625,3676.242431640625,43836.9921875,596.6795654296875,5094.96435546875,263.2091369628906,1553.00732421875,1538.9686279296875,7159.03173828125,430.8999938964844,378.560546875,276.0549011230469,1540.76025390625,101.33340454101562,350.1254577636719,331.3594665527344,1369.8662109375,816.4895629882812,1803.1932373046875,90.79498291015625,2923.0400390625,98.34331512451172,30026.638671875,588.0697021484375,3174.500732421875,13873.802734375,442.7702941894531,794.528564453125,129.4499969482422,1577.2935791015625,4531.3671875,4335.21142578125,57.060001373291016,3553.878173828125,931.2323608398438,1589.05029296875,2927.856201171875,1074.40869140625,5455.66259765625,,382.2811584472656,165.7321319580078,669.271728515625,1445.12109375,3618.2275390625,3611.312255859375,1226.8935546875,5210.7998046875,3147.11767578125,697.250732421875,12320.5185546875,123.59101867675781,1288.605224609375,472.9306945800781,425.6905822753906,7.269999980926514,1407.877197265625,240.13690185546875,20.34000015258789,,1034.670166015625
5081.0576171875,1838.1641845703125,1695.699951171875,713.1074829101562,811.75,2339.154052734375,963.3499755859375,1383.270263671875,126.88999938964844,597.6412353515625,287.6499938964844,88.81999969482422,5268.5224609375,564.0579833984375,7909.27978515625,473.52459716796875,130.8746795654297,2517.4951171875,1434.7677001953125,1050.300048828125,4631.2998046875,1069.2752685546875,2260.54443359375,9115.7119140625,962.0361938476562,2036.462158203125,12830.3193359375,2367.064697265625,165.36660766601562,230.55299377441406,113.77347564697266,52.508811950683594,1490.7879638671875,385.8811340332031,1194.904296875,219.322509765625,302.924072265625,1867.8922119140625,1720.173828125,363.7649841308594,40736.92578125,6097.45068359375,767.256591796875,107.1067886352539,1520.6650390625,1549.265625,371.6188049316406,1633.3587646484375,1752.3665771484375,2353.89208984375,536.95263671875,3970.16748046875,744.9472045898438,537.6499633789062,464.3500061035156,6006.72998046875,17889.0390625,1295.9813232421875,6765.65087890625,3618.300537109375,420.2361755371094,238.72000122070312,195.4123992919922,968.4678955078125,168.6433563232422,,1232.3382568359375,1979.531494140625,2777.1484375,1400.47607421875,2840.13037109375,950.1845092773438,774.8383178710938,1562.80615234375,5172.12646484375,739.2933349609375,4510.80615234375,369.37322998046875,2596.471435546875,425.0833435058594,209.690673828125,1392.163330078125,1842.19677734375,600.1671752929688,94.76000213623047,72.47708892822266,20.990989685058594,393.8415832519531,677.9577026367188,772.0615844726562,134.0436248779297,39.58000183105469,709.4701538085938,123.80619049072266,146.79168701171875,205.89833068847656,336.6310729980469,750.03515625,1376.0831298828125,1477.518798828125,5619.0,517.2408447265625,312.90625,1094.910888671875,1039.5999755859375,309.3255615234375,655.1867065429688,1274.806640625,507.04998779296875,393.9798278808594,230.348388671875,560.7999877929688,,3515.661376953125,428.7740478515625,1965.448974609375,144996.171875,1177.46337890625,263.3254699707031,3566.941650390625,124.38582611083984,2608.5,731.2061767578125,14957.7783203125,1609.4000244140625,1178.6053466796875,2738.25830078125,2890.89599609375,2873.80078125,77.93501281738281,243.69314575195312,73.05908203125,320.4888000488281,1205.1685791015625,1603.908447265625,220.9966583251953,381.7270202636719,1237.5999755859375,8868.9716796875,1829.4000244140625,3687.88134765625,43950.765625,596.6464233398438,5380.94189453125,265.7149658203125,1558.6981201171875,1524.323974609375,7174.9560546875,450.45001220703125,383.4743957519531,275.17962646484375,1559.936279296875,103.25745391845703,352.8362731933594,332.40618896484375,1370.66259765625,851.417236328125,1831.1544189453125,91.58014678955078,2967.074951171875,100.1147232055664,29728.26171875,597.7555541992188,3127.332275390625,14008.72265625,447.2923889160156,803.7130126953125,129.72000122070312,1578.978271484375,4523.43310546875,4240.16064453125,57.56999969482422,3483.12548828125,930.690673828125,1568.437744140625,2986.041015625,1091.7618408203125,5740.5537109375,,384.1197814941406,166.0064697265625,694.1890258789062,1471.9361572265625,3608.7587890625,3560.165283203125,1245.6337890625,5185.337890625,3230.6015625,690.2683715820312,12228.3984375,128.7098846435547,1287.7161865234375,474.22637939453125,426.5758361816406,7.320000171661377,1390.53173828125,246.49815368652344,20.770000457763672,,1038.6666259765625
5136.3779296875,1833.6900634765625,1681.699951171875,710.26025390625,813.7000122070312,2397.72802734375,976.3499755859375,1387.25341796875,124.93000030517578,606.038330078125,290.0,89.1500015258789,5340.8095703125,557.6397705078125,7859.9033203125,471.79656982421875,130.43519592285156,2529.96728515625,1436.7625732421875,1109.199951171875,4589.7001953125,1086.56201171875,2157.116943359375,8987.0234375,964.3220825195312,2036.0626220703125,12874.5478515625,2394.87158203125,165.1584014892578,230.8048553466797,114.36418151855469,52.993927001953125,1475.7476806640625,382.9973449707031,1206.8543701171875,228.34341430664062,304.877197265625,1889.2236328125,1708.8978271484375,363.6151428222656,40389.21484375,6197.2880859375,783.4707641601562,108.49111938476562,1493.995361328125,1546.29345703125,372.9937744140625,1641.310791015625,1754.7445068359375,2321.821533203125,541.928466796875,3988.33349609375,746.9718017578125,534.3110961914062,470.29998779296875,5990.7958984375,18032.974609375,1294.88818359375,6687.96435546875,3638.469482421875,420.6840515136719,237.8300018310547,195.98045349121094,981.06298828125,173.59889221191406,,1242.4425048828125,1983.4127197265625,2790.307373046875,1404.111572265625,2837.439208984375,952.0535278320312,771.500244140625,1561.814208984375,5125.24365234375,738.7958984375,4534.26318359375,374.4085998535156,2575.353759765625,438.2428894042969,209.77786254882812,1389.882568359375,1857.7869873046875,596.38037109375,92.8499984741211,72.22782135009766,21.055471420288086,395.74859619140625,681.335693359375,770.5184936523438,136.69334411621094,39.439998626708984,710.6056518554688,123.16841888427734,145.8566436767578,208.899169921875,340.4378356933594,747.389404296875,1362.280517578125,1455.4417724609375,5667.0,519.7821655273438,313.0558166503906,1092.7235107421875,1040.4000244140625,309.9740905761719,649.802001953125,1247.895751953125,505.79998779296875,393.7801513671875,231.1303253173828,562.7000122070312,,3505.4609375,428.50531005859375,1973.689208984375,146218.984375,1175.470458984375,265.5259704589844,3558.33203125,124.97342681884766,2599.0,730.7582397460938,14944.9072265625,1605.4000244140625,1177.2080078125,2777.2158203125,2849.1162109375,2853.274169921875,80.59945678710938,251.1817626953125,73.63168334960938,325.8031921386719,1208.4351806640625,1596.046875,222.9230194091797,385.5862731933594,1224.0,8747.3935546875,1811.300048828125,3721.60498046875,43792.4765625,594.8916015625,5369.5224609375,268.65447998046875,1549.512939453125,1528.89111328125,7199.34033203125,438.3999938964844,384.96783447265625,278.92388916015625,1556.9400634765625,104.71507263183594,356.3555908203125,334.1008605957031,1376.9337158203125,850.7694702148438,1811.6815185546875,91.84514617919922,2974.347900390625,100.18438720703125,29668.587890625,612.8279418945312,3169.72412109375,13976.7421875,437.25433349609375,809.0665283203125,131.82000732421875,1595.130615234375,4456.48876953125,4310.2607421875,56.939998626708984,3499.866943359375,953.588623046875,1569.032470703125,2999.675048828125,1096.02587890625,5651.15673828125,,385.7099304199219,165.9868927001953,691.4806518554688,1467.3062744140625,3572.4775390625,3552.136474609375,1250.9599609375,5163.3701171875,3206.834716796875,694.92333984375,12144.119140625,129.88519287109375,1303.0284423828125,473.0801696777344,430.5101318359375,7.409999847412109,1390.9305419921875,244.72471618652344,20.979999542236328,,1042.6629638671875
5166.400390625,1839.7548828125,1703.300048828125,705.9644165039062,829.9000244140625,2390.930908203125,981.7000122070312,1387.25341796875,129.7100067138672,605.3885498046875,291.5,88.37999725341797,5394.77685546875,557.7890014648438,7854.91552734375,469.47613525390625,130.9528045654297,2520.46484375,1457.4102783203125,1094.4000244140625,4616.60009765625,1104.4482421875,2195.416015625,8874.60546875,997.1204833984375,2079.725341796875,12984.6279296875,2372.228759765625,163.45318603515625,230.0395965576172,113.62821960449219,52.44089889526367,1560.312255859375,397.0682678222656,1217.9080810546875,227.9845733642578,302.9717102050781,1878.952880859375,1687.6318359375,364.7637939453125,39624.25,6144.66455078125,783.6703491210938,107.41656494140625,1510.57666015625,1559.965087890625,373.9420166015625,1737.612548828125,1747.8087158203125,2301.3857421875,541.977783203125,3979.151611328125,748.9963989257812,529.1555786132812,467.75,6001.75048828125,18094.947265625,1308.4024658203125,6803.751953125,3629.5166015625,416.5538024902344,239.1699981689453,193.69825744628906,981.412841796875,173.15281677246094,,1225.961669921875,1989.284423828125,2793.298095703125,1403.6331787109375,2837.194580078125,951.5617065429688,776.881103515625,1560.028564453125,5124.759765625,754.115966796875,4696.97900390625,375.3027648925781,2534.59228515625,454.64324951171875,209.78756713867188,1405.847900390625,1880.32763671875,598.72216796875,93.01000213623047,71.82898712158203,21.169551849365234,394.509033203125,683.1961059570312,774.2518310546875,135.43972778320312,39.43000030517578,713.0740966796875,123.85525512695312,146.57284545898438,209.26939392089844,348.7259216308594,739.3025512695312,1351.059814453125,1470.7703857421875,5727.5,523.9679565429688,314.3020324707031,1092.7235107421875,1035.949951171875,310.472900390625,633.3488159179688,1239.5850830078125,502.75,393.7801513671875,232.56556701660156,567.0999755859375,,3545.173095703125,427.35723876953125,2028.6904296875,146308.828125,1164.2100830078125,265.3792724609375,3552.59228515625,123.8765640258789,2579.60009765625,731.2061767578125,15172.62109375,1586.699951171875,1182.09912109375,2906.610595703125,2828.372314453125,2901.6650390625,81.79454803466797,257.5333251953125,74.21398162841797,326.44293212890625,1205.2674560546875,1594.156005859375,222.43666076660156,389.2501525878906,1219.0,8595.66015625,1803.800048828125,3681.713623046875,43658.91796875,588.7330932617188,5372.99755859375,267.88348388671875,1557.5999755859375,1528.4442138671875,7220.2412109375,439.45001220703125,381.2583923339844,279.75054931640625,1547.75146484375,104.27777862548828,355.0715026855469,337.0416259765625,1388.579833984375,853.1611328125,1827.6593017578125,91.3249740600586,2960.599365234375,104.18499755859375,29419.939453125,625.4788208007812,3186.34228515625,14394.4951171875,425.6756591796875,808.96826171875,132.25999450683594,1601.96826171875,4435.46337890625,4487.88720703125,57.11000061035156,3480.2353515625,946.6946411132812,1599.4556884765625,3008.50830078125,1094.6375732421875,5620.703125,,383.8713073730469,166.3494110107422,691.4806518554688,1471.4539794921875,3560.2177734375,3534.888916015625,1250.466796875,5122.4306640625,3226.70703125,686.4552612304688,12122.55859375,130.0406036376953,1293.841064453125,468.2461853027344,443.4932861328125,7.659999847412109,1399.2044677734375,242.8259735107422,20.860000610351562,,1043.81201171875
5255.1875,1850.0950927734375,1700.5999755859375,712.7078857421875,837.1500244140625,2382.334716796875,986.7000122070312,1389.3446044921875,128.8300018310547,604.9887084960938,290.70001220703125,87.33999633789062,5446.76416015625,565.9486083984375,7797.06005859375,473.1790466308594,130.8063201904297,2477.208251953125,1454.81689453125,1100.0999755859375,4651.0,1103.5489501953125,2221.547119140625,8899.7509765625,1003.6801147460938,2078.2265625,12971.8515625,2387.026123046875,160.74664306640625,231.56040954589844,114.25765991210938,53.139461517333984,1598.361328125,396.2230224609375,1232.0489501953125,228.93150329589844,302.7335205078125,1880.829345703125,1681.6971435546875,357.82208251953125,39187.125,6110.23779296875,789.607177734375,108.91706848144531,1515.9703369140625,1533.90966796875,374.3213195800781,1799.425048828125,1738.197998046875,2313.021484375,547.8403930664062,3999.29248046875,766.0819091796875,531.168701171875,470.95001220703125,6032.12548828125,17977.0,1292.602783203125,6730.51904296875,3584.1611328125,413.66766357421875,240.97999572753906,195.6017608642578,996.4568481445312,174.4910888671875,,1233.7115478515625,2026.802978515625,2793.69677734375,1402.9635009765625,2810.52783203125,951.3157348632812,774.4398193359375,1582.4478759765625,5112.193359375,749.7388305664062,4746.07080078125,376.33807373046875,2535.083251953125,451.89349365234375,216.1641387939453,1407.5338134765625,1886.8814697265625,603.1069946289062,93.47000122070312,71.41022491455078,21.46219825744629,393.460205078125,682.0211181640625,787.343505859375,136.75033569335938,39.97999954223633,716.0855102539062,125.76856231689453,151.5663604736328,210.7607421875,346.26837158203125,738.7035522460938,1353.244384765625,1454.1885986328125,5728.5,530.19677734375,313.9530944824219,1094.6126708984375,1046.300048828125,314.61322021484375,630.00830078125,1238.4967041015625,504.75,393.4806823730469,234.6837615966797,571.75,,3551.510986328125,431.729736328125,2031.271728515625,147137.359375,1183.6417236328125,264.1567687988281,3493.61181640625,124.2780990600586,2585.39990234375,724.1882934570312,15113.216796875,1581.199951171875,1173.3148193359375,2906.80908203125,2862.45849609375,2912.37451171875,84.84101867675781,256.7296142578125,73.28230285644531,325.8524475097656,1200.21923828125,1632.0718994140625,221.4925537109375,385.87939453125,1228.0,8587.5244140625,1806.9000244140625,3703.69873046875,43866.67578125,594.9909057617188,5325.83154296875,267.69073486328125,1587.5999755859375,1526.0615234375,7215.7626953125,439.1499938964844,387.18389892578125,278.38897705078125,1592.195556640625,105.44387817382812,359.9700622558594,346.1629638671875,1392.8599853515625,896.9078369140625,1819.67041015625,92.1788330078125,2937.685302734375,107.2899398803711,29116.591796875,616.3860473632812,3277.593994140625,14475.447265625,431.34075927734375,810.1470336914062,132.7899932861328,1587.500244140625,4396.3876953125,4451.54931640625,58.06999969482422,3465.28759765625,960.63037109375,1655.2484130859375,2987.865234375,1093.348388671875,5584.84619140625,,385.61053466796875,165.81051635742188,700.6892700195312,1465.955810546875,3522.54150390625,3500.5927734375,1249.9736328125,5125.42626953125,3349.436279296875,686.950439453125,12186.2587890625,130.77880859375,1299.3734130859375,470.090087890625,446.935791015625,8.140000343322754,1411.3663330078125,242.18984985351562,21.010000228881836,,1035.9691162109375
5265.2275390625,1855.26513671875,1697.5999755859375,710.510009765625,836.5499877929688,2398.32763671875,987.8499755859375,1402.2900390625,127.47000122070312,605.6384887695312,289.95001220703125,86.68000030517578,5449.23974609375,570.8245239257812,7832.97021484375,480.14044189453125,131.39227294921875,2455.72802734375,1473.0706787109375,1091.5999755859375,4696.2001953125,1120.3359375,2193.521240234375,8946.591796875,997.1204833984375,2078.5263671875,13293.2490234375,2449.1943359375,161.2720947265625,233.04248046875,113.81221008300781,53.42082977294922,1598.66015625,400.6481628417969,1257.940673828125,231.4434051513672,303.20989990234375,1915.394287109375,1717.3052978515625,359.769775390625,39659.01953125,6100.8935546875,790.4553833007812,109.61408233642578,1581.2957763671875,1544.5101318359375,375.3170166015625,1813.1610107421875,1763.265625,2303.439453125,555.870849609375,4058.72705078125,776.994873046875,526.0623168945312,475.6000061035156,6074.45068359375,18110.0,1302.142333984375,6855.7080078125,3611.807373046875,416.20550537109375,243.74000549316406,195.74127197265625,1005.103515625,176.7312774658203,,1206.0472412109375,2051.085693359375,2834.1708984375,1418.84423828125,2827.89794921875,951.1190185546875,771.5999145507812,1601.8912353515625,5138.77685546875,752.0269165039062,4790.41162109375,378.3616638183594,2534.985107421875,453.955810546875,217.2398223876953,1409.71533203125,1899.0953369140625,601.6121826171875,93.29000091552734,71.34042358398438,21.53163719177246,393.8892822265625,680.3565673828125,775.1976318359375,137.6905517578125,40.11000061035156,718.0108642578125,126.53389739990234,152.13336181640625,211.64378356933594,344.63006591796875,741.0497436523438,1342.9173583984375,1456.9844970703125,5727.5,538.219482421875,325.2191162109375,1108.8309326171875,1053.3499755859375,314.7129821777344,631.155029296875,1234.9349365234375,508.54998779296875,403.64312744140625,238.57369995117188,570.0499877929688,,3632.32177734375,431.16790771484375,2037.030029296875,150621.125,1196.4964599609375,272.4208068847656,3570.50439453125,125.22805786132812,2569.800048828125,720.6046752929688,15418.154296875,1564.0999755859375,1156.6444091796875,2927.77880859375,2873.658203125,2963.343505859375,86.8001708984375,257.0138244628906,73.21437072753906,329.73980712890625,1192.003173828125,1635.057373046875,224.1913604736328,389.6898193359375,1231.300048828125,8752.1796875,1822.0,3692.457763671875,44851.0546875,596.2822265625,5451.939453125,269.1845703125,1616.0,1526.0118408203125,7360.07763671875,441.8500061035156,388.340087890625,280.43133544921875,1623.1566162109375,105.3758544921875,361.919921875,353.7890319824219,1398.8323974609375,893.4200439453125,1816.275146484375,92.70883178710938,2940.773681640625,109.35991668701172,29414.966796875,610.900634765625,3297.595703125,14600.373046875,429.8996276855469,816.82666015625,132.94000244140625,1595.92333984375,4536.42529296875,4548.48193359375,58.97999954223633,3487.709228515625,967.6720581054688,1698.3564453125,3020.318115234375,1082.9365234375,5606.45849609375,,393.6109619140625,168.54415893554688,700.4430541992188,1477.2413330078125,3545.167236328125,3504.458740234375,1244.6474609375,5139.90478515625,3399.666015625,695.9632568359375,12326.3984375,130.43882751464844,1313.8953857421875,461.3690185546875,453.7224426269531,7.940000057220459,1410.169921875,244.8210906982422,21.010000228881836,,1033.5711669921875
5301.451171875,1845.3226318359375,1689.199951171875,708.0623779296875,826.4500122070312,2400.926513671875,979.4500122070312,1400.1988525390625,126.0999984741211,606.8380737304688,283.95001220703125,90.16999816894531,5419.03759765625,579.18310546875,7868.3818359375,477.3756408691406,133.5701141357422,2468.29931640625,1456.0137939453125,1095.699951171875,4717.2998046875,1125.13232421875,2203.99365234375,8957.9326171875,1001.3445434570312,2055.246337890625,13428.8837890625,2493.387451171875,162.86825561523438,238.1861114501953,115.85546875,55.60384750366211,1618.1826171875,409.89617919921875,1263.3182373046875,233.5665740966797,308.2593994140625,1917.1719970703125,1707.51318359375,353.9267578125,39514.96875,5997.61328125,790.2059326171875,112.53763580322266,1571.60693359375,1545.1044921875,379.06256103515625,1881.741943359375,1775.4527587890625,2295.6171875,553.9987182617188,4072.943603515625,776.6986083984375,525.5221557617188,482.6000061035156,6026.64794921875,18110.0,1303.135986328125,6819.09130859375,3602.460693359375,416.8026123046875,242.63999938964844,198.2925567626953,1003.6040649414062,176.11062622070312,,1219.7813720703125,2071.487060546875,2856.501220703125,1417.3135986328125,2841.8427734375,950.7747192382812,765.322265625,1580.7615966796875,5171.64306640625,746.2072143554688,4840.09765625,381.7970275878906,2523.984130859375,451.2060546875,217.8115997314453,1407.33544921875,1858.9783935546875,598.0245971679688,92.94999694824219,71.62957000732422,21.839160919189453,390.2659606933594,689.0709228515625,776.79052734375,138.602294921875,40.58000183105469,721.7135009765625,126.89693450927734,153.15792846679688,211.0060272216797,341.40155029296875,737.8549194335938,1365.35888671875,1467.685546875,5746.5,533.1865844726562,327.7614440917969,1104.655029296875,1033.6500244140625,315.1120300292969,625.919921875,1283.1173095703125,522.7999877929688,409.353271484375,240.4147491455078,572.0,,3649.8505859375,432.53582763671875,2016.5782470703125,149962.296875,1200.3829345703125,275.794921875,3595.4423828125,127.2454833984375,2570.199951171875,708.6593017578125,15643.8876953125,1538.0,1151.753173828125,2978.46337890625,2900.343017578125,2917.431884765625,85.42877197265625,253.0343017578125,73.45699310302734,331.06842041015625,1192.102294921875,1648.6910400390625,225.89837646484375,394.2818603515625,1222.0999755859375,8735.427734375,1795.0,3733.44287109375,44870.83984375,598.2688598632812,5496.62353515625,270.72662353515625,1613.699951171875,1520.0546875,7324.24755859375,447.1000061035156,390.0262451171875,279.2642822265625,1652.2200927734375,108.80610656738281,365.6294860839844,359.6705627441406,1407.2933349609375,890.181396484375,1801.4957275390625,92.64012145996094,2936.988037109375,108.81256103515625,29524.37109375,615.9906616210938,3306.4521484375,14811.2490234375,431.9371032714844,841.973388671875,132.75,1605.53564453125,4595.732421875,4463.92626953125,59.290000915527344,3487.908935546875,989.9298706054688,1677.8428955078125,3046.338134765625,1126.7657470703125,5582.88134765625,,392.2195739746094,167.89749145507812,703.20068359375,1492.3851318359375,3511.477783203125,3517.146484375,1248.296875,5189.8310546875,3382.290283203125,697.89453125,12466.5380859375,133.1002655029297,1320.9093017578125,469.4920654296875,448.65704345703125,7.769999980926514,1407.478515625,244.95602416992188,21.149999618530273,,1032.871826171875
5350.865234375,1847.41064453125,1696.9000244140625,718.9518432617188,837.5999755859375,2400.926513671875,978.9000244140625,1406.870849609375,126.2699966430664,606.7380981445312,290.8999938964844,89.87999725341797,5425.96923828125,578.1383056640625,7830.97509765625,478.4617919921875,135.51353454589844,2453.550537109375,1455.5150146484375,1128.9000244140625,4760.2998046875,1132.1268310546875,2192.523681640625,8949.0576171875,990.4117431640625,2067.435791015625,13236.2421875,2491.30224609375,165.4756622314453,241.15023803710938,115.24539947509766,55.55533218383789,1603.839599609375,407.6090393066406,1263.3182373046875,233.73602294921875,310.3078308105469,1916.974365234375,1692.379638671875,367.9599609375,39624.25,6000.564453125,782.8222045898438,111.7244644165039,1584.7918701171875,1563.5316162109375,372.8041076660156,1898.5635986328125,1807.75341796875,2313.021484375,552.8656005859375,4048.85400390625,773.39013671875,526.6514892578125,484.5,6086.8994140625,18331.0,1314.36474609375,6852.7392578125,3733.41064453125,423.1223449707031,245.92999267578125,197.75439453125,988.5599975585938,175.48025512695312,,1214.87646484375,2077.557861328125,2869.859619140625,1429.080810546875,2862.393310546875,961.0055541992188,781.8134765625,1581.55517578125,5190.9765625,746.2570190429688,4807.0390625,384.5735778808594,2540.780029296875,446.6885986328125,216.1350860595703,1409.814453125,1872.3837890625,602.9076538085938,92.47000122070312,71.73925018310547,21.868919372558594,392.4113464355469,684.664794921875,778.58251953125,139.75143432617188,40.209999084472656,726.1072998046875,126.85768127441406,154.70970153808594,211.5162353515625,341.4497375488281,734.2607421875,1375.0902099609375,1485.2313232421875,5715.5,535.9771118164062,326.7146301269531,1114.697265625,1047.6500244140625,316.6085510253906,624.6734619140625,1287.569580078125,515.0,410.2117919921875,244.84909057617188,593.2000122070312,,3650.345703125,434.51446533203125,2031.867431640625,148784.421875,1200.4825439453125,279.65802001953125,3604.348876953125,128.3815155029297,2638.300048828125,716.4735717773438,15659.728515625,1555.4000244140625,1171.318359375,2966.14013671875,2922.255615234375,2932.8017578125,85.31121826171875,251.083740234375,74.46630859375,331.6097106933594,1196.8536376953125,1650.1837158203125,224.6681671142578,389.9829406738281,1229.300048828125,8783.2939453125,1789.5999755859375,3686.389404296875,43792.4765625,601.9440307617188,5528.39892578125,269.5218811035156,1626.199951171875,1516.1826171875,7405.36279296875,502.1000061035156,393.10943603515625,281.1607360839844,1626.951904296875,108.69921875,365.6294860839844,361.365234375,1408.4876708984375,888.5869750976562,1819.27099609375,92.49242401123047,2926.527099609375,108.45430755615234,29797.8828125,619.5982055664062,3301.576171875,14608.3681640625,437.90032958984375,839.222900390625,133.17999267578125,1633.6785888671875,4548.822265625,4431.05419921875,59.08000183105469,3534.246826171875,974.2706298828125,1668.428466796875,3050.08251953125,1119.824462890625,5632.49169921875,,390.67913818359375,168.55393981933594,706.5492553710938,1495.760986328125,3499.816162109375,3536.07861328125,1266.9384765625,5136.41015625,3385.186279296875,692.2492065429688,12373.4384765625,132.67288208007812,1311.3267822265625,471.9837646484375,448.1652526855469,7.840000152587891,1421.733642578125,247.6354522705078,21.06999969482422,,1046.9091796875
5351.7509765625,1868.289794921875,1691.0999755859375,718.0027465820312,877.1500244140625,2522.8720703125,1030.699951171875,1421.807861328125,141.8800048828125,651.2225952148438,289.1499938964844,92.11000061035156,5487.36376953125,579.5811767578125,7787.0849609375,474.61077880859375,137.59371948242188,2456.52001953125,1448.7322998046875,1119.199951171875,4775.2998046875,1135.024658203125,2176.864990234375,8846.9931640625,986.386474609375,2065.53759765625,12979.71484375,2505.3046875,165.64419555664062,244.1821746826172,116.65921783447266,55.613548278808594,1625.8114013671875,406.6145935058594,1267.401123046875,236.4073944091797,313.975830078125,1938.009765625,1696.039306640625,368.7590026855469,39529.87109375,5970.072265625,777.68359375,113.99942016601562,1589.0869140625,1561.154052734375,374.0842590332031,1891.994140625,1778.8216552734375,2285.93701171875,545.6234130859375,4028.515869140625,768.05712890625,525.8167724609375,478.79998779296875,6174.5380859375,18177.0,1313.3709716796875,6901.2314453125,3628.53271484375,412.52313232421875,243.6199951171875,197.2461395263672,1000.1500244140625,176.1591033935547,,1215.366943359375,2134.880615234375,2868.96240234375,1403.824462890625,2865.57373046875,951.168212890625,779.4220581054688,1578.083251953125,5227.70947265625,739.4425048828125,4865.8310546875,388.76190185546875,2514.064208984375,444.9208679199219,221.9592742919922,1390.4775390625,1852.9212646484375,600.4661254882812,93.76000213623047,71.53984069824219,21.62091827392578,391.5531921386719,686.8678588867188,772.111328125,141.03358459472656,40.880001068115234,727.2920532226562,127.25016021728516,160.0215301513672,211.07472229003906,343.9072570800781,743.1962890625,1366.451171875,1484.845703125,5679.0,543.6510009765625,334.7902526855469,1116.3876953125,1046.0,316.25933837890625,624.6236572265625,1271.5416259765625,511.3999938964844,405.49993896484375,244.1859130859375,592.7999877929688,,3639.84814453125,436.54193115234375,2040.802734375,149438.25,1211.8426513671875,283.17877197265625,3554.769775390625,127.12796783447266,2660.60009765625,716.8717651367188,15706.26171875,1561.699951171875,1157.642578125,2969.23388671875,2915.633056640625,2910.2919921875,86.02631378173828,256.6149597167969,74.27220916748047,333.28277587890625,1182.4014892578125,1662.125732421875,225.71719360351562,394.7703857421875,1177.199951171875,8632.99609375,1809.5999755859375,3711.75634765625,43104.89453125,604.82470703125,5467.33056640625,268.3171691894531,1629.800048828125,1513.253662109375,7513.3505859375,500.25,394.1693115234375,278.3403625488281,1616.664794921875,110.0985336303711,365.724609375,362.3122863769531,1400.9227294921875,868.6069946289062,1839.143310546875,93.00446319580078,2926.22802734375,108.55381774902344,29718.318359375,625.8247680664062,3309.636474609375,14663.3359375,433.52728271484375,847.081298828125,136.1999969482422,1641.0115966796875,4539.20166015625,4367.78564453125,60.400001525878906,3517.106689453125,978.5547485351562,1669.2213134765625,3042.881103515625,1117.345458984375,5621.685546875,,393.8594055175781,168.0150604248047,713.4434204101562,1498.7513427734375,3455.8603515625,3597.3359375,1247.2117919921875,5072.50439453125,3325.06982421875,684.4744262695312,12257.798828125,136.2764892578125,1312.116943359375,472.880859375,448.1160888671875,8.399999618530273,1415.453369140625,246.6234588623047,21.170000076293945,,1036.3687744140625
5278.8115234375,1871.2724609375,1679.300048828125,705.364990234375,937.4000244140625,2628.324951171875,1152.1500244140625,1438.1390380859375,170.25,780.4774169921875,288.1499938964844,93.4800033569336,5441.31787109375,587.3924560546875,7719.75244140625,480.2885437011719,136.15811157226562,2457.510009765625,1434.7677001953125,1117.4000244140625,4671.2001953125,1143.51806640625,2150.5341796875,8928.841796875,1000.3506469726562,2067.735595703125,13116.021484375,2518.51318359375,161.78762817382812,243.27162170410156,116.71731567382812,55.55533218383789,1621.9251708984375,404.1285705566406,1250.7706298828125,238.82958984375,310.02197265625,1931.88671875,1672.00390625,361.7174072265625,39311.30859375,5957.28515625,768.5038452148438,115.07396697998047,1628.142333984375,1527.8662109375,374.27392578125,1913.9918212890625,1701.1412353515625,2292.683837890625,542.0763549804688,3939.3642578125,764.1560668945312,512.6578369140625,467.8999938964844,6067.4794921875,18082.0,1293.198974609375,6874.01611328125,3597.738037109375,401.9239501953125,242.39999389648438,194.33607482910156,990.4500122070312,175.48025512695312,,1208.794189453125,2093.580322265625,2845.236572265625,1377.5159912109375,2851.38427734375,948.5121459960938,785.0021362304688,1568.6591796875,5248.49267578125,741.830078125,4759.4326171875,388.4795227050781,2526.439697265625,451.0096435546875,232.54168701171875,1389.783447265625,1873.0789794921875,607.39208984375,93.19999694824219,70.71226501464844,21.556438446044922,388.0252990722656,689.854248046875,765.9886474609375,140.84364318847656,39.79999923706055,717.912109375,126.12178802490234,158.22108459472656,207.57200622558594,343.08807373046875,733.112548828125,1407.7593994140625,1445.6083984375,5747.5,541.1096801757812,337.6316833496094,1110.6207275390625,1032.449951171875,313.11669921875,621.0338134765625,1248.9840087890625,505.25,403.64312744140625,245.56175231933594,587.2999877929688,,3609.2470703125,441.89154052734375,1989.97119140625,152577.640625,1208.0560302734375,283.8634033203125,3547.54541015625,127.196533203125,2594.89990234375,713.5867309570312,15658.73828125,1556.699951171875,1169.521484375,2960.67919921875,2777.9248046875,3022.047119140625,85.93814849853516,260.5390625,74.59247589111328,333.8240661621094,1176.2642822265625,1665.807861328125,226.46102905273438,399.8509826660156,1196.199951171875,8669.8525390625,1796.5999755859375,3649.781005859375,42941.65625,593.4016723632812,5233.98095703125,265.90771484375,1638.300048828125,1508.1405029296875,7620.84033203125,484.45001220703125,393.9284362792969,278.7779846191406,1615.366455078125,109.84587860107422,365.2490234375,357.7764892578125,1384.199951171875,866.0160522460938,1855.12109375,92.38410949707031,2903.11474609375,109.41961669921875,29544.263671875,620.5370483398438,3227.639404296875,14455.458984375,418.0228576660156,840.1069946289062,135.49000549316406,1629.1202392578125,4626.3779296875,4328.6767578125,59.93000030517578,3513.320068359375,959.2023315429688,1638.0052490234375,2951.283935546875,1120.61767578125,5508.22021484375,,392.8655700683594,167.9268798828125,691.62841796875,1452.0660400390625,3446.19189453125,3623.801513671875,1251.255859375,5003.10693359375,3345.44189453125,676.2539672851562,12396.9580078125,134.82920837402344,1323.6754150390625,462.4155578613281,450.9192810058594,8.390000343322754,1371.8902587890625,241.2742156982422,21.209999084472656,,1034.77001953125
5215.7158203125,1867.7926025390625,1683.0,730.940185546875,925.0999755859375,2675.203857421875,1131.449951171875,1435.5499267578125,162.35000610351562,722.6976318359375,291.45001220703125,92.02999877929688,5490.33447265625,588.68603515625,7664.88916015625,482.9052429199219,140.6699981689453,2422.072998046875,1432.7728271484375,1109.9000244140625,4633.89990234375,1169.8978271484375,2116.62353515625,8859.8134765625,1019.2345581054688,2082.622802734375,13102.193359375,2479.285400390625,160.69708251953125,245.296142578125,117.5888442993164,55.48741912841797,1589.7398681640625,402.18951416015625,1245.79150390625,237.96237182617188,314.78570556640625,1914.604248046875,1691.3905029296875,359.0705871582031,39132.484375,5836.7919921875,771.7466430664062,118.00720977783203,1621.949462890625,1512.9066162109375,373.65753173828125,1876.66552734375,1652.5909423828125,2273.22607421875,535.770263671875,3954.272216796875,749.9840087890625,505.73468017578125,459.04998779296875,6026.14990234375,18130.0,1300.1549072265625,6918.05517578125,3678.708984375,401.3267822265625,237.7100067138672,194.46563720703125,973.6500244140625,173.25949096679688,,1169.553955078125,2093.580322265625,2804.762451171875,1367.8536376953125,2878.784912109375,941.6260375976562,772.2974243164062,1559.7310791015625,5191.4599609375,742.029052734375,4750.72265625,399.350341796875,2477.3291015625,453.2192687988281,227.95791625976562,1382.6436767578125,1881.419921875,598.7720336914062,93.2300033569336,70.30347442626953,21.387792587280273,384.4496765136719,680.601318359375,748.665771484375,140.78665161132812,39.650001525878906,713.4689331054688,124.89530944824219,154.81912231445312,204.75611877441406,346.0756530761719,754.0286865234375,1384.12646484375,1443.6802978515625,5732.0,542.006591796875,341.0214538574219,1131.8985595703125,1062.699951171875,311.8197326660156,614.9511108398438,1236.4189453125,494.95001220703125,408.83416748046875,243.8988800048828,582.5999755859375,,3622.220458984375,438.5450134277344,1992.552490234375,155657.140625,1201.18017578125,276.5773010253906,3577.035888671875,126.44243621826172,2564.300048828125,702.7861328125,15936.9443359375,1584.5,1154.947509765625,2923.973876953125,2694.365234375,3035.136474609375,84.86061096191406,272.2127990722656,75.79589080810547,337.5638427734375,1156.5657958984375,1657.946044921875,225.68858337402344,395.2589111328125,1179.4000244140625,8715.32421875,1801.5999755859375,3606.905517578125,42323.32421875,595.7855224609375,5203.6953125,265.9559020996094,1626.5,1478.6529541015625,7584.01513671875,482.95001220703125,397.8305969238281,280.6744689941406,1602.8822021484375,110.224853515625,367.8172302246094,356.4805908203125,1383.40380859375,867.2616577148438,1816.8743896484375,91.28125,2892.355224609375,111.53935241699219,29628.802734375,621.4760131835938,3224.554443359375,14206.6064453125,418.7682800292969,855.1851806640625,137.3000030517578,1616.43603515625,4575.99609375,4283.52734375,58.75,3500.46484375,945.3650512695312,1640.383544921875,2940.338134765625,1119.0311279296875,5457.62744140625,,393.0643615722656,169.78848266601562,687.2456665039062,1419.7528076171875,3427.951904296875,3619.440185546875,1261.8095703125,4883.783203125,3298.4072265625,670.7077026367188,12152.9384765625,136.17935180664062,1324.959716796875,456.98358154296875,449.6898193359375,8.720000267028809,1368.401123046875,240.59954833984375,21.3799991607666,,1043.911865234375
5155.27685546875,1850.194580078125,1676.199951171875,735.4358520507812,889.0,2618.629150390625,1095.25,1425.5919189453125,144.5,667.0670166015625,291.95001220703125,91.12999725341797,5521.52685546875,579.7802124023438,7624.48974609375,488.4842834472656,138.93165588378906,2432.268798828125,1436.263916015625,1090.9000244140625,4645.7998046875,1158.0069580078125,2070.94384765625,8716.33203125,1023.4585571289062,2067.435791015625,13040.9541015625,2399.638671875,157.10818481445312,246.40042114257812,117.16276550292969,54.65302276611328,1560.8427734375,393.23980712890625,1203.9664306640625,235.25111389160156,314.7380676269531,1907.0986328125,1669.2342529296875,358.521240234375,38506.60546875,5872.69384765625,768.4039916992188,118.98495483398438,1628.3421630859375,1523.705322265625,372.5196533203125,1886.220947265625,1608.3011474609375,2267.457275390625,523.0103149414062,3938.179443359375,724.5532836914062,508.4842834472656,456.0,5959.42529296875,18161.0,1289.919677734375,6938.83740234375,3639.158203125,397.6942138671875,237.0500030517578,192.92091369628906,972.2000122070312,170.59262084960938,,1163.4716796875,2009.38720703125,2798.681396484375,1379.8118896484375,2833.035400390625,935.5761108398438,767.5144653320312,1532.1533203125,5101.0771484375,737.2041625976562,4675.5009765625,399.91510009765625,2504.143798828125,444.7735595703125,225.35104370117188,1371.1405029296875,1865.234375,594.5866088867188,92.01000213623047,69.83484649658203,21.03563117980957,382.3519592285156,693.4281005859375,742.6923828125,139.39056396484375,39.529998779296875,706.4093627929688,123.22728729248047,151.87472534179688,203.6572265625,345.16009521484375,739.5521240234375,1375.5865478515625,1440.884521484375,5686.0,533.3361206054688,341.7193603515625,1142.537353515625,1052.6500244140625,306.0332946777344,628.6123046875,1227.4156494140625,479.1000061035156,405.5598449707031,244.30470275878906,580.75,,3638.263916015625,436.8839111328125,1976.568359375,153471.046875,1175.2711181640625,275.9416198730469,3537.748291015625,124.82652282714844,2529.699951171875,704.3291015625,16087.43359375,1584.9000244140625,1131.189697265625,2924.67041015625,2669.3359375,3062.406005859375,84.52755737304688,276.4129638671875,74.92243957519531,342.0909118652344,1166.66259765625,1612.2679443359375,227.4623565673828,397.2618408203125,1162.199951171875,8674.638671875,1735.199951171875,3610.0888671875,41952.33203125,596.7788696289062,5155.03955078125,261.1369934082031,1577.699951171875,1508.636962890625,7496.92822265625,485.5,395.7109680175781,285.245361328125,1570.7225341796875,107.87323760986328,363.3466796875,346.56170654296875,1376.635009765625,881.6612548828125,1814.5775146484375,91.02523040771484,2896.24072265625,107.43921661376953,29489.560546875,617.8685913085938,3185.34716796875,14013.7197265625,414.24615478515625,850.8631591796875,136.33999633789062,1612.3731689453125,4606.443359375,4305.904296875,57.5,3440.972900390625,949.5507202148438,1639.6898193359375,2914.414306640625,1130.5338134765625,5407.52587890625,,387.8963623046875,169.1712188720703,674.1961059570312,1400.94384765625,3407.120361328125,3582.8642578125,1247.0146484375,4889.7744140625,3271.944091796875,669.6677856445312,11969.6796875,135.17889404296875,1334.542236328125,451.10308837890625,441.08355712890625,8.59000015258789,1368.0025634765625,235.7418670654297,21.190000534057617,,1035.06982421875
5119.2509765625,1840.947998046875,1688.300048828125,740.8804931640625,894.2000122070312,2575.24853515625,1079.550048828125,1401.2943115234375,149.0,671.4655151367188,286.5,87.30999755859375,5454.1904296875,576.5462036132812,7605.03857421875,487.052490234375,137.1640167236328,2379.6083984375,1402.3497314453125,1097.0,4576.2001953125,1165.700927734375,2037.9310302734375,8719.7841796875,1006.5624389648438,2033.864501953125,12740.6845703125,2369.547607421875,155.9185028076172,244.89898681640625,115.97167205810547,53.68279266357422,1550.3800048828125,400.8967590332031,1202.2735595703125,233.86558532714844,314.07110595703125,1911.542724609375,1708.996826171875,355.52484130859375,38273.140625,5855.97216796875,757.42822265625,117.56189727783203,1590.98486328125,1495.6683349609375,372.1877746582031,1917.9732666015625,1576.694091796875,2223.65283203125,521.9757080078125,3926.331787109375,712.1094970703125,497.1911926269531,455.3999938964844,5872.7822265625,18202.0,1267.1640625,6913.6015625,3544.6103515625,391.27496337890625,236.4600067138672,192.67176818847656,966.4500122070312,169.14764404296875,,1166.61083984375,1957.9359130859375,2769.970947265625,1362.113525390625,2813.952880859375,934.3955688476562,762.3329467773438,1527.2923583984375,5175.9931640625,741.7803344726562,4726.27587890625,398.597412109375,2493.142822265625,458.37506103515625,221.38751220703125,1364.29833984375,1868.6104736328125,592.9422607421875,90.88999938964844,69.72516632080078,20.83226776123047,381.49383544921875,697.54052734375,728.90380859375,138.8682098388672,38.88999938964844,705.8663330078125,121.7457046508789,149.47744750976562,201.08660888671875,343.52178955078125,739.5521240234375,1349.0738525390625,1431.4368896484375,5674.5,526.8082885742188,337.2328796386719,1141.9407958984375,1051.699951171875,300.89532470703125,619.9369506835938,1242.3551025390625,462.54998779296875,402.0059814453125,241.57281494140625,571.4000244140625,,3609.14794921875,433.92822265625,1949.3656005859375,150166.9375,1145.376220703125,273.4477233886719,3493.31494140625,127.0202407836914,2526.199951171875,700.3970336914062,16107.234375,1565.5999755859375,1135.681640625,2908.7548828125,2646.449462890625,3026.013671875,84.66470336914062,275.62420654296875,74.12663269042969,335.10345458984375,1161.6141357421875,1592.16552734375,228.5590362548828,405.27349853515625,1141.4000244140625,8528.6494140625,1751.199951171875,3554.579833984375,42169.984375,595.9842529296875,5066.66455078125,260.4141540527344,1562.699951171875,1485.007080078125,7372.5185546875,493.45001220703125,390.6043701171875,276.58978271484375,1532.5706787109375,108.2522201538086,356.9263000488281,345.46514892578125,1366.0838623046875,883.9033813476562,1807.2877197265625,90.59196472167969,2868.345458984375,104.87166595458984,29355.291015625,605.5635375976562,3140.865966796875,14139.6455078125,407.13995361328125,845.902587890625,136.52000427246094,1612.6705322265625,4551.896484375,4228.873046875,56.63999938964844,3396.528076171875,937.8308715820312,1643.85205078125,2839.523681640625,1124.6832275390625,5365.28369140625,,383.62286376953125,168.89688110351562,669.8626708984375,1393.1307373046875,3367.450439453125,3500.5927734375,1237.3486328125,4735.50244140625,3208.33251953125,662.685302734375,11898.1396484375,134.7903594970703,1301.6453857421875,450.3555908203125,454.06671142578125,8.680000305175781,1368.1021728515625,233.2455596923828,21.350000381469727,,1018.3348999023438
5092.37744140625,1813.904541015625,1660.0999755859375,742.4789428710938,879.2000122070312,2542.563232421875,1047.4000244140625,1386.1580810546875,146.25,649.0233154296875,278.8999938964844,84.9000015258789,5379.923828125,562.4161376953125,7491.322265625,473.8702087402344,138.609375,2319.029541015625,1370.330810546875,1090.0,4517.7998046875,1153.1107177734375,2037.8311767578125,8581.2333984375,979.0813598632812,2001.4920654296875,12542.15234375,2335.980224609375,153.68783569335938,240.6658935546875,112.65017700195312,52.382686614990234,1492.4862060546875,393.6872863769531,1176.1824951171875,230.26719665527344,309.0216064453125,1892.7789306640625,1658.057373046875,338.49517822265625,37900.59375,5823.51318359375,737.7716674804688,114.30919647216797,1568.11083984375,1485.464111328125,369.0111083984375,1865.517333984375,1524.3785400390625,2174.862060546875,517.0983276367188,3897.404541015625,707.1715087890625,490.759033203125,445.70001220703125,5666.134765625,17511.0,1245.203369140625,6973.9697265625,3486.464599609375,386.9457092285156,230.6199951171875,191.1669158935547,942.6500244140625,166.82020568847656,,1141.79150390625,1948.1829833984375,2738.26953125,1334.8482666015625,2750.34423828125,929.6737060546875,761.6852416992188,1495.349853515625,5150.376953125,739.9896240234375,4687.576171875,397.4209289550781,2467.1142578125,441.0417785644531,213.24720764160156,1348.233642578125,1880.7249755859375,583.47509765625,89.56999969482422,68.38909149169922,20.341222763061523,386.26129150390625,691.61669921875,706.6528930664062,137.74754333496094,38.20000076293945,694.2153930664062,119.61652374267578,145.50848388671875,198.4473114013672,333.7398986816406,711.597412109375,1306.9710693359375,1396.8270263671875,5561.0,518.3370971679688,321.6797790527344,1124.3419189453125,1029.5,295.1587829589844,605.178955078125,1199.9111328125,455.79998779296875,398.27239990234375,233.8820037841797,564.9500122070312,,3693.425048828125,426.23358154296875,1905.980224609375,148280.296875,1137.105224609375,273.59442138671875,3361.202392578125,124.75797271728516,2482.89990234375,695.1709594726562,16124.0654296875,1545.5999755859375,1121.4071044921875,2812.665283203125,2573.40771484375,2994.97607421875,81.93168640136719,275.6044921875,72.77764129638672,332.5446472167969,1150.8245849609375,1570.0728759765625,226.98553466796875,400.8280334472656,1125.199951171875,8151.47021484375,1677.0999755859375,3469.426025390625,40799.76953125,585.057861328125,4916.228515625,257.233642578125,1540.4000244140625,1464.256591796875,7287.919921875,485.25,382.7999572753906,274.49884033203125,1505.5047607421875,104.74422454833984,349.4596252441406,336.7425537109375,1371.2598876953125,870.7992553710938,1796.302978515625,89.65650939941406,2796.4150390625,105.15032196044922,28753.564453125,598.990966796875,3081.1591796875,13757.87109375,404.6055908203125,841.7769165039062,131.02000427246094,1572.3387451171875,4448.5546875,4192.337890625,55.279998779296875,3402.507080078125,916.7056884765625,1599.1583251953125,2783.547119140625,1109.61083984375,5209.57568359375,,381.4364013671875,164.01748657226562,657.20703125,1357.8272705078125,3316.41796875,3529.734619140625,1216.4385986328125,4672.09619140625,3124.7490234375,641.7876586914062,11828.5595703125,130.23486328125,1281.6900634765625,443.279052734375,440.5917663574219,8.020000457763672,1336.0029296875,227.22164916992188,20.969999313354492,,974.1246337890625
5126.23876953125,1797.300537109375,1696.0,737.6836547851562,871.75,2508.37841796875,1035.3499755859375,1377.39501953125,146.64999389648438,629.4801635742188,289.8500061035156,85.01000213623047,5356.158203125,559.3811645507812,7425.486328125,459.70050048828125,139.08792114257812,2318.83154296875,1363.2486572265625,1089.5,4529.89990234375,1131.327392578125,2091.888671875,8596.5185546875,984.8956298828125,2022.9737548828125,12309.048828125,2270.534912109375,160.7863006591797,246.03233337402344,115.01298522949219,53.255889892578125,1493.582275390625,397.71466064453125,1208.945556640625,233.21768188476562,322.121826171875,1878.557861328125,1612.7557373046875,339.7436828613281,38094.31640625,5831.87353515625,745.6542358398438,116.63255310058594,1589.885986328125,1474.1700439453125,368.205078125,1763.7908935546875,1537.952880859375,2169.093017578125,515.620361328125,3943.411865234375,713.1959228515625,483.9831848144531,439.8999938964844,5674.1015625,16678.0,1226.8199462890625,6912.6123046875,3408.052001953125,386.6968994140625,231.35000610351562,189.43283081054688,911.2000122070312,171.15509033203125,,1155.231201171875,1987.2940673828125,2738.369140625,1327.29052734375,2751.32275390625,934.8382568359375,753.9129028320312,1493.1673583984375,5123.79296875,749.8880004882812,4691.4365234375,415.7742919921875,2453.461669921875,457.78582763671875,213.55728149414062,1336.829833984375,1890.158447265625,587.112548828125,89.3499984741211,69.29642486572266,20.256900787353516,388.3113098144531,709.4860229492188,721.0885620117188,141.8028564453125,38.5099983215332,690.90771484375,121.92231750488281,147.99530029296875,202.8330535888672,334.6072692871094,722.230224609375,1306.573974609375,1389.982177734375,5707.0,526.7584228515625,321.77947998046875,1115.791015625,1043.3499755859375,293.51263427734375,605.3284912109375,1196.943115234375,448.29998779296875,397.6335144042969,242.34486389160156,567.2000122070312,,3652.722412109375,437.2747497558594,1919.28369140625,145625.0625,1151.2554931640625,266.9440612792969,3382.577880859375,131.33912658691406,2462.0,695.5194091796875,15825.068359375,1559.800048828125,1110.02734375,2736.5693359375,2608.17578125,3039.003662109375,84.11614227294922,280.701904296875,72.81645965576172,335.54632568359375,1140.826904296875,1593.0614013671875,228.8546600341797,407.667236328125,1119.0,8092.595703125,1686.5,3474.101318359375,40646.421875,593.1035766601562,4836.2939453125,268.46173095703125,1548.800048828125,1456.313720703125,7243.63037109375,501.5,391.6160583496094,272.8941650390625,1518.887939453125,106.41561889648438,353.83502197265625,340.58050537109375,1366.48193359375,860.2861328125,1786.2169189453125,88.65211486816406,2787.54833984375,106.36442565917969,29574.1015625,604.6740112304688,3090.015625,13537.001953125,402.8663330078125,855.3325805664062,131.7100067138672,1574.915283203125,4230.4658203125,4176.79296875,55.279998779296875,3427.61962890625,911.3875122070312,1598.4647216796875,2780.66650390625,1113.6763916015625,5207.611328125,,385.66021728515625,165.56556701660156,665.972412109375,1360.720947265625,3390.076171875,3555.110107421875,1207.4627685546875,4723.52001953125,3094.291259765625,647.92822265625,11800.1396484375,131.51699829101562,1292.6556396484375,450.20611572265625,444.82110595703125,8.239999771118164,1370.195556640625,230.97093200683594,21.040000915527344,,991.209228515625
5102.12255859375,1814.2027587890625,1686.0999755859375,730.6904296875,872.25,2504.780029296875,1026.8499755859375,1397.60986328125,144.64999389648438,625.0816650390625,292.3500061035156,84.48999786376953,5372.001953125,567.1427001953125,7390.5732421875,467.0075378417969,139.33206176757812,2326.156494140625,1362.949462890625,1083.9000244140625,4475.39990234375,1130.7279052734375,2034.839111328125,8558.0595703125,992.797119140625,2004.689453125,12096.6875,2278.976318359375,160.81605529785156,250.43978881835938,119.50621795654297,54.313438415527344,1487.90234375,401.6922912597656,1207.352294921875,237.6832733154297,323.5985412597656,1855.0537109375,1641.7369384765625,340.5926818847656,37895.625,5892.85791015625,739.3182373046875,119.75940704345703,1608.96435546875,1489.327880859375,369.7697448730469,1781.309326171875,1576.396728515625,2173.004150390625,518.0836181640625,3876.572998046875,704.1593017578125,482.4610290527344,450.04998779296875,5666.134765625,16322.0,1215.988525390625,6932.8994140625,3390.93310546875,388.88641357421875,232.3800048828125,192.2731170654297,892.9000244140625,170.96112060546875,,1144.7344970703125,1959.3292236328125,2748.338134765625,1325.0902099609375,2707.041259765625,935.5269165039062,753.7634887695312,1489.9930419921875,5290.0595703125,757.9957275390625,4697.86962890625,417.3272399902344,2469.66796875,473.7933654785156,216.71652221679688,1336.730712890625,1876.554443359375,593.1416015625,91.41999816894531,69.56563568115234,20.43050193786621,382.8763732910156,735.0416259765625,717.1063232421875,142.2587127685547,39.540000915527344,691.549560546875,121.1864242553711,147.91571044921875,204.6089324951172,330.46319580078125,734.3605346679688,1300.1195068359375,1389.982177734375,5594.5,529.0506591796875,314.3020324707031,1136.1739501953125,1063.75,292.51495361328125,615.649169921875,1086.0343017578125,454.29998779296875,397.8531494140625,246.7396240234375,565.0,,3623.60693359375,439.8640441894531,1897.5413818359375,145560.171875,1131.8238525390625,269.2423400878906,3391.38525390625,130.04640197753906,2435.699951171875,694.225341796875,15869.62109375,1575.9000244140625,1112.722412109375,2746.914306640625,2585.484130859375,3051.2998046875,84.55694580078125,281.31317138671875,74.09751892089844,335.05426025390625,1141.222900390625,1574.45166015625,228.39691162109375,404.29644775390625,1123.800048828125,8044.251953125,1702.0,3495.19091796875,40250.69140625,571.9462280273438,4788.630859375,268.7026672363281,1555.5,1457.505126953125,7251.59228515625,497.6000061035156,395.27734375,272.55377197265625,1508.2012939453125,109.64180755615234,354.64349365234375,338.3874206542969,1357.722412109375,873.8884887695312,1788.1142578125,88.93767547607422,2813.052734375,105.14036560058594,29106.64453125,608.9239501953125,3113.898193359375,13318.130859375,409.22711181640625,857.0025024414062,134.47999572753906,1579.8701171875,4375.16455078125,4177.8828125,55.04999923706055,3426.72265625,905.9214477539062,1598.7620849609375,2773.2734375,1119.824462890625,5134.91455078125,,386.25653076171875,165.3598175048828,659.3737182617188,1350.6895751953125,3355.988037109375,3571.564208984375,1202.2354736328125,4670.59814453125,3092.393798828125,649.5128173828125,11977.51953125,134.53781127929688,1308.264404296875,442.2325439453125,458.1485290527344,8.130000114440918,1349.2613525390625,230.71070861816406,21.25,,981.0184326171875
5117.5771484375,1817.4837646484375,1731.0999755859375,723.8470458984375,896.3499755859375,2591.541259765625,1064.699951171875,1416.729248046875,152.50999450683594,640.8761596679688,299.8500061035156,86.38999938964844,5406.16455078125,568.2870483398438,7422.49365234375,461.7741394042969,137.92575073242188,2312.1005859375,1372.92431640625,1086.0,4449.89990234375,1158.6064453125,2075.930908203125,8506.78125,981.66552734375,2005.288818359375,11848.767578125,2289.70166015625,162.13461303710938,251.46656799316406,120.6876220703125,54.284332275390625,1536.330078125,404.22802734375,1214.522216796875,239.3977508544922,323.6462097167969,1844.387939453125,1642.7259521484375,346.03619384765625,38069.48046875,5868.75927734375,738.1707763671875,119.80780792236328,1603.4705810546875,1498.9376220703125,368.394775390625,1852.975830078125,1586.106689453125,2175.44873046875,518.8226318359375,3800.058349609375,713.343994140625,486.1435546875,434.45001220703125,5686.55029296875,16453.0,1236.856201171875,6948.73388671875,3578.946533203125,393.1658935546875,241.25999450683594,193.1002960205078,886.4500122070312,169.28341674804688,,1126.7821044921875,2020.6329345703125,2781.036376953125,1329.2996826171875,2718.295166015625,949.5450439453125,761.2866821289062,1473.3271484375,5251.392578125,761.9749755859375,4754.1865234375,408.8564453125,2491.080322265625,472.7131042480469,225.2832489013672,1360.530029296875,1890.2576904296875,594.5366821289062,92.3499984741211,68.81783294677734,20.569387435913086,386.7380676269531,721.6763305664062,720.0432739257812,142.17324829101562,39.560001373291016,697.2269287109375,123.17823791503906,151.87472534179688,205.07989501953125,339.2813415527344,741.9483032226562,1329.2139892578125,1393.8385009765625,5606.0,534.6317138671875,316.0467834472656,1139.5545654296875,1065.0,299.34893798828125,617.6434936523438,1140.9444580078125,465.29998779296875,411.94879150390625,255.94483947753906,577.2000122070312,,3634.797607421875,441.69610595703125,1967.0374755859375,148474.953125,1135.809814453125,267.3841552734375,3427.406982421875,130.55564880371094,2439.60009765625,698.5554809570312,15806.2568359375,1621.9000244140625,1111.22509765625,2826.59130859375,2620.739013671875,3118.134765625,84.60592651367188,273.1593017578125,73.91313171386719,334.857421875,1154.586181640625,1587.8863525390625,231.77279663085938,401.8538818359375,1148.5999755859375,8351.5478515625,1675.800048828125,3565.423095703125,41660.484375,577.061767578125,4920.59765625,264.5584411621094,1563.800048828125,1464.852294921875,7316.28564453125,502.25,396.1445007324219,272.9427795410156,1540.1611328125,109.36972045898438,359.1139831542969,343.3218994140625,1362.4007568359375,872.642822265625,1798.5997314453125,89.55802917480469,2896.24072265625,105.48867797851562,29136.482421875,641.144287109375,3106.236083984375,13366.1025390625,411.21484375,848.80029296875,134.9199981689453,1621.3907470703125,4349.0810546875,4148.77294921875,55.18000030517578,3445.756103515625,903.6563110351562,1598.662841796875,2798.045166015625,1135.1944580078125,5133.9326171875,,388.7411193847656,164.12527465820312,679.9576416015625,1365.833251953125,3397.153076171875,3535.78125,1199.375,4824.8701171875,3079.811767578125,655.1087036132812,11853.0595703125,134.77093505859375,1330.39306640625,441.48504638671875,457.2141418457031,8.520000457763672,1349.2613525390625,232.3491973876953,21.760000228881836,,990.2601318359375
5102.31982421875,1838.46240234375,1738.199951171875,741.1802368164062,916.3499755859375,2588.742431640625,1070.300048828125,1413.1444091796875,147.3800048828125,637.0275268554688,303.95001220703125,87.98999786376953,5388.83544921875,573.3121948242188,7430.97265625,467.20501708984375,136.51943969726562,2333.877197265625,1380.1060791015625,1093.300048828125,4418.39990234375,1180.08984375,2087.899169921875,8559.0458984375,983.7029418945312,1999.194091796875,11673.9404296875,2286.921142578125,164.53382873535156,255.68028259277344,121.55915069580078,54.808258056640625,1555.3623046875,410.3436584472656,1215.11962890625,244.23216247558594,325.40875244140625,1873.126220703125,1621.1632080078125,351.8292541503906,38377.453125,5894.33349609375,745.8538208007812,121.87947082519531,1569.1097412109375,1503.593994140625,363.5113220214844,1852.8763427734375,1598.2939453125,2164.693115234375,525.670654296875,3882.694091796875,720.158447265625,487.22381591796875,437.29998779296875,5841.90966796875,16591.0,1240.23486328125,6869.06787109375,3511.84814453125,396.1515808105469,239.80999755859375,191.71502685546875,900.7000122070312,171.998779296875,,1127.174560546875,2023.2203369140625,2782.73095703125,1333.1263427734375,2735.665283203125,949.4467163085938,756.5037231445312,1476.2039794921875,5365.458984375,776.3002319335938,4820.5,420.0567321777344,2499.625244140625,482.68096923828125,226.5624237060547,1353.786865234375,1898.2015380859375,599.0211181640625,92.5999984741211,68.83777618408203,20.83722686767578,385.4985046386719,749.9735717773438,721.2379150390625,142.82855224609375,39.88999938964844,698.559814453125,123.4823989868164,153.27728271484375,205.08970642089844,340.29327392578125,746.19140625,1324.5469970703125,1394.609619140625,5657.0,538.0700073242188,314.800537109375,1155.0654296875,1076.5,300.9951171875,626.6677856445312,1145.396728515625,492.1499938964844,419.3759765625,259.6566162109375,578.4500122070312,,3696.990234375,442.2579650878906,1959.392822265625,152922.03125,1109.1036376953125,269.68243408203125,3426.021728515625,140.4371795654297,2448.0,707.713623046875,15648.837890625,1604.0999755859375,1067.30322265625,2866.08154296875,2665.4404296875,3141.041015625,85.15448760986328,279.2722473144531,74.82539367675781,336.57965087890625,1158.05078125,1597.6390380859375,232.3640594482422,405.17584228515625,1168.0,8579.38671875,1700.5,3598.151611328125,42417.3125,584.5115356445312,5033.20068359375,268.8472595214844,1562.5,1478.95068359375,7358.08740234375,524.4000244140625,397.15618896484375,281.7442626953125,1528.1761474609375,111.13829803466797,361.77728271484375,345.9635925292969,1357.125244140625,888.9357299804688,1782.6219482421875,90.07007598876953,2908.49462890625,106.15544128417969,29022.10546875,638.2780151367188,3148.627685546875,13844.8193359375,417.1283874511719,851.9436645507812,134.9600067138672,1616.43603515625,4376.056640625,4168.08056640625,54.459999084472656,3444.06201171875,911.4859619140625,1599.257568359375,2786.2353515625,1127.95556640625,5261.15087890625,,392.4680480957031,169.71011352539062,696.3557739257812,1350.9788818359375,3442.005859375,3483.84130859375,1204.4052734375,4808.5947265625,3131.7392578125,667.5383911132812,11778.580078125,133.76077270507812,1346.1005859375,441.9833679199219,463.2139587402344,8.819999694824219,1356.1397705078125,232.262451171875,21.850000381469727,,987.4126586914062
5136.279296875,1822.852783203125,1742.0,762.2098388671875,926.6500244140625,2572.349853515625,1059.4000244140625,1394.6224365234375,151.99000549316406,633.2288818359375,304.04998779296875,86.23999786376953,5440.32763671875,570.9737548828125,7642.94384765625,468.7355651855469,134.55648803710938,2330.90771484375,1380.1060791015625,1096.5,4301.60009765625,1211.865478515625,2212.072021484375,8669.984375,1002.7360229492188,2031.4664306640625,11657.1494140625,2280.66455078125,163.37387084960938,258.24725341796875,122.05301666259766,55.48741912841797,1553.568603515625,410.9403076171875,1229.459716796875,244.52122497558594,327.36187744140625,1879.4466552734375,1649.946533203125,347.3346252441406,38546.34375,5912.5302734375,743.7584228515625,122.71200561523438,1632.2376708984375,1499.0367431640625,362.1363220214844,1844.4156494140625,1647.141357421875,2179.26220703125,524.3404541015625,3892.86328125,726.1334228515625,484.47418212890625,462.6000061035156,5802.57177734375,17041.0,1240.731689453125,6808.7001953125,3480.069580078125,398.04254150390625,255.33999633789062,193.00064086914062,898.9500122070312,171.28114318847656,,1125.801025390625,2046.6072998046875,2798.681396484375,1356.2777099609375,2769.916015625,957.6116333007812,760.3400268554688,1485.727294921875,5395.42578125,772.669189453125,4795.55859375,429.4687194824219,2496.58056640625,482.68096923828125,223.77146911621094,1352.001953125,1912.3021240234375,598.3734130859375,92.86000061035156,70.88176727294922,20.782669067382812,382.11358642578125,742.2383422851562,720.3419189453125,147.0548095703125,39.58000183105469,701.2750854492188,122.88387298583984,150.3627471923828,204.1379852294922,340.82330322265625,738.1044921875,1370.2244873046875,1422.9530029296875,5694.5,539.166259765625,307.97113037109375,1153.2757568359375,1055.9000244140625,305.5344543457031,621.5822143554688,1144.4072265625,485.3500061035156,428.4602966308594,257.2217102050781,576.8499755859375,,3700.8525390625,443.18621826171875,1923.354248046875,152078.53125,1111.1961669921875,277.8976135253906,3435.917724609375,144.56021118164062,2456.300048828125,712.2926635742188,15838.9287109375,1605.4000244140625,1137.6781005859375,2872.74609375,2719.39404296875,3200.636962890625,84.84101867675781,280.4060974121094,73.81607055664062,333.7256164550781,1169.7310791015625,1614.4573974609375,234.4620819091797,409.5724792480469,1224.199951171875,8705.2724609375,1725.4000244140625,3611.4814453125,41744.57421875,593.5506591796875,5152.8544921875,270.1483154296875,1594.4000244140625,1478.35498046875,7579.53662109375,531.4500122070312,391.0860900878906,279.0211486816406,1539.3621826171875,111.3034896850586,359.5895690917969,345.5150146484375,1368.671875,899.4489135742188,1768.441650390625,89.36109161376953,2929.217041015625,105.7076187133789,29136.482421875,663.6292724609375,3235.79931640625,14131.650390625,411.7117614746094,858.5741577148438,132.6199951171875,1639.7232666015625,4449.64599609375,4130.4560546875,54.11000061035156,3498.671142578125,912.717041015625,1643.5546875,2869.28759765625,1132.5169677734375,5298.97265625,,393.114013671875,166.62374877929688,700.0983276367188,1388.3079833984375,3414.197021484375,3495.042236328125,1183.59375,4770.2509765625,3145.8193359375,674.81787109375,11813.8603515625,132.76028442382812,1344.5198974609375,437.4982604980469,463.0663757324219,8.470000267028809,1362.419921875,233.37086486816406,21.93000030517578,,993.7570190429688
5137.755859375,1846.9134521484375,1736.300048828125,763.2587890625,919.0,2541.063720703125,1060.699951171875,1393.6265869140625,151.47999572753906,635.8779296875,303.5,85.69999694824219,5438.3466796875,567.1427001953125,7680.849609375,472.48779296875,136.5585174560547,2328.927978515625,1415.815673828125,1090.0999755859375,4303.0,1185.885498046875,2225.337158203125,8780.4306640625,1010.3392333984375,2030.8670654296875,11940.626953125,2263.881103515625,163.05662536621094,253.6460723876953,122.24668884277344,55.50682067871094,1524.17333984375,408.00677490234375,1211.7340087890625,244.07266235351562,325.7422180175781,1905.0247802734375,1747.077880859375,347.3845520019531,38516.5390625,5790.5615234375,746.3527221679688,123.97048950195312,1629.740478515625,1499.2349853515625,364.79144287109375,1831.27685546875,1671.020263671875,2181.80419921875,524.6360473632812,3916.95263671875,728.0098876953125,483.3939514160156,468.95001220703125,6079.43017578125,17232.0,1240.63232421875,6884.90234375,3468.263427734375,400.9287109375,262.3999938964844,198.49188232421875,895.25,174.4619903564453,,1130.90234375,2063.326416015625,2799.279541015625,1371.297607421875,2718.784423828125,966.514404296875,752.91650390625,1490.2906494140625,5427.80859375,763.8153686523438,4788.03662109375,427.5392761230469,2472.418212890625,481.10968017578125,224.27537536621094,1364.3974609375,1892.6407470703125,601.412841796875,92.29000091552734,71.77912902832031,20.57930564880371,381.2077941894531,741.8956298828125,729.9989013671875,146.6084442138672,39.599998474121094,707.841064453125,124.68926239013672,151.63600158691406,215.97064208984375,344.9191589355469,747.788818359375,1373.8985595703125,1406.0819091796875,5664.0,546.1923217773438,306.62518310546875,1150.1934814453125,1033.699951171875,309.1759338378906,612.1590576171875,1158.0606689453125,487.70001220703125,424.6468811035156,256.6377258300781,566.6500244140625,,3693.623046875,445.72662353515625,1910.9442138671875,153446.09375,1140.9915771484375,276.2839050292969,3456.50146484375,146.19569396972656,2480.699951171875,711.6954345703125,15947.8349609375,1587.0999755859375,1128.694091796875,2862.50048828125,2744.130859375,3215.412353515625,84.69408416748047,279.4201354980469,73.84518432617188,332.64306640625,1164.880859375,1628.6881103515625,233.94711303710938,412.7478332519531,1237.5999755859375,8934.0693359375,1765.0,3564.129638671875,41249.91015625,593.2526245117188,5234.18017578125,277.1357727050781,1611.800048828125,1460.3843994140625,7559.630859375,537.0,393.8802490234375,281.0634765625,1528.675537109375,110.94393920898438,359.3042297363281,353.73919677734375,1378.4267578125,901.9900512695312,1781.623291015625,89.12477111816406,2953.72509765625,103.61775207519531,29370.2109375,659.033447265625,3234.90380859375,14134.6484375,411.51300048828125,849.3897094726562,132.8800048828125,1638.1378173828125,4390.1396484375,4185.1103515625,54.0099983215332,3501.261962890625,908.0389404296875,1647.5186767578125,2855.173583984375,1110.6024169921875,5294.5517578125,,390.08282470703125,167.966064453125,702.1665649414062,1387.922119140625,3407.0205078125,3505.846435546875,1223.046875,4679.0859375,3213.924560546875,673.332275390625,11940.279296875,134.56695556640625,1335.431396484375,438.5447692871094,464.0991516113281,9.180000305175781,1367.9027099609375,234.72021484375,22.219999313354492,,987.0130615234375
5048.18115234375,1854.867431640625,1724.9000244140625,766.9552001953125,914.0,2522.971923828125,1045.0999755859375,1388.448486328125,148.77999877929688,629.0303344726562,295.25,84.80999755859375,5439.83251953125,563.5106811523438,7642.94384765625,480.7822570800781,136.10926818847656,2304.87451171875,1402.449462890625,1070.800048828125,4294.39990234375,1179.690185546875,2238.302978515625,8669.984375,1016.89892578125,2011.8831787109375,11944.5771484375,2268.548828125,159.3586883544922,253.6945037841797,120.88129425048828,54.97319412231445,1489.9949951171875,401.3939514160156,1186.0413818359375,238.27137756347656,328.7909851074219,1919.3446044921875,1721.459716796875,348.5831298828125,38099.28515625,5740.39697265625,742.3116455078125,122.01499938964844,1605.46826171875,1480.7086181640625,362.32598876953125,1788.4759521484375,1697.9705810546875,2168.31103515625,520.4976806640625,3862.7509765625,715.9118041992188,471.5116271972656,467.29998779296875,6095.36474609375,16859.0,1226.7205810546875,6830.96728515625,3568.6162109375,396.4501647949219,257.4200134277344,201.920166015625,893.75,172.15394592285156,,1109.22216796875,2023.618408203125,2769.572021484375,1390.23974609375,2679.1513671875,962.7762451171875,744.6459350585938,1491.4810791015625,5328.72607421875,764.2133178710938,4740.033203125,430.409912109375,2455.62255859375,481.69891357421875,218.70315551757812,1358.8443603515625,1864.9364013671875,590.8495483398438,91.25,71.77912902832031,20.728107452392578,381.16009521484375,744.735107421875,726.7633056640625,145.8486785888672,39.119998931884766,694.2647705078125,121.96156311035156,147.8560333251953,213.23324584960938,341.8834228515625,739.7518310546875,1357.9114990234375,1441.2701416015625,5635.0,532.6384887695312,306.2264099121094,1138.65966796875,1019.2000122070312,303.9382019042969,601.2899780273438,1148.4637451171875,481.95001220703125,422.83001708984375,252.94573974609375,562.0499877929688,,3693.72216796875,436.6640625,1891.88232421875,154933.4375,1124.74853515625,271.0516357421875,3390.890625,143.70819091796875,2454.89990234375,707.5642700195312,15852.7900390625,1568.699951171875,1142.369873046875,2799.833251953125,2726.6982421875,3235.740234375,83.6949234008789,265.9618225097656,73.98106384277344,328.5096435546875,1168.5433349609375,1569.8739013671875,230.59982299804688,407.2275695800781,1224.9000244140625,8797.173828125,1764.199951171875,3479.373779296875,41254.85546875,594.1962890625,5226.6328125,273.5215759277344,1592.300048828125,1483.0213623046875,7552.16650390625,526.5499877929688,385.4014587402344,277.4650573730469,1511.896728515625,109.94304656982422,354.31060791015625,345.46514892578125,1361.1068115234375,916.9874877929688,1770.4388427734375,88.54379272460938,2961.595458984375,101.14970397949219,29126.53515625,659.1322631835938,3201.070068359375,13998.728515625,402.76690673828125,843.0538940429688,131.72000122070312,1616.83251953125,4337.47705078125,4113.3271484375,52.77000045776367,3470.868408203125,894.1524658203125,1673.97802734375,2906.541015625,1110.80078125,5363.81005859375,,383.0762634277344,168.46575927734375,697.8331298828125,1406.5382080078125,3553.9384765625,3537.66455078125,1208.251953125,4609.7880859375,3137.83056640625,668.3306884765625,11751.140625,132.11923217773438,1316.957763671875,433.41180419921875,464.9352111816406,9.039999961853027,1363.0181884765625,235.43344116210938,22.040000915527344,,985.0648193359375
5065.8994140625,1864.0145263671875,1735.0,759.2626342773438,931.9500122070312,2541.263671875,1051.5,1389.742919921875,148.91000366210938,627.4808959960938,297.95001220703125,84.56999969482422,5426.95947265625,563.1126708984375,7675.8623046875,478.7580261230469,135.39634704589844,2312.6943359375,1402.54931640625,1119.9000244140625,4305.10009765625,1166.5003662109375,2324.0771484375,8687.7353515625,1017.8430786132812,2012.88232421875,11762.8359375,2259.7099609375,161.8966827392578,255.87400817871094,121.81092834472656,54.90528106689453,1514.9063720703125,407.0621032714844,1204.26513671875,238.27137756347656,327.74298095703125,1917.86328125,1728.28466796875,352.0789489746094,38213.53125,5779.74169921875,759.4737548828125,122.1408462524414,1619.55224609375,1499.0367431640625,363.5113220214844,1776.9295654296875,1704.3118896484375,2159.51123046875,529.8582763671875,3906.88232421875,719.9609375,476.6672058105469,468.0,6106.8173828125,17098.0,1238.2474365234375,6825.029296875,3569.60009765625,395.7037353515625,264.1099853515625,206.63406372070312,889.2999877929688,173.0558319091797,,1107.3582763671875,2021.7275390625,2801.87158203125,1422.096923828125,2680.86376953125,961.2022094726562,751.6708984375,1473.922607421875,5328.2421875,770.0826416015625,4796.64697265625,431.0687561035156,2472.811279296875,503.05865478515625,222.3759765625,1364.69482421875,1869.504150390625,591.3478393554688,91.4000015258789,73.23485565185547,20.986032485961914,381.3031005859375,750.2183227539062,728.90380859375,147.44419860839844,39.13999938964844,700.8307495117188,122.71707153320312,148.06494140625,214.40081787109375,341.97979736328125,747.9385986328125,1337.05859375,1455.0562744140625,5724.5,540.9601440429688,306.1266784667969,1168.48828125,1040.300048828125,306.63189697265625,597.450927734375,1150.0467529296875,482.95001220703125,428.1807861328125,257.5879211425781,560.5,,3732.740966796875,437.3480529785156,1943.508056640625,156076.390625,1124.74853515625,275.15924072265625,3407.1201171875,142.33709716796875,2479.39990234375,712.59130859375,15826.05859375,1596.199951171875,1153.7496337890625,2873.4423828125,2733.905029296875,3222.25439453125,84.89979553222656,267.687255859375,76.4752426147461,330.5271301269531,1175.7694091796875,1583.7066650390625,232.10658264160156,408.30230712890625,1246.300048828125,8913.9658203125,1735.699951171875,3513.296142578125,41294.42578125,590.5706787109375,5307.7587890625,272.6059875488281,1593.800048828125,1499.60205078125,7594.96337890625,530.8499755859375,387.6656799316406,278.2917175292969,1580.9097900390625,111.07027435302734,353.4545593261719,343.3218994140625,1371.458984375,919.8773193359375,1807.2877197265625,88.49456787109375,2985.705322265625,102.94102478027344,29325.455078125,661.2572021484375,3162.857666015625,14230.591796875,426.8186340332031,846.835693359375,136.4600067138672,1643.489013671875,4361.775390625,4137.48583984375,53.16999816894531,3474.455810546875,892.3304443359375,1681.5096435546875,2939.666015625,1108.6192626953125,5474.8193359375,,385.809326171875,172.85523986816406,706.7462158203125,1414.640625,3538.987548828125,3519.326904296875,1223.5400390625,4654.0224609375,3187.162109375,668.5783081054688,11948.119140625,133.8773193359375,1321.4033203125,444.42523193359375,476.2463073730469,9.029999732971191,1377.672119140625,237.4863739013672,22.420000076293945,,993.5571899414062
5104.7802734375,1874.7523193359375,1738.5999755859375,762.509521484375,925.8499755859375,2549.759765625,1064.300048828125,1403.485107421875,149.6999969482422,627.8307495117188,293.3500061035156,83.19000244140625,5401.2138671875,566.4461669921875,7661.89697265625,482.11529541015625,134.33184814453125,2316.455810546875,1423.49609375,1130.300048828125,4320.39990234375,1179.4903564453125,2378.733154296875,8822.3408203125,1017.5946044921875,2002.5911865234375,11925.810546875,2271.528076171875,167.86495971679688,258.5863037109375,122.75992584228516,55.81729507446289,1531.646728515625,411.18890380859375,1214.9205322265625,238.86944580078125,322.6934509277344,1915.789306640625,1732.8345947265625,353.02783203125,38372.48828125,5775.3154296875,751.7408447265625,123.32188415527344,1612.3603515625,1547.2841796875,364.6017761230469,1768.0709228515625,1706.4915771484375,2178.2841796875,533.4547729492188,3915.570556640625,731.0220947265625,480.88983154296875,464.8500061035156,6447.91064453125,17445.0,1256.43212890625,6892.8193359375,3579.34033203125,398.73919677734375,265.19000244140625,207.59078979492188,892.25,173.79286193847656,,1108.33935546875,2081.8369140625,2802.270263671875,1430.70703125,2700.925048828125,964.9404296875,744.6459350585938,1483.94189453125,5316.642578125,769.9334716796875,4783.38427734375,425.89215087890625,2483.909912109375,489.35894775390625,225.7193145751953,1368.7607421875,1849.7437744140625,595.6329345703125,93.45999908447266,74.21199035644531,21.53163719177246,384.0682678222656,760.0587158203125,732.2886962890625,146.36151123046875,40.22999954223633,706.6561889648438,124.12017059326172,150.16380310058594,212.10491943359375,340.87152099609375,762.1156005859375,1323.752685546875,1460.4549560546875,5735.0,544.1492919921875,306.07684326171875,1161.130615234375,1015.2000122070312,307.4300231933594,600.5919189453125,1141.8349609375,484.8500061035156,429.27886962890625,253.4307403564453,568.4500122070312,,3747.397705078125,438.6182556152344,1945.1959228515625,155118.109375,1151.8533935546875,275.8927307128906,3418.995361328125,140.87789916992188,2459.89990234375,711.04833984375,16103.2744140625,1581.699951171875,1154.3485107421875,2854.940673828125,2710.531494140625,3130.4306640625,85.1642837524414,266.2575988769531,74.85450744628906,334.3161315917969,1187.350830078125,1591.8670654296875,234.91981506347656,408.5954284667969,1236.9000244140625,8819.6708984375,1745.4000244140625,3546.024658203125,41195.49609375,590.1237182617188,5320.07275390625,271.2567138671875,1597.800048828125,1499.800537109375,7693.49560546875,529.1500244140625,389.1109619140625,281.2093505859375,1619.5611572265625,113.92719268798828,354.7386169433594,340.9294128417969,1375.3409423828125,918.5321044921875,1807.8868408203125,88.72103881835938,3013.2021484375,103.59784698486328,29285.669921875,657.3037719726562,3132.00927734375,14101.66796875,430.1481018066406,865.0573120117188,132.1699981689453,1655.7767333984375,4373.1806640625,4195.505859375,54.310001373291016,3478.142822265625,889.3758544921875,1853.346923828125,2907.59765625,1117.0479736328125,5312.23486328125,,387.6976013183594,170.3469696044922,703.5453491210938,1405.5736083984375,3520.3486328125,3501.782470703125,1222.3565673828125,4684.17822265625,3154.607421875,674.7683715820312,12035.3388671875,135.27603149414062,1320.8104248046875,442.1827087402344,474.2791442871094,9.039999961853027,1412.861572265625,239.70318603515625,24.0,,992.5580444335938
5066.88330078125,1859.341552734375,1742.199951171875,766.3557739257812,937.6500244140625,2526.270263671875,1051.300048828125,1431.7659912109375,154.42999267578125,625.1316528320312,299.04998779296875,81.97000122070312,5438.84228515625,563.95849609375,7651.921875,479.25177001953125,134.20489501953125,2318.732666015625,1417.6109619140625,1136.800048828125,4202.60009765625,1188.6832275390625,2469.494140625,8940.1826171875,1030.415771484375,2018.677490234375,12202.3740234375,2202.904296875,167.03216552734375,259.70025634765625,122.84708404541016,55.86581039428711,1504.0450439453125,407.11181640625,1221.0947265625,234.10482788085938,321.9789123535156,1930.6029052734375,1770.4210205078125,348.9826354980469,38283.07421875,5765.97119140625,745.40478515625,123.56390380859375,1645.32275390625,1549.0673828125,361.8044128417969,1751.9459228515625,1700.2493896484375,2171.830810546875,523.1580200195312,3906.68505859375,732.0097045898438,478.9749450683594,473.79998779296875,6529.076171875,17195.0,1254.4447021484375,6840.36865234375,3519.71875,396.5994567871094,261.4800109863281,212.2947235107422,882.7000122070312,174.87899780273438,,1089.7000732421875,2086.812744140625,2789.310546875,1429.9417724609375,2773.83056640625,961.1038818359375,743.8986206054688,1461.323974609375,5373.67578125,766.2029418945312,4696.78076171875,424.809814453125,2448.452392578125,496.4788513183594,223.2869415283203,1367.8681640625,1820.5498046875,591.5470581054688,93.2300033569336,73.49409484863281,21.194353103637695,380.683349609375,767.157470703125,722.830810546875,147.4536895751953,39.79999923706055,700.6332397460938,123.13898468017578,149.27850341796875,212.24229431152344,337.2093200683594,758.6712036132812,1324.14990234375,1439.5347900390625,5787.5,542.6045532226562,304.6810607910156,1154.7672119140625,1007.5999755859375,307.7293395996094,595.4066772460938,1142.7254638671875,474.79998779296875,429.6781921386719,263.8633117675781,572.3499755859375,,3733.0380859375,438.3495788574219,1958.2015380859375,156605.453125,1150.259033203125,278.0443115234375,3423.745361328125,139.7026824951172,2442.5,710.1026611328125,16160.697265625,1607.5,1141.2718505859375,2814.256591796875,2678.393310546875,3187.052001953125,84.68428802490234,266.1590270996094,74.87391662597656,336.2844543457031,1176.0662841796875,1580.3231201171875,232.7741241455078,406.8856506347656,1249.4000244140625,8804.353515625,1719.300048828125,3526.22802734375,40572.22265625,585.8524780273438,5292.26904296875,271.0157775878906,1622.9000244140625,1502.6798095703125,7649.2060546875,528.3499755859375,388.3882751464844,278.2917175292969,1612.5699462890625,113.6453857421875,352.9789733886719,338.08831787109375,1368.671875,917.6351928710938,1812.780029296875,88.6619644165039,3036.0166015625,103.59784698486328,29454.75,664.3211669921875,3062.451171875,13991.7333984375,433.0800476074219,867.3165893554688,132.50999450683594,1653.2994384765625,4393.31298828125,4222.04150390625,54.349998474121094,3490.997802734375,896.7623291015625,1781.9957275390625,2887.338623046875,1107.627685546875,5257.71240234375,,388.7411193847656,169.5337371826172,690.1018676757812,1399.4969482421875,3522.043212890625,3487.310546875,1266.05078125,4674.6923828125,3111.86669921875,667.3402709960938,11928.51953125,135.88795471191406,1300.16357421875,440.9866638183594,471.4267578125,8.729999542236328,1374.18310546875,236.2623291015625,24.030000686645508,,994.606201171875
5039.322265625,1851.7852783203125,1725.0,771.900390625,933.75,2515.875,1036.199951171875,1423.0028076171875,154.89999389648438,616.53466796875,298.0,80.13999938964844,5439.33740234375,560.823974609375,7739.703125,474.6601867675781,132.24192810058594,2294.580322265625,1415.0177001953125,1124.800048828125,4205.2001953125,1175.8931884765625,2441.866943359375,8976.17578125,1012.92333984375,2017.6783447265625,12061.12890625,2216.609375,161.19277954101562,255.68028259277344,120.3680648803711,53.46934127807617,1483.51806640625,400.15093994140625,1217.8084716796875,231.69261169433594,316.73883056640625,1922.406005859375,1736.889892578125,351.4297180175781,37761.5078125,5705.478515625,744.3072509765625,121.22118377685547,1643.824462890625,1537.8724365234375,361.2355041503906,1776.2330322265625,1684.8917236328125,2153.44873046875,519.5123901367188,3895.03515625,731.7134399414062,478.5821228027344,469.3500061035156,6534.0556640625,16634.0,1229.5029296875,6815.62744140625,3555.4326171875,391.27496337890625,255.7899932861328,214.70648193359375,871.9000244140625,170.0689239501953,,1080.478759765625,2047.5029296875,2767.1796875,1430.6114501953125,2737.133056640625,961.25146484375,740.9093017578125,1437.515869140625,5385.7587890625,756.1553344726562,4698.16650390625,416.6213684082031,2457.783447265625,496.57708740234375,217.9860382080078,1372.52880859375,1841.7998046875,595.981689453125,91.73999786376953,72.58676147460938,20.916589736938477,378.3472595214844,752.127685546875,717.9525756835938,145.12686157226562,38.599998474121094,695.2521362304688,122.17742156982422,153.7050323486328,207.70936584472656,326.2709655761719,749.1865844726562,1313.0284423828125,1436.353515625,5759.0,539.216064453125,307.9212951660156,1141.244873046875,996.0,304.885986328125,581.994873046875,1144.308349609375,469.45001220703125,429.6182861328125,260.2505187988281,565.7999877929688,,3708.081787109375,440.670166015625,1923.354248046875,157414.015625,1138.0020751953125,281.125,3423.844482421875,138.0965576171875,2438.10009765625,704.9761352539062,16099.3134765625,1611.0999755859375,1159.439453125,2785.2109375,2673.621337890625,3191.31591796875,83.61654663085938,262.7574768066406,73.8840103149414,331.314453125,1163.593994140625,1563.4052734375,233.3463134765625,404.5895690917969,1244.800048828125,8567.8984375,1708.5999755859375,3536.474609375,40037.98828125,579.6939697265625,5300.41162109375,266.82330322265625,1625.800048828125,1480.5391845703125,7572.07177734375,517.2000122070312,383.4743957519531,279.6046447753906,1601.583740234375,112.01285552978516,352.218017578125,332.0074157714844,1369.5677490234375,912.8021240234375,1813.6787109375,87.18492126464844,3032.629150390625,104.54325866699219,29454.75,666.5943603515625,3092.10546875,13967.7470703125,450.0255432128906,861.4227905273438,128.77000427246094,1639.426025390625,4389.4453125,4126.59423828125,53.95000076293945,3492.791748046875,899.9138793945312,1855.725341796875,2842.307861328125,1109.51171875,5241.01220703125,,389.138671875,167.0646514892578,677.5939331054688,1415.990966796875,3525.83056640625,3491.0771484375,1277.09765625,4610.3876953125,3095.090087890625,663.5272216796875,11828.5595703125,133.0711212158203,1286.629638671875,440.1394958496094,472.1644592285156,8.359999656677246,1387.3416748046875,239.4333038330078,23.31999969482422,,978.3707885742188
5092.47607421875,1846.714599609375,1734.0999755859375,801.32177734375,944.2000122070312,2531.668212890625,1043.800048828125,1444.6116943359375,157.50999450683594,618.7838745117188,303.5,83.44999694824219,5512.119140625,564.207275390625,7806.5361328125,480.68353271484375,132.515380859375,2351.001953125,1435.166748046875,1109.0,4259.60009765625,1168.6986083984375,2449.845947265625,8873.1259765625,1053.4244384765625,2082.3232421875,12067.0556640625,2196.647705078125,161.7975311279297,259.9908447265625,122.3435287475586,57.53459930419922,1495.5751953125,405.819091796875,1227.4681396484375,235.04180908203125,321.9312438964844,1944.0338134765625,1716.01953125,355.9742736816406,38129.08984375,5761.544921875,755.6322021484375,124.30931854248047,1696.4644775390625,1544.212890625,364.3647155761719,1786.88330078125,1749.196044921875,2177.599853515625,522.1727294921875,3907.080078125,746.9224243164062,484.27777099609375,460.75,6546.00634765625,16777.0,1224.6337890625,6823.544921875,3623.12158203125,388.73712158203125,261.6199951171875,215.5934600830078,880.5999755859375,172.0084686279297,,1089.50390625,2125.326904296875,2808.05224609375,1430.8984375,2820.313720703125,962.3335571289062,758.4468383789062,1452.4951171875,5352.892578125,760.2838134765625,4795.55859375,422.2685546875,2474.186279296875,503.9916076660156,221.68792724609375,1386.7093505859375,2006.1397705078125,585.9664916992188,93.1500015258789,72.75626373291016,20.901710510253906,381.3031005859375,759.1285400390625,724.5233154296875,145.96263122558594,40.22999954223633,707.1005249023438,122.53064727783203,154.0730743408203,207.94485473632812,332.2942810058594,738.9031982421875,1325.4407958984375,1421.4105224609375,5860.5,543.900146484375,308.36993408203125,1154.170654296875,1001.4000244140625,311.91949462890625,583.0418701171875,1153.41064453125,477.0,429.1790466308594,268.78265380859375,569.0999755859375,,3791.665283203125,439.18011474609375,1926.5311279296875,155033.265625,1167.8970947265625,287.3841857910156,3460.855712890625,139.16404724121094,2445.699951171875,706.967041015625,16050.80078125,1609.0999755859375,1153.7496337890625,2837.333984375,2709.265625,3232.9638671875,85.26224517822266,265.1237487792969,74.4468994140625,333.8732604980469,1209.029052734375,1593.6583251953125,236.23583984375,413.3340148925781,1277.300048828125,8383.138671875,1674.0999755859375,3536.77294921875,40102.29296875,580.687255859375,5684.3955078125,269.5218811035156,1676.300048828125,1490.0706787109375,7622.33349609375,542.5,390.21893310546875,282.9599304199219,1673.892822265625,113.11093139648438,357.449462890625,337.5400695800781,1367.97509765625,925.9560546875,1838.044921875,87.9825210571289,3077.06298828125,104.2745590209961,29777.9921875,669.2628784179688,3103.350341796875,14043.7021484375,449.47894287109375,870.4107666015625,130.2899932861328,1640.11962890625,4479.69580078125,4156.0009765625,53.72999954223633,3562.447998046875,889.8682861328125,1937.48193359375,2862.06396484375,1104.85107421875,5272.939453125,,394.0581970214844,169.739501953125,684.7835083007812,1407.309814453125,3537.392822265625,3501.782470703125,1291.7939453125,4717.2294921875,3145.8193359375,671.1533813476562,12064.7392578125,135.44114685058594,1316.957763671875,443.8770751953125,475.11517333984375,8.75,1407.6778564453125,241.1585693359375,23.31999969482422,,976.4225463867188
5130.373046875,1849.3990478515625,1728.0,797.7252807617188,947.9500122070312,2556.45703125,1060.300048828125,1473.2908935546875,157.3699951171875,621.4329833984375,300.0,83.69000244140625,5470.0341796875,566.8939819335938,7814.01708984375,483.7939758300781,134.02911376953125,2385.250732421875,1441.151611328125,1106.300048828125,4316.10009765625,1195.378173828125,2502.606689453125,9024.4951171875,1059.2386474609375,2088.41796875,12347.5703125,2259.0146484375,160.171630859375,257.81134033203125,121.45262908935547,55.9143180847168,1499.5609130859375,409.4983825683594,1259.932373046875,235.41061401367188,320.0257568359375,1942.947509765625,1731.350830078125,357.77215576171875,38258.23828125,5926.79296875,758.9249267578125,123.30252838134766,1666.198974609375,1554.8134765625,367.5413513183594,1782.7027587890625,1745.331787109375,2234.995361328125,526.2618408203125,3890.49365234375,760.1563110351562,491.74102783203125,446.79998779296875,6573.3935546875,16844.0,1232.384521484375,6915.5810546875,3721.309326171875,395.9525451660156,263.30999755859375,213.76968383789062,906.0,173.75405883789062,,1098.8233642578125,2194.691650390625,2850.918701171875,1449.3623046875,2839.64111328125,978.1715698242188,740.2117309570312,1464.00244140625,5393.4921875,776.051513671875,4811.4931640625,425.37451171875,2515.93017578125,497.6082458496094,220.94174194335938,1405.451416015625,1996.01123046875,584.9699096679688,92.30999755859375,71.57971954345703,21.367956161499023,386.3089904785156,754.9671630859375,734.777587890625,145.94363403320312,39.77000045776367,709.8157958984375,122.3736572265625,152.32235717773438,209.64224243164062,331.4751281738281,738.30419921875,1339.0445556640625,1418.61474609375,5881.0,546.740478515625,308.02099609375,1165.406005859375,1022.7999877929688,311.37078857421875,593.61181640625,1149.552001953125,487.1499938964844,440.3197937011719,266.44671630859375,569.2999877929688,,3824.4453125,436.8350830078125,1937.154052734375,154978.359375,1190.6173095703125,286.84625244140625,3523.794921875,140.62326049804688,2455.300048828125,722.396484375,16135.9462890625,1552.4000244140625,1173.215087890625,2816.9423828125,2710.92138671875,3241.094970703125,85.17407989501953,260.0953674316406,73.6413803100586,336.08758544921875,1263.669921875,1678.944091796875,236.83665466308594,407.667236328125,1274.0,8420.9521484375,1691.0,3531.79931640625,40582.1171875,585.9021606445312,5800.474609375,268.65447998046875,1694.9000244140625,1512.1119384765625,7542.21337890625,539.4000244140625,386.8948669433594,283.835205078125,1694.7664794921875,112.8291244506836,359.0664367675781,334.9980163574219,1391.8646240234375,931.5863037109375,1833.151611328125,87.60833740234375,3178.083740234375,106.75254821777344,29847.61328125,664.6669921875,3103.748291015625,14026.7119140625,465.6790466308594,871.2457275390625,131.3800048828125,1643.9844970703125,4453.61279296875,4198.27880859375,53.61000061035156,3564.042724609375,907.0048828125,1953.5360107421875,2862.931396484375,1139.6566162109375,5308.30517578125,,396.54278564453125,170.48414611816406,681.6318969726562,1411.93994140625,3628.394287109375,3502.773681640625,1319.3125,4786.3271484375,3174.57958984375,673.8770141601562,12110.798828125,134.82920837402344,1342.6429443359375,459.7742919921875,471.2300720214844,8.850000381469727,1411.1668701171875,244.62832641601562,23.1200008392334,,983.7160034179688
5120.5302734375,1822.15673828125,1754.0999755859375,791.6812133789062,929.7000122070312,2548.260498046875,1036.699951171875,1473.1912841796875,165.97999572753906,619.5836181640625,299.29998779296875,82.27999877929688,5526.97314453125,560.823974609375,7881.8486328125,482.31280517578125,131.36297607421875,2482.35546875,1438.7576904296875,1101.0,4302.5,1199.2750244140625,2479.06884765625,9023.509765625,1063.56201171875,2081.92333984375,12499.6796875,2252.857666015625,159.59661865234375,256.2130432128906,119.21570587158203,55.40979766845703,1534.536376953125,410.4927978515625,1236.4306640625,231.8720245361328,319.9781188964844,1986.9931640625,1796.4346923828125,355.7245788574219,38501.63671875,5983.35107421875,756.0313720703125,121.48255920410156,1652.4146728515625,1562.937255859375,368.6792297363281,1783.6981201171875,1718.9759521484375,2244.283935546875,521.7293701171875,3924.357421875,758.427978515625,499.2043151855469,465.3500061035156,6594.30712890625,16700.0,1247.9857177734375,6969.51611328125,3637.68212890625,399.03778076171875,261.1400146484375,211.6569061279297,892.9500122070312,172.23153686523438,,1110.693603515625,2225.44287109375,2827.391845703125,1433.1617431640625,2796.582763671875,986.2381591796875,743.30078125,1479.576904296875,5406.05859375,768.7894287109375,4828.51708984375,422.22149658203125,2557.37939453125,491.27398681640625,217.61776733398438,1424.5899658203125,1986.9749755859375,593.689697265625,91.72000122070312,71.6694564819336,21.238994598388672,392.9834289550781,766.0314331054688,732.139404296875,145.2218475341797,38.83000183105469,710.210693359375,121.19622802734375,150.25332641601562,204.30477905273438,330.5596008300781,749.7855834960938,1318.986328125,1389.3072509765625,5848.0,538.9669189453125,296.30633544921875,1156.6563720703125,1007.5999755859375,308.57733154296875,590.9693603515625,1132.6337890625,489.8500061035156,440.3996887207031,263.5466003417969,568.25,,3802.261962890625,432.609130859375,1926.0347900390625,155662.140625,1182.744873046875,293.49664306640625,3609.296875,137.95945739746094,2476.60009765625,731.803466796875,16237.921875,1547.5999755859375,1200.56640625,2803.414306640625,2623.368408203125,3306.54150390625,84.96836853027344,260.68695068359375,72.70000457763672,335.59552001953125,1276.439208984375,1692.279296875,236.2072296142578,399.509033203125,1285.300048828125,8405.634765625,1646.9000244140625,3554.480224609375,40601.90234375,583.91552734375,5715.27734375,265.61859130859375,1687.800048828125,1531.6710205078125,7404.36767578125,526.4000244140625,381.9809875488281,281.7928771972656,1704.0546875,110.48722076416016,356.6409912109375,330.61181640625,1410.279541015625,923.7637329101562,1841.5400390625,88.68165588378906,3157.560791015625,104.1949462890625,29529.345703125,667.632080078125,3105.9375,14049.6982421875,459.36798095703125,873.4067993164062,128.67999267578125,1663.9024658203125,4451.23291015625,4167.38720703125,52.91999816894531,3641.272705078125,889.0311889648438,1909.5361328125,2854.739501953125,1156.2164306640625,5274.904296875,,395.35015869140625,168.7401123046875,674.8363037109375,1396.313720703125,3662.78125,3552.830078125,1293.8653564453125,4807.29638671875,3132.03857421875,667.6869506835938,12122.55859375,132.77001953125,1344.9151611328125,460.0234680175781,466.26300048828125,8.699999809265137,1422.1324462890625,232.1853485107422,22.25,,986.7633056640625
5149.568359375,1820.3670654296875,1749.0999755859375,864.360595703125,937.0499877929688,2546.96142578125,1034.0999755859375,1460.8433837890625,170.3000030517578,620.4833374023438,305.3500061035156,83.02999877929688,5502.71240234375,562.7146606445312,7990.07861328125,500.6297302246094,132.661865234375,2490.471923828125,1444.5428466796875,1099.4000244140625,4275.2998046875,1225.05517578125,2487.546630859375,8997.8701171875,1074.3955078125,2137.9755859375,12450.29296875,2267.257568359375,165.5549774169922,262.9453125,125.66503143310547,57.83537292480469,1529.155517578125,414.172119140625,1242.5052490234375,233.00836181640625,321.74072265625,2026.0023193359375,1783.37841796875,363.8648376464844,38958.62890625,5970.56396484375,738.52001953125,123.51549530029297,1671.39306640625,1623.8656005859375,370.3860778808594,1788.675048828125,1731.361328125,2194.31982421875,525.9662475585938,3955.456787109375,764.3536376953125,495.47265625,474.8999938964844,6576.87890625,16075.0,1273.9212646484375,6940.81689453125,3634.8291015625,396.9477844238281,257.4800109863281,226.30685424804688,887.9500122070312,173.0267333984375,,1114.9119873046875,2280.775390625,2845.13671875,1442.0335693359375,2796.827392578125,986.6316528320312,739.6138916015625,1473.525634765625,5452.94189453125,782.2691040039062,4810.20703125,426.3157043457031,2548.244873046875,477.6724853515625,221.73638916015625,1378.6771240234375,1997.004150390625,594.6862182617188,94.0999984741211,76.70466613769531,21.36299705505371,393.8415832519531,796.825439453125,739.7056884765625,146.11459350585938,40.15999984741211,711.8892211914062,122.71707153320312,152.4417266845703,203.28439331054688,341.5461120605469,758.5214233398438,1302.3040771484375,1408.395751953125,5934.0,523.4197998046875,293.165771484375,1138.65966796875,1005.5999755859375,309.9740905761719,589.07470703125,1134.4146728515625,494.8999938964844,441.9969177246094,264.81353759765625,573.0499877929688,,3835.23974609375,435.7113952636719,1929.8074951171875,161406.890625,1181.449462890625,290.31817626953125,3561.697021484375,148.3992156982422,2455.10009765625,724.0389404296875,16260.693359375,1533.300048828125,1207.4541015625,2822.612548828125,2675.763671875,3294.3447265625,84.79203796386719,263.3983459472656,73.020263671875,336.5304870605469,1272.380859375,1692.9765625,237.20855712890625,397.6037902832031,1305.5,8218.9609375,1643.199951171875,3515.68359375,41274.640625,586.2994995117188,5803.65234375,268.89544677734375,1656.300048828125,1515.388427734375,7637.2626953125,511.8999938964844,383.42626953125,280.28546142578125,1715.340576171875,114.76289367675781,356.4031982421875,327.9700927734375,1460.04931640625,934.675537109375,1837.1461181640625,87.8545150756836,3168.021728515625,105.25978088378906,28723.728515625,685.8671875,3081.65673828125,14075.68359375,458.3741149902344,891.431884765625,129.83999633789062,1673.3165283203125,4484.357421875,4151.4462890625,53.09000015258789,3639.279541015625,889.4744262695312,1887.9324951171875,2905.81689453125,1166.529296875,5302.4111328125,,397.3378601074219,168.47555541992188,670.5520629882812,1407.81494140625,3724.977294921875,3539.052001953125,1286.3690185546875,4795.2138671875,3121.95263671875,674.273193359375,12099.0390625,137.27694702148438,1349.064208984375,454.8406982421875,466.115478515625,8.9399995803833,1440.2755126953125,232.5130615234375,22.639999389648438,,1001.4500122070312
5157.93505859375,1838.2635498046875,1752.0999755859375,860.5142822265625,936.4500122070312,2548.76025390625,1040.0,1467.3160400390625,170.77999877929688,623.0823974609375,304.8500061035156,83.6500015258789,5493.3046875,564.7047729492188,7992.07373046875,508.6773376464844,133.05250549316406,2479.187744140625,1443.046630859375,1100.5,4274.5,1236.3465576171875,2481.26318359375,8991.4609375,1079.86181640625,2167.250732421875,12575.734375,2295.561279296875,164.56356811523438,261.7344665527344,126.1395263671875,58.24286651611328,1536.2303466796875,415.3654479980469,1238.22314453125,233.84567260742188,323.0268859863281,2018.1016845703125,1792.9727783203125,365.6627197265625,38943.7265625,5975.48193359375,737.3724975585938,123.06050872802734,1668.396484375,1648.137939453125,370.8602294921875,1800.42041015625,1725.515380859375,2210.355224609375,526.2618408203125,3950.02685546875,762.1808471679688,497.2893981933594,476.54998779296875,6559.94873046875,16122.0,1280.5789794921875,6945.76513671875,3643.880615234375,397.4454040527344,256.8599853515625,226.66563415527344,893.5,172.99765014648438,,1112.2633056640625,2282.46728515625,2861.78466796875,1432.9688720703125,2792.66845703125,991.3043823242188,741.0587768554688,1472.236083984375,5458.2587890625,780.8764038085938,4808.42529296875,428.62164306640625,2545.5927734375,475.1682434082031,221.14523315429688,1370.4464111328125,1992.9329833984375,593.2412109375,94.30000305175781,76.54512786865234,21.44235610961914,393.6509094238281,796.3358764648438,740.9501342773438,146.38052368164062,40.66999816894531,708.9271240234375,122.8446273803711,152.33230590820312,203.5100555419922,347.23211669921875,757.2235717773438,1307.765625,1419.482421875,5913.0,526.3099365234375,297.15374755859375,1145.91796875,1009.7999877929688,311.07147216796875,589.0248413085938,1140.153076171875,492.1000061035156,438.6427001953125,265.1203918457031,573.6500244140625,,3850.58984375,435.8335266113281,1928.3182373046875,161391.921875,1180.6522216796875,293.6433410644531,3583.567138671875,147.35133361816406,2445.60009765625,718.7630615234375,16232.9716796875,1540.800048828125,1201.8641357421875,2816.743408203125,2669.141357421875,3247.242919921875,84.5863265991211,263.7434387207031,73.37934875488281,336.57965087890625,1274.26171875,1692.77734375,236.61729431152344,397.2618408203125,1308.199951171875,8252.4658203125,1636.4000244140625,3508.72021484375,41141.0859375,584.7598876953125,5759.365234375,268.50994873046875,1651.800048828125,1521.047607421875,7569.0859375,514.9000244140625,383.9080505371094,280.6744689941406,1711.2457275390625,114.34504699707031,358.7335205078125,330.9607238769531,1458.4566650390625,933.4298706054688,1838.4443359375,88.41578674316406,3136.24072265625,104.86172485351562,28793.349609375,687.1520385742188,3087.726806640625,14098.669921875,459.1195068359375,891.775634765625,129.9499969482422,1675.1993408203125,4509.25048828125,4148.970703125,54.18000030517578,3645.557861328125,899.0767822265625,1898.0406494140625,2897.62548828125,1164.7442626953125,5260.16845703125,,396.3440246582031,169.28878784179688,674.6392822265625,1412.0059814453125,3716.803955078125,3559.3720703125,1301.1640625,4784.03076171875,3125.547607421875,674.4217529296875,12095.119140625,137.5974884033203,1343.235595703125,457.93048095703125,467.83673095703125,9.0,1451.240966796875,232.6287078857422,22.75,,998.6026000976562
5100.35107421875,1845.0244140625,1753.5999755859375,869.8552856445312,952.4000244140625,2544.662353515625,1044.699951171875,1447.001708984375,165.25999450683594,623.182373046875,308.0,83.5199966430664,5479.93701171875,561.5702514648438,7948.681640625,507.4924011230469,134.62484741210938,2477.010009765625,1452.123779296875,1099.0999755859375,4268.0,1257.8299560546875,2480.9638671875,8921.4462890625,1087.465087890625,2174.744384765625,12982.677734375,2332.206298828125,169.8378448486328,258.537841796875,131.24282836914062,57.65102767944336,1509.4259033203125,416.31011962890625,1294.68701171875,233.53665161132812,315.64312744140625,1982.9442138671875,1762.508056640625,361.8672180175781,38665.55859375,5968.5966796875,731.2360229492188,122.20861053466797,1682.780029296875,1629.809814453125,372.3299865722656,1784.096435546875,1738.59423828125,2236.070556640625,526.90234375,4022.0986328125,764.69921875,502.1994323730469,473.70001220703125,6538.537109375,15611.0,1271.337646484375,6813.15380859375,3617.316650390625,390.27972412109375,253.72000122070312,227.08419799804688,886.0,174.63656616210938,,1110.7918701171875,2267.837890625,2855.703857421875,1469.5164794921875,2745.9404296875,992.386474609375,741.0089721679688,1484.437744140625,5402.1923828125,788.2877197265625,4760.9169921875,414.7860412597656,2555.31689453125,473.4987487792969,221.68792724609375,1352.2994384765625,1971.7135009765625,605.05029296875,94.0999984741211,78.72872161865234,21.521717071533203,396.60675048828125,808.9668579101562,734.2798461914062,142.57211303710938,40.150001525878906,709.9144897460938,122.7563247680664,152.73019409179688,210.71168518066406,345.73834228515625,758.3716430664062,1370.125244140625,1473.566162109375,5789.0,531.4923706054688,298.8486633300781,1131.6995849609375,1009.0999755859375,308.3279113769531,597.7001953125,1148.66162109375,494.1499938964844,444.35284423828125,264.23944091796875,580.75,,3880.794921875,439.66864013671875,1925.8363037109375,162005.8125,1171.185546875,291.6384582519531,3585.9423828125,142.9834747314453,2451.0,721.5005493164062,16230.0009765625,1531.800048828125,1208.8516845703125,2795.157958984375,2726.11376953125,3155.41943359375,84.0671615600586,258.76434326171875,72.0012435913086,337.2193603515625,1259.9085693359375,1667.8690185546875,240.61305236816406,407.8138122558594,1284.0999755859375,8167.744140625,1669.5,3522.74658203125,41017.4140625,589.6270141601562,5794.91357421875,268.943603515625,1691.199951171875,1506.2540283203125,7482.99462890625,489.6499938964844,382.12554931640625,281.69561767578125,1734.9158935546875,114.87950897216797,356.5934143066406,328.9171447753906,1441.7340087890625,925.358154296875,1850.1280517578125,87.8938980102539,3065.904296875,106.7923583984375,28813.240234375,701.3843383789062,3134.4970703125,14013.7197265625,475.120849609375,895.41015625,129.33999633789062,1674.604736328125,4571.43408203125,4109.96044921875,54.529998779296875,3584.67041015625,891.0009155273438,1835.5091552734375,2961.712646484375,1151.2584228515625,5374.6162109375,,395.20111083984375,170.6409149169922,680.9425048828125,1426.3336181640625,3759.96240234375,3582.36865234375,1310.23828125,4776.2421875,3201.94140625,669.1725463867188,11902.0595703125,138.75335693359375,1334.8385009765625,464.01025390625,475.3118896484375,9.520000457763672,1426.718017578125,235.4623565673828,22.719999313354492,,1008.0941162109375
5099.85888671875,1839.4566650390625,1754.4000244140625,859.5152587890625,944.25,2503.080810546875,1031.0999755859375,1423.0028076171875,167.72000122070312,622.3326416015625,306.1499938964844,81.93000030517578,5490.8291015625,552.266357421875,7818.0078125,493.5201721191406,133.15992736816406,2476.21826171875,1427.1868896484375,1085.0,4213.89990234375,1240.9429931640625,2468.49658203125,8950.5361328125,1083.092041015625,2157.658935546875,12982.677734375,2310.45751953125,168.5391082763672,257.85980224609375,129.6643829345703,57.13680648803711,1538.522216796875,419.69110107421875,1278.5545654296875,230.1974334716797,314.8333435058594,2004.0782470703125,1768.14599609375,359.0705871582031,38332.75,5953.84228515625,722.255859375,121.68585205078125,1731.624267578125,1569.674072265625,373.65753173828125,1815.8486328125,1743.845458984375,2189.62646484375,529.0208129882812,4130.00927734375,762.8721923828125,499.3025207519531,466.8999938964844,6565.92431640625,15490.0,1275.5111083984375,6769.11474609375,3606.19921875,386.84619140625,250.58999633789062,226.62576293945312,887.6500244140625,175.54815673828125,,1108.9278564453125,2276.794677734375,2832.47607421875,1469.419921875,2712.423583984375,978.5650634765625,732.33984375,1482.94970703125,5355.7919921875,820.17138671875,4764.87646484375,412.6683349609375,2471.632568359375,477.96710205078125,219.83697509765625,1366.182373046875,1986.35791015625,599.8682250976562,93.93000030517578,77.97093963623047,21.586198806762695,397.4172058105469,802.9451293945312,732.63720703125,142.80955505371094,39.54999923706055,705.7675170898438,122.42979431152344,152.59092712402344,207.17955017089844,348.436767578125,753.8290405273438,1368.1392822265625,1470.57763671875,5779.0,529.3496704101562,292.7669982910156,1134.88134765625,1008.2000122070312,305.23516845703125,588.875244140625,1166.1734619140625,495.29998779296875,436.6461486816406,264.279052734375,579.5,,3867.128173828125,434.6366271972656,1917.298095703125,159904.578125,1168.7939453125,291.58953857421875,3587.32763671875,142.30772399902344,2432.39990234375,722.5457763671875,16112.1845703125,1518.0,1181.9993896484375,2790.681884765625,2745.299560546875,3136.578857421875,83.05818939208984,260.4404602050781,72.0012435913086,334.21771240234375,1269.0152587890625,1693.674072265625,243.14019775390625,409.8655700683594,1287.0,8199.3349609375,1685.699951171875,3564.527587890625,40587.0625,577.061767578125,5785.08349609375,270.8711853027344,1680.699951171875,1496.3255615234375,7477.5205078125,484.54998779296875,379.2350158691406,280.57720947265625,1751.89453125,113.63567352294922,354.40570068359375,328.418701171875,1444.9193115234375,925.7069702148438,1837.24609375,87.6181869506836,3070.487548828125,105.73747253417969,28549.673828125,707.1167602539062,3136.785888671875,14008.72265625,475.76690673828125,888.4849853515625,129.4600067138672,1683.622314453125,4608.724609375,3964.116943359375,53.81999969482422,3587.261474609375,886.2243041992188,1878.91455078125,2952.07568359375,1145.6063232421875,5446.330078125,,394.4060363769531,170.91525268554688,679.218994140625,1416.8792724609375,3702.75,3549.95556640625,1307.673828125,4782.533203125,3154.806884765625,665.6070556640625,11679.6005859375,137.70433044433594,1340.9635009765625,459.8739929199219,487.45904541015625,9.619999885559082,1436.8861083984375,234.1901092529297,22.670000076293945,,1003.997802734375
5155.9658203125,1851.984130859375,1767.0,863.361572265625,946.3499755859375,2491.68603515625,1017.0999755859375,1414.6380615234375,162.9600067138672,618.8338623046875,310.75,81.76000213623047,5422.00830078125,557.490478515625,7825.98779296875,499.19793701171875,137.5155792236328,2493.243896484375,1431.57568359375,1094.699951171875,4257.89990234375,1253.133544921875,2503.60400390625,8969.2724609375,1077.774658203125,2168.349609375,12794.0224609375,2311.450927734375,170.5615692138672,265.07635498046875,135.2906036376953,57.13680648803711,1532.34423828125,412.82965087890625,1295.981689453125,234.24436950683594,326.7902526855469,2054.246826171875,1849.7481689453125,360.01947021484375,38750.00390625,5815.15234375,726.7459716796875,125.0063247680664,1730.4256591796875,1569.27783203125,376.1704406738281,1811.767578125,1813.7974853515625,2167.2353515625,532.8142700195312,4256.67724609375,769.8347778320312,497.92767333984375,473.0,6463.34716796875,15505.0,1276.206787109375,6834.92578125,3600.689697265625,378.137939453125,255.13999938964844,233.24314880371094,885.0999755859375,174.7238311767578,,1103.3360595703125,2309.138427734375,2914.819580078125,1478.7738037109375,2720.007568359375,986.6316528320312,734.6316528320312,1480.668212890625,5458.2587890625,836.4862670898438,4708.06396484375,427.06866455078125,2467.1142578125,473.6460266113281,219.9920196533203,1366.083251953125,1978.8863525390625,598.67236328125,95.7699966430664,77.80144500732422,22.13676643371582,401.0881652832031,808.6240844726562,743.2399291992188,147.39671325683594,40.380001068115234,714.9500732421875,122.1527328491211,152.5610809326172,209.44601440429688,357.8331604003906,768.8047485351562,1355.1309814453125,1472.633056640625,5835.0,527.5557250976562,295.10992431640625,1144.02880859375,1034.300048828125,304.8360900878906,594.0106811523438,1194.1727294921875,505.8500061035156,428.9794006347656,264.4275207519531,584.3499755859375,,3885.845703125,438.5450134277344,1909.057861328125,159051.09375,1172.8795166015625,292.5186462402344,3574.067138671875,146.62661743164062,2416.699951171875,720.3060302734375,16225.05078125,1513.5999755859375,1184.2952880859375,2795.555908203125,2813.277099609375,3119.52294921875,83.28349304199219,256.84173583984375,72.17593383789062,336.3336486816406,1270.005126953125,1729.6419677734375,241.52854919433594,412.6501159667969,1306.199951171875,8324.2646484375,1749.4000244140625,3591.18798828125,40547.4921875,586.5478515625,5836.8173828125,269.9555969238281,1711.0999755859375,1493.6448974609375,7630.29541015625,490.3999938964844,382.41455078125,283.0571594238281,1782.5560302734375,116.24966430664062,359.8951416015625,328.96697998046875,1477.2696533203125,897.6552124023438,1900.4581298828125,86.72211456298828,3008.12109375,106.41419219970703,28435.296875,711.2184448242188,3144.447998046875,14010.7216796875,480.88531494140625,906.411865234375,129.89999389648438,1678.271240234375,4645.6181640625,3961.344482421875,53.709999084472656,3627.2216796875,880.0197143554688,1923.806396484375,2972.98828125,1160.083740234375,5487.09912109375,,397.78509521484375,173.09039306640625,685.2759399414062,1425.7489013671875,3727.56884765625,3564.823974609375,1303.6298828125,4791.61962890625,3129.4423828125,673.332275390625,11774.66015625,140.8028564453125,1336.715576171875,457.8307800292969,496.95050048828125,9.970000267028809,1432.10107421875,235.0864715576172,22.770000457763672,,1012.939697265625
5094.4453125,1849.99560546875,1777.0,879.04638671875,921.2000122070312,2493.28515625,1004.2000122070312,1411.949462890625,162.3300018310547,620.783203125,312.6000061035156,84.16999816894531,5378.93310546875,552.1668701171875,7860.90087890625,498.1611022949219,136.82220458984375,2483.840087890625,1446.537841796875,1099.4000244140625,4220.89990234375,1245.339599609375,2413.342041015625,8931.7998046875,1066.1959228515625,2138.375244140625,12630.0595703125,2320.289306640625,174.11080932617188,268.2729797363281,136.62693786621094,58.23316955566406,1512.2158203125,411.2386169433594,1302.6536865234375,236.57684326171875,324.55126953125,2064.22119140625,1826.405029296875,365.3131103515625,38288.04296875,5764.98779296875,720.9088745117188,125.82917022705078,1721.236083984375,1553.5255126953125,371.1446838378906,1802.5106201171875,1793.1884765625,2183.075439453125,533.2576293945312,4231.10693359375,764.4523315429688,494.3433532714844,475.79998779296875,6412.05859375,15372.0,1281.274658203125,6929.9306640625,3664.04931640625,378.88433837890625,256.8599853515625,234.97723388671875,898.9500122070312,173.06553649902344,,1094.31103515625,2285.552490234375,2923.79150390625,1467.7806396484375,2762.8212890625,987.2218627929688,744.3470458984375,1468.7640380859375,5422.49169921875,844.5442504882812,4676.09521484375,425.562744140625,2452.676025390625,462.7452392578125,218.93572998046875,1351.7044677734375,2011.363037109375,598.4232177734375,102.18000030517578,78.96800994873047,22.15164566040039,398.466064453125,835.1099243164062,738.4612426757812,146.7509002685547,40.59000015258789,712.5803833007812,121.4798812866211,150.67111206054688,206.38482666015625,371.90362548828125,798.4567260742188,1375.9837646484375,1468.4241943359375,5809.0,534.531982421875,294.0631103515625,1177.4368896484375,1073.5,307.2304992675781,599.0463256835938,1177.6502685546875,504.8999938964844,431.4151916503906,265.61529541015625,585.9000244140625,,3934.37158203125,439.64422607421875,1904.8880615234375,157913.109375,1164.9075927734375,293.3010559082031,3541.90478515625,149.74090576171875,2406.5,716.772216796875,16148.81640625,1524.0999755859375,1177.607177734375,2765.71435546875,2756.986083984375,3155.3203125,82.9014663696289,256.4473571777344,72.42826080322266,333.77484130859375,1258.1265869140625,1701.8441162109375,238.92510986328125,403.27056884765625,1309.699951171875,8234.27734375,1775.0,3568.5068359375,40478.23828125,589.6767578125,5785.97705078125,267.7870788574219,1702.0,1481.33349609375,7474.53466796875,493.45001220703125,380.1985168457031,280.3340759277344,1755.9893798828125,117.707275390625,355.32061767578125,327.8205871582031,1480.056884765625,902.5879516601562,1934.1114501953125,86.81073760986328,3016.39013671875,106.46395874023438,28430.322265625,715.2706909179688,3094.49365234375,13844.8193359375,481.38226318359375,913.779052734375,132.16000366210938,1671.73095703125,4648.6923828125,3776.490234375,56.220001220703125,3549.593017578125,890.1637573242188,1889.51806640625,2946.968017578125,1159.0921630859375,5447.3125,,396.1949462890625,178.13632202148438,684.98046875,1410.7388916015625,3704.84326171875,3545.0986328125,1259.7381591796875,4718.427734375,3121.15380859375,695.8641357421875,11692.3408203125,142.8523406982422,1335.431396484375,452.6479797363281,494.1965026855469,9.4399995803833,1423.9267578125,233.61181640625,22.729999542236328,,1000.35107421875
5206.16748046875,1868.4886474609375,1804.800048828125,881.5938720703125,967.5499877929688,2536.265869140625,1112.5999755859375,1448.694580078125,162.10000610351562,634.028564453125,310.79998779296875,84.5,5480.9267578125,568.933837890625,7838.95556640625,499.19793701171875,136.21670532226562,2512.94189453125,1461.1009521484375,1111.699951171875,4229.39990234375,1247.837646484375,2440.869384765625,8908.6259765625,1056.4556884765625,2135.177978515625,12464.12109375,2313.337646484375,170.74993896484375,265.9966125488281,136.31707763671875,58.000308990478516,1520.3868408203125,404.92413330078125,1316.695068359375,244.60096740722656,331.6492004394531,2074.4921875,1893.46728515625,373.2536315917969,37135.625,5756.626953125,746.9513549804688,124.65782165527344,1708.4508056640625,1566.4046630859375,362.23114013671875,1796.1402587890625,1780.90234375,2217.29736328125,545.721923828125,4302.4873046875,769.0447387695312,498.9096984863281,484.70001220703125,6485.2568359375,15512.0,1243.0172119140625,6879.9541015625,3661.39306640625,382.7657470703125,258.05999755859375,234.11019897460938,907.0,179.0587158203125,,1085.776123046875,2300.181640625,2949.511474609375,1501.7244873046875,2641.230712890625,991.451904296875,758.5962524414062,1497.3338623046875,5366.42529296875,851.8063354492188,4646.99658203125,441.28076171875,2443.836181640625,474.9227294921875,228.39398193359375,1358.9434814453125,2022.2218017578125,598.9215087890625,101.91000366210938,79.1175765991211,22.196285247802734,401.9940185546875,836.6276245117188,743.4390258789062,154.88999938964844,40.4900016784668,721.4173583984375,123.77549743652344,154.74949645996094,208.30787658691406,367.2295227050781,806.144287109375,1379.3599853515625,1478.408203125,5813.0,532.6384887695312,295.309326171875,1201.0015869140625,1070.5999755859375,309.0262756347656,611.3114624023438,1181.409912109375,513.2000122070312,429.3587341308594,265.4371337890625,593.4500122070312,,3919.81396484375,443.9678649902344,1941.8203125,159615.078125,1175.07177734375,310.46490478515625,3497.966064453125,156.12619018554688,2443.699951171875,718.5142211914062,15977.537109375,1518.800048828125,1187.3897705078125,2759.547119140625,2799.54541015625,3156.51025390625,85.17407989501953,248.5596923828125,74.43719482421875,341.99249267578125,1260.1064453125,1707.124755859375,243.78866577148438,410.8426208496094,1309.300048828125,8289.80078125,1723.4000244140625,3586.114501953125,40918.484375,600.6527709960938,5849.72607421875,273.4734191894531,1707.9000244140625,1496.524169921875,7698.9697265625,487.79998779296875,393.8802490234375,287.2391052246094,1750.895751953125,117.6781234741211,371.3073425292969,331.7083740234375,1497.277099609375,907.769775390625,1967.6646728515625,87.55909729003906,3016.489990234375,107.21033477783203,29051.94140625,729.848876953125,3133.302978515625,13951.7568359375,480.1896057128906,923.11083984375,140.5500030517578,1700.369384765625,4602.2783203125,3811.243408203125,58.189998626708984,3486.712890625,898.6828002929688,1892.490966796875,2946.678955078125,1167.2232666015625,5440.9267578125,,408.1707458496094,181.44802856445312,690.5450439453125,1415.417236328125,3736.041015625,3567.698486328125,1295.6405029296875,4773.54638671875,3136.4326171875,713.1468505859375,11758.98046875,141.92958068847656,1370.6002197265625,493.8113708496094,507.72064208984375,9.359999656677246,1414.35693359375,233.5154266357422,22.690000534057617,,1001.9995727539062
5196.32373046875,1848.703125,1784.5999755859375,877.4478759765625,965.6500244140625,2525.7705078125,1140.0999755859375,1451.7816162109375,162.57000732421875,638.4270629882812,326.79998779296875,82.93000030517578,5471.02490234375,565.1028442382812,7770.6259765625,496.6799621582031,137.47653198242188,2497.896240234375,1461.2008056640625,1102.5,4161.10009765625,1237.6455078125,2436.38134765625,8799.1669921875,1045.870849609375,2112.797119140625,12293.2451171875,2310.55712890625,169.11412048339844,264.2045593261719,134.4481201171875,56.69050598144531,1509.7247314453125,407.6090393066406,1311.7159423828125,260.4498596191406,340.70025634765625,2040.618408203125,1846.3851318359375,376.1501770019531,36966.73828125,5763.51220703125,733.08203125,128.646240234375,1709.84912109375,1525.7857666015625,367.6361999511719,1774.2423095703125,1791.1077880859375,2205.173095703125,541.5343627929688,4328.453125,766.9213256835938,492.526611328125,475.29998779296875,6627.66943359375,15644.0,1194.6240234375,6817.60693359375,3653.915771484375,381.2231140136719,256.7699890136719,234.01052856445312,902.3499755859375,177.55557250976562,,1091.9564208984375,2287.841064453125,2941.2373046875,1494.4920654296875,2624.839111328125,981.9097900390625,743.9484252929688,1494.2586669921875,5331.142578125,856.8798828125,4602.556640625,442.1278381347656,2425.665283203125,469.0303955078125,232.3284912109375,1351.0103759765625,2006.4814453125,598.3236083984375,97.9000015258789,78.69880676269531,22.126846313476562,399.2765197753906,837.0192260742188,746.3262329101562,155.2888946533203,40.029998779296875,718.9488525390625,122.64747619628906,152.92913818359375,207.93502807617188,354.893798828125,799.6548461914062,1374.39501953125,1462.1597900390625,5725.0,536.325927734375,294.51171875,1203.089599609375,1070.199951171875,309.076171875,611.5109252929688,1159.050048828125,512.9000244140625,426.70330810546875,265.1600036621094,570.4500122070312,,3948.929443359375,440.0594787597656,1931.7930908203125,157853.21875,1167.2991943359375,308.75341796875,3465.705078125,159.2209014892578,2446.60009765625,718.215576171875,16044.8603515625,1556.199951171875,1176.4093017578125,2729.10888671875,2818.146484375,3164.641357421875,84.39041900634766,260.1939697265625,73.65109252929688,339.67974853515625,1266.9366455078125,1743.8895263671875,242.73013305664062,424.76531982421875,1309.800048828125,8244.80859375,1844.5,3577.06201171875,40507.9140625,605.4703369140625,5919.83056640625,271.8831787109375,1703.5,1475.7735595703125,7807.95263671875,483.04998779296875,390.2671203613281,283.49481201171875,1753.0931396484375,116.69666290283203,364.3251953125,330.5121154785156,1481.6494140625,882.6577758789062,1965.66748046875,86.94859313964844,2969.96435546875,106.36442565917969,28584.486328125,729.6511840820312,3111.510009765625,13892.791015625,479.9908447265625,917.8064575195312,137.0500030517578,1687.9825439453125,4538.11083984375,3771.638916015625,58.5099983215332,3479.537841796875,887.1107177734375,1896.55419921875,2925.18798828125,1166.7275390625,5441.9091796875,,407.2762756347656,180.62501525878906,689.31396484375,1397.4833984375,3738.43310546875,3570.771240234375,1298.0078125,4737.49951171875,3055.4453125,714.4343872070312,11811.900390625,138.23855590820312,1377.7130126953125,483.6451110839844,498.6225891113281,8.729999542236328,1415.353759765625,233.16844177246094,22.229999542236328,,985.2646484375
5138.248046875,1870.676025390625,1791.5,876.998291015625,986.2000122070312,2479.89111328125,1140.0,1445.408447265625,157.85000610351562,631.3794555664062,324.20001220703125,81.63999938964844,5452.70556640625,562.6151733398438,7661.89697265625,495.1988220214844,138.21873474121094,2485.324951171875,1446.4381103515625,1138.9000244140625,4153.5,1231.8499755859375,2472.486083984375,8769.08984375,1036.428955078125,2086.51953125,12152.0,2264.07958984375,155.214599609375,269.67755126953125,135.45523071289062,57.27263641357422,1524.4722900390625,423.7184753417969,1319.1846923828125,264.6363220214844,339.93804931640625,2028.9649658203125,1840.5494384765625,371.6555480957031,37001.5078125,5740.88916015625,735.0277099609375,132.61532592773438,1694.8663330078125,1487.346435546875,368.5369873046875,1781.2098388671875,1765.6864013671875,2193.146484375,537.2482299804688,4288.86328125,746.873046875,478.77850341796875,465.95001220703125,6710.32861328125,15494.0,1190.0531005859375,6934.38427734375,3725.34326171875,380.07861328125,247.94000244140625,235.80441284179688,903.3499755859375,177.2355499267578,,1097.3519287109375,2276.99365234375,2882.719482421875,1486.48828125,2631.93408203125,971.2362670898438,729.2507934570312,1481.957763671875,5359.17578125,843.449951171875,4631.8525390625,448.01031494140625,2421.63818359375,467.95013427734375,229.67318725585938,1334.0533447265625,1986.15869140625,589.1055908203125,103.80000305175781,81.53048706054688,22.216127395629883,400.8021545410156,840.7889404296875,738.510986328125,157.5587158203125,40.11000061035156,709.6182861328125,122.01420593261719,151.12867736816406,207.94485473632812,350.4124450683594,793.5147094726562,1368.6357421875,1450.9034423828125,5625.0,525.6621704101562,288.9784240722656,1199.1124267578125,1066.800048828125,306.0831604003906,596.154541015625,1154.301025390625,509.70001220703125,419.71539306640625,267.73345947265625,570.9500122070312,,3991.909423828125,437.1037902832031,1949.3656005859375,157234.328125,1193.7064208984375,308.606689453125,3450.959716796875,162.96197509765625,2384.0,716.6726684570312,16025.0595703125,1546.5,1145.7637939453125,2714.5859375,2692.222412109375,3152.0478515625,83.10717010498047,258.6164245605469,73.55403900146484,331.6097106933594,1258.7205810546875,1771.787109375,243.53118896484375,423.3974914550781,1303.199951171875,8151.47021484375,1785.4000244140625,3558.7578125,40760.19140625,598.3681640625,5875.046875,271.0639343261719,1682.5999755859375,1434.2723388671875,7667.61865234375,481.8500061035156,388.5328063964844,280.23681640625,1742.50634765625,119.41754913330078,361.0026550292969,327.7707214355469,1479.5592041015625,875.5825805664062,1952.985107421875,86.68272399902344,2919.55322265625,104.88162231445312,28156.8125,740.1771240234375,3081.1591796875,13869.8046875,469.85333251953125,920.4095458984375,136.85000610351562,1675.3974609375,4556.6572265625,3774.80712890625,59.29999923706055,3496.478759765625,877.1636962890625,1858.5001220703125,2947.064208984375,1155.224853515625,5358.40673828125,,402.4064636230469,179.1455078125,681.7796630859375,1388.321533203125,3734.446044921875,3528.842529296875,1298.5009765625,4687.37353515625,3018.79638671875,713.1964111328125,11708.0205078125,144.4064483642578,1414.0675048828125,468.0967102050781,485.44268798828125,8.729999542236328,1379.26708984375,231.96368408203125,22.739999771118164,,973.5751342773438
5173.68408203125,1859.7392578125,1796.199951171875,866.10888671875,994.5499877929688,2465.8974609375,1105.199951171875,1438.6368408203125,156.72999572753906,626.2813110351562,334.25,85.37999725341797,5573.513671875,574.3569946289062,7805.0400390625,503.0489501953125,136.5585174560547,2486.710693359375,1476.9608154296875,1158.5999755859375,4156.0,1232.749267578125,2541.60400390625,8798.673828125,1036.72705078125,2079.825439453125,11978.16015625,2281.061767578125,156.24566650390625,282.0765380859375,137.63404846191406,58.155548095703125,1531.1484375,419.9397277832031,1335.117919921875,264.09808349609375,349.94183349609375,2048.22265625,1846.978759765625,376.6994934082031,36782.9453125,5725.15087890625,743.70849609375,135.1419677734375,1716.54150390625,1497.45166015625,368.4421691894531,1778.7213134765625,1782.2698974609375,2174.762939453125,541.7807006835938,4324.0107421875,767.5632934570312,494.2451477050781,472.25,6776.0576171875,15485.0,1188.463134765625,6950.712890625,3784.374267578125,381.471923828125,250.0800018310547,237.08004760742188,908.1500244140625,178.13743591308594,,1156.2122802734375,2296.39990234375,2890.89404296875,1488.4169921875,2644.4111328125,976.499267578125,733.3861083984375,1485.3306884765625,5354.34228515625,842.8033447265625,4646.60009765625,455.634033203125,2416.23583984375,472.0256652832031,229.9929962158203,1335.14404296875,2000.006103515625,597.1775512695312,101.51000213623047,81.74983978271484,22.41452980041504,394.69976806640625,861.9873046875,743.8372802734375,159.2967071533203,40.45000076293945,714.3082885742188,121.80641174316406,152.491455078125,211.09432983398438,368.8678894042969,795.6113891601562,1350.06689453125,1454.0355224609375,5695.5,531.09375,289.078125,1188.17529296875,1077.0,306.0831604003906,598.6973876953125,1151.629638671875,515.8499755859375,421.97149658203125,276.8496398925781,575.5499877929688,,3941.9970703125,449.4151916503906,1969.51953125,158077.828125,1230.776123046875,311.589599609375,3512.018310546875,165.1067352294922,2399.5,718.9124145507812,15495.37890625,1559.9000244140625,1143.8671875,2734.08251953125,2711.505615234375,3163.84814453125,83.58716583251953,255.90505981445312,73.68020629882812,329.887451171875,1253.8702392578125,1800.880126953125,245.610107421875,426.9636535644531,1274.800048828125,8172.85791015625,1810.199951171875,3666.095703125,40324.890625,574.280517578125,5889.345703125,274.726318359375,1746.5,1450.0587158203125,7590.484375,474.6000061035156,388.6773376464844,280.0909118652344,1778.4610595703125,120.02973937988281,365.1919860839844,327.6710510253906,1477.866943359375,884.4016723632812,1966.8658447265625,86.66303253173828,2957.012939453125,105.06075286865234,27902.47265625,787.1732788085938,3112.20654296875,14152.6376953125,478.3012390136719,932.8847045898438,137.97000122070312,1690.9554443359375,4646.3125,3901.908447265625,59.2400016784668,3498.2724609375,862.0952758789062,1883.8695068359375,2907.359130859375,1187.4521484375,5338.26806640625,,406.08367919921875,178.9789581298828,685.7191772460938,1383.8380126953125,3712.31884765625,3596.44384765625,1326.4140625,4706.4453125,3042.263671875,723.595703125,11710.9599609375,146.55307006835938,1430.0711669921875,473.17987060546875,504.5732116699219,9.539999961853027,1361.423095703125,231.79981994628906,22.969999313354492,,980.169189453125
5161.8720703125,1822.0572509765625,1779.199951171875,879.4459228515625,985.9000244140625,2418.718505859375,1086.4000244140625,1438.3382568359375,158.38999938964844,628.88037109375,331.45001220703125,84.12000274658203,5608.66650390625,564.6052856445312,7791.07470703125,515.7868041992188,137.1542510986328,2461.46923828125,1463.4949951171875,1149.0999755859375,4182.39990234375,1225.6546630859375,2490.0400390625,8629.5537109375,1050.5421142578125,2071.432373046875,11942.6015625,2347.997314453125,154.8180389404297,279.0736389160156,137.66310119628906,56.70020294189453,1475.8453369140625,412.82965087890625,1319.3839111328125,266.39068603515625,355.3248596191406,2087.0341796875,1852.6165771484375,380.0455017089844,37602.5546875,5795.9716796875,745.9535522460938,135.1419677734375,1743.9102783203125,1489.327880859375,367.7117004394531,1760.506103515625,1754.6639404296875,2165.27490234375,534.5385131835938,4261.90966796875,764.9954833984375,507.7477722167969,484.8500061035156,6776.5556640625,15254.0,1192.43798828125,6858.18212890625,3760.56494140625,377.8891296386719,250.8300018310547,237.04019165039062,897.0999755859375,176.1300048828125,,1141.3011474609375,2282.168701171875,2873.0498046875,1474.53076171875,2643.4326171875,969.2196655273438,739.813232421875,1474.517822265625,5132.01025390625,827.0853271484375,4637.791015625,456.33990478515625,2402.1904296875,464.8566589355469,225.8356170654297,1325.7235107421875,2032.2835693359375,605.4488525390625,99.26000213623047,80.8923568725586,22.15164566040039,389.88458251953125,854.2031860351562,739.90478515625,160.7402801513672,39.54999923706055,709.4208374023438,120.95545196533203,150.21353149414062,210.8000030517578,378.31243896484375,788.9221801757812,1329.3134765625,1436.808349609375,5637.0,526.3099365234375,288.8288879394531,1174.6529541015625,1080.699951171875,301.1946105957031,591.76708984375,1143.12109375,522.5999755859375,418.5973205566406,277.1465759277344,574.0,,3886.439697265625,442.4778137207031,1982.62451171875,157633.609375,1218.618896484375,311.589599609375,3543.98291015625,172.2852783203125,2369.5,714.0347290039062,15221.1337890625,1592.4000244140625,1136.3804931640625,2674.66748046875,2694.365234375,3161.5673828125,82.44107055664062,258.41925048828125,72.0788803100586,325.3603515625,1252.1873779296875,1774.5767822265625,240.6511993408203,421.5899963378906,1268.0,8093.1416015625,1823.0999755859375,3664.10595703125,39706.5625,571.6978759765625,5817.35498046875,270.34112548828125,1767.699951171875,1444.796630859375,7524.29833984375,472.6499938964844,381.7401123046875,271.3866882324219,1744.3040771484375,119.76737213134766,356.9577941894531,324.7801208496094,1466.3203125,877.3264770507812,1968.76318359375,85.97373962402344,2930.71142578125,103.98595428466797,27528.4453125,787.2227172851562,3104.345458984375,13615.955078125,480.83563232421875,940.644775390625,138.17999267578125,1674.703857421875,4736.06640625,3861.295654296875,59.9900016784668,3461.0029296875,878.837890625,1888.2298583984375,2881.723876953125,1169.4049072265625,5286.20166015625,,398.1329345703125,175.667236328125,676.4120483398438,1373.5064697265625,3801.027587890625,3543.61181640625,1286.4678955078125,4653.72314453125,2988.3388671875,724.3385009765625,11582.5810546875,147.1941375732422,1433.3314208984375,469.4422607421875,499.8028564453125,9.40999984741211,1355.1429443359375,229.3131561279297,23.020000457763672,,970.8275756835938
5146.123046875,1821.8585205078125,1785.699951171875,880.145263671875,968.1500244140625,2313.265869140625,1060.5,1430.7701416015625,153.1699981689453,617.3344116210938,327.04998779296875,78.08000183105469,5588.3671875,555.649658203125,7762.6455078125,499.44476318359375,137.92575073242188,2576.490478515625,1562.1451416015625,1140.5999755859375,4082.199951171875,1227.55322265625,2449.0478515625,8599.4765625,1035.534423828125,2061.44091796875,12977.7392578125,2324.658935546875,151.61578369140625,277.37847900390625,135.73605346679688,55.710567474365234,1432.9979248046875,406.5151672363281,1314.2054443359375,259.21380615234375,350.5611267089844,2068.86279296875,1794.1597900390625,384.7398986816406,36777.98046875,5914.9892578125,731.08642578125,134.79347229003906,1681.4815673828125,1487.5445556640625,363.4263610839844,1694.8118896484375,1751.5855712890625,2148.275390625,511.728271484375,4261.21923828125,748.947021484375,514.2781372070312,442.6000061035156,6855.23095703125,15079.0,1197.6051025390625,6735.9619140625,3630.106689453125,378.03839111328125,246.13999938964844,235.02706909179688,885.0999755859375,173.56980895996094,,1124.2315673828125,2183.147216796875,2691.714599609375,1471.92724609375,2636.582275390625,968.6294555664062,733.4359130859375,1430.770263671875,5148.443359375,784.3084716796875,4546.5361328125,449.9681701660156,2392.662841796875,458.8170166015625,220.4862823486328,1309.3614501953125,1993.4310302734375,601.6619873046875,97.26000213623047,80.13459014892578,22.25580596923828,388.5496826171875,847.7408447265625,693.9096069335938,159.90452575683594,38.720001220703125,694.4622192382812,118.98636627197266,147.77645874023438,207.08143615722656,383.8538818359375,784.9286499023438,1317.496826171875,1435.6336669921875,5693.0,515.5963745117188,283.0462951660156,1162.125,1045.5,297.40350341796875,581.5960083007812,1146.8807373046875,512.8499755859375,415.92193603515625,272.3954772949219,570.1500244140625,,3844.053955078125,437.7877197265625,1941.4232177734375,156974.78125,1228.1851806640625,305.0369873046875,3580.895263671875,166.35049438476562,2309.10009765625,709.9036254882812,15298.357421875,1584.199951171875,1123.403564453125,2622.33056640625,2701.474365234375,3157.105224609375,81.1578140258789,256.2994689941406,70.96281433105469,321.4729309082031,1253.2762451171875,1773.87939453125,239.84060668945312,423.1043701171875,1320.5999755859375,7983.77490234375,1757.4000244140625,3730.557861328125,39335.56640625,569.1649780273438,5800.970703125,265.040283203125,1744.800048828125,1432.4853515625,7555.64990234375,462.8999938964844,372.0087585449219,262.77978515625,1723.0308837890625,117.05621337890625,349.3015441894531,316.8051452636719,1489.2144775390625,867.1620483398438,1968.064208984375,84.61486053466797,2888.4697265625,103.41870880126953,27378.833984375,783.269287109375,3068.421875,13368.1015625,479.9411315917969,943.739013671875,137.91000366210938,1670.6409912109375,4818.38330078125,3818.10107421875,59.61000061035156,3434.79443359375,859.6331787109375,1825.401123046875,2901.6728515625,1180.4117431640625,5150.1416015625,,389.3374328613281,173.6880645751953,666.661865234375,1377.7950439453125,3762.055419921875,3522.201416015625,1255.79296875,4672.2958984375,2973.459716796875,726.3193359375,11671.7607421875,145.843994140625,1399.3477783203125,470.2894592285156,496.65545654296875,9.270000457763672,1288.3526611328125,231.36610412597656,22.6299991607666,,935.8590087890625
4937.93505859375,1829.911865234375,1800.5,907.8184204101562,960.5999755859375,2368.341064453125,1059.800048828125,1442.221923828125,151.47999572753906,610.9866333007812,338.1000061035156,79.69999694824219,5613.123046875,556.047607421875,7622.99365234375,508.9242248535156,137.97457885742188,2587.27978515625,1553.367431640625,1123.800048828125,4011.0,1221.857666015625,2671.262451171875,8600.462890625,1060.0833740234375,2100.307861328125,12425.6005859375,2309.5380859375,152.38909912109375,279.9938659667969,140.0065460205078,57.84507369995117,1442.5638427734375,411.9346923828125,1311.6163330078125,263.0016174316406,357.0773010253906,1976.327392578125,1742.6268310546875,379.94561767578125,36569.3515625,6056.63037109375,731.6351928710938,136.17779541015625,1701.958251953125,1491.7054443359375,366.2021179199219,1717.804931640625,1728.051025390625,2141.94970703125,514.0438232421875,4237.22802734375,750.0333862304688,512.0076293945312,429.54998779296875,6629.16357421875,14849.0,1197.803955078125,6814.63818359375,3570.583740234375,375.5503234863281,245.8699951171875,236.4521942138672,882.9500122070312,175.0147705078125,,1105.313720703125,2132.392578125,2716.138671875,1458.4268798828125,2658.111572265625,966.317626953125,746.5890502929688,1436.920654296875,5119.443359375,786.298095703125,4579.19775390625,456.0545959472656,2389.693115234375,465.9859924316406,223.5582733154297,1331.7724609375,2012.558349609375,613.2218627929688,100.41999816894531,81.23136901855469,22.067325592041016,385.2601318359375,855.7208862304688,688.2349243164062,160.65481567382812,39.59000015258789,695.2521362304688,120.08470153808594,148.58218383789062,208.00372314453125,386.2632141113281,795.9608154296875,1335.9664306640625,1445.5198974609375,5583.5,517.3903198242188,279.3574523925781,1165.00830078125,1069.9000244140625,298.6006774902344,574.8651123046875,1140.7467041015625,512.7999877929688,416.940185546875,300.5060729980469,571.2000122070312,,3844.945068359375,451.49151611328125,1957.60595703125,158482.109375,1222.305908203125,306.3572998046875,3651.85009765625,168.92616271972656,2261.800048828125,708.3606567382812,15325.08984375,1618.0999755859375,1133.2860107421875,2662.0068359375,2664.56396484375,3202.917724609375,79.81580352783203,254.62332153320312,72.04976654052734,323.6564636230469,1249.9107666015625,1786.33349609375,240.50814819335938,423.7394714355469,1346.5,7851.5625,1783.800048828125,3738.715087890625,39315.78125,575.0254516601562,5740.3994140625,268.4135437011719,1773.300048828125,1444.3995361328125,7506.38330078125,463.6000061035156,366.3722229003906,264.53033447265625,1736.4140625,118.92195892333984,351.4683837890625,317.0045471191406,1471.19775390625,868.9557495117188,1996.1251220703125,83.5513916015625,2885.979248046875,103.2992935180664,27304.029296875,811.7581176757812,3018.566650390625,13564.9853515625,488.0909118652344,938.92578125,141.0,1676.0911865234375,4768.3984375,3804.298583984375,57.380001068115234,3444.759521484375,845.1065063476562,1832.7344970703125,2883.26611328125,1157.4063720703125,5088.74267578125,,390.7785339355469,177.70521545410156,662.7716064453125,1351.5762939453125,3756.972412109375,3548.56787109375,1263.6834716796875,4620.47216796875,2981.448486328125,740.7794189453125,11611.98046875,148.90367126464844,1411.7952880859375,468.6448974609375,506.5895080566406,9.609999656677246,1317.361572265625,227.9348907470703,22.850000381469727,,943.2523193359375
4913.81884765625,1834.385986328125,1799.0999755859375,913.712646484375,959.1500244140625,2297.3310546875,1041.300048828125,1438.836181640625,150.05999755859375,610.5368041992188,333.54998779296875,80.05999755859375,5624.015625,553.3609008789062,7510.7734375,515.4412841796875,138.95118713378906,2623.508544921875,1564.439453125,1154.800048828125,4019.0,1216.0621337890625,2618.40185546875,8650.2626953125,1078.3709716796875,2116.493896484375,12459.1826171875,2306.5537109375,151.1894989013672,278.6861877441406,141.3235321044922,56.564369201660156,1509.0272216796875,414.52020263671875,1322.8692626953125,272.4710693359375,355.1321716308594,1994.6962890625,1751.8255615234375,381.6935119628906,37036.28125,6033.02392578125,736.5244140625,136.53598022460938,1752.400634765625,1497.45166015625,371.4127197265625,1746.9691162109375,1745.32958984375,2145.9033203125,513.6989135742188,4293.8984375,750.5765380859375,508.8486022949219,427.6000061035156,6664.01953125,14867.0,1191.1461181640625,6795.34033203125,3491.285888671875,377.2919921875,260.82000732421875,237.6481170654297,883.4000244140625,176.0330352783203,,1110.1416015625,2157.272216796875,2754.319580078125,1485.5240478515625,2689.181884765625,968.4818725585938,748.033935546875,1446.047119140625,5180.826171875,781.1251220703125,4740.72607421875,458.38458251953125,2384.54541015625,475.90478515625,226.5624237060547,1336.730712890625,2017.73876953125,612.6737670898438,98.98999786376953,80.97212982177734,21.536596298217773,386.69036865234375,858.0707397460938,700.679443359375,160.8732452392578,39.83000183105469,695.4495849609375,119.50089263916016,147.92567443847656,205.0504608154297,384.2875671386719,798.057373046875,1332.9874267578125,1481.4425048828125,5588.5,520.7289428710938,277.9616394042969,1172.56494140625,1071.4000244140625,301.2445373535156,582.6928100585938,1180.22265625,510.3999938964844,417.81866455078125,297.83355712890625,571.7000122070312,,3880.596923828125,439.5465087890625,1975.8734130859375,157543.78125,1201.877685546875,306.601806640625,3625.8232421875,167.04583740234375,2236.60009765625,715.975830078125,15428.0556640625,1619.0999755859375,1096.0521240234375,2697.197265625,2703.71435546875,3300.29443359375,80.62884521484375,258.9615173339844,72.864990234375,323.0113525390625,1250.1087646484375,1780.6544189453125,239.7452392578125,421.8830871582031,1330.699951171875,7948.77734375,1798.5,3800.591064453125,39770.87109375,576.1181030273438,5823.31298828125,267.5943298339844,1760.9000244140625,1446.1866455078125,7572.07177734375,458.54998779296875,363.5298767089844,265.2225646972656,1748.498779296875,118.88308715820312,349.0125732421875,314.9111022949219,1482.44580078125,871.9951171875,1986.53857421875,82.94088745117188,2893.052734375,102.0553207397461,27019.767578125,816.4814453125,3039.464111328125,13399.0830078125,482.7239990234375,934.3090209960938,144.33999633789062,1682.433349609375,4761.0595703125,3839.350830078125,57.43000030517578,3478.64111328125,827.7238159179688,1827.2840576171875,2915.4541015625,1133.1119384765625,5115.26708984375,,393.4122009277344,177.81298828125,668.631591796875,1362.395263671875,3790.56201171875,3783.982666015625,1294.259765625,4277.37939453125,2976.15576171875,743.4535522460938,11493.4013671875,149.8167266845703,1392.4327392578125,461.7178955078125,511.06475830078125,9.5,1336.5013427734375,231.1636962890625,22.739999771118164,,947.5485229492188
4900.5302734375,1834.684326171875,1791.0,888.5371704101562,989.2999877929688,2293.5517578125,1044.199951171875,1468.2122802734375,151.1699981689453,612.3861083984375,329.3500061035156,78.70999908447266,5640.84912109375,554.8037719726562,7482.34423828125,513.8613891601562,142.6232147216797,2630.239501953125,1553.35693359375,1168.199951171875,4072.199951171875,1221.557861328125,2637.251953125,8771.5556640625,999.05859375,1987.703857421875,12006.8037109375,2329.33447265625,149.6428985595703,276.8941345214844,140.90711975097656,55.39039611816406,1527.9598388671875,424.9117736816406,1396.262451171875,284.8810119628906,363.88525390625,2016.9166259765625,1776.8502197265625,384.6400146484375,36440.203125,5853.021484375,731.3358764648438,136.3714141845703,1739.8150634765625,1500.820068359375,372.82489013671875,1746.3719482421875,1784.5537109375,2156.67626953125,515.2262573242188,4358.07177734375,755.761474609375,513.2909545898438,430.1000061035156,6512.64404296875,15094.0,1203.865478515625,6801.77294921875,3555.62939453125,375.2019958496094,262.0199890136719,235.08685302734375,877.0499877929688,176.8282470703125,,1121.6697998046875,2148.11669921875,2767.1796875,1513.97119140625,2681.35302734375,975.564697265625,761.1870727539062,1432.059814453125,5236.892578125,789.6307373046875,4812.7802734375,463.9955139160156,2403.05712890625,478.75274658203125,223.56796264648438,1346.944580078125,1988.549560546875,622.53955078125,98.80999755859375,80.45365142822266,21.447317123413086,387.929931640625,849.7970581054688,694.6563110351562,163.7698974609375,39.130001068115234,701.7193603515625,120.33206939697266,148.25392150878906,204.3636474609375,386.0704650878906,824.7640991210938,1331.59716796875,1497.88671875,5782.5,525.064208984375,282.5478210449219,1184.6951904296875,1080.199951171875,304.1876220703125,578.405029296875,1199.6143798828125,509.3999938964844,416.6606750488281,292.0431823730469,571.5,,3916.74365234375,439.9862060546875,1961.6763916015625,157883.171875,1216.7254638671875,310.7582702636719,3710.13818359375,174.6650848388672,2220.5,709.7542724609375,15489.4384765625,1635.5,1093.456787109375,2743.95166015625,2704.98046875,3360.882080078125,80.2174301147461,259.1094055175781,73.55403900146484,324.20233154296875,1255.2559814453125,1756.244140625,237.88563537597656,425.93780517578125,1332.5999755859375,8012.453125,1796.4000244140625,3767.06689453125,39790.65234375,578.601318359375,5988.6435546875,267.4979248046875,1736.699951171875,1462.3701171875,7623.32861328125,468.45001220703125,361.3138732910156,264.67864990234375,1756.388916015625,118.57212829589844,348.6755065917969,316.75531005859375,1486.5269775390625,860.4356079101562,1994.5274658203125,80.98133850097656,2918.955322265625,104.95127868652344,26964.91015625,827.6184692382812,3007.222412109375,13779.8583984375,486.7988586425781,936.4209594726562,144.39999389648438,1700.567626953125,4744.79443359375,3846.99658203125,57.81999969482422,3462.098876953125,829.5457763671875,1823.419189453125,2936.46337890625,1146.4986572265625,5190.41943359375,,393.1637268066406,177.3818817138672,674.4915771484375,1372.3369140625,3799.93115234375,3792.2099609375,1318.5234375,4309.431640625,2995.22900390625,745.13720703125,11588.4609375,148.2431640625,1397.3721923828125,469.0435791015625,515.2449340820312,10.239999771118164,1299.717041015625,232.94677734375,22.6299991607666,,938.0570678710938
4846.8837890625,1842.2406005859375,1796.4000244140625,881.1942138671875,1001.9000244140625,2407.609130859375,1070.800048828125,1500.575927734375,151.97999572753906,619.9335327148438,329.6000061035156,80.83999633789062,5711.15576171875,559.7791748046875,7479.3515625,525.6611938476562,139.19534301757812,2741.697265625,1582.710693359375,1183.5999755859375,4058.0,1220.6585693359375,2768.107177734375,8744.9296875,1007.0097045898438,2033.7645263671875,11850.7431640625,2356.492919921875,154.51071166992188,276.0707702636719,142.020751953125,55.856101989746094,1526.96337890625,422.37603759765625,1383.4161376953125,286.1269836425781,365.14959716796875,2048.025146484375,1781.30126953125,405.4151611328125,37011.44140625,5783.67626953125,738.2206420898438,138.98519897460938,1716.8411865234375,1505.17919921875,376.4284973144531,1783.6981201171875,1814.9400634765625,2152.031005859375,522.6654052734375,4339.51025390625,751.76171875,515.61083984375,431.3999938964844,6493.22412109375,15307.0,1221.8514404296875,6807.71044921875,3512.733642578125,378.58575439453125,256.80999755859375,238.12648010253906,894.5499877929688,176.93492126464844,,1119.20654296875,2183.246826171875,2758.805419921875,1537.1146240234375,2684.044189453125,973.4005126953125,780.3187866210938,1446.3447265625,5349.50927734375,790.27734375,4699.84912109375,461.1424865722656,2400.08740234375,473.25323486328125,220.14706420898438,1347.53955078125,2020.9266357421875,630.7610473632812,99.97000122070312,81.34104919433594,21.472116470336914,388.07293701171875,849.4053955078125,703.8155517578125,163.63693237304688,38.970001220703125,706.8043212890625,120.3122787475586,150.1339569091797,206.26707458496094,392.1901550292969,863.002197265625,1366.7491455078125,1518.8333740234375,5795.5,526.2601318359375,283.7940673828125,1175.0506591796875,1079.9000244140625,308.7768859863281,583.64013671875,1231.076416015625,508.75,416.1814880371094,291.89471435546875,572.7999877929688,,3916.34765625,439.766357421875,2019.2587890625,157493.875,1212.938720703125,302.5431213378906,3715.283935546875,170.9044189453125,2270.0,717.6680908203125,15539.931640625,1718.800048828125,1101.6422119140625,2749.13525390625,2752.01953125,3297.02197265625,80.30558776855469,256.64453125,74.90303039550781,324.6986083984375,1265.253662109375,1732.33203125,242.0816650390625,431.0183410644531,1306.199951171875,8160.2197265625,1786.300048828125,3570.19775390625,40285.3203125,584.362548828125,6091.41650390625,270.2929382324219,1732.199951171875,1471.405029296875,7643.73193359375,489.29998779296875,361.6028747558594,264.134765625,1699.06103515625,118.98997497558594,348.86810302734375,315.3597106933594,1504.5435791015625,866.763427734375,1993.9281005859375,81.47368621826172,2930.41259765625,105.40906524658203,27024.75390625,817.8735961914062,3041.6533203125,14075.68359375,494.70013427734375,940.2028198242188,143.49000549316406,1716.4228515625,4671.5029296875,3886.815185546875,58.47999954223633,3442.467529296875,839.4435424804688,1823.419189453125,3018.18701171875,1152.25,5293.07861328125,,386.25653076171875,175.00099182128906,685.5714111328125,1419.218505859375,3838.5048828125,3791.020263671875,1275.125,4369.34326171875,3031.279052734375,753.30810546875,11682.5400390625,151.80792236328125,1418.2166748046875,457.78094482421875,512.04833984375,10.369999885559082,1333.4111328125,236.3490753173828,22.75,,950.5458374023438
4836.05615234375,1834.1871337890625,1765.4000244140625,885.8397216796875,1021.4000244140625,2411.194580078125,1076.800048828125,1492.7091064453125,151.85000610351562,619.0838012695312,331.79998779296875,79.58000183105469,5669.56591796875,556.5949096679688,7421.9951171875,530.154052734375,146.89097595214844,2850.184814453125,1548.1650390625,1210.199951171875,4062.5,1224.2557373046875,2752.947265625,8744.4365234375,999.2573852539062,2054.44677734375,11833.9521484375,2326.1513671875,152.8054962158203,274.3755798339844,140.04527282714844,55.26426315307617,1512.514892578125,417.45367431640625,1383.0179443359375,280.5948486328125,364.663330078125,2065.801513671875,1786.4447021484375,416.50189208984375,37140.59375,5755.64306640625,743.5588989257812,138.8690185546875,1708.6505126953125,1511.6187744140625,373.2145080566406,1699.390625,1797.5623779296875,2148.670654296875,516.2115478515625,4310.68212890625,755.3170166015625,515.5121459960938,434.04998779296875,6566.421875,15323.0,1227.1180419921875,6783.95947265625,3549.726318359375,377.8891296386719,256.95001220703125,234.98719787597656,905.0,178.1180419921875,,1116.7431640625,2195.48779296875,2769.17333984375,1541.4541015625,2680.1298828125,970.596923828125,779.4220581054688,1454.3798828125,5324.85888671875,807.7362670898438,4702.3232421875,462.23614501953125,2383.357666015625,486.3146057128906,218.42210388183594,1374.3138427734375,2026.1070556640625,627.9208374023438,98.22000122070312,79.76567077636719,21.005870819091797,386.83343505859375,851.314697265625,714.5178833007812,163.77940368652344,38.84000015258789,700.9295043945312,119.48110961914062,148.5026092529297,210.966796875,393.0575256347656,862.0537719726562,1337.8531494140625,1509.14306640625,5905.5,526.50927734375,280.5039978027344,1177.138671875,1087.800048828125,309.9740905761719,571.8736572265625,1225.535888671875,498.75,414.32470703125,289.2222595214844,567.9000244140625,,3963.7841796875,441.0854187011719,2038.1219482421875,158032.90625,1213.33740234375,303.0321044921875,3661.053466796875,170.0426025390625,2257.0,718.7133178710938,15592.404296875,1707.4000244140625,1096.0521240234375,2727.502685546875,2748.318603515625,3364.650390625,79.79621124267578,256.003662109375,75.1068344116211,324.5001220703125,1262.2841796875,1737.8118896484375,239.2207489013672,424.47222900390625,1307.5,8072.240234375,1734.699951171875,3553.883544921875,39162.43359375,588.248046875,6093.89892578125,268.799072265625,1714.800048828125,1470.809326171875,7684.5380859375,478.95001220703125,359.2904968261719,266.854248046875,1752.9931640625,117.64897155761719,345.78631591796875,313.31610107421875,1503.9464111328125,874.5860595703125,1985.140380859375,80.87301635742188,2901.12255859375,108.60357666015625,26925.013671875,809.42138671875,3051.10693359375,13750.875,486.15283203125,937.1085815429688,144.72000122070312,1721.6749267578125,4708.892578125,3805.093017578125,57.58000183105469,3438.581298828125,828.7578735351562,1871.6802978515625,2993.03369140625,1145.1104736328125,5213.99658203125,,386.4056091308594,173.08058166503906,675.6242065429688,1414.6375732421875,3826.6435546875,3792.50732421875,1275.9140625,4320.01611328125,3029.181884765625,750.8816528320312,11695.2802734375,147.54380798339844,1403.5958251953125,451.50177001953125,520.9005126953125,10.470000267028809,1332.71337890625,236.45509338378906,22.479999542236328,,943.3023681640625
4874.9375,1829.7130126953125,1763.300048828125,889.7359008789062,1023.8499755859375,2438.909423828125,1068.800048828125,1506.3515625,153.91000366210938,624.9317626953125,331.3999938964844,78.44000244140625,5666.59521484375,560.4259643554688,7402.044921875,512.1826782226562,144.79129028320312,2876.9111328125,1511.62255859375,1222.5,4053.699951171875,1240.6431884765625,2820.170166015625,8720.27734375,1012.27734375,2064.038818359375,12415.72265625,2317.49658203125,153.2615203857422,277.76593017578125,141.88519287109375,56.28300476074219,1608.0745849609375,424.46429443359375,1390.8848876953125,280.6945495605469,360.9675598144531,2074.5908203125,1757.5625,410.65887451171875,36713.40625,5708.4296875,741.8626098632812,141.40536499023438,1712.6458740234375,1517.860107421875,376.8667907714844,1717.3072509765625,1787.0362548828125,2147.3857421875,511.2356262207031,4228.73779296875,755.3663940429688,518.2763061523438,436.3999938964844,6484.7587890625,15419.0,1238.1480712890625,6625.61767578125,3493.745361328125,379.18292236328125,260.1300048828125,235.45559692382812,914.5499877929688,177.86590576171875,,1129.650634765625,2185.2373046875,2774.755859375,1537.693359375,2648.570068359375,973.4988403320312,770.9522094726562,1457.653564453125,5353.859375,799.4793701171875,4681.34033203125,457.67132568359375,2403.255126953125,478.3108215332031,220.4571990966797,1361.521728515625,1997.5155029296875,627.2731323242188,101.04000091552734,80.19441223144531,21.308433532714844,389.1694641113281,850.3355712890625,717.6041259765625,162.63973999023438,38.790000915527344,696.3875732421875,119.7383804321289,148.8209228515625,208.65127563476562,397.3943176269531,846.8782958984375,1314.2198486328125,1470.9691162109375,5908.5,527.0076293945312,280.0553283691406,1161.130615234375,1076.199951171875,314.16424560546875,613.5550537109375,1209.211181640625,495.5,415.22314453125,291.15234375,567.7000122070312,,3965.665771484375,444.3098449707031,2040.5048828125,157119.53125,1205.2657470703125,301.8585205078125,3660.162841796875,168.27978515625,2267.10009765625,735.3373413085938,15528.05078125,1673.4000244140625,1101.14306640625,2773.459716796875,2699.7216796875,3694.362548828125,78.65990447998047,251.36965942382812,74.2916259765625,325.9888610839844,1258.7205810546875,1745.98193359375,241.9075164794922,426.8171081542969,1299.199951171875,7994.46826171875,1738.5999755859375,3541.94580078125,39340.51171875,585.60791015625,6058.15234375,270.47967529296875,1736.4000244140625,1449.36376953125,7595.95849609375,469.20001220703125,360.928466796875,268.2881164550781,1742.7061767578125,118.75675964355469,344.8232421875,320.04498291015625,1511.9095458984375,871.8954467773438,1998.1224365234375,82.16297149658203,2828.494873046875,109.31015014648438,26630.779296875,804.747802734375,3069.118408203125,13871.8037109375,482.6246032714844,950.7133178710938,141.99000549316406,1741.196533203125,4682.115234375,3683.7509765625,57.68000030517578,3374.704345703125,820.140380859375,1857.11279296875,2993.322998046875,1148.0853271484375,5173.71875,,386.008056640625,170.73887634277344,669.5671997070312,1402.74658203125,3816.67626953125,3798.1572265625,1283.212890625,4384.720703125,3063.33447265625,751.3272705078125,11636.48046875,148.379150390625,1412.0916748046875,457.8805847167969,516.7203369140625,10.9399995803833,1346.6695556640625,235.52981567382812,22.5,,943.60205078125
4962.5439453125,1836.076171875,1777.699951171875,911.8145141601562,1021.5499877929688,2460.899658203125,1088.5999755859375,1501.27294921875,153.27999877929688,621.6328735351562,334.79998779296875,78.22000122070312,5667.09033203125,557.5402221679688,7468.8779296875,507.541748046875,144.97683715820312,2858.5986328125,1463.3983154296875,1236.9000244140625,4036.199951171875,1248.636962890625,2804.51123046875,8821.3544921875,1020.5266723632812,2077.8271484375,11975.197265625,2349.529052734375,153.44989013671875,278.9283447265625,142.68893432617188,58.126441955566406,1583.86083984375,422.1771240234375,1377.93896484375,284.5820007324219,363.9825134277344,2085.94775390625,1765.5743408203125,420.44720458984375,37205.16796875,5734.9873046875,748.0988159179688,144.3579559326172,1697.7628173828125,1521.32763671875,377.7433166503906,1713.723876953125,1788.52587890625,2161.1240234375,510.54595947265625,4325.4912109375,758.97119140625,517.535888671875,440.1000061035156,6491.72998046875,15641.0,1236.5582275390625,6728.53955078125,3564.87744140625,380.87481689453125,268.739990234375,238.24606323242188,909.4000244140625,179.6987762451172,,1135.3653564453125,2174.091064453125,2781.634521484375,1549.0721435546875,2661.04736328125,980.3357543945312,767.5144653320312,1468.565673828125,5605.19091796875,802.961181640625,4746.07080078125,462.6640930175781,2400.582275390625,475.21734619140625,231.74703979492188,1367.4715576171875,2035.172607421875,628.4191284179688,102.27999877929688,80.77271270751953,22.092124938964844,388.1683044433594,871.5829467773438,719.0974731445312,164.41571044921875,40.25,704.0396728515625,121.21271514892578,149.91513061523438,207.47390747070312,395.2740783691406,852.6689453125,1322.85888671875,1475.66748046875,5873.0,525.8615112304688,280.5039978027344,1168.78662109375,1080.0,311.2710266113281,601.4894409179688,1203.0771484375,495.45001220703125,419.8551330566406,296.3488464355469,571.0,,3988.740478515625,447.1922607421875,2037.327880859375,156855.0,1216.0279541015625,307.2864074707031,3696.08544921875,179.728271484375,2247.0,757.2371826171875,15720.1220703125,1698.300048828125,1119.6102294921875,2791.802490234375,2618.4990234375,3728.9697265625,79.59049987792969,252.2570343017578,74.28191375732422,327.72576904296875,1257.433837890625,1738.8082275390625,242.34716796875,426.23089599609375,1332.9000244140625,8055.7138671875,1815.699951171875,3524.13916015625,39048.6640625,584.7112426757812,6073.54296875,272.9017333984375,1745.5999755859375,1464.9515380859375,7646.7177734375,469.0,362.6627502441406,270.5131530761719,1750.99560546875,119.5244369506836,348.04949951171875,325.97637939453125,1511.3123779296875,886.095703125,1993.2291259765625,82.10388946533203,2822.517333984375,109.4892807006836,26610.830078125,813.2994995117188,3216.792724609375,13901.7861328125,483.02215576171875,956.1159057617188,141.3300018310547,1747.93505859375,4731.703125,3600.241455078125,57.70000076293945,3463.294677734375,821.8146362304688,1889.71630859375,2989.660888671875,1169.00830078125,5209.57568359375,,390.331298828125,169.67091369628906,672.4725952148438,1416.002197265625,3855.947509765625,3785.86572265625,1292.08984375,4398.10107421875,3087.30126953125,765.787353515625,11542.4013671875,149.6613006591797,1417.525146484375,460.1730041503906,512.2450561523438,10.930000305175781,1369.5975341796875,235.22140502929688,23.15999984741211,,933.9107666015625
5000.9326171875,1828.1221923828125,1763.800048828125,919.25732421875,1026.6500244140625,2435.7109375,1077.5999755859375,1488.725830078125,149.5500030517578,612.5860595703125,333.1000061035156,77.83000183105469,5657.18798828125,555.0525512695312,7367.1318359375,516.2311401367188,144.76052856445312,2881.00439453125,1447.5233154296875,1239.300048828125,3997.199951171875,1264.4249267578125,2826.653076171875,8797.1943359375,1007.4072265625,2048.451904296875,11726.2900390625,2296.605712890625,151.8438262939453,279.4126892089844,141.85614013671875,58.630958557128906,1552.6717529296875,418.54754638671875,1390.7852783203125,288.17041015625,361.64837646484375,2122.488037109375,1809.3922119140625,421.0964050292969,36802.81640625,5744.33154296875,732.1340942382812,144.24179077148438,1693.367919921875,1500.4237060546875,373.9449768066406,1706.0416259765625,1771.84326171875,2155.29248046875,514.9306030273438,4198.32861328125,741.0462036132812,514.179443359375,435.8500061035156,6446.9150390625,15697.0,1235.9620361328125,6743.87890625,3560.35205078125,379.6805114746094,269.0,243.67750549316406,908.4500122070312,178.7386932373047,,1125.3153076171875,2140.45361328125,2753.42236328125,1538.2718505859375,2640.496826171875,976.302490234375,759.094482421875,1456.2647705078125,5606.15771484375,793.0130615234375,4758.640625,459.8586120605469,2379.793701171875,467.4100036621094,236.38894653320312,1361.9183349609375,2018.1373291015625,624.6322631835938,102.5199966430664,79.87535095214844,21.913280487060547,386.9764404296875,868.4007568359375,709.5897827148438,162.96263122558594,39.88999938964844,694.9065551757812,119.55036926269531,147.2989959716797,204.648193359375,387.6124572753906,846.5787963867188,1315.610107421875,1454.91650390625,5739.5,525.1638793945312,275.3196105957031,1156.3580322265625,1066.300048828125,305.23516845703125,598.6474609375,1182.399169921875,490.6499938964844,417.8985290527344,293.4784240722656,567.5499877929688,,3960.912353515625,447.26556396484375,2032.66162109375,154933.4375,1187.8270263671875,315.7949523925781,3656.40234375,174.70425415039062,2226.89990234375,753.0065307617188,15771.60546875,1679.800048828125,1114.7188720703125,2790.606201171875,2589.087646484375,3664.911376953125,78.88520050048828,251.5668487548828,73.4861068725586,325.9888610839844,1252.2864990234375,1704.1357421875,241.2724609375,423.3974914550781,1295.5,7949.74951171875,1800.300048828125,3440.278564453125,38835.95703125,584.8606567382812,6036.802734375,271.7154235839844,1724.0999755859375,1480.3406982421875,7624.82177734375,465.5,360.928466796875,271.15594482421875,1720.1346435546875,118.92195892333984,345.78631591796875,320.1945495605469,1512.4072265625,864.3219604492188,1990.532958984375,80.87301635742188,2806.07861328125,108.43440246582031,26351.50390625,815.5865478515625,3233.610107421875,13761.869140625,485.5565185546875,955.2318725585938,138.89999389648438,1742.8812255859375,4614.7744140625,3592.99267578125,56.900001525878906,3467.779052734375,814.1820068359375,1863.9505615234375,2975.10888671875,1144.416259765625,5184.03369140625,,383.8713073730469,168.9654541015625,664.8397827148438,1385.9822998046875,3866.5126953125,3757.51708984375,1295.1473388671875,4367.5458984375,3027.484130859375,752.3672485351562,11472.8212890625,148.7191162109375,1417.3275146484375,456.38555908203125,502.3110046386719,10.739999771118164,1379.8651123046875,232.1853485107422,22.989999771118164,,927.5664672851562
5003.3935546875,1826.3326416015625,1720.9000244140625,924.751953125,1006.25,2432.0126953125,1069.9000244140625,1477.9710693359375,151.61000061035156,610.286865234375,330.6499938964844,78.06999969482422,5668.08056640625,552.5648803710938,7440.44873046875,516.0830688476562,143.0202178955078,2868.81005859375,1445.92578125,1235.800048828125,4026.5,1269.4210205078125,2890.684326171875,8761.201171875,999.4561157226562,2048.451904296875,11588.99609375,2305.558837890625,151.56622314453125,284.1107177734375,143.8896942138672,59.31982421875,1531.3477783203125,420.834716796875,1440.1787109375,288.2701110839844,355.6184387207031,2132.956298828125,1808.2052001953125,409.6101379394531,36628.9609375,5778.2666015625,722.5053100585938,145.57772827148438,1676.1876220703125,1512.6094970703125,369.172607421875,1695.366455078125,1845.2271728515625,2157.9609375,509.9547119140625,4207.11572265625,734.4293212890625,510.92169189453125,436.0,6427.4951171875,15540.0,1242.321533203125,6825.029296875,3526.50732421875,379.0833740234375,269.1499938964844,245.182373046875,903.25,178.48655700683594,,1123.147705078125,2120.151611328125,2736.176025390625,1603.2666015625,2638.294921875,978.41748046875,758.3969116210938,1428.885498046875,5680.5908203125,786.8452758789062,4695.59326171875,453.7721862792969,2417.015380859375,467.99920654296875,230.89108276367188,1371.5372314453125,2033.97705078125,611.8267211914062,104.62000274658203,79.37681579589844,21.838762283325195,384.78338623046875,867.078857421875,716.359619140625,160.81626892089844,40.119998931884766,696.0914306640625,119.5800552368164,146.3241729736328,202.666259765625,388.6243591308594,838.2423095703125,1352.6484375,1508.4578857421875,5758.5,511.90899658203125,276.4661560058594,1158.2471923828125,1071.0,303.7386779785156,593.4622802734375,1190.3140869140625,499.6000061035156,420.4541015625,294.61669921875,563.5999755859375,,3980.718994140625,446.5571594238281,2010.820068359375,153081.734375,1197.7919921875,322.592041015625,3683.814453125,170.4930877685547,2223.10009765625,744.7443237304688,15611.2158203125,1668.0,1162.3343505859375,2774.755615234375,2642.84619140625,3670.662841796875,78.41500854492188,248.4117889404297,73.03968048095703,324.1527404785156,1266.045654296875,1702.44189453125,243.27532958984375,426.8171081542969,1282.5999755859375,8100.9189453125,1850.699951171875,3421.97412109375,38518.359375,580.7261962890625,6271.64208984375,271.12225341796875,1715.0999755859375,1466.142822265625,7651.69384765625,468.6000061035156,360.0130920410156,272.09539794921875,1715.140869140625,121.52622985839844,346.17156982421875,319.1477966308594,1511.9095458984375,860.6847534179688,2002.0169677734375,80.79425048828125,2775.991455078125,111.61896514892578,26441.271484375,813.4486083984375,3195.7958984375,13800.845703125,503.8437805175781,965.3494873046875,139.99000549316406,1767.9521484375,4674.77587890625,3565.78515625,56.529998779296875,3465.586669921875,806.9925537109375,1858.5992431640625,3033.51025390625,1152.3492431640625,5253.2919921875,,386.7037658691406,169.71011352539062,671.9801635742188,1397.580810546875,3920.236572265625,3698.638427734375,1283.0157470703125,4352.46826171875,3029.082275390625,745.4343872070312,11432.6416015625,150.04983520507812,1394.60595703125,453.0466003417969,503.3929138183594,10.6899995803833,1397.41015625,237.16831970214844,22.93000030517578,,929.3648681640625
5066.3916015625,1840.7491455078125,1721.199951171875,918.4080810546875,993.5999755859375,2445.0068359375,1060.0,1484.8421630859375,151.4600067138672,608.8373413085938,327.8500061035156,78.37999725341797,5644.3154296875,553.0126342773438,7404.53857421875,512.7257690429688,143.78713989257812,2835.201904296875,1460.103515625,1207.699951171875,4085.0,1284.2095947265625,2887.891845703125,8854.8828125,1022.3156127929688,2093.8134765625,11602.82421875,2287.751708984375,149.9204864501953,279.21893310546875,143.04722595214844,57.9906120300293,1551.47607421875,420.63580322265625,1429.423828125,284.3327941894531,355.034912109375,2131.474853515625,1816.1181640625,394.6780090332031,36807.78515625,5723.67578125,719.66162109375,143.21563720703125,1701.2589111328125,1514.987060546875,369.7569885253906,1720.7076416015625,1833.2117919921875,2154.30419921875,510.400390625,4320.0615234375,731.910888671875,518.3256225585938,426.0,6435.9599609375,15313.0,1240.731689453125,7051.65625,3500.337158203125,378.9838562011719,268.739990234375,244.0960693359375,903.9000244140625,178.7386932373047,,1110.7327880859375,2113.58349609375,2740.064208984375,1586.6805419921875,2641.719970703125,992.4356689453125,759.4930419921875,1436.920654296875,5799.490234375,795.6492919921875,4668.2763671875,454.4854431152344,2403.947998046875,463.67816162109375,230.71592712402344,1371.4381103515625,2029.892578125,616.2613525390625,102.80000305175781,78.69880676269531,21.843730926513672,386.59503173828125,863.9456176757812,730.0984497070312,160.21795654296875,39.439998626708984,694.11669921875,118.81815338134766,145.86659240722656,200.21339416503906,385.9740905761719,828.058837890625,1355.826171875,1503.955322265625,5785.5,503.1387939453125,275.4193115234375,1163.3179931640625,1069.4000244140625,307.62957763671875,589.4735717773438,1183.8831787109375,504.1000061035156,419.0165710449219,289.3211975097656,554.7999877929688,,3998.3466796875,443.7480163574219,2016.18115234375,151679.25,1196.5963134765625,338.9734802246094,3678.07470703125,170.6302032470703,2239.5,732.7989501953125,15643.8876953125,1692.5999755859375,1166.826416015625,2820.71240234375,2668.84912109375,3666.498046875,78.48358154296875,245.99620056152344,72.26327514648438,324.1527404785156,1266.2435302734375,1702.2425537109375,242.34716796875,426.1820373535156,1283.9000244140625,8139.31884765625,1843.9000244140625,3423.168212890625,38275.203125,582.0711059570312,6305.8994140625,271.22113037109375,1715.699951171875,1478.35498046875,7612.38037109375,468.45001220703125,359.1459655761719,274.1226501464844,1715.0408935546875,120.36013793945312,348.04949951171875,318.1011047363281,1541.9705810546875,871.0484008789062,2024.2860107421875,80.58745574951172,2840.947998046875,111.45973205566406,26411.349609375,821.9505004882812,3200.572509765625,13942.76171875,504.53948974609375,964.1707153320312,138.19000244140625,1761.3128662109375,4623.10498046875,3543.641845703125,56.70000076293945,3474.25634765625,806.5001220703125,1900.1217041015625,3030.715576171875,1164.0501708984375,5271.95703125,,385.7099304199219,168.9752655029297,669.5179443359375,1419.12109375,3889.636962890625,3688.726318359375,1295.9365234375,4382.423828125,3000.821533203125,746.2761840820312,11517.9013671875,148.7968292236328,1399.0513916015625,450.0067443847656,501.3765869140625,10.170000076293945,1407.3787841796875,237.35145568847656,22.6299991607666,,927.1668090820312
5012.25244140625,1819.5716552734375,1727.800048828125,914.4619140625,974.7999877929688,2421.217529296875,1030.5,1473.5897216796875,149.1199951171875,607.7877197265625,325.6499938964844,76.70999908447266,5644.3154296875,544.85302734375,7372.6181640625,505.9618835449219,142.2631378173828,2851.857421875,1450.31884765625,1205.9000244140625,4038.0,1274.81689453125,2850.78955078125,8768.5966796875,997.9652709960938,2050.650146484375,11498.125,2307.448974609375,147.82862854003906,275.2474060058594,140.8587188720703,56.93305969238281,1507.333251953125,414.0229797363281,1404.32861328125,281.5916442871094,354.5486145019531,2135.820068359375,1740.154052734375,396.3759765625,36261.37890625,5717.77392578125,708.635986328125,141.1149444580078,1657.8084716796875,1497.7489013671875,368.3448181152344,1693.37109375,1784.9510498046875,2155.19384765625,506.2411193847656,4278.693359375,716.356201171875,509.0460510253906,418.3999938964844,6346.82763671875,14965.0,1236.061279296875,7060.56298828125,3559.07275390625,373.55987548828125,268.5199890136719,244.2256317138672,882.8499755859375,177.45860290527344,,1108.6636962890625,2080.841796875,2726.306884765625,1550.6151123046875,2639.02880859375,981.8114013671875,761.2866821289062,1429.579833984375,5802.39013671875,773.6640014648438,4547.921875,448.7794189453125,2409.19482421875,450.07666015625,223.82655334472656,1358.0509033203125,1996.519287109375,608.7872924804688,100.23999786376953,78.1005630493164,21.69469451904297,388.8834228515625,834.0328369140625,729.9491577148438,158.93580627441406,38.88999938964844,686.5589599609375,117.83854675292969,143.64834594726562,197.60353088378906,382.6010437011719,845.1810302734375,1333.3450927734375,1512.2752685546875,5843.5,482.9075927734375,269.0884094238281,1133.7877197265625,1038.5999755859375,302.84075927734375,587.3795166015625,1156.4776611328125,496.45001220703125,416.84033203125,285.7579040527344,545.9000244140625,,3985.967529296875,440.8656005859375,2014.791259765625,152166.375,1172.6802978515625,335.0125732421875,3710.6328125,166.76181030273438,2242.10009765625,736.5318603515625,15818.1376953125,1661.5,1179.004638671875,2736.674072265625,2675.374267578125,3605.513671875,77.21012878417969,242.05238342285156,71.34130859375,324.20233154296875,1267.7283935546875,1649.337158203125,241.2724609375,418.6472473144531,1265.800048828125,7941.97216796875,1810.800048828125,3409.539306640625,38592.796875,577.1395874023438,6252.27880859375,272.0119934082031,1698.0,1461.5758056640625,7485.48291015625,470.20001220703125,356.2073059082031,274.5181884765625,1686.3770751953125,118.91224670410156,344.9677429199219,313.0170593261719,1539.4820556640625,874.984619140625,2019.6923828125,79.78985595703125,2827.797119140625,109.27034759521484,26411.349609375,818.6690673828125,3157.981689453125,13749.8759765625,500.0670471191406,955.3792114257812,134.0800018310547,1763.5919189453125,4664.4619140625,3450.897705078125,55.099998474121094,3429.911376953125,797.73486328125,1903.5902099609375,3036.30517578125,1173.1729736328125,5226.767578125,,384.61669921875,164.60537719726562,660.3093872070312,1424.4818115234375,3891.430908203125,3654.133056640625,1273.744140625,4352.66796875,2880.38916015625,743.651611328125,11494.380859375,146.5627899169922,1409.819580078125,446.16943359375,488.2458801269531,9.970000267028809,1391.428955078125,235.64549255371094,22.43000030517578,,923.4701538085938
4977.80078125,1902.690673828125,1716.199951171875,924.2024536132812,970.1500244140625,2398.127685546875,1009.4000244140625,1479.6640625,145.44000244140625,601.6898803710938,331.8500061035156,75.66000366210938,5570.0478515625,541.9175415039062,7336.208984375,521.5139770507812,142.16481018066406,2854.434814453125,1470.886474609375,1194.0,3987.5,1268.0220947265625,2794.8369140625,8882.494140625,987.927001953125,2029.068603515625,11332.1865234375,2253.23193359375,148.6217498779297,273.06787109375,141.23638916015625,56.48675537109375,1471.7598876953125,401.5431213378906,1406.3203125,277.0064392089844,349.7830505371094,2125.35205078125,1726.1085205078125,394.77789306640625,35963.33984375,5720.23291015625,681.495849609375,141.98619079589844,1649.817626953125,1490.0213623046875,362.84197998046875,1663.540283203125,1795.5762939453125,2131.572265625,509.9547424316406,4244.33642578125,708.8010864257812,505.8376770019531,405.8500061035156,6332.88525390625,14669.0,1218.4727783203125,7183.27783203125,3610.921630859375,361.71661376953125,271.1600036621094,247.32504272460938,866.75,175.61602783203125,,1095.0665283203125,2036.555908203125,2680.35009765625,1552.9295654296875,2628.01953125,982.8934936523438,758.9450073242188,1413.2117919921875,5782.57373046875,770.6298828125,4399.5576171875,440.3630065917969,2399.790283203125,445.8538513183594,222.04583740234375,1356.960205078125,1989.9443359375,605.24951171875,98.93000030517578,77.74162292480469,21.461206436157227,384.78338623046875,836.9213256835938,717.9525756835938,157.3592987060547,38.43000030517578,681.089599609375,115.67156982421875,141.7384796142578,195.2389678955078,385.588623046875,834.6980590820312,1339.214111328125,1515.2117919921875,5805.5,479.36962890625,268.1911315917969,1099.68359375,1021.2999877929688,299.1494140625,587.3795166015625,1185.46630859375,484.3999938964844,416.7405090332031,289.56866455078125,545.9500122070312,,3974.47998046875,437.2747497558594,1985.2056884765625,155181.0625,1155.8394775390625,349.6825256347656,3652.44384765625,163.37330627441406,2222.699951171875,732.599853515625,15799.326171875,1679.5999755859375,1153.7496337890625,2677.7578125,2693.09912109375,3584.0947265625,75.38811492919922,240.37625122070312,70.3999252319336,321.0263366699219,1256.3448486328125,1601.2139892578125,240.1000518798828,414.2643127441406,1260.699951171875,7919.61279296875,1781.300048828125,3407.251708984375,38567.984375,567.6251831054688,6329.73095703125,268.30474853515625,1677.9000244140625,1452.5408935546875,7391.9267578125,456.3999938964844,349.41455078125,272.7381591796875,1629.2490234375,118.30976104736328,342.7045593261719,323.8330993652344,1528.831298828125,866.663818359375,2012.003173828125,78.17495727539062,2797.0126953125,108.69314575195312,26421.322265625,823.54150390625,3148.428466796875,13359.1064453125,502.7008056640625,953.4146118164062,132.0800018310547,1764.68212890625,4695.30517578125,3408.398193359375,54.61000061035156,3429.512939453125,791.9241943359375,1863.8515625,3027.24609375,1176.0487060546875,5138.84423828125,,380.194091796875,162.0187225341797,667.6959228515625,1456.8408203125,3861.62890625,3685.752685546875,1284.4952392578125,4304.5390625,2905.25439453125,735.5797729492188,11352.28125,146.65992736816406,1413.869873046875,444.6246032714844,487.01641845703125,9.979999542236328,1350.35791015625,238.32492065429688,22.200000762939453,,925.8180541992188
4991.08935546875,1858.3472900390625,1698.4000244140625,943.1340942382812,971.5,2331.857177734375,1011.5999755859375,1477.6724853515625,146.83999633789062,604.5388793945312,345.45001220703125,75.43000030517578,5645.30517578125,543.161376953125,7312.2685546875,515.4906005859375,143.38401794433594,2851.064208984375,1463.1986083984375,1208.0,3988.60009765625,1265.32421875,2833.135986328125,8922.431640625,980.1746826171875,2028.468994140625,11497.1376953125,2292.825439453125,148.3441619873047,278.2502746582031,142.55335998535156,57.83537292480469,1457.2117919921875,407.9570617675781,1403.830810546875,281.9903564453125,346.0873107910156,2134.73388671875,1758.0570068359375,392.7802734375,35536.15234375,5770.88916015625,681.0468139648438,143.94168090820312,1683.479248046875,1493.48876953125,360.4071350097656,1678.6053466796875,1818.9122314453125,2142.444091796875,507.52850341796875,4256.47998046875,712.3563842773438,507.81207275390625,410.6499938964844,6385.66748046875,14401.0,1228.3104248046875,7143.6923828125,3578.848388671875,360.1242370605469,270.45001220703125,255.11842346191406,866.5,174.77232360839844,,1127.6800537109375,2083.927001953125,2678.4560546875,1543.9613037109375,2611.138916015625,973.6956176757812,763.8275756835938,1408.0533447265625,5878.75634765625,785.2535400390625,4396.09375,432.9451904296875,2389.792236328125,454.2995300292969,224.54664611816406,1346.4488525390625,1991.4385986328125,610.1326293945312,101.19999694824219,79.1175765991211,21.500947952270508,382.1612548828125,854.8885498046875,723.27880859375,155.8682098388672,38.84000015258789,673.730712890625,115.51324462890625,140.61444091796875,191.177001953125,388.961669921875,838.5418701171875,1324.9892578125,1498.1802978515625,5775.0,474.98455810546875,266.4962158203125,1105.6492919921875,1022.5999755859375,300.0971984863281,591.3681640625,1159.5447998046875,482.79998779296875,413.26654052734375,293.87432861328125,548.0999755859375,,3958.040283203125,438.5450134277344,2027.598388671875,154507.25,1156.1383056640625,352.4209289550781,3631.167236328125,162.3645782470703,2241.89990234375,728.020751953125,15731.0126953125,1697.9000244140625,1156.0455322265625,2634.791748046875,2724.166015625,3650.532958984375,75.6526107788086,236.6789093017578,70.5551986694336,321.27447509765625,1250.4056396484375,1623.631591796875,239.70925903320312,414.70751953125,1241.4000244140625,7858.853515625,1765.9000244140625,3430.529541015625,38245.42578125,567.2266845703125,6325.75927734375,269.04620361328125,1731.699951171875,1456.1151123046875,7403.8701171875,459.75,348.210205078125,270.4142761230469,1653.818115234375,119.57302856445312,338.7560119628906,321.8891906738281,1532.61376953125,870.3508911132812,2028.1805419921875,76.68806457519531,2783.364013671875,109.6783676147461,26386.4140625,833.5349731445312,3165.544677734375,13259.166015625,498.2283630371094,966.1844482421875,132.25,1760.71826171875,4724.8603515625,3403.234619140625,54.189998626708984,3435.791015625,791.7272338867188,1809.4462890625,3006.044189453125,1167.8182373046875,5073.0244140625,,377.6597900390625,162.9691162109375,659.3737182617188,1456.8408203125,3842.49169921875,3712.3173828125,1275.322265625,4237.63818359375,2875.695556640625,742.5126342773438,11348.361328125,148.46658325195312,1413.07958984375,447.5648498535156,496.3603515625,10.050000190734863,1352.0526123046875,236.75389099121094,22.700000762939453,,927.6663818359375
5116.10009765625,1873.65869140625,1732.800048828125,952.82470703125,991.2000122070312,2313.96533203125,1034.4000244140625,1499.8787841796875,148.6199951171875,605.5385131835938,349.79998779296875,76.94000244140625,5716.60205078125,547.2909545898438,7374.61328125,514.898193359375,146.45167541503906,2849.27978515625,1463.6978759765625,1227.4000244140625,4019.10009765625,1289.2056884765625,2879.11474609375,9036.822265625,1004.5249633789062,2083.322265625,11589.9833984375,2300.982666015625,149.88082885742188,279.3642272949219,144.1414794921875,58.165252685546875,1482.322265625,412.9788513183594,1425.3408203125,288.76849365234375,357.5635681152344,2100.366455078125,1759.44189453125,397.97406005859375,36246.4765625,5784.16845703125,686.8839721679688,145.36474609375,1710.947998046875,1509.6373291015625,367.5169372558594,1673.3175048828125,1858.0372314453125,2159.54248046875,513.5692749023438,4352.1484375,721.6892700195312,510.5762023925781,419.3999938964844,6483.26513671875,14825.0,1240.135498046875,7123.8994140625,3627.056884765625,363.40850830078125,264.45001220703125,255.4971160888672,874.9000244140625,179.56300354003906,,1137.2374267578125,2104.228759765625,2735.478271484375,1560.161865234375,2621.65869140625,987.5662231445312,784.7529907226562,1428.290283203125,5931.92333984375,796.6441040039062,4471.5126953125,443.40625,2400.7802734375,461.812255859375,232.73019409179688,1363.5050048828125,2002.6959228515625,619.749267578125,101.94999694824219,80.13459014892578,21.500947952270508,383.5915222167969,868.2538452148438,728.1571655273438,157.26431274414062,39.52000045776367,684.6695556640625,116.83916473388672,143.5886688232422,195.47442626953125,390.8891296386719,849.3243408203125,1334.4393310546875,1524.902099609375,5913.0,485.59844970703125,268.9388732910156,1147.80712890625,1042.4000244140625,307.2803649902344,603.2843017578125,1182.201416015625,497.54998779296875,420.03485107421875,304.4653015136719,555.7999877929688,,4022.708740234375,437.1526184082031,2056.6875,154217.765625,1159.5263671875,342.1519775390625,3648.089599609375,157.3013916015625,2258.89990234375,730.7582397460938,15995.357421875,1736.699951171875,1160.5374755859375,2688.12548828125,2727.087646484375,3694.362548828125,75.84851837158203,243.43270874023438,72.09829711914062,323.6564636230469,1263.867919921875,1656.7100830078125,242.00521850585938,416.77587890625,1286.5,7949.74951171875,1787.0999755859375,3420.183837890625,38706.93359375,567.5255737304688,6369.94677734375,271.96258544921875,1751.699951171875,1473.787841796875,7503.3974609375,469.3500061035156,352.7362060546875,271.9964904785156,1665.703125,121.45820617675781,343.2342224121094,322.5870056152344,1562.6748046875,874.6856689453125,2026.283203125,77.36750793457031,2799.30419921875,111.27064514160156,26865.169921875,851.78173828125,3302.5712890625,13452.0517578125,504.0922546386719,966.4791870117188,136.9199981689453,1788.56396484375,4684.8916015625,3439.57763671875,55.58000183105469,3526.274658203125,802.6591796875,1834.320068359375,3048.15869140625,1175.3546142578125,5137.37060546875,,389.0889892578125,166.2416229248047,672.9650268554688,1481.889892578125,3884.9521484375,3722.824462890625,1298.1063232421875,4286.06640625,2876.6943359375,753.30810546875,11523.78125,150.9434356689453,1441.8271484375,463.9604187011719,507.8189697265625,10.079999923706055,1382.6563720703125,241.13929748535156,22.93000030517578,,939.70556640625
5158.42724609375,1859.44091796875,1734.9000244140625,946.2311401367188,984.3499755859375,2253.9921875,1031.0999755859375,1502.7666015625,148.1300048828125,603.1893920898438,351.75,77.05000305175781,5630.947265625,545.9973754882812,7304.28857421875,512.4295654296875,157.07054138183594,2854.3359375,1468.6900634765625,1235.800048828125,4007.10009765625,1286.3079833984375,2921.403564453125,8897.2861328125,1027.48388671875,2101.40673828125,11107.97265625,2288.447998046875,148.35406494140625,278.8799133300781,142.96975708007812,57.680137634277344,1499.162353515625,410.7414245605469,1427.43212890625,289.914794921875,354.69451904296875,2089.3056640625,1735.7030029296875,399.172607421875,36082.5546875,5731.052734375,677.7540893554688,146.91363525390625,1722.634521484375,1511.0242919921875,368.19866943359375,1672.120361328125,1896.8642578125,2146.002197265625,509.0634460449219,4392.82421875,716.4055786132812,512.501220703125,425.25,6463.84521484375,14643.0,1241.4273681640625,6926.466796875,3785.6533203125,366.59326171875,264.8500061035156,254.00222778320312,883.5999755859375,178.24411010742188,,1127.778564453125,2086.2158203125,2731.49072265625,1570.8656005859375,2622.637451171875,993.0750732421875,775.0376586914062,1423.1317138671875,5945.939453125,803.3590698242188,4437.26708984375,440.69586181640625,2427.013427734375,466.03509521484375,233.1194305419922,1380.5611572265625,1973.207763671875,623.087646484375,101.19000244140625,80.26420593261719,21.461206436157227,385.4985046386719,847.8388061523438,731.7411499023438,155.5738067626953,39.220001220703125,684.0231323242188,116.72042846679688,143.00177001953125,193.99290466308594,389.58807373046875,856.0634765625,1332.3504638671875,1533.2220458984375,5919.0,486.3459167480469,269.03857421875,1153.9716796875,1041.0999755859375,305.7340087890625,604.9296264648438,1205.9464111328125,493.8999938964844,421.3126220703125,305.1086730957031,550.25,,4041.822021484375,439.8152160644531,2056.48876953125,153479.0625,1152.5509033203125,355.6483154296875,3642.943603515625,156.92926025390625,2249.300048828125,724.0887451171875,15744.873046875,1728.4000244140625,1159.739013671875,2669.084716796875,2718.614990234375,3728.9697265625,75.37832641601562,244.4679718017578,72.0206527709961,324.8970947265625,1253.5733642578125,1655.514404296875,238.39028930664062,410.91552734375,1293.0999755859375,7923.50146484375,1808.699951171875,3414.314453125,38637.4609375,567.3263549804688,6386.82763671875,270.82568359375,1741.0,1461.7744140625,7443.68115234375,465.6000061035156,355.412841796875,270.6614990234375,1667.40087890625,121.39990234375,348.86810302734375,323.5340270996094,1556.2047119140625,877.3264770507812,2001.7174072265625,77.67276000976562,2829.391357421875,115.56980895996094,26685.63671875,862.7696533203125,3295.904052734375,13345.115234375,506.3781433105469,955.624755859375,136.2100067138672,1793.9150390625,4637.5849609375,3392.907470703125,54.93000030517578,3505.746337890625,796.0113525390625,1826.2930908203125,3022.81298828125,1167.8182373046875,5105.443359375,,389.6355895996094,164.73275756835938,667.302001953125,1471.5584716796875,3890.533935546875,3697.647216796875,1294.9501953125,4259.80517578125,2832.85546875,751.3768310546875,11384.62109375,149.85556030273438,1428.2930908203125,465.75445556640625,510.5729675292969,10.109999656677246,1393.6219482421875,240.53207397460938,22.84000015258789,,936.4085083007812
5093.95263671875,1839.9537353515625,1718.9000244140625,954.3232421875,994.5499877929688,2279.180908203125,1048.199951171875,1510.533935546875,147.49000549316406,606.438232421875,358.04998779296875,78.1500015258789,5629.46142578125,547.489990234375,7317.25634765625,507.541748046875,155.46786499023438,2849.676025390625,1438.5374755859375,1226.699951171875,3996.5,1278.7137451171875,2894.7734375,8947.578125,1031.1612548828125,2092.214599609375,11357.8681640625,2296.904052734375,149.06788635253906,280.7203674316406,142.48556518554688,56.81663513183594,1508.2301025390625,409.44866943359375,1427.8304443359375,289.914794921875,349.2481689453125,2075.479736328125,1749.05615234375,397.8741760253906,35873.9296875,5750.2333984375,671.4180908203125,146.73939514160156,1734.0216064453125,1517.067626953125,366.34820556640625,1662.2432861328125,1895.3746337890625,2143.333740234375,506.2906188964844,4422.34375,714.6278686523438,510.7736511230469,426.20001220703125,6450.400390625,14601.0,1250.867431640625,6980.40234375,3755.744140625,373.0124816894531,267.30999755859375,257.0418701171875,876.4000244140625,170.7671661376953,,1128.763916015625,2104.427978515625,2730.892578125,1566.2369384765625,2615.787109375,991.2059936523438,761.5855712890625,1430.37353515625,5968.65625,804.2047119140625,4495.8603515625,435.0849304199219,2441.763671875,476.4940185546875,232.83724975585938,1377.189697265625,1963.04638671875,617.606689453125,100.37999725341797,79.8952865600586,21.317138671875,385.4508361816406,852.0980224609375,740.9998779296875,153.6173858642578,38.790000915527344,682.8795776367188,116.33452606201172,142.14630126953125,195.62161254882812,386.5041198730469,857.16162109375,1323.1988525390625,1527.055419921875,5901.5,486.9936828613281,269.5370788574219,1153.6734619140625,1044.4000244140625,305.4845886230469,599.7942504882812,1209.4091796875,505.3500061035156,424.1477355957031,309.1669006347656,549.0999755859375,,4030.2353515625,436.98162841796875,2067.211181640625,152151.40625,1144.1802978515625,363.6678771972656,3718.252685546875,154.79429626464844,2251.0,714.13427734375,15741.9033203125,1702.0999755859375,1160.7371826171875,2671.278076171875,2737.995361328125,3712.806396484375,75.17261505126953,239.78466796875,71.73920440673828,324.00384521484375,1248.326904296875,1641.1671142578125,237.65753173828125,406.9757995605469,1320.5999755859375,7881.212890625,1818.9000244140625,3377.9052734375,38032.046875,566.0311889648438,6308.38232421875,268.7496337890625,1736.800048828125,1459.2923583984375,7434.7236328125,480.29998779296875,353.0281982421875,266.953125,1675.191162109375,120.9820556640625,347.5679931640625,323.08544921875,1560.285888671875,877.0773315429688,1963.2708740234375,76.66837310791016,2916.365234375,115.74893951416016,26331.556640625,846.859619140625,3280.877685546875,13264.1630859375,508.6143798828125,961.6658935546875,134.91000366210938,1815.022216796875,4689.65234375,3367.785400390625,54.0099983215332,3519.199462890625,788.2802734375,1798.842529296875,3023.680419921875,1162.5628662109375,5067.62158203125,,387.6976013183594,164.56619262695312,668.779296875,1478.868408203125,3894.919677734375,3687.93359375,1296.5283203125,4244.12841796875,2780.528076171875,751.3768310546875,11367.9619140625,148.87454223632812,1434.0228271484375,479.95733642578125,517.3596801757812,9.960000038146973,1371.989990234375,240.50315856933594,22.93000030517578,,941.65380859375
5108.2255859375,1839.8543701171875,1734.300048828125,949.5778198242188,999.0999755859375,2260.989013671875,1039.5999755859375,1524.076904296875,147.33999633789062,606.6381225585938,356.1000061035156,76.61000061035156,5554.69921875,540.6737060546875,7269.37548828125,509.8622131347656,157.61131286621094,2842.934814453125,1438.2379150390625,1216.199951171875,3963.300048828125,1274.7169189453125,2879.01513671875,8969.765625,1014.8613891601562,2080.025146484375,11192.91796875,2288.14990234375,148.7605438232422,286.29022216796875,142.58241271972656,55.93372344970703,1524.870849609375,414.9179382324219,1427.03369140625,290.0643005371094,344.2880859375,2063.7275390625,1729.6693115234375,394.0287780761719,36097.45703125,5718.265625,668.2750244140625,145.69387817382812,1722.9342041015625,1508.9437255859375,369.7569885253906,1662.9417724609375,1889.317138671875,2127.81640625,500.8934631347656,4486.4189453125,703.66552734375,508.6511535644531,417.6000061035156,6396.12451171875,14566.0,1252.1591796875,7051.65625,3782.111328125,378.3369445800781,264.8999938964844,255.72634887695312,873.7999877929688,170.10772705078125,,1112.802001953125,2086.414794921875,2723.01708984375,1584.2696533203125,2592.105224609375,985.7954711914062,764.0269165039062,1423.8262939453125,6085.62255859375,806.5922241210938,4484.28076171875,429.806884765625,2439.6845703125,490.88116455078125,232.0977020263672,1378.478759765625,1983.867431640625,619.4004516601562,100.12999725341797,80.47359466552734,21.416492462158203,385.4508361816406,868.84130859375,745.7288208007812,154.7760467529297,38.849998474121094,680.4928588867188,115.85956573486328,141.728515625,195.17027282714844,382.2155456542969,845.7800903320312,1357.9151611328125,1530.872802734375,5794.0,490.1330261230469,270.08538818359375,1161.7271728515625,1048.0,304.0379638671875,607.6219482421875,1244.82861328125,506.95001220703125,428.77972412109375,305.9994812011719,550.6500244140625,,4033.80029296875,430.94805908203125,2066.9130859375,152151.40625,1124.2503662109375,359.8047790527344,3702.716064453125,158.6137237548828,2229.800048828125,715.67724609375,15936.9443359375,1713.4000244140625,1123.403564453125,2663.90087890625,2758.349609375,3779.1455078125,75.72118377685547,236.48171997070312,73.16584014892578,324.64898681640625,1247.83203125,1612.9708251953125,239.20120239257812,407.9607238769531,1367.800048828125,7922.529296875,1863.5999755859375,3371.239990234375,37123.91796875,567.1270751953125,6361.009765625,268.799072265625,1729.9000244140625,1458.100830078125,7366.04931640625,484.75,351.3248596191406,266.65643310546875,1657.1138916015625,121.75945281982422,344.9677429199219,320.6430969238281,1558.892333984375,873.4400634765625,1968.863037109375,76.64867401123047,2912.0810546875,115.98778533935547,26346.517578125,846.7601928710938,3294.01318359375,13240.1767578125,505.63275146484375,955.870361328125,135.0500030517578,1791.041259765625,4721.5869140625,3311.086181640625,53.720001220703125,3649.045654296875,783.35595703125,1820.0498046875,3019.72900390625,1154.0350341796875,5032.7470703125,,387.3497619628906,165.22265625,669.961181640625,1490.7593994140625,3882.161376953125,3704.09033203125,1289.525390625,4209.67919921875,2793.90966796875,743.651611328125,11428.7216796875,149.76815795898438,1429.577392578125,482.5487365722656,524.5397338867188,9.930000305175781,1356.1397705078125,241.2260284423828,22.450000762939453,,935.6092529296875
5101.82763671875,1841.246337890625,1734.5999755859375,952.1253662109375,976.9500122070312,2238.59912109375,1022.5999755859375,1511.7288818359375,146.75999450683594,601.4400024414062,355.75,77.08000183105469,5583.416015625,540.325439453125,7223.98876953125,512.7257690429688,157.31634521484375,2928.988037109375,1417.4705810546875,1215.199951171875,3961.800048828125,1257.030517578125,2835.729248046875,8959.4111328125,1019.2345581054688,2064.138427734375,10913.390625,2432.893798828125,148.49285888671875,287.5979309082031,141.1201629638672,55.856101989746094,1519.8885498046875,410.7414245605469,1415.482177734375,284.5820007324219,348.9077453613281,2077.849853515625,1711.5684814453125,398.5234069824219,36420.33203125,5779.25,658.2471923828125,147.17501831054688,1709.6492919921875,1502.504150390625,369.07525634765625,1636.10400390625,1900.5384521484375,2133.0546875,498.5167541503906,4457.09619140625,703.3692626953125,501.4446716308594,409.1000061035156,6391.14501953125,14494.0,1267.1640625,7038.79052734375,3696.5166015625,376.64508056640625,261.79998779296875,257.570068359375,858.4500122070312,169.71011352539062,,1115.4622802734375,2087.609130859375,2726.50634765625,1577.1336669921875,2543.37109375,973.6956176757812,756.304443359375,1411.1285400390625,6061.4560546875,802.6627197265625,4462.30810546875,428.38037109375,2452.850830078125,486.7565002441406,229.7428741455078,1361.521728515625,1979.18505859375,614.417724609375,99.76000213623047,81.73987579345703,21.25752067565918,382.3043212890625,841.5233154296875,739.2078857421875,154.17770385742188,38.52000045776367,676.1671142578125,115.19660949707031,139.44064331054688,194.68951416015625,387.37152099609375,848.9249877929688,1379.302001953125,1527.9364013671875,5697.5,482.5089416503906,272.0793762207031,1155.36376953125,1028.800048828125,304.13775634765625,601.7387084960938,1240.1785888671875,501.29998779296875,427.7415466308594,302.93109130859375,554.6500244140625,,3991.513427734375,431.82745361328125,2067.70751953125,154232.734375,1115.8798828125,356.9685974121094,3677.876708984375,155.69528198242188,2216.39990234375,714.08447265625,16077.5322265625,1691.800048828125,1115.517578125,2642.966064453125,2763.998291015625,3748.20703125,75.70158386230469,238.06912231445312,73.84518432617188,326.13775634765625,1246.1492919921875,1626.62060546875,237.94085693359375,410.3738098144531,1364.199951171875,7873.43603515625,1866.300048828125,3356.417724609375,37322.4140625,561.2490234375,6348.59765625,268.0081787109375,1731.199951171875,1458.398681640625,7312.30419921875,475.3500061035156,350.6921691894531,264.48089599609375,1650.42236328125,121.80803680419922,344.24542236328125,316.90484619140625,1539.1834716796875,880.3657836914062,1978.749267578125,76.18587493896484,2848.818603515625,118.6847152709961,26476.1796875,838.6560668945312,3344.56494140625,13299.142578125,503.2971496582031,950.1730346679688,132.4600067138672,1783.2127685546875,4700.36328125,3308.703125,53.41999816894531,3657.91455078125,777.8406982421875,1831.6444091796875,3021.94580078125,1152.4483642578125,5036.67626953125,,386.0577697753906,164.3898162841797,666.16943359375,1497.7769775390625,3873.09130859375,3695.2685546875,1295.3448486328125,4220.263671875,2789.815185546875,739.5909423828125,11432.6416015625,151.30284118652344,1423.4525146484375,479.8078308105469,529.5559692382812,10.130000114440918,1348.6632080078125,241.1199951171875,22.709999084472656,,941.8536376953125
5027.017578125,1829.613525390625,1752.0999755859375,947.7796020507812,969.5,2188.8212890625,1012.5999755859375,1491.4144287109375,144.97000122070312,593.19287109375,350.0,76.73999786376953,5592.328125,532.713134765625,7166.1328125,528.4754028320312,159.98089599609375,2928.095947265625,1407.386474609375,1208.9000244140625,3909.699951171875,1269.720703125,2743.871337890625,8875.5908203125,1015.1596069335938,2044.255615234375,11084.267578125,2396.0859375,145.51864624023438,278.00811767578125,135.8619384765625,54.953792572021484,1477.7386474609375,401.6922912597656,1400.84326171875,277.6543273925781,348.5673522949219,2060.073486328125,1736.0986328125,409.51025390625,36340.85546875,5729.08544921875,662.7372436523438,141.4150390625,1666.998046875,1493.984130859375,365.4716491699219,1618.64453125,1899.148193359375,2077.41064453125,501.5867004394531,4456.70166015625,699.2213134765625,499.5196228027344,401.95001220703125,6428.49072265625,14018.0,1272.62939453125,7008.11181640625,3738.625244140625,370.87274169921875,258.1000061035156,257.3707275390625,843.9000244140625,165.1230926513672,,1104.2298583984375,2057.85302734375,2711.85205078125,1581.955322265625,2540.630859375,984.2214965820312,749.2794799804688,1409.24365234375,6004.4228515625,812.0636596679688,4390.84765625,428.61810302734375,2423.350830078125,495.3494873046875,219.32122802734375,1379.8670654296875,1964.9393310546875,609.1360473632812,97.6500015258789,80.34397888183594,21.34694480895996,381.875244140625,795.8463134765625,731.3428955078125,155.8587188720703,38.15999984741211,670.7474365234375,113.50457763671875,136.11827087402344,189.0478973388672,389.97357177734375,845.530517578125,1369.951416015625,1545.261474609375,5595.5,468.60626220703125,269.337646484375,1137.0687255859375,1017.9000244140625,300.2967224121094,587.5291137695312,1245.3233642578125,490.0,428.4802551269531,299.7142028808594,549.4000244140625,,3949.424560546875,424.0839538574219,2065.12646484375,151772.078125,1100.0355224609375,347.6776428222656,3611.473876953125,156.1164093017578,2205.60009765625,707.4150390625,15922.09375,1664.800048828125,1084.0733642578125,2609.07177734375,2786.30029296875,3731.845458984375,75.26078033447266,236.5113067626953,73.8063735961914,320.53009033203125,1229.3214111328125,1634.5914306640625,234.5017852783203,404.5134582519531,1338.9000244140625,7850.59033203125,1839.0999755859375,3357.0146484375,36960.15625,553.0796508789062,6286.53662109375,265.68499755859375,1721.199951171875,1468.029296875,7192.87109375,462.5,342.5648498535156,265.46978759765625,1640.13525390625,116.41486358642578,337.3595275878906,310.6744079589844,1531.718017578125,864.919921875,1970.0614013671875,74.82698822021484,2819.4287109375,116.0076904296875,26231.81640625,823.4420776367188,3313.61669921875,12827.4208984375,488.6375427246094,934.2107543945312,131.9199981689453,1790.3475341796875,4651.56884765625,3274.24658203125,52.59000015258789,3619.150146484375,771.2421875,1848.0948486328125,3064.638427734375,1130.4346923828125,5083.33984375,,381.2873229980469,163.5471954345703,660.9988403320312,1502.650390625,3805.313720703125,3688.230712890625,1284.3963623046875,4182.0205078125,2736.689453125,735.8768920898438,11359.1416015625,147.0387420654297,1404.08984375,475.9207458496094,524.0479736328125,10.550000190734863,1331.7164306640625,245.4764862060547,22.399999618530273,,934.110595703125
5091.4921875,1804.75732421875,1772.9000244140625,947.8295288085938,971.7000122070312,2216.90869140625,1013.4000244140625,1499.2813720703125,142.72999572753906,592.79296875,349.3999938964844,76.37999725341797,5603.71533203125,534.2555541992188,7183.0908203125,523.9331665039062,157.5228271484375,2931.763916015625,1438.4375,1223.0999755859375,3913.300048828125,1279.0135498046875,2757.734619140625,8958.9189453125,1022.8125,2047.452880859375,10981.5439453125,2391.31103515625,144.86431884765625,279.1705322265625,137.04335021972656,55.25456237792969,1522.5789794921875,404.8743896484375,1388.494873046875,274.86334228515625,346.23321533203125,2077.65234375,1745.693115234375,387.8861389160156,36604.125,5780.23388671875,660.8912963867188,142.68319702148438,1673.7901611328125,1506.86328125,369.172607421875,1636.602783203125,1952.47314453125,2113.18896484375,507.7265625,4402.59814453125,700.5545654296875,501.5927429199219,401.6000061035156,6442.43359375,13707.0,1269.5489501953125,7026.42041015625,3673.494384765625,378.5360107421875,255.5,257.76934814453125,838.2999877929688,165.4722137451172,,1115.9549560546875,2069.59619140625,2721.92041015625,1595.552001953125,2540.435302734375,980.9752197265625,758.0980224609375,1422.0406494140625,6128.63916015625,806.5922241210938,4450.7275390625,426.00286865234375,2437.40771484375,487.8367614746094,216.3436279296875,1375.1070556640625,1975.4991455078125,613.2218627929688,97.63999938964844,79.6460189819336,21.36681365966797,384.3066101074219,785.8590698242188,726.3153076171875,154.57659912109375,37.790000915527344,670.1010131835938,113.64310455322266,136.02874755859375,190.05850219726562,387.419677734375,861.6044921875,1388.8514404296875,1563.7611083984375,5436.5,458.29132080078125,267.6427917480469,1144.02880859375,1005.7999877929688,301.5438232421875,589.2243041992188,1256.305419921875,490.1000061035156,426.34393310546875,297.38818359375,546.9500122070312,,3945.067138671875,428.2854919433594,2076.940673828125,153354.28125,1105.6158447265625,339.36468505859375,3633.443359375,153.4917755126953,2206.300048828125,711.3967895507812,15834.96875,1689.4000244140625,1081.9771728515625,2632.9970703125,2832.462646484375,3670.960205078125,75.31954956054688,234.35205078125,73.72872924804688,320.53009033203125,1229.81640625,1657.6068115234375,236.6609649658203,402.0018310546875,1328.5999755859375,7963.35986328125,1854.300048828125,3391.931640625,37223.16796875,526.7781372070312,6406.6865234375,277.745849609375,1734.0999755859375,1474.085693359375,7313.79736328125,463.95001220703125,342.66217041015625,266.1125793457031,1657.1138916015625,116.1524887084961,339.71905517578125,311.42205810546875,1528.53271484375,852.9119873046875,2000.11962890625,74.22632598876953,2829.490966796875,116.99291229248047,26381.42578125,823.4918212890625,3346.057373046875,12933.3583984375,496.5885009765625,931.31298828125,132.13999938964844,1801.8427734375,4629.25390625,3317.639892578125,50.849998474121094,3633.698974609375,770.25732421875,1830.157958984375,3112.053466796875,1138.76416015625,5124.599609375,,382.0823974609375,163.40023803710938,664.2489013671875,1522.7286376953125,3787.970458984375,3762.374267578125,1281.9305419921875,4209.5791015625,2699.840576171875,749.1979370117188,11375.8017578125,148.05860900878906,1414.5614013671875,478.3127746582031,520.94970703125,10.680000305175781,1325.23681640625,247.6354522705078,22.760000228881836,,934.9098510742188
5092.47607421875,1787.8551025390625,1771.0,959.7679443359375,978.8499755859375,2264.387451171875,1017.7000122070312,1503.0654296875,143.77999877929688,592.9429321289062,358.75,77.41000366210938,5620.05419921875,531.1707763671875,7171.619140625,514.898193359375,158.1619110107422,2942.966796875,1457.2081298828125,1217.5999755859375,3952.10009765625,1281.51171875,2808.500732421875,8982.5849609375,1041.5970458984375,2094.712646484375,11043.7705078125,2370.618896484375,138.876220703125,283.4326477050781,138.5830535888672,55.283668518066406,1507.1339111328125,404.62579345703125,1400.1461181640625,276.8569030761719,350.41522216796875,2082.590087890625,1739.5604248046875,392.18096923828125,36678.6328125,5863.349609375,659.8934936523438,143.89328002929688,1728.427978515625,1506.665283203125,370.0491943359375,1640.1944580078125,1964.0916748046875,2139.182373046875,506.092529296875,4412.076171875,710.8256225585938,503.5671081542969,404.6000061035156,6446.9150390625,13749.0,1267.1640625,7133.30126953125,3650.96435546875,378.3369445800781,254.8000030517578,258.3175048828125,847.0,164.84185791015625,,1119.304931640625,2072.382568359375,2738.468994140625,1622.9384765625,2522.331298828125,986.9759521484375,765.5714111328125,1425.0166015625,6138.78857421875,818.9776000976562,4397.47900390625,428.2852478027344,2315.052490234375,489.1625671386719,219.1558074951172,1380.858642578125,1966.9317626953125,623.8848876953125,97.4000015258789,80.63312530517578,21.262489318847656,386.1182861328125,792.07666015625,727.6593627929688,155.4313507080078,37.779998779296875,671.4435424804688,113.39573669433594,132.6964111328125,188.1844940185547,400.622802734375,868.6929321289062,1381.390869140625,1581.9671630859375,5370.5,460.38421630859375,268.44036865234375,1155.5625,1006.7999877929688,303.0403137207031,591.5177612304688,1253.5350341796875,492.5,430.23724365234375,306.4449157714844,541.7999877929688,,3999.138916015625,424.98779296875,2083.691650390625,152940.015625,1107.70849609375,359.4624938964844,3678.470703125,150.5635528564453,2205.5,733.296630859375,16120.10546875,1690.199951171875,1095.4532470703125,2608.174560546875,2876.482666015625,3768.23779296875,75.4958724975586,236.0380401611328,74.20427703857422,320.87744140625,1234.2708740234375,1651.628662109375,235.6839599609375,405.74462890625,1344.5999755859375,7990.09375,1893.800048828125,3378.40283203125,37173.54296875,548.745849609375,6474.7060546875,271.6659851074219,1725.0999755859375,1464.5543212890625,7222.7294921875,470.6499938964844,343.2461853027344,266.8047790527344,1687.575439453125,118.27088928222656,340.24871826171875,309.8769226074219,1533.5096435546875,882.0598754882812,2020.890625,72.9363784790039,2874.62158203125,116.4853744506836,26007.3984375,850.0913696289062,3309.636474609375,12811.4306640625,489.8301696777344,954.2987060546875,132.5399932861328,1788.9603271484375,4808.3662109375,3347.429443359375,51.7400016784668,3652.6328125,762.3292236328125,1821.338134765625,3120.72705078125,1153.142578125,5125.58203125,,382.132080078125,163.7333526611328,656.369873046875,1531.0133056640625,3800.828369140625,3752.66015625,1272.2647705078125,4176.927734375,2662.99169921875,751.822509765625,11365.021484375,148.90367126464844,1437.9744873046875,478.3626403808594,515.88427734375,10.800000190734863,1322.8443603515625,250.50767517089844,22.600000381469727,,930.6137084960938
4978.29296875,1785.6678466796875,1736.0999755859375,951.6258544921875,960.5,2215.20947265625,993.7999877929688,1474.2867431640625,139.0399932861328,576.8485107421875,357.1000061035156,74.58000183105469,5544.3017578125,526.3446655273438,7078.3515625,513.8119506835938,156.60841369628906,2903.112548828125,1431.04931640625,1177.4000244140625,3867.60009765625,1272.8184814453125,2791.44580078125,8900.7373046875,1020.1290893554688,2057.4443359375,10833.384765625,2344.455810546875,134.30584716796875,276.2645263671875,133.77993774414062,54.546295166015625,1418.0511474609375,384.2403869628906,1367.881103515625,268.83282470703125,347.74066162109375,2060.27099609375,1709.095703125,383.341552734375,36355.7578125,5751.708984375,645.724853515625,138.27850341796875,1722.434814453125,1483.6807861328125,367.5169372558594,1612.25927734375,1937.6773681640625,2121.39208984375,495.29827880859375,4410.2001953125,678.9261474609375,497.9894714355469,398.04998779296875,6302.51025390625,13563.0,1258.5189208984375,7067.98486328125,3616.82470703125,371.4698791503906,252.60000610351562,256.5734558105469,795.5499877929688,161.76768493652344,,1105.1165771484375,1965.598876953125,2735.677734375,1628.3387451171875,2496.8876953125,986.7791748046875,761.3364868164062,1396.0501708984375,5961.40625,815.1973266601562,4243.1767578125,424.100830078125,2290.699951171875,481.64984130859375,207.06051635742188,1377.98291015625,1953.6820068359375,614.1187744140625,94.77999877929688,78.88825225830078,20.810413360595703,383.5915222167969,762.8492431640625,714.9160766601562,153.9497833251953,36.849998474121094,657.620849609375,110.18978118896484,130.51797485351562,181.5323028564453,388.3834228515625,840.0394287109375,1364.878173828125,1576.681640625,4923.5,452.3116760253906,262.1593322753906,1112.708740234375,997.5,296.505615234375,582.5432739257812,1207.529296875,475.04998779296875,425.58526611328125,296.2498779296875,522.7999877929688,,3958.040283203125,418.9542236328125,2055.7939453125,153229.5,1068.2470703125,343.6678466796875,3643.4384765625,147.40028381347656,2185.5,725.9801025390625,16026.0498046875,1695.300048828125,1077.485107421875,2475.986328125,2821.165771484375,3744.042236328125,74.86894989013672,233.52386474609375,72.45738220214844,317.1059265136719,1202.4959716796875,1604.1033935546875,233.03627014160156,397.8651123046875,1321.0,7802.46875,1913.9000244140625,3312.3486328125,36955.1953125,545.806884765625,6302.42431640625,267.71160888671875,1721.0999755859375,1445.690185546875,6991.8251953125,446.6499938964844,333.31817626953125,262.255859375,1607.9757080078125,112.72223663330078,329.9440002441406,306.1885070800781,1535.898681640625,867.0623779296875,2017.894775390625,70.14968872070312,2821.321533203125,114.74382019042969,26067.244140625,829.5574951171875,3188.531494140625,12428.65625,483.3699951171875,939.466064453125,129.75,1779.942626953125,4680.330078125,3324.888671875,51.779998779296875,3600.116455078125,751.3973388671875,1795.4732666015625,3119.0888671875,1136.18603515625,4945.80615234375,,371.8458251953125,160.1669158935547,641.0057983398438,1551.4814453125,3754.6796875,3726.987548828125,1237.9404296875,4084.46435546875,2563.23095703125,732.7570190429688,11309.162109375,144.1053466796875,1412.0916748046875,468.2461853027344,502.8519592285156,10.289999961853027,1318.3583984375,251.9244842529297,21.899999618530273,,923.7698364257812
5036.861328125,1774.731201171875,1740.800048828125,971.10693359375,974.5999755859375,2244.196533203125,998.9000244140625,1490.91650390625,141.8000030517578,589.8939819335938,364.04998779296875,75.88999938964844,5612.1328125,530.4244384765625,7073.3642578125,518.0086059570312,156.90338134765625,2771.95068359375,1426.156982421875,1163.5999755859375,3910.0,1274.916748046875,2708.6640625,8836.6396484375,1010.4883422851562,2067.735595703125,10927.21875,2312.522705078125,139.78831481933594,280.7688293457031,137.1595458984375,55.33218002319336,1422.3359375,387.2733459472656,1377.540771484375,276.10931396484375,345.30926513671875,2063.7275390625,1677.3450927734375,383.1917419433594,36539.546875,5787.61083984375,666.3292846679688,141.5215301513672,1729.2269287109375,1476.745849609375,369.46484375,1614.1549072265625,1860.42041015625,2133.74658203125,500.74493408203125,4422.146484375,681.493896484375,497.1503601074219,415.29998779296875,6268.15185546875,13517.0,1238.3468017578125,7049.18212890625,3615.447509765625,371.619140625,252.9499969482422,259.9618835449219,811.7999877929688,162.81503295898438,,1112.2108154296875,2033.1722412109375,2737.47216796875,1598.4449462890625,2504.12939453125,980.8768310546875,760.1906127929688,1408.4501953125,5800.9404296875,808.6813354492188,4258.91357421875,426.7636413574219,2283.275634765625,482.63189697265625,207.73190307617188,1363.7032470703125,1937.9417724609375,621.443359375,95.37000274658203,80.67301177978516,20.566987991333008,382.399658203125,777.340576171875,724.5233154296875,154.81402587890625,36.810001373291016,666.2227172851562,112.4458236694336,133.75083923339844,180.17831420898438,388.4316101074219,842.984619140625,1369.0562744140625,1565.1314697265625,4967.5,449.670654296875,265.59893798828125,1101.4732666015625,1002.7999877929688,292.51495361328125,581.8452758789062,1193.2823486328125,473.3500061035156,424.8066101074219,304.1683349609375,533.2000122070312,,3958.832763671875,420.61529541015625,2037.030029296875,152076.53125,1072.233154296875,345.62384033203125,3598.1142578125,150.5341796875,2180.39990234375,727.1746215820312,15860.7099609375,1690.9000244140625,1072.79345703125,2481.36962890625,2803.6357421875,3710.72412109375,74.90812683105469,235.87042236328125,72.62236785888672,317.45330810546875,1203.48583984375,1622.0374755859375,234.325927734375,395.8459777832031,1316.699951171875,7837.46630859375,1957.300048828125,3325.579345703125,36915.49609375,536.9898681640625,6257.740234375,266.1792907714844,1739.199951171875,1449.36376953125,7160.02685546875,455.29998779296875,333.3668518066406,261.6130676269531,1630.846923828125,114.50052642822266,330.18475341796875,311.72113037109375,1522.3612060546875,862.3289794921875,2003.4149169921875,72.6705093383789,2883.986572265625,116.18682098388672,26032.333984375,841.9374389648438,3127.431884765625,12580.56640625,476.214111328125,942.3638305664062,129.14999389648438,1759.9254150390625,4683.89990234375,3306.220703125,52.54999923706055,3601.91015625,738.052490234375,1790.1219482421875,3091.91162109375,1137.078369140625,4891.77490234375,,373.9328918457031,157.42349243164062,642.2368774414062,1522.0462646484375,3836.41162109375,3730.853271484375,1241.787109375,4079.371826171875,2651.70751953125,732.6085205078125,11185.681640625,146.115966796875,1418.01904296875,469.99041748046875,507.6714782714844,10.739999771118164,1331.7164306640625,248.09811401367188,22.020000457763672,,919.4237670898438
5071.31298828125,1772.0467529296875,1736.0,992.7359619140625,982.5499877929688,2210.61181640625,989.7999877929688,1491.812744140625,141.17999267578125,588.6944580078125,358.95001220703125,75.26000213623047,5543.806640625,527.0910034179688,7001.04443359375,514.2069091796875,155.35971069335938,2780.37744140625,1390.2135009765625,1172.5999755859375,3816.300048828125,1277.6146240234375,2574.916259765625,8866.22265625,1004.1273803710938,2064.038818359375,10965.740234375,2302.7734375,140.12539672851562,277.1363220214844,133.78964233398438,55.031410217285156,1395.33203125,385.18505859375,1378.03857421875,274.1157531738281,345.4065246582031,2041.3095703125,1651.8258056640625,378.6971130371094,36162.03125,5733.02001953125,663.9844970703125,140.91163635253906,1742.012451171875,1477.0430908203125,372.19183349609375,1615.0528564453125,1807.4925537109375,2118.03173828125,498.3681945800781,4478.02685546875,676.3089599609375,496.1138000488281,404.6499938964844,6268.64990234375,12351.0,1242.9178466796875,7153.58837890625,3588.391845703125,368.6334533691406,247.0500030517578,258.71612548828125,813.75,162.9411163330078,,1113.8858642578125,2004.6103515625,2738.26953125,1606.545166015625,2553.54833984375,973.6956176757812,768.3116455078125,1378.7890625,5747.29052734375,817.4854125976562,4250.10498046875,427.4768981933594,2278.52392578125,503.4515075683594,205.3770751953125,1352.2001953125,1927.4815673828125,640.6267700195312,94.44999694824219,80.08473205566406,20.830286026000977,384.4019775390625,766.4720458984375,715.413818359375,154.8710174560547,36.63999938964844,664.1343994140625,111.02095031738281,132.31842041015625,181.26739501953125,389.58807373046875,832.5015869140625,1335.7325439453125,1551.2322998046875,4805.5,449.6208190917969,264.8013610839844,1090.5361328125,1008.9000244140625,290.1704406738281,581.4463500976562,1185.9609375,460.70001220703125,425.16595458984375,300.8525085449219,531.4000244140625,,3952.692626953125,419.63818359375,2040.60400390625,151407.71875,1068.546142578125,339.5113525390625,3592.275634765625,150.4656219482422,2148.89990234375,721.4508056640625,15859.7197265625,1698.800048828125,1075.189208984375,2431.52490234375,2782.8916015625,3714.39306640625,75.29995727539062,232.92242431640625,72.21475982666016,319.190185546875,1197.0516357421875,1620.443359375,233.78855895996094,393.8268737792969,1268.300048828125,7650.8134765625,1922.9000244140625,3329.956298828125,36419.2578125,526.7781372070312,5991.1259765625,266.8218688964844,1737.800048828125,1445.29296875,7105.28662109375,449.20001220703125,334.68084716796875,262.5525207519531,1616.365234375,113.8494644165039,329.9440002441406,307.9330139160156,1529.8267822265625,862.3289794921875,2011.7034912109375,72.71974182128906,2920.748779296875,115.7190933227539,25817.890625,832.5405883789062,3164.350341796875,12448.64453125,468.6606750488281,942.7567749023438,128.52000427246094,1769.3394775390625,4652.46142578125,3273.948974609375,51.540000915527344,3594.037841796875,741.2039794921875,1779.815673828125,3073.5048828125,1130.5338134765625,4777.32763671875,,377.5107421875,158.95196533203125,633.5700073242188,1511.5198974609375,3833.122314453125,3761.08544921875,1249.6776123046875,4012.37109375,2624.245849609375,729.8353881835938,11090.6220703125,143.81393432617188,1419.105712890625,471.38580322265625,515.5892333984375,10.720000267028809,1336.7008056640625,248.64749145507812,21.719999313354492,,922.770751953125
5160.39599609375,1768.666259765625,1723.0,972.0560302734375,999.5999755859375,2276.68212890625,1018.7999877929688,1497.6881103515625,140.5800018310547,586.8450317382812,354.45001220703125,75.44999694824219,5571.0380859375,533.4594116210938,6992.06689453125,507.6405029296875,157.64080810546875,2755.4931640625,1404.490966796875,1172.199951171875,3830.800048828125,1271.7191162109375,2691.708740234375,8927.85546875,1000.2512817382812,2064.038818359375,10849.1884765625,2305.16064453125,144.04144287109375,276.0707702636719,136.30738830566406,55.73967742919922,1408.3856201171875,385.334228515625,1401.5404052734375,275.6109313964844,341.6621398925781,2027.68115234375,1679.3233642578125,381.29400634765625,36638.89453125,5751.216796875,665.0321655273438,142.11204528808594,1717.4405517578125,1498.2442626953125,373.99365234375,1593.30322265625,1828.5445556640625,2129.002685546875,501.0420227050781,4474.27490234375,685.0492553710938,495.3240661621094,410.70001220703125,6403.59375,12988.0,1265.4747314453125,7180.8037109375,3615.939208984375,372.8134460449219,249.5500030517578,260.0116882324219,809.5999755859375,163.84298706054688,,1131.0302734375,2025.807861328125,2789.111328125,1612.7169189453125,2607.664794921875,984.0247802734375,772.4468994140625,1391.1893310546875,5780.1572265625,820.0718994140625,4276.53076171875,426.0979309082031,2282.384765625,513.2720947265625,206.80751037597656,1348.63037109375,1932.3629150390625,633.6509399414062,95.1500015258789,80.37388610839844,20.755765914916992,384.1636047363281,766.3252563476562,725.7677612304688,153.6173858642578,37.0,666.123291015625,112.09950256347656,133.77072143554688,180.7081298828125,395.46685791015625,834.1988525390625,1336.4287109375,1564.1527099609375,4819.0,456.2482604980469,266.1971435546875,1099.0870361328125,1012.9000244140625,297.7527160644531,596.2044677734375,1219.4017333984375,470.04998779296875,435.28851318359375,298.62542724609375,533.4000244140625,,3965.170654296875,419.34503173828125,2066.81396484375,153289.40625,1076.7174072265625,332.81207275390625,3627.10986328125,146.58743286132812,2166.800048828125,721.4010620117188,16086.443359375,1703.5999755859375,1085.9700927734375,2459.836669921875,2819.315185546875,3702.89013671875,75.12364196777344,232.99142456054688,73.08819580078125,320.1827087402344,1202.69384765625,1626.8199462890625,232.92880249023438,398.7515563964844,1280.5,7782.0537109375,1948.0999755859375,3358.407470703125,36786.4765625,532.058349609375,6160.4287109375,268.0081787109375,1743.800048828125,1456.909423828125,7184.4111328125,449.25,333.4154968261719,261.86029052734375,1650.1226806640625,114.24787139892578,331.2922668457031,310.9236145019531,1537.889404296875,870.1515502929688,2004.114013671875,70.97683715820312,2932.703857421875,119.22210693359375,26012.38671875,842.3849487304688,3180.869140625,12450.6435546875,480.1896057128906,946.1947631835938,129.5399932861328,1790.843017578125,4650.37890625,3211.490478515625,52.040000915527344,3624.73046875,742.3858642578125,1759.30224609375,3076.106689453125,1132.5169677734375,4928.123046875,,377.8088684082031,163.0181121826172,645.8317260742188,1528.4791259765625,3832.225341796875,3765.645263671875,1265.1629638671875,4041.52783203125,2647.41357421875,738.6995239257812,11242.521484375,146.21310424804688,1419.7972412109375,476.9174499511719,520.3595581054688,11.25,1349.16162109375,249.8715362548828,21.940000534057617,,921.7216796875
5195.33984375,1761.507568359375,1737.9000244140625,967.1107788085938,1011.2999877929688,2281.3798828125,1040.199951171875,1516.4091796875,144.49000549316406,593.4927368164062,362.95001220703125,77.66999816894531,5575.9892578125,545.4501342773438,7083.3388671875,503.592041015625,161.11160278320312,2741.01904296875,1414.17578125,1195.0999755859375,3843.0,1285.10888671875,2727.8134765625,8889.8896484375,1011.0846557617188,2081.323974609375,10766.2197265625,2336.795654296875,148.28468322753906,275.53802490234375,136.65599060058594,55.33218002319336,1404.89794921875,387.2733459472656,1420.660400390625,284.2331237792969,355.034912109375,2057.505615234375,1665.080078125,385.8885192871094,36474.97265625,5818.5947265625,664.4335327148438,141.94747924804688,1733.6220703125,1503.2967529296875,373.360595703125,1595.3983154296875,1838.0775146484375,2136.11865234375,500.59637451171875,4541.70703125,690.7279663085938,488.6604919433594,412.29998779296875,6400.10791015625,13379.0,1271.23828125,7154.08349609375,3600.591064453125,371.9674987792969,251.10000610351562,260.4601745605469,827.0999755859375,165.5498046875,,1136.843505859375,2065.117919921875,2827.890380859375,1613.48828125,2617.45068359375,985.2052612304688,774.7387084960938,1398.3316650390625,5761.30712890625,847.6778564453125,4258.4189453125,437.3673400878906,2237.837890625,551.572265625,207.93626403808594,1354.5802001953125,1930.56982421875,645.3104858398438,99.77999877929688,82.04896545410156,20.4974365234375,381.49383544921875,772.8854370117188,731.7908935546875,155.4408416748047,37.029998779296875,670.4988403320312,112.62393188476562,135.4617462158203,183.19044494628906,400.1409606933594,844.78173828125,1370.44873046875,1564.348388671875,4860.5,480.5655822753906,273.4253234863281,1119.0721435546875,1029.5,300.04730224609375,581.8951416015625,1224.744384765625,479.29998779296875,434.5697326660156,304.7127685546875,532.4000244140625,,4034.69189453125,423.8641052246094,2098.682861328125,152281.171875,1087.2802734375,338.4844665527344,3641.3603515625,145.8725128173828,2178.800048828125,723.7402954101562,16357.71875,1719.0,1079.3818359375,2451.06396484375,2836.650390625,3805.42333984375,75.55464172363281,240.47483825683594,75.64061737060547,322.61431884765625,1225.7579345703125,1653.7210693359375,232.5477752685547,398.25909423828125,1304.699951171875,7767.4716796875,1925.300048828125,3293.845703125,36652.48828125,534.847900390625,6291.998046875,265.8827209472656,1770.9000244140625,1466.2423095703125,7242.13720703125,451.45001220703125,335.02154541015625,260.6736145019531,1658.811767578125,114.48108673095703,331.677490234375,312.9173583984375,1549.3365478515625,871.546630859375,2023.087646484375,71.19346618652344,3012.305419921875,120.71487426757812,26216.853515625,843.2301635742188,3129.22314453125,12296.734375,489.4822998046875,946.0965576171875,131.89999389648438,1777.26708984375,4743.80322265625,3198.482666015625,53.02000045776367,3642.468505859375,747.359375,1782.8876953125,3103.669189453125,1139.6566162109375,4941.87646484375,,379.5978088378906,168.41677856445312,650.0174560546875,1538.4207763671875,3867.509521484375,3758.2109375,1273.15234375,4069.38671875,2651.907470703125,741.175537109375,11488.5009765625,148.3597412109375,1429.577392578125,478.3626403808594,534.6705322265625,11.640000343322754,1372.8870849609375,251.1726837158203,21.920000076293945,,928.3157958984375
5202.22998046875,1767.3736572265625,1739.0999755859375,978.1001586914062,1016.4500122070312,2277.88134765625,1047.5999755859375,1506.251953125,144.3800048828125,592.3431396484375,351.79998779296875,75.43000030517578,5569.552734375,550.7239990234375,7068.87548828125,500.1360168457031,164.02195739746094,2756.286376953125,1428.3533935546875,1186.300048828125,3825.60009765625,1283.8099365234375,2641.939697265625,8815.9306640625,1006.5127563476562,2068.734619140625,10926.2314453125,2368.2314453125,150.48558044433594,276.1676330566406,137.2854461669922,55.69116973876953,1397.6239013671875,388.5660400390625,1408.2125244140625,281.6913146972656,356.9314270019531,2043.97607421875,1681.796142578125,390.1833801269531,36162.03125,5939.087890625,668.6741943359375,143.55445861816406,1731.72412109375,1493.984130859375,374.43194580078125,1583.925048828125,1856.9449462890625,2139.182373046875,497.8730773925781,4482.17333984375,689.24658203125,490.83233642578125,407.25,6321.43212890625,13737.0,1272.530029296875,7047.697265625,3659.031982421875,370.6737060546875,251.60000610351562,264.3468933105469,857.4000244140625,164.72549438476562,,1148.9625244140625,2057.85302734375,2812.2392578125,1623.90283203125,2551.199951171875,979.89306640625,769.955810546875,1401.010009765625,5760.82373046875,843.449951171875,4277.3232421875,443.3111267089844,2270.406494140625,557.857421875,209.06503295898438,1353.786865234375,1944.417236328125,646.2572631835938,98.83999633789062,83.62433624267578,20.879962921142578,383.5915222167969,767.5001831054688,727.9082641601562,160.0754852294922,36.970001220703125,668.758544921875,112.05992126464844,134.7455596923828,181.9934539794922,394.5994873046875,849.8734741210938,1354.4334716796875,1572.766357421875,4965.5,484.8011779785156,272.1292419433594,1108.433349609375,1034.0,298.8999938964844,575.8124389648438,1194.5684814453125,480.1000061035156,435.50811767578125,301.99078369140625,531.4500122070312,,4052.7158203125,418.6366882324219,2077.536376953125,152885.109375,1087.1806640625,340.63604736328125,3570.50439453125,146.665771484375,2141.199951171875,734.2921142578125,16251.7822265625,1698.300048828125,1083.4744873046875,2440.197998046875,2822.23681640625,3824.065673828125,75.63301849365234,239.4593048095703,76.23262023925781,321.5225830078125,1230.9051513671875,1649.83544921875,229.9391632080078,397.47113037109375,1310.0999755859375,7745.59814453125,1926.4000244140625,3228.48779296875,36463.91796875,527.7743530273438,6253.27197265625,265.48724365234375,1789.4000244140625,1468.8236083984375,7304.83984375,443.1000061035156,332.10150146484375,259.2891845703125,1653.3187255859375,115.38481140136719,329.8476867675781,312.1697082519531,1549.037841796875,866.9627685546875,2032.0751953125,71.31163024902344,2989.7900390625,119.72964477539062,26555.97265625,850.5387573242188,3142.3583984375,12188.7978515625,483.9166259765625,950.1239624023438,132.30999755859375,1780.83447265625,4761.15869140625,3249.025146484375,53.13999938964844,3626.6240234375,754.3026733398438,1776.2481689453125,3113.01708984375,1147.688720703125,4959.5595703125,,379.29962158203125,169.37696838378906,647.3582763671875,1535.496826171875,3853.55517578125,3749.38916015625,1275.0262451171875,4102.93701171875,2644.01806640625,758.3097534179688,11493.4013671875,149.24362182617188,1424.934326171875,476.0203857421875,540.3753051757812,11.350000381469727,1384.550537109375,252.27145385742188,21.760000228881836,,920.7725219726562
5159.9033203125,1761.2093505859375,1732.9000244140625,979.6486206054688,994.2999877929688,2246.895263671875,1028.199951171875,1492.7091064453125,145.3300018310547,586.6951293945312,348.04998779296875,74.16000366210938,5608.171875,545.9973754882812,7033.96240234375,504.5794372558594,164.9363555908203,2766.894287109375,1460.602783203125,1178.0999755859375,3856.800048828125,1218.66015625,2599.052490234375,8882.9873046875,992.3001708984375,2033.4647216796875,10932.1572265625,2364.74951171875,148.2053680419922,273.9881286621094,134.97103881835938,54.837364196777344,1350.7906494140625,385.8314514160156,1411.498779296875,278.4517822265625,358.04986572265625,2075.87451171875,1724.6248779296875,384.44024658203125,35993.14453125,5966.62939453125,671.5677490234375,142.47023010253906,1713.445068359375,1485.6622314453125,371.65618896484375,1556.7879638671875,1853.7672119140625,2135.22900390625,494.75360107421875,4437.1533203125,683.370361328125,490.83233642578125,401.79998779296875,6309.4814453125,13628.0,1268.8533935546875,6988.3193359375,3618.792236328125,364.5032653808594,247.3000030517578,261.3072814941406,896.5999755859375,163.23204040527344,,1165.0230712890625,2013.8656005859375,2790.4072265625,1592.7554931640625,2528.3984375,978.1223754882812,761.6353759765625,1400.7125244140625,5748.25732421875,832.8054809570312,4217.73974609375,442.55035400390625,2258.13134765625,557.5137329101562,205.33815002441406,1354.5802001953125,1943.8194580078125,635.7437133789062,99.52999877929688,83.21553802490234,20.581890106201172,383.0194091796875,757.0233764648438,722.0343627929688,159.3062286376953,36.56999969482422,667.3165893554688,110.83295440673828,133.1639404296875,179.96246337890625,393.34661865234375,843.6834716796875,1339.81103515625,1559.1607666015625,4974.0,476.87811279296875,272.3286437988281,1076.4171142578125,1011.2000122070312,294.5601501464844,558.611328125,1163.799072265625,479.1000061035156,435.7277526855469,297.7345886230469,525.7999877929688,,4024.491455078125,417.4641418457031,2075.55078125,152386.0,1071.63525390625,334.08349609375,3583.369140625,145.63748168945312,2106.0,735.4368286132812,16191.388671875,1669.5999755859375,1071.096435546875,2400.521484375,2788.345703125,3814.744384765625,74.45752716064453,237.0732879638672,74.87391662597656,318.5946960449219,1228.0345458984375,1620.841796875,226.87135314941406,395.6490173339844,1281.4000244140625,7610.4697265625,1820.5,3242.3154296875,36081.8125,535.8441772460938,6219.01416015625,261.6811828613281,1781.0,1462.568603515625,7326.73583984375,442.1000061035156,327.1861877441406,257.459716796875,1625.853271484375,113.72312927246094,323.0099792480469,308.43145751953125,1535.201904296875,844.7406005859375,2033.173583984375,71.42979431152344,3004.43505859375,118.99321746826172,25922.619140625,843.6279296875,3145.940673828125,11910.9619140625,481.9786071777344,944.1319580078125,129.67999267578125,1765.1776123046875,4726.34765625,3381.8857421875,52.66999816894531,3606.99267578125,744.4541015625,1808.356201171875,3088.828125,1160.083740234375,4909.94921875,,377.5107421875,166.39840698242188,640.5133666992188,1538.225830078125,3916.648193359375,3732.042724609375,1263.6834716796875,4102.6376953125,2618.75341796875,742.7107543945312,11297.4013671875,148.80653381347656,1433.8253173828125,475.5719299316406,560.1450805664062,11.25,1389.93359375,249.84262084960938,21.5,,913.529052734375
5090.01513671875,1748.7813720703125,1764.5,989.3392333984375,977.5499877929688,2231.502197265625,1020.7000122070312,1480.0623779296875,143.0,584.4459228515625,346.79998779296875,76.37999725341797,5573.513671875,538.6338500976562,6904.28564453125,493.02642822265625,163.3533477783203,2761.739013671875,1426.6561279296875,1193.0,3826.199951171875,1223.756103515625,2623.588134765625,8771.5556640625,993.4927368164062,2019.4766845703125,10936.1083984375,2384.1484375,146.5695343017578,278.5893249511719,137.4694366455078,55.05081558227539,1319.6016845703125,383.4448547363281,1407.415771484375,276.95660400390625,358.244384765625,2081.800048828125,1742.7257080078125,385.6388244628906,35739.8125,5996.13818359375,668.9236450195312,145.41314697265625,1671.5928955078125,1482.9873046875,374.7240905761719,1499.3214111328125,1831.8214111328125,2063.07958984375,491.53515625,4455.3193359375,674.6300659179688,487.8213806152344,399.79998779296875,6267.15625,13274.0,1263.9842529296875,7060.56298828125,3584.0625,362.06494140625,245.10000610351562,262.7025146484375,861.7000122070312,163.95938110351562,,1162.36279296875,2005.2073974609375,2797.884033203125,1595.937744140625,2486.80810546875,967.989990234375,750.823974609375,1385.8323974609375,5623.07470703125,844.39501953125,4185.078125,442.64544677734375,2252.686767578125,567.9235229492188,202.3118896484375,1341.0938720703125,1939.6353759765625,628.3195190429688,97.91999816894531,83.7041015625,20.39807891845703,381.2077941894531,758.8347778320312,710.037841796875,159.70509338378906,34.29999923706055,662.3941040039062,109.91272735595703,130.73680114746094,189.10678100585938,392.43109130859375,832.5015869140625,1331.1566162109375,1568.0679931640625,4980.5,473.6391296386719,268.4902038574219,1073.1361083984375,1001.5,292.4650573730469,552.478759765625,1156.4776611328125,474.8500061035156,433.89093017578125,298.8233642578125,524.7999877929688,,4023.104736328125,412.60308837890625,2097.888916015625,151487.578125,1060.075927734375,343.9612731933594,3575.25439453125,145.18698120117188,2111.199951171875,734.7898559570312,16234.951171875,1663.9000244140625,1029.270751953125,2349.28125,2790.488037109375,3734.91943359375,73.85018920898438,238.39447021484375,75.00008392333984,318.8428039550781,1222.0953369140625,1604.0037841796875,227.5552520751953,392.1524658203125,1268.5999755859375,7497.7001953125,1765.0,3189.4921875,35784.0625,541.8716430664062,6238.37744140625,265.58612060546875,1781.5,1440.3287353515625,7046.06787109375,441.8500061035156,326.69952392578125,258.2013854980469,1605.3790283203125,115.95814514160156,321.6135559082031,306.2881774902344,1537.292236328125,831.487060546875,2007.409423828125,70.60264587402344,3021.96923828125,118.98326110839844,25977.4765625,859.3390502929688,3124.7451171875,11808.0234375,486.8982238769531,958.5716552734375,130.1999969482422,1776.672607421875,4759.57177734375,3321.711181640625,51.939998626708984,3626.22509765625,740.2684326171875,1811.22998046875,3101.0673828125,1169.9007568359375,4880.96875,,376.2187194824219,166.89808654785156,632.0927124023438,1539.3955078125,3895.118896484375,3737.692626953125,1257.0751953125,4039.231201171875,2610.465087890625,739.1452026367188,11309.162109375,148.651123046875,1407.646240234375,469.2927551269531,560.440185546875,11.130000114440918,1376.1767578125,251.6931915283203,21.559999465942383,,917.2756958007812
5017.66650390625,1744.8043212890625,1795.699951171875,986.6918334960938,976.2999877929688,2228.3037109375,1011.0,1489.4228515625,141.3000030517578,581.746826171875,344.25,75.41999816894531,5467.0634765625,533.160888671875,6901.29296875,489.71856689453125,168.69229125976562,2735.962646484375,1405.6890869140625,1209.300048828125,3757.199951171875,1228.852294921875,2675.850341796875,8708.443359375,994.1884765625,2024.572509765625,10806.716796875,2354.40380859375,144.08111572265625,279.0736389160156,137.79867553710938,54.701534271240234,1337.737060546875,381.306884765625,1401.639892578125,274.16558837890625,353.3815612792969,2065.9990234375,1745.396240234375,391.7814636230469,35486.4765625,5941.54736328125,660.342529296875,145.0452880859375,1677.0865478515625,1484.96875,375.2597351074219,1502.6136474609375,1841.85107421875,2065.6494140625,493.4167175292969,4329.6376953125,670.6302490234375,486.2418518066406,402.3500061035156,6353.798828125,13299.0,1271.933837890625,7032.85302734375,3579.635009765625,357.33758544921875,244.10000610351562,264.4963684082031,850.2000122070312,162.48532104492188,,1169.3585205078125,1990.1800537109375,2798.880859375,1602.109375,2664.619140625,963.7599487304688,754.3115234375,1389.9986572265625,5556.85791015625,852.2540283203125,4215.859375,441.2664794921875,2242.6884765625,581.5250244140625,201.32908630371094,1345.4571533203125,1942.4248046875,643.4171142578125,97.54000091552734,83.54457092285156,20.249042510986328,381.7798767089844,761.6253051757812,718.7987670898438,158.324951171875,34.08000183105469,660.1566772460938,109.64556121826172,130.7268524169922,192.3347625732422,393.92486572265625,833.5499267578125,1326.6802978515625,1592.3427734375,5115.5,470.400146484375,273.2259216308594,1076.0194091796875,986.0,291.6170349121094,557.1156005859375,1148.4637451171875,470.8500061035156,432.17388916015625,296.7942810058594,528.0999755859375,,3992.107666015625,413.9954833984375,2103.845703125,151991.703125,1065.3572998046875,357.11529541015625,3549.326904296875,140.73098754882812,2142.0,739.0702514648438,16166.6376953125,1686.5999755859375,1046.639892578125,2350.6767578125,2812.497802734375,3718.45849609375,73.50733947753906,234.25344848632812,74.25279998779297,316.1134033203125,1221.0064697265625,1652.126708984375,226.66616821289062,393.8268737792969,1286.0999755859375,7449.0927734375,1834.4000244140625,3197.052734375,35426.76953125,548.2477416992188,6274.1240234375,265.7344055175781,1798.0,1441.2222900390625,7065.4755859375,444.0,326.1155090332031,255.0863494873047,1598.18798828125,115.54029083251953,324.5508728027344,304.9922790527344,1537.292236328125,845.1890258789062,2011.6036376953125,69.29300689697266,3039.30419921875,116.58489227294922,25578.513671875,864.5595092773438,3058.96826171875,11765.048828125,483.4693908691406,960.2415771484375,127.2699966430664,1730.097900390625,4768.69580078125,3317.441162109375,51.779998779296875,3579.68798828125,737.56005859375,1775.5543212890625,3161.78173828125,1161.6702880859375,4925.17626953125,,372.64093017578125,164.7229461669922,633.3237915039062,1564.931884765625,3906.481689453125,3726.491943359375,1235.5732421875,4024.0537109375,2576.3125,737.2634887695312,11231.7421875,149.7292938232422,1374.3541259765625,472.03363037109375,569.6365966796875,11.300000190734863,1397.310302734375,254.3051300048828,21.440000534057617,,912.8297119140625
5095.92138671875,1741.423828125,1820.0999755859375,984.1942749023438,988.25,2237.999267578125,1020.9000244140625,1490.1199951171875,141.75999450683594,568.5514526367188,348.70001220703125,76.81999969482422,5501.2265625,536.9920043945312,6995.0595703125,500.6790771484375,170.64889526367188,2775.81689453125,1421.3643798828125,1225.0999755859375,3819.5,1229.651611328125,2677.745361328125,8877.0703125,1002.1396484375,2042.0574951171875,11011.17578125,2353.1103515625,148.80020141601562,282.8998718261719,138.6798858642578,55.60384750366211,1368.228515625,390.6543273925781,1433.905029296875,274.86334228515625,355.9102478027344,2071.6279296875,1773.8829345703125,398.0739440917969,35705.0390625,6003.0234375,670.1209106445312,143.835205078125,1646.2216796875,1502.99951171875,375.5519714355469,1544.716064453125,1832.5166015625,2086.503662109375,496.4866638183594,4354.31982421875,682.629638671875,487.62396240234375,405.95001220703125,6451.89453125,13268.0,1270.1451416015625,7142.2080078125,3557.400390625,361.517578125,249.0500030517578,266.93804931640625,863.0499877929688,164.62850952148438,,1168.7672119140625,2034.963623046875,2803.765625,1583.7874755859375,2615.004150390625,969.465576171875,763.7279663085938,1405.5732421875,5588.2744140625,847.5784301757812,4261.189453125,446.7347717285156,2257.04248046875,578.18603515625,205.58143615722656,1342.7796630859375,1946.90771484375,648.1506958007812,98.12999725341797,84.43196105957031,20.412982940673828,382.399658203125,765.101318359375,727.9580078125,159.15695190429688,33.9900016784668,670.2501831054688,112.78225708007812,132.48753356933594,190.3037872314453,399.0326232910156,843.3340454101562,1333.7430419921875,1603.9906005859375,5153.5,476.62896728515625,276.2667541503906,1073.434326171875,992.5999755859375,296.2561950683594,562.1014404296875,1211.585693359375,484.8500061035156,431.1556396484375,297.23968505859375,532.4500122070312,,4034.097412109375,416.2427673339844,2110.497314453125,153309.359375,1086.38330078125,368.3133544921875,3566.150146484375,145.15760803222656,2172.10009765625,737.825927734375,16250.79296875,1689.9000244140625,1073.8916015625,2400.720703125,2814.73779296875,3749.49609375,75.0452651977539,235.6535186767578,74.04899597167969,317.5029296875,1231.796142578125,1669.1641845703125,227.53570556640625,398.9485168457031,1336.0,7605.60888671875,1888.9000244140625,3232.666015625,35476.39453125,557.3138427734375,6313.3466796875,270.7268371582031,1831.300048828125,1447.87451171875,7403.8701171875,448.79998779296875,329.6681823730469,260.5252990722656,1622.0579833984375,116.43429565429688,326.6695861816406,318.15093994140625,1557.8968505859375,867.2616577148438,2025.584228515625,71.7251968383789,3078.75634765625,120.39642333984375,25533.630859375,896.6281127929688,3096.384521484375,11903.966796875,493.7559509277344,962.94287109375,125.91000366210938,1729.10693359375,4890.98046875,3344.450439453125,52.59000015258789,3653.23095703125,749.7722778320312,1808.2569580078125,3162.938232421875,1174.0654296875,5318.12890625,,378.2063903808594,165.28143310546875,644.30517578125,1571.6571044921875,3917.246337890625,3766.93359375,1261.6123046875,4056.2060546875,2631.236083984375,744.3449096679688,11266.0419921875,149.61273193359375,1389.66650390625,467.8475341796875,572.0463256835938,11.960000038146973,1371.1925048828125,254.88343811035156,21.700000762939453,,918.7743530273438
5099.85888671875,1772.2454833984375,1863.300048828125,983.4949340820312,1007.9000244140625,2262.488525390625,1020.7999877929688,1502.3682861328125,143.25,568.50146484375,346.1000061035156,77.44999694824219,5569.0576171875,537.2904663085938,7036.4560546875,503.34515380859375,174.0803680419922,2783.450927734375,1405.8887939453125,1224.5,3818.60009765625,1232.2496337890625,2768.20703125,9036.822265625,1001.6427001953125,2048.052490234375,11116.8623046875,2327.84228515625,147.68983459472656,284.7887878417969,138.20538330078125,55.953128814697266,1418.54931640625,396.7202453613281,1450.1370849609375,280.9437255859375,359.7518615722656,2120.907958984375,1769.2340087890625,398.8230285644531,35923.6015625,5983.35107421875,669.5721435546875,145.50027465820312,1583.09375,1498.838623046875,376.1850280761719,1662.44287109375,1855.65380859375,2083.63720703125,503.4682312011719,4462.42724609375,683.4690551757812,487.3771667480469,409.3500061035156,6484.7587890625,12845.0,1275.3123779296875,7215.935546875,3566.94384765625,364.5032653808594,253.64999389648438,268.2336120605469,871.5999755859375,166.52926635742188,,1167.97900390625,2020.6329345703125,2800.97412109375,1610.69189453125,2605.8056640625,971.6298217773438,759.094482421875,1419.7589111328125,5509.49169921875,860.0632934570312,4341.16259765625,452.2505798339844,2266.44677734375,595.6174926757812,208.9677276611328,1357.059326171875,1943.2216796875,648.2503051757812,100.16999816894531,85.0999984741211,20.860092163085938,383.9729309082031,771.4657592773438,736.8683471679688,160.1945037841797,34.11000061035156,677.857666015625,115.77051544189453,134.95443725585938,192.14833068847656,396.5269470214844,855.01513671875,1338.5177001953125,1653.8125,5145.5,477.32659912109375,278.2607421875,1088.64697265625,1002.0999755859375,298.052001953125,566.8878173828125,1216.23583984375,485.29998779296875,429.1990051269531,300.25860595703125,533.9000244140625,,4033.008056640625,418.85650634765625,2110.99365234375,153628.8125,1091.664794921875,385.6238708496094,3579.11376953125,145.80397033691406,2186.300048828125,735.8848266601562,16483.455078125,1692.699951171875,1075.6883544921875,2536.896728515625,2811.62158203125,3758.618896484375,76.0836181640625,237.69444274902344,76.20349884033203,318.29693603515625,1244.4664306640625,1656.7100830078125,228.79605102539062,399.8842468261719,1328.9000244140625,7641.578125,1882.0999755859375,3249.875732421875,36458.95703125,548.0983276367188,6517.40380859375,273.0994567871094,1847.0,1448.7679443359375,7567.095703125,470.3500061035156,334.24285888671875,262.0580749511719,1601.0843505859375,117.88218688964844,331.5812072753906,331.4591369628906,1568.1495361328125,869.1550903320312,2019.49267578125,71.8335189819336,3080.051513671875,120.52578735351562,25643.345703125,929.5916137695312,3124.6455078125,12612.5478515625,490.426513671875,957.0491333007812,130.05999755859375,1753.7816162109375,4875.21142578125,3319.228515625,53.5099983215332,3696.67919921875,756.86328125,1781.6986083984375,3204.28173828125,1168.9091796875,5362.33642578125,,378.4548645019531,165.80072021484375,653.3660278320312,1604.9908447265625,3920.934326171875,3782.495849609375,1269.7001953125,4200.5927734375,2594.087890625,769.105224609375,11301.3212890625,148.4180145263672,1409.42431640625,484.04376220703125,576.0298461914062,11.850000381469727,1383.6533203125,262.8060607910156,21.780000686645508,,917.3756103515625
5122.49853515625,1744.1082763671875,1867.9000244140625,979.3988647460938,994.5999755859375,2247.794921875,1016.9000244140625,1487.3316650390625,144.3000030517578,563.203369140625,346.79998779296875,78.62999725341797,5542.3212890625,544.206298828125,7055.90771484375,505.66558837890625,174.97511291503906,2783.649169921875,1414.7747802734375,1218.0,3828.199951171875,1224.0560302734375,2730.306884765625,8972.724609375,1005.220703125,2045.854248046875,11140.568359375,2297.898681640625,148.056640625,283.3357849121094,136.4332733154297,55.98223876953125,1426.32177734375,397.1676940917969,1454.1204833984375,280.9935607910156,359.84912109375,2096.5146484375,1787.2359619140625,401.0703430175781,36067.65234375,5961.71142578125,664.8326416015625,145.42282104492188,1676.5870361328125,1486.751953125,389.9662780761719,1642.988037109375,1767.771728515625,2081.66064453125,507.62750244140625,4445.93994140625,685.641845703125,486.8341979980469,412.1000061035156,6449.90234375,12832.0,1275.4117431640625,7227.31640625,3686.481201171875,368.2851257324219,256.8500061035156,264.5462341308594,888.1500244140625,166.83958435058594,,1178.9158935546875,2009.7852783203125,2821.011962890625,1619.9490966796875,2651.310302734375,980.3849487304688,761.2368774414062,1415.3941650390625,5552.5078125,859.3668823242188,4362.24365234375,451.8226318359375,2279.414794921875,598.8582763671875,210.25218200683594,1351.605224609375,1952.685791015625,648.6489868164062,100.06999969482422,84.75102996826172,21.202877044677734,388.40667724609375,766.9127197265625,735.0264892578125,159.81277465820312,33.939998626708984,677.0620727539062,120.12428283691406,137.99830627441406,192.0894775390625,399.32177734375,848.5256958007812,1358.4124755859375,1632.9637451171875,5157.0,484.0038757324219,285.63848876953125,1090.5361328125,1012.5999755859375,298.0021057128906,564.743896484375,1217.126220703125,488.3500061035156,431.7945251464844,300.4070739746094,533.8499755859375,,4019.539794921875,417.9038391113281,2098.285888671875,153089.75,1079.0093994140625,377.7021179199219,3587.4267578125,143.6298370361328,2229.60009765625,733.993408203125,16420.091796875,1697.5999755859375,1073.29248046875,2505.394775390625,2861.679443359375,3776.269775390625,76.63218688964844,248.35264587402344,79.12469482421875,320.82781982421875,1243.7735595703125,1656.4111328125,230.07594299316406,404.0702209472656,1340.300048828125,7599.28955078125,1914.0,3221.524169921875,36424.21875,551.2863159179688,6443.4267578125,276.2135314941406,1842.4000244140625,1451.647216796875,7608.89697265625,470.8999938964844,345.4361572265625,264.0358581542969,1602.7823486328125,117.48377990722656,341.1155090332031,340.7798767089844,1563.4710693359375,863.9234008789062,2021.9892578125,74.11801147460938,3100.076171875,119.65998840332031,25872.748046875,952.4125366210938,3118.873779296875,12537.591796875,485.30804443359375,954.691650390625,132.7100067138672,1740.0074462890625,5052.439453125,3327.37109375,53.619998931884766,3673.659423828125,764.889892578125,1777.536376953125,3189.92236328125,1175.6519775390625,5333.35595703125,,379.84625244140625,167.44677734375,653.3167724609375,1591.6378173828125,3912.96044921875,3786.56005859375,1271.0809326171875,4183.21826171875,2593.788330078125,773.5125732421875,11444.4013671875,147.99063110351562,1424.3416748046875,480.15667724609375,576.7675170898438,12.010000228881836,1381.2607421875,261.5820007324219,21.739999771118164,,926.9669799804688
5133.326171875,1729.3935546875,1858.5999755859375,973.10498046875,996.5499877929688,2221.70654296875,1015.0,1488.02880859375,143.16000366210938,565.002685546875,347.3999938964844,77.91999816894531,5511.6240234375,545.4003295898438,7154.1630859375,505.27069091796875,172.3695526123047,2761.540771484375,1394.4068603515625,1211.4000244140625,3800.199951171875,1225.35498046875,2663.8818359375,9042.7392578125,1005.5188598632812,2033.96435546875,11086.2431640625,2287.25439453125,145.072509765625,281.4468688964844,135.35838317871094,55.55533218383789,1475.9449462890625,397.76434326171875,1444.4609375,277.30548095703125,355.8616027832031,2097.304931640625,1796.7315673828125,397.8741760253906,35958.375,5931.21923828125,659.4445190429688,144.890380859375,1695.8651123046875,1482.3929443359375,391.865478515625,1645.4822998046875,1725.568603515625,2068.910888671875,503.6662902832031,4361.23046875,686.2837524414062,484.2674865722656,406.1000061035156,6469.8203125,12629.0,1257.8233642578125,7236.71826171875,3668.280029296875,365.3989562988281,257.95001220703125,260.8587951660156,875.2000122070312,165.83102416992188,,1174.6790771484375,1996.44970703125,2818.120849609375,1614.934814453125,2599.2490234375,980.9752197265625,752.6673583984375,1413.013427734375,5508.52490234375,859.9638061523438,4376.00146484375,447.6382141113281,2259.22021484375,613.6382446289062,210.40786743164062,1348.43212890625,1951.888916015625,649.794921875,100.91000366210938,83.99324798583984,21.103519439697266,387.6915588378906,760.9888916015625,736.8185424804688,157.75723266601562,33.91999816894531,675.8687744140625,120.21333312988281,137.3716278076172,190.07810974121094,408.525390625,846.6786499023438,1359.606201171875,1628.16748046875,5081.5,482.7082824707031,288.3802185058594,1085.0675048828125,999.0,298.2016296386719,562.0515747070312,1204.36328125,487.20001220703125,431.9941711425781,300.1596374511719,539.4500122070312,,4014.39013671875,417.1710205078125,2091.83251953125,151168.15625,1076.3187255859375,381.0762023925781,3598.906005859375,143.03244018554688,2193.300048828125,731.4052734375,16536.91796875,1678.5,1079.4815673828125,2532.41064453125,2816.3935546875,3772.799072265625,76.22075653076172,246.26242065429688,79.02764892578125,320.133056640625,1246.9410400390625,1666.27490234375,228.39547729492188,402.74053955078125,1324.699951171875,7565.2646484375,1916.300048828125,3201.4296875,36329.9296875,545.1593017578125,6307.88525390625,277.8446960449219,1853.4000244140625,1436.258056640625,7594.4658203125,469.1499938964844,342.905517578125,265.0741882324219,1615.9656982421875,117.51293182373047,341.6451721191406,344.6178283691406,1551.0286865234375,864.5711059570312,2022.58837890625,73.87183380126953,3086.626708984375,118.95341491699219,26077.216796875,968.22314453125,3082.850830078125,12477.6279296875,481.0343933105469,951.7938842773438,131.85000610351562,1721.278564453125,5112.1435546875,3296.986083984375,53.29999923706055,3652.43359375,753.8594360351562,1755.4373779296875,3198.595947265625,1169.3056640625,5292.58740234375,,377.3616638183594,166.63356018066406,647.6536865234375,1590.1759033203125,3896.514404296875,3800.63525390625,1263.2890625,4283.2705078125,2592.090576171875,765.2921752929688,11528.6806640625,146.43650817871094,1404.880126953125,476.07025146484375,588.3245239257812,12.020000457763672,1390.332275390625,258.3628234863281,21.690000534057617,,916.9759521484375
5101.82763671875,1725.317138671875,1886.0999755859375,974.004150390625,1015.2999877929688,2228.9033203125,1018.0999755859375,1480.8590087890625,142.19000244140625,569.60107421875,348.1499938964844,76.77999877929688,5480.9267578125,551.9180908203125,7138.20263671875,499.44476318359375,171.75010681152344,2722.87646484375,1387.8172607421875,1206.199951171875,3787.39990234375,1227.25341796875,2642.03955078125,8938.703125,993.8903198242188,2015.8797607421875,11018.08984375,2281.484619140625,143.63497924804688,279.1705322265625,135.3487091064453,55.293373107910156,1472.65673828125,396.2230224609375,1437.7889404296875,280.5948486328125,355.9588623046875,2079.232177734375,1808.1063232421875,394.9776611328125,35620.59765625,5933.67822265625,654.5552978515625,145.27761840820312,1696.06494140625,1492.002685546875,391.670654296875,1648.275634765625,1661.6181640625,2063.07958984375,515.2528076171875,4291.1337890625,686.3825073242188,481.9476013183594,407.25,6401.10400390625,12328.0,1261.30126953125,7248.09912109375,3638.37109375,363.40850830078125,259.45001220703125,261.10797119140625,888.6500244140625,165.85043334960938,,1188.473388671875,1992.966552734375,2808.949462890625,1601.6273193359375,2590.539306640625,975.9581909179688,745.7919311523438,1406.8629150390625,5449.0751953125,868.3699951171875,4364.02587890625,444.78521728515625,2262.387939453125,625.4229125976562,215.6624755859375,1339.110595703125,1942.6240234375,647.7022094726562,101.37000274658203,84.87068176269531,20.969385147094727,385.3554992675781,762.2128295898438,736.3207397460938,156.90565490722656,33.93000030517578,701.574951171875,132.23565673828125,140.2463836669922,189.8818817138672,404.6222839355469,848.4757080078125,1358.6114501953125,1621.0220947265625,5074.0,477.7750549316406,283.4450988769531,1088.1497802734375,986.5,296.2561950683594,558.2124633789062,1196.349365234375,491.1499938964844,432.0940246582031,298.2294921875,539.4500122070312,,4008.15087890625,415.1435546875,2097.193603515625,149940.3125,1069.7418212890625,385.4771728515625,3585.447509765625,142.013916015625,2193.0,739.9163208007812,16430.982421875,1672.0,1072.394287109375,2533.507080078125,2776.171875,3765.163818359375,76.759521484375,246.42015075683594,80.17283630371094,321.67144775390625,1259.71044921875,1674.4449462890625,229.13800048828125,396.6831970214844,1315.300048828125,7560.40380859375,1909.4000244140625,3218.24169921875,36195.9453125,544.51171875,6256.2509765625,278.4873046875,1850.4000244140625,1448.1722412109375,7520.81494140625,473.0,345.14422607421875,262.5030822753906,1607.576171875,116.96875762939453,343.90838623046875,386.735595703125,1552.0240478515625,861.58154296875,2016.297119140625,73.00530242919922,3090.014404296875,118.71456909179688,26351.50390625,954.8487548828125,3085.736572265625,12429.65625,479.14605712890625,949.1907348632812,132.32000732421875,1703.936767578125,5106.88720703125,3250.117431640625,53.20000076293945,3621.442138671875,751.446533203125,1761.5814208984375,3161.010986328125,1165.8350830078125,5253.783203125,,377.2125549316406,165.70274353027344,644.6498413085938,1571.462158203125,3978.94384765625,3783.0908203125,1281.4373779296875,4278.9765625,2597.18359375,766.629150390625,11558.0810546875,145.91200256347656,1411.103759765625,481.2530517578125,591.0784912109375,11.9399995803833,1376.77490234375,256.6664733886719,21.520000457763672,,910.7315673828125
5084.109375,1715.275146484375,1888.5999755859375,985.6928100585938,999.3499755859375,2202.21533203125,1001.9000244140625,1448.2962646484375,140.44000244140625,564.7028198242188,346.75,76.9800033569336,5451.2197265625,549.380615234375,7066.88037109375,490.3110046386719,171.986083984375,2751.527587890625,1369.845458984375,1200.0999755859375,3788.0,1231.050537109375,2621.393798828125,8960.890625,991.902587890625,2010.384521484375,11111.923828125,2295.312255859375,144.794921875,278.5893249511719,135.48428344726562,56.05015182495117,1468.4715576171875,391.05206298828125,1439.680908203125,278.5015869140625,361.40521240234375,2055.728271484375,1821.558349609375,389.9336853027344,35397.06640625,5942.53076171875,645.8245849609375,146.1004638671875,1696.864013671875,1480.1142578125,390.2097473144531,1633.6097412109375,1671.54833984375,2045.9813232421875,514.90625,4346.22412109375,680.2100219726562,483.0334777832031,405.20001220703125,6364.255859375,11857.0,1260.6055908203125,7196.6376953125,3661.885009765625,360.17401123046875,258.8500061035156,262.0048828125,899.9500122070312,165.2685546875,,1188.57177734375,1988.189697265625,2833.572509765625,1572.6014404296875,2590.539306640625,975.564697265625,743.7990112304688,1403.8868408203125,5380.4423828125,860.5109252929688,4329.482421875,450.919189453125,2270.20849609375,607.4512939453125,220.64462280273438,1332.070068359375,1935.849609375,648.9479370117188,101.52999877929688,84.29237365722656,20.676279067993164,383.8775634765625,768.0877075195312,738.8594970703125,158.55007934570312,33.84000015258789,695.3099975585938,125.02226257324219,137.97842407226562,191.43209838867188,406.93524169921875,838.2423095703125,1352.3446044921875,1609.863525390625,5085.5,469.5530090332031,282.846923828125,1086.360107421875,990.5,293.2632141113281,562.001708984375,1175.572509765625,486.29998779296875,430.9759521484375,296.9427490234375,538.75,,3999.634033203125,411.47943115234375,2067.112060546875,148497.859375,1060.97265625,377.897705078125,3554.769775390625,141.23045349121094,2182.0,749.6717529296875,16377.51953125,1650.199951171875,1062.2122802734375,2529.419921875,2738.871826171875,3705.1708984375,75.22159576416016,252.79930114746094,78.4550552368164,323.06097412109375,1267.0355224609375,1664.3818359375,229.4213409423828,400.1796875,1309.0,7476.798828125,1902.5,3223.8125,36032.1875,540.0285034179688,6184.75634765625,275.2743835449219,1851.800048828125,1442.413818359375,7458.11279296875,476.20001220703125,342.1755065917969,257.7069396972656,1588.9996337890625,117.13394927978516,342.80084228515625,366.44927978515625,1538.4866943359375,846.9827270507812,2007.010009765625,72.00092315673828,3064.41015625,119.06288146972656,26206.880859375,950.12548828125,3039.36474609375,12323.71875,474.474853515625,947.962890625,134.08999633789062,1701.65771484375,5216.080078125,3252.9970703125,52.72999954223633,3561.75048828125,749.5753173828125,1783.7796630859375,3133.54443359375,1185.17138671875,5221.85546875,,373.8832092285156,168.81849670410156,641.3505249023438,1571.5596923828125,3970.6708984375,3760.3916015625,1266.7412109375,4219.7646484375,2602.575927734375,763.5588989257812,11562.98046875,144.8726806640625,1412.387939453125,481.1035461425781,583.357421875,11.960000038146973,1375.778076171875,254.68101501464844,21.360000610351562,,903.7877807617188
5058.0244140625,1722.135498046875,1883.199951171875,995.4832763671875,1024.1500244140625,2213.710205078125,1007.0999755859375,1455.067626953125,144.64999389648438,563.8530883789062,349.29998779296875,76.0199966430664,5415.57177734375,547.2909545898438,6972.615234375,487.89178466796875,175.6338653564453,2734.574951171875,1358.1639404296875,1186.300048828125,3753.5,1245.039794921875,2574.218017578125,9153.1845703125,983.2556762695312,2024.67236328125,10847.212890625,2297.69970703125,144.56690979003906,283.82012939453125,137.51783752441406,58.70857620239258,1449.4393310546875,391.1017761230469,1448.5438232421875,281.8906555175781,359.3628234863281,2073.701904296875,1761.4200439453125,389.9336853027344,35292.75390625,5914.49755859375,639.6382446289062,149.1111602783203,1699.5609130859375,1478.628173828125,387.6288146972656,1610.6629638671875,1643.3466796875,2029.4757080078125,513.9654541015625,4334.080078125,672.21044921875,489.3021545410156,402.29998779296875,6334.37890625,11767.0,1257.8233642578125,7117.9619140625,3650.472412109375,356.143310546875,263.54998779296875,266.68890380859375,912.7000122070312,165.4722137451172,,1194.385009765625,1968.186279296875,2832.874755859375,1557.55810546875,2573.9033203125,974.7777709960938,740.3612670898438,1401.7044677734375,5520.60791015625,879.5615844726562,4281.18310546875,445.78375244140625,2267.1396484375,614.0802001953125,217.9589385986328,1331.276611328125,1947.6051025390625,652.5852661132812,101.31999969482422,84.58152770996094,20.929643630981445,381.9705810546875,792.1256103515625,726.3153076171875,158.14877319335938,35.79999923706055,678.6531982421875,123.28075408935547,136.13816833496094,187.7724151611328,406.7424621582031,840.1392211914062,1327.9736328125,1587.2528076171875,5018.0,468.15777587890625,285.88775634765625,1105.2515869140625,1021.2999877929688,291.81658935546875,556.7167358398438,1149.3541259765625,481.8500061035156,429.7979736328125,302.33721923828125,537.5999755859375,,4012.805419921875,414.8992614746094,2065.424072265625,150823.75,1053.199951171875,395.50164794921875,3622.260986328125,138.83106994628906,2152.5,735.7354736328125,16481.4765625,1634.4000244140625,1038.95361328125,2454.75244140625,2722.705322265625,3767.246337890625,76.97503662109375,249.90060424804688,80.9492416381836,322.4654541015625,1261.1953125,1640.1707763671875,229.2845458984375,405.25213623046875,1294.5999755859375,7414.09521484375,1858.9000244140625,3167.308349609375,35297.74609375,544.2626342773438,6139.57568359375,276.5595397949219,1851.5999755859375,1440.52734375,7461.59619140625,483.79998779296875,340.0341796875,257.459716796875,1567.62646484375,118.92195892333984,338.4189147949219,359.22198486328125,1532.71337890625,840.4556274414062,1992.7298583984375,72.05999755859375,3026.95068359375,119.17234802246094,26271.7109375,973.8910522460938,3014.685791015625,12020.8974609375,475.8662414550781,956.2141723632812,141.02000427246094,1704.6304931640625,5092.60546875,3251.30908203125,52.0,3621.9404296875,737.067626953125,1795.3741455078125,3129.015380859375,1169.107421875,5101.513671875,,372.04461669921875,172.24777221679688,629.0888671875,1563.9571533203125,3961.1025390625,3788.54248046875,1249.283203125,4201.49169921875,2561.832763671875,779.8016357421875,11470.861328125,147.3009796142578,1406.5594482421875,482.8477783203125,595.6029052734375,12.0600004196167,1346.4700927734375,254.11236572265625,21.3700008392334,,900.6406860351562
5089.03125,1727.7032470703125,1914.0,993.53515625,1027.3499755859375,2238.698974609375,1015.0999755859375,1463.631591796875,142.99000549316406,566.502197265625,357.70001220703125,76.77999877929688,5452.70556640625,553.6096801757812,7024.98486328125,493.7176818847656,176.18447875976562,2745.678466796875,1386.319580078125,1183.0,3782.199951171875,1268.4217529296875,2625.283447265625,9213.337890625,980.77099609375,2038.160888671875,11188.966796875,2307.64794921875,144.56690979003906,286.6292419433594,139.29965209960938,60.20273208618164,1461.297119140625,397.3666076660156,1464.2781982421875,286.5257263183594,373.46502685546875,2079.429931640625,1801.8748779296875,393.42950439453125,35804.38671875,5932.20263671875,646.47314453125,149.9630584716797,1700.260009765625,1497.2535400390625,388.6027526855469,1616.3497314453125,1651.3900146484375,2051.515869140625,519.8577270507812,4378.0146484375,678.8767700195312,497.1503601074219,403.8500061035156,6366.24755859375,12102.0,1263.3880615234375,7236.71826171875,3659.720703125,360.47259521484375,265.1499938964844,266.19061279296875,912.4500122070312,166.95596313476562,,1204.238037109375,1994.7579345703125,2820.21435546875,1565.369140625,2615.004150390625,975.0728759765625,747.1868896484375,1413.50927734375,5578.60791015625,882.0983276367188,4343.73583984375,474.5992126464844,2292.580810546875,601.4607543945312,221.98745727539062,1331.67333984375,1954.67822265625,665.93896484375,102.98999786376953,85.35923767089844,20.8898983001709,384.25897216796875,819.786376953125,735.5740356445312,162.9352264404297,36.130001068115234,680.7911987304688,123.31044006347656,139.16212463378906,190.90228271484375,403.5621643066406,862.8025512695312,1326.5809326171875,1581.1842041015625,5059.5,480.8147277832031,283.943603515625,1158.1478271484375,1053.800048828125,294.2608642578125,557.015869140625,1160.039306640625,485.3500061035156,439.4613037109375,312.730224609375,539.5499877929688,,4044.000732421875,417.6595764160156,2094.314697265625,152585.640625,1057.5845947265625,394.1324462890625,3670.652587890625,148.88888549804688,2196.5,747.18310546875,16530.978515625,1671.800048828125,1043.2459716796875,2482.466064453125,2718.32275390625,3779.740478515625,77.60196685791016,246.7061004638672,80.71631622314453,327.0805969238281,1274.9544677734375,1664.4814453125,234.853515625,417.95782470703125,1298.9000244140625,7472.91015625,1825.5999755859375,3221.325439453125,35774.13671875,543.4656372070312,6227.951171875,280.85992431640625,1853.5,1471.80224609375,7583.02001953125,482.95001220703125,345.9228515625,261.66253662109375,1592.794921875,120.08805084228516,343.6194763183594,356.1316833496094,1563.172607421875,858.6917114257812,2032.0751953125,73.6158218383789,3063.513427734375,119.36143493652344,26506.103515625,990.5965576171875,3048.320556640625,12244.765625,476.46258544921875,964.8092651367188,146.99000549316406,1704.135009765625,5239.28759765625,3330.250732421875,52.66999816894531,3706.843505859375,753.9579467773438,1808.8516845703125,3089.88818359375,1181.998291015625,5148.1767578125,,377.26226806640625,176.4412841796875,633.2745361328125,1550.604248046875,4038.249267578125,3816.197265625,1288.8348388671875,4272.6865234375,2610.465087890625,787.5269165039062,11548.28125,149.35047912597656,1426.218505859375,488.22991943359375,594.4718627929688,10.760000228881836,1356.9371337890625,253.75575256347656,21.600000381469727,,913.529052734375
5095.42919921875,1730.3876953125,1970.0,998.4803466796875,1046.4000244140625,2258.989990234375,1025.9000244140625,1474.8841552734375,148.75999450683594,593.892578125,361.95001220703125,76.0999984741211,5410.12548828125,556.8934936523438,7093.81298828125,487.9905700683594,181.77903747558594,2728.3291015625,1432.646728515625,1193.0,3716.10009765625,1273.41796875,2621.0947265625,9425.3544921875,967.1546630859375,2035.2633056640625,11202.794921875,2304.265625,142.94097900390625,291.3273010253906,142.34031677246094,61.73569869995117,1476.243896484375,395.47723388671875,1458.3031005859375,290.51287841796875,371.0335998535156,2084.170166015625,1790.6978759765625,387.2868347167969,35903.734375,5911.05517578125,636.4951782226562,149.314453125,1722.0352783203125,1486.9501953125,390.0150146484375,1618.843994140625,1644.2403564453125,2069.405029296875,519.16455078125,4413.75439453125,682.8271484375,493.547119140625,400.6000061035156,6317.94677734375,12091.0,1245.50146484375,7271.85009765625,3758.892578125,361.517578125,265.75,265.3434753417969,903.5999755859375,166.5777587890625,,1225.1265869140625,2005.6055908203125,2842.84375,1576.1693115234375,2591.51806640625,975.023681640625,747.43603515625,1406.16845703125,5646.75732421875,890.3055419921875,4352.84130859375,474.1712646484375,2299.609375,600.9697265625,221.4522705078125,1326.8143310546875,1949.4979248046875,671.968017578125,103.76000213623047,85.35923767089844,20.94454574584961,346.9295959472656,815.2333374023438,735.3251342773438,162.3675079345703,36.290000915527344,681.8353881835938,124.46814727783203,138.62498474121094,188.34149169921875,419.9937744140625,888.760498046875,1333.842529296875,1595.2791748046875,5110.5,500.2984619140625,282.39825439453125,1164.8094482421875,1068.4000244140625,295.0091247558594,551.5813598632812,1150.838134765625,484.20001220703125,442.7955322265625,314.0169677734375,535.8499755859375,,4100.35009765625,416.63360595703125,2087.662841796875,151267.96875,1069.0443115234375,395.25714111328125,3721.914306640625,150.3089141845703,2164.60009765625,756.98828125,16541.869140625,1674.0,1047.538330078125,2469.008056640625,2754.746337890625,3806.8115234375,77.93501281738281,252.5528106689453,81.19186401367188,333.780029296875,1281.8836669921875,1689.68896484375,232.4696044921875,421.1095886230469,1291.699951171875,7473.396484375,1805.800048828125,3202.324951171875,35377.14453125,550.4893188476562,6238.37744140625,284.8143005371094,1872.699951171875,1458.7958984375,7636.76513671875,483.20001220703125,353.4661865234375,263.83807373046875,1602.0831298828125,120.43788146972656,354.1167907714844,360.3683776855469,1568.3485107421875,856.4993896484375,2037.5675048828125,73.59612274169922,3045.879638671875,121.92898559570312,26765.427734375,1013.96435546875,3076.18359375,12158.81640625,471.3938293457031,967.3140869140625,148.4499969482422,1705.5223388671875,5277.6689453125,3459.93359375,52.470001220703125,3781.18359375,739.7760009765625,1795.176025390625,3110.31884765625,1167.0250244140625,5119.68798828125,,379.4984130859375,178.21470642089844,634.5056762695312,1566.9786376953125,4036.056640625,3814.611328125,1308.857421875,2860.7060546875,2619.252685546875,797.6290893554688,11662.9404296875,149.17564392089844,1387.19677734375,490.12359619140625,592.7506103515625,11.600000381469727,1379.9649658203125,257.67852783203125,21.489999771118164,,914.2284545898438
5123.9755859375,1738.739501953125,1931.9000244140625,998.430419921875,1057.9000244140625,2278.78125,1038.800048828125,1483.2489013671875,148.1699981689453,587.3948364257812,361.25,78.16000366210938,5537.865234375,562.6151733398438,7111.7685546875,491.002197265625,185.61361694335938,2748.751953125,1451.11767578125,1215.4000244140625,3719.800048828125,1265.9237060546875,2659.493408203125,9370.6240234375,984.398681640625,2036.662109375,11043.7705078125,2356.293701171875,143.2185821533203,295.4925842285156,144.49977111816406,62.026763916015625,1489.696044921875,400.8967590332031,1471.0496826171875,298.5369873046875,370.9849853515625,2080.121337890625,1782.4881591796875,392.48065185546875,39162.2890625,5886.46435546875,647.6704711914062,149.92433166503906,1779.0701904296875,1497.5506591796875,416.74969482421875,1625.2291259765625,1638.7786865234375,2065.748291015625,526.6412353515625,4425.1083984375,689.5428466796875,515.906982421875,404.5,6366.24755859375,12165.0,1248.1844482421875,7258.490234375,3784.964599609375,365.94635009765625,264.8999938964844,266.0411071777344,908.0499877929688,170.07862854003906,,1217.047119140625,2058.549560546875,2847.529052734375,1581.6658935546875,2600.325439453125,985.3035888671875,752.1691284179688,1428.389404296875,5735.20751953125,920.8959350585938,4372.537109375,471.5559997558594,2324.357666015625,617.5173950195312,225.18885803222656,1344.06884765625,1966.43359375,675.9541625976562,114.7300033569336,85.66832733154297,21.267457962036133,333.77130126953125,843.4326171875,745.3306274414062,163.2582244873047,37.22999954223633,690.9841918945312,127.12987518310547,145.86659240722656,190.67660522460938,426.01708984375,900.9906616210938,1360.5013427734375,1605.6546630859375,5106.0,508.91912841796875,284.4919738769531,1173.9569091796875,1080.300048828125,300.9951171875,551.3818969726562,1155.1915283203125,495.70001220703125,438.26336669921875,316.4914855957031,545.5499877929688,,4123.1279296875,420.56640625,2090.144775390625,150419.46875,1081.899169921875,394.08355712890625,3762.884033203125,148.1837615966797,2202.699951171875,754.3005981445312,16791.36328125,1671.0,1060.7149658203125,2486.7529296875,2733.905029296875,3788.76416015625,81.91209411621094,268.18023681640625,82.03619384765625,349.4616394042969,1266.738525390625,1723.6640625,235.90869140625,422.3900451660156,1340.5999755859375,7516.1708984375,1781.800048828125,3239.629638671875,35506.16796875,554.9227294921875,6245.328125,287.73065185546875,1903.4000244140625,1467.6322021484375,7761.1748046875,480.54998779296875,365.92486572265625,267.9420471191406,1616.7647705078125,121.80803680419922,366.58837890625,364.70477294921875,1584.9718017578125,872.8919677734375,2064.530029296875,81.76909637451172,3048.0712890625,121.45130920410156,26974.884765625,1004.6669311523438,3082.55224609375,12328.7158203125,483.3699951171875,981.2626953125,147.47000122070312,1712.35986328125,5249.40380859375,3509.284912109375,54.279998779296875,3834.397705078125,743.8139038085938,1773.96875,3132.773681640625,1160.876953125,5243.46826171875,,390.67913818359375,179.18470764160156,646.0286865234375,1571.1697998046875,4038.448486328125,3851.1875,1380.267578125,2935.395751953125,2594.087890625,796.9358520507812,11660.98046875,152.20616149902344,1364.8704833984375,492.1668395996094,606.815673828125,11.779999732971191,1425.7210693359375,259.268798828125,22.290000915527344,,916.0767822265625
5087.5546875,1761.408203125,1966.199951171875,1013.96533203125,1044.9000244140625,2278.481201171875,1030.5,1486.7342529296875,146.1999969482422,576.8485107421875,363.29998779296875,77.04000091552734,5498.25634765625,568.4363403320312,7065.3837890625,499.44476318359375,184.6107177734375,2791.382080078125,1490.455810546875,1207.4000244140625,3646.300048828125,1284.8092041015625,2666.8740234375,9365.693359375,972.7702026367188,2037.4613037109375,11133.654296875,2386.436279296875,145.9251251220703,297.2362060546875,145.14857482910156,62.12378692626953,1536.330078125,411.4872131347656,1476.128662109375,299.085205078125,367.5323791503906,2078.83740234375,1788.0272216796875,390.8825378417969,38913.92578125,5927.7763671875,643.8289794921875,149.3047637939453,1770.380126953125,1505.674560546875,416.3114318847656,1626.226806640625,1630.5367431640625,2066.934326171875,523.2246704101562,4254.9990234375,702.52978515625,514.5249633789062,411.95001220703125,6337.36669921875,12051.0,1242.1229248046875,7404.95654296875,3898.107421875,365.5482482910156,269.54998779296875,262.85198974609375,892.7999877929688,167.81906127929688,,1226.0135498046875,2113.981689453125,2840.052490234375,1550.2293701171875,2603.75048828125,961.5957641601562,756.6033325195312,1439.797607421875,5785.95703125,926.8648071289062,4479.72802734375,468.2750244140625,2360.09423828125,617.3209228515625,220.2261962890625,1360.0341796875,1972.410888671875,681.4849853515625,110.97000122070312,84.68123626708984,20.984289169311523,333.4376220703125,840.2993774414062,740.900390625,161.5159149169922,36.79999923706055,671.7915649414062,126.25912475585938,143.80751037597656,187.0267333984375,418.4518127441406,898.4947509765625,1336.13037109375,1572.374755859375,5102.5,515.14794921875,280.8529357910156,1179.127197265625,1081.5999755859375,299.6981201171875,537.5213012695312,1138.767822265625,504.20001220703125,437.4248046875,317.0358581542969,539.9000244140625,,4110.25341796875,413.4092102050781,2068.7001953125,150139.953125,1116.0791015625,375.74615478515625,3750.909912109375,146.2740478515625,2195.0,769.5309448242188,16984.423828125,1703.699951171875,1048.6363525390625,2506.89013671875,2728.743408203125,3888.1240234375,81.95127868652344,266.20831298828125,81.43448638916016,347.972900390625,1301.28515625,1733.627197265625,232.61614990234375,413.5748596191406,1340.0999755859375,7463.18896484375,1772.0,3246.59326171875,35282.859375,570.8132934570312,6160.4287109375,285.16033935546875,1924.5,1494.2406005859375,7725.3447265625,485.1000061035156,365.0488586425781,268.6342468261719,1665.00390625,121.54566955566406,366.92547607421875,359.86993408203125,1570.8370361328125,870.4505004882812,2072.71875,86.30854034423828,3077.760009765625,121.222412109375,27573.328125,997.706298828125,3071.5068359375,12723.482421875,478.4503173828125,987.7457885742188,150.85000610351562,1713.2518310546875,5319.3232421875,3569.1611328125,53.66999816894531,3850.740478515625,735.1471557617188,1786.7525634765625,3099.42919921875,1172.181396484375,5269.01025390625,,386.455322265625,181.9673309326172,641.2028198242188,1556.4522705078125,4066.35693359375,3835.82373046875,1384.607421875,2948.842529296875,2526.48193359375,797.3814697265625,11845.2197265625,157.703857421875,1358.8443603515625,487.083740234375,605.5370483398438,11.430000305175781,1472.17529296875,253.77499389648438,22.829999923706055,,921.1222534179688
5142.677734375,1741.9210205078125,1947.9000244140625,1007.7713012695312,1044.0999755859375,2258.090576171875,1019.4000244140625,1467.017333984375,147.5500030517578,570.15087890625,360.6499938964844,77.44999694824219,5600.25,560.7742309570312,7329.72509765625,512.97265625,183.02772521972656,2821.322265625,1484.864501953125,1231.300048828125,3663.699951171875,1292.802978515625,2699.18896484375,9526.9248046875,971.3787231445312,2042.8568115234375,11064.5126953125,2374.896728515625,146.4010009765625,295.4925842285156,145.89422607421875,62.521583557128906,1537.027587890625,410.7911682128906,1468.5601806640625,295.99517822265625,360.6271667480469,2079.133544921875,1769.1351318359375,384.68994140625,38705.296875,6029.08935546875,636.4452514648438,148.96595764160156,1803.342529296875,1516.572265625,415.92181396484375,1601.4842529296875,1645.5311279296875,2064.760009765625,524.8092041015625,4077.78125,697.5424194335938,513.685791015625,414.25,6615.220703125,11726.0,1248.2838134765625,7444.5419921875,3884.8251953125,362.06494140625,269.04998779296875,255.82601928710938,878.4000244140625,164.2696990966797,,1235.57080078125,2117.663818359375,2856.401611328125,1558.6190185546875,2565.976806640625,946.544677734375,775.0874633789062,1489.6953125,5799.9736328125,937.3600463867188,4469.7314453125,458.7174377441406,2400.285400390625,631.560791015625,218.77630615234375,1399.4022216796875,2002.39697265625,686.069091796875,108.22000122070312,84.48181915283203,20.810413360595703,326.5248107910156,843.530517578125,723.1793212890625,160.52731323242188,36.650001525878906,667.4658203125,125.88311767578125,142.7928924560547,186.7814483642578,416.5725402832031,912.7716064453125,1328.769287109375,1578.0518798828125,5002.5,513.1048583984375,277.1142272949219,1169.5821533203125,1079.800048828125,297.8524475097656,544.9501953125,1127.785888671875,500.1499938964844,428.5401611328125,316.0955505371094,539.9000244140625,,4100.54833984375,415.29010009765625,2134.22509765625,149930.328125,1108.2066650390625,366.1128845214844,3746.2587890625,145.10862731933594,2240.800048828125,775.5036010742188,17120.0625,1731.300048828125,1049.734375,2488.646728515625,2742.475341796875,3907.658935546875,81.82392883300781,270.250732421875,81.39566802978516,348.17138671875,1306.5313720703125,1719.9774169921875,236.32879638671875,419.1397399902344,1332.0999755859375,7381.5283203125,1743.800048828125,3258.43115234375,35094.28515625,572.3574829101562,6205.1123046875,291.93218994140625,1950.800048828125,1494.2406005859375,7758.6865234375,479.25,366.21685791015625,265.56866455078125,1651.121337890625,121.92464447021484,368.7071228027344,357.1783752441406,1500.6614990234375,898.402587890625,2092.890625,83.06889343261719,3040.00146484375,120.24713897705078,27598.263671875,997.0103149414062,3112.8037109375,12848.408203125,473.53070068359375,1000.8594360351562,146.44000244140625,1744.2684326171875,5251.8828125,3611.36279296875,53.45000076293945,3852.634033203125,743.46923828125,1788.437255859375,3137.688720703125,1200.2440185546875,5250.8359375,,384.1197814941406,182.4376220703125,639.33154296875,1561.2281494140625,4098.35205078125,3902.2353515625,1389.736328125,2694.41845703125,2545.455322265625,791.6370849609375,11959.8798828125,160.98692321777344,1359.930908203125,497.2001647949219,611.5368041992188,11.59000015258789,1481.5457763671875,255.9918212890625,22.809999465942383,,930.2140502929688
5216.01123046875,1745.3013916015625,1949.800048828125,1003.5753784179688,1033.5,2273.083740234375,1019.2000122070312,1459.1505126953125,146.3699951171875,571.3004760742188,361.1000061035156,77.29000091552734,5749.77490234375,559.2318725585938,7428.9775390625,511.047119140625,182.99822998046875,2785.235107421875,1500.2403564453125,1235.4000244140625,3841.60009765625,1294.501708984375,2737.687255859375,9653.6416015625,962.8809814453125,2030.1676025390625,11060.5625,2385.143310546875,146.3712615966797,298.5923156738281,146.69796752929688,61.44462966918945,1534.0382080078125,413.3268737792969,1477.223876953125,302.5739440917969,358.0985107421875,2058.2958984375,1761.321044921875,386.5876770019531,38889.0859375,6083.68017578125,635.5473022460938,148.07533264160156,1784.4639892578125,1454.2568359375,420.4019775390625,1604.477294921875,1689.621337890625,2052.405517578125,527.6315307617188,4095.15771484375,694.5302124023438,514.2288208007812,422.25,6615.220703125,11770.0,1234.96826171875,7503.919921875,3827.27001953125,357.6859130859375,266.3500061035156,257.6697082519531,874.1500244140625,163.38719177246094,,1229.3634033203125,2127.914306640625,2828.289306640625,1588.8983154296875,2568.42333984375,933.608642578125,769.6069946289062,1484.2392578125,5781.60693359375,933.5797729492188,4478.73828125,453.10650634765625,2375.239990234375,618.6958618164062,220.7127227783203,1415.7642822265625,1958.7626953125,682.2323608398438,108.12000274658203,84.15278625488281,21.029001235961914,325.3805847167969,846.5658569335938,712.17822265625,159.2254638671875,36.61000061035156,669.056884765625,126.69449615478516,145.25979614257812,183.553466796875,413.4404296875,896.3980712890625,1352.2452392578125,1604.2843017578125,4951.0,510.86248779296875,274.6217346191406,1183.0050048828125,1074.699951171875,302.7908935546875,535.8760375976562,1195.6568603515625,520.75,428.06097412109375,310.7506103515625,538.2000122070312,,4116.7900390625,416.2183532714844,2198.3603515625,149870.4375,1107.010986328125,352.07861328125,3709.841064453125,143.78652954101562,2311.800048828125,770.2775268554688,16641.865234375,1727.0999755859375,1032.8643798828125,2503.600341796875,2799.739990234375,3926.896240234375,81.95127868652344,265.86322021484375,83.61811065673828,346.2359924316406,1301.483154296875,1702.44189453125,233.56385803222656,412.0974426269531,1318.800048828125,7614.35791015625,1719.5,3266.687744140625,35114.13671875,574.3002319335938,6467.7548828125,290.9930419921875,1942.5999755859375,1503.9705810546875,7859.70703125,470.3999938964844,366.8982238769531,261.1680603027344,1617.4637451171875,122.12870788574219,371.0184631347656,356.28118896484375,1497.277099609375,882.5082397460938,2067.92529296875,81.73955535888672,3086.029296875,118.77428436279297,27249.171875,990.2484741210938,3118.27685546875,13320.1298828125,470.8968811035156,989.3175048828125,150.3699951171875,1766.4656982421875,5269.23876953125,3601.43310546875,52.900001525878906,3826.823974609375,772.079345703125,1783.6805419921875,3176.044921875,1202.4254150390625,5749.88623046875,,378.4051818847656,180.08612060546875,673.1619873046875,1584.035400390625,4259.224609375,4056.270751953125,1377.703125,2703.005859375,2523.885498046875,795.2521362304688,11940.279296875,161.55999755859375,1361.1165771484375,508.0142517089844,611.9794311523438,11.460000038146973,1502.8787841796875,261.0036926269531,23.5,,926.7172241210938
4942.36474609375,1713.485595703125,1913.9000244140625,991.137451171875,994.2999877929688,2213.010498046875,988.7999877929688,1459.0509033203125,142.88999938964844,563.9530639648438,358.54998779296875,75.13999938964844,5736.40673828125,544.0072631835938,7346.18408203125,513.4170532226562,181.42507934570312,2762.5322265625,1473.981689453125,1206.0999755859375,3789.800048828125,1285.808349609375,2686.921142578125,9625.0439453125,966.01171875,2007.187255859375,11071.4267578125,2363.35693359375,143.73411560058594,290.1648864746094,142.28221130371094,60.17362594604492,1528.1590576171875,413.3268737792969,1448.0458984375,270.876220703125,344.8229675292969,2040.618408203125,1734.5159912109375,377.4985656738281,38407.2578125,5934.66162109375,612.8972778320312,145.65516662597656,1752.0010986328125,1447.024658203125,414.16876220703125,1576.74169921875,1635.501708984375,2022.7550048828125,513.4702758789062,4065.637939453125,683.8147583007812,512.79736328125,417.45001220703125,6573.3935546875,11987.0,1199.2945556640625,7472.74658203125,3819.3994140625,351.1174011230469,256.6499938964844,254.87924194335938,891.1500244140625,158.5868377685547,,1224.929443359375,2085.021728515625,2783.3291015625,1587.9339599609375,2527.713623046875,931.296875,755.4574584960938,1471.8392333984375,5654.974609375,899.2588500976562,4433.90185546875,430.04461669921875,2362.66796875,580.150146484375,211.67286682128906,1423.00341796875,1900.9820556640625,678.9935913085938,104.62999725341797,85.8178939819336,20.93461036682129,325.0468444824219,810.7293090820312,701.22705078125,153.05886840820312,35.54999923706055,652.7978515625,122.96411895751953,140.4353790283203,182.15042114257812,415.22332763671875,882.0214233398438,1330.3609619140625,1579.128662109375,4906.5,498.0062561035156,271.9298400878906,1149.298583984375,1013.5999755859375,292.8641357421875,524.45849609375,1167.7564697265625,511.79998779296875,425.8647766113281,304.1683349609375,525.75,,3989.43359375,409.3053894042969,2175.128662109375,148457.921875,1086.38330078125,347.2375183105469,3685.298828125,139.6732940673828,2261.199951171875,755.3457641601562,16498.306640625,1695.0999755859375,1027.97314453125,2472.696533203125,2743.643798828125,3821.487548828125,80.49170684814453,255.16558837890625,79.18292236328125,341.8193359375,1293.6630859375,1715.6932373046875,226.09950256347656,403.7747497558594,1301.800048828125,7382.50048828125,1693.9000244140625,3228.58740234375,34503.7578125,561.8468627929688,6399.2392578125,279.9207458496094,1903.199951171875,1490.0706787109375,7713.89892578125,460.5,355.7048645019531,256.4213562011719,1587.401611328125,119.33980560302734,357.68011474609375,341.4776916503906,1463.831787109375,869.1052856445312,2080.008544921875,78.89378356933594,3030.935546875,117.5402603149414,26780.390625,987.3151245117188,2994.78369140625,13444.056640625,460.0140075683594,980.3294677734375,146.4600067138672,1744.763916015625,5208.7412109375,3532.421142578125,50.93000030517578,3788.458251953125,752.3822021484375,1759.8968505859375,3087.671630859375,1187.35302734375,5615.791015625,,371.8955383300781,176.48046875,651.6425170898438,1537.9334716796875,4235.103515625,3991.04833984375,1341.1102294921875,2656.34130859375,2504.01318359375,786.8831176757812,11822.6796875,156.8296661376953,1333.8505859375,499.24334716796875,593.5866088867188,11.5,1464.499267578125,252.71481323242188,22.719999313354492,,906.7351684570312
5013.23681640625,1693.4017333984375,1890.0999755859375,998.2305908203125,960.5999755859375,2152.737548828125,946.0999755859375,1429.8739013671875,141.67999267578125,556.355712890625,353.8500061035156,74.54000091552734,5742.34765625,534.3052978515625,7238.45263671875,498.0623779296875,184.6107177734375,2801.19677734375,1446.724609375,1198.699951171875,3801.300048828125,1271.019775390625,2662.485595703125,9429.7919921875,953.7371215820312,1990.7012939453125,10907.46484375,2347.838134765625,142.7922821044922,291.2304382324219,141.4010009765625,60.619930267333984,1515.1055908203125,416.31011962890625,1438.48583984375,273.3681640625,344.4339599609375,2001.905517578125,1742.428955078125,379.1465759277344,37746.60546875,5879.5791015625,593.440185546875,145.73260498046875,1715.14306640625,1452.0772705078125,407.44854736328125,1565.3680419921875,1669.8602294921875,2032.04541015625,508.0731201171875,4064.3544921875,662.5813598632812,515.7095947265625,405.95001220703125,6589.32763671875,11902.0,1202.4742431640625,7429.20263671875,3756.72802734375,344.7976989746094,254.0,254.43077087402344,867.75,159.39173889160156,,1211.529296875,1981.9200439453125,2768.276123046875,1602.109375,2469.38916015625,923.72216796875,747.2367553710938,1453.1895751953125,5580.54150390625,896.2744140625,4416.3837890625,426.7636413574219,2348.7099609375,595.5684204101562,209.12342834472656,1392.56005859375,1888.9278564453125,683.0794677734375,103.43000030517578,85.74810028076172,20.6117000579834,321.47125244140625,815.527099609375,690.0269165039062,154.27261352539062,35.08000183105469,634.1024780273438,119.9758529663086,135.8894805908203,183.3081817626953,417.6808166503906,880.8233642578125,1313.3509521484375,1579.91162109375,4844.0,488.5882873535156,267.8421630859375,1152.1820068359375,1010.2999877929688,286.578857421875,520.2703857421875,1169.834228515625,506.8999938964844,424.62689208984375,296.64581298828125,527.9000244140625,,3986.2646484375,405.00616455078125,2166.4912109375,146835.796875,1057.6842041015625,340.8316650390625,3639.084228515625,136.32395935058594,2200.800048828125,750.0201416015625,16336.927734375,1679.9000244140625,1015.3955078125,2492.734130859375,2764.095703125,3788.96240234375,80.74639892578125,248.85546875,78.10568237304688,333.4822998046875,1285.9420166015625,1680.7218017578125,228.70811462402344,413.7225646972656,1288.5999755859375,7385.90283203125,1690.800048828125,3184.717041015625,34022.40234375,549.0946044921875,6371.9326171875,284.1717224121094,1904.199951171875,1473.6885986328125,7648.7080078125,462.3999938964844,349.32952880859375,255.1357879638672,1562.1334228515625,119.4272689819336,350.1682434082031,331.16009521484375,1468.51025390625,860.1864624023438,2067.12646484375,76.93423461914062,3011.906982421875,115.0821762084961,26880.130859375,969.91357421875,3028.916015625,13183.2109375,456.8335876464844,982.7852172851562,145.6699981689453,1714.2427978515625,5209.7333984375,3471.253662109375,49.20000076293945,3746.106201171875,735.6395874023438,1726.0048828125,3091.43017578125,1166.033447265625,5590.740234375,,362.55340576171875,174.79522705078125,642.8770751953125,1542.12451171875,4188.0576171875,3928.6015625,1303.2353515625,2644.692138671875,2449.08984375,764.3017578125,11698.220703125,157.60670471191406,1314.8831787109375,487.3826904296875,599.832275390625,11.260000228881836,1462.20654296875,252.473876953125,22.84000015258789,,894.0965576171875
4968.94140625,1696.881591796875,1904.800048828125,1006.822265625,950.9000244140625,2170.629638671875,942.2000122070312,1437.4420166015625,142.5399932861328,557.0554809570312,355.25,74.30999755859375,5809.68359375,536.046630859375,7250.4228515625,497.3712158203125,183.87330627441406,2871.48681640625,1436.440673828125,1172.9000244140625,3832.5,1273.218017578125,2783.267578125,9359.2841796875,946.084228515625,1997.19580078125,10613.1220703125,2400.861083984375,142.50477600097656,292.7319030761719,141.27511596679688,61.87152862548828,1527.561279296875,415.3654479980469,1450.535400390625,267.03857421875,348.9077453613281,2018.595458984375,1687.335205078125,371.35589599609375,37413.796875,5846.13623046875,584.5098876953125,145.22921752929688,1708.850341796875,1451.5819091796875,421.0350036621094,1558.98291015625,1685.251953125,2072.073486328125,508.0731201171875,3924.159912109375,651.4708251953125,517.2891235351562,395.3999938964844,6458.86572265625,11842.0,1207.84033203125,7358.93798828125,3690.810302734375,348.0321960449219,252.75,252.0389404296875,863.7999877929688,161.5155487060547,,1218.0323486328125,1921.5120849609375,2797.9833984375,1608.0880126953125,2434.257568359375,921.7055053710938,751.9699096679688,1438.805419921875,5535.59130859375,915.374755859375,4472.10693359375,428.9509582519531,2381.9716796875,616.9772338867188,211.66314697265625,1401.286376953125,1903.07421875,678.3956909179688,104.20999908447266,84.52169799804688,20.353370666503906,322.6631164550781,809.407470703125,687.0402221679688,154.8892822265625,35.290000915527344,631.3179931640625,121.34134674072266,140.75369262695312,180.521728515625,416.90985107421875,903.98583984375,1305.989990234375,1562.09716796875,4850.0,497.1092834472656,263.40557861328125,1175.9454345703125,1023.4000244140625,287.5765075683594,522.1151123046875,1160.138427734375,501.3999938964844,425.9246826171875,293.1319885253906,518.75,,3980.124755859375,406.5206604003906,2172.646484375,148472.90625,1074.02685546875,345.7705383300781,3643.7353515625,137.45999145507812,2224.300048828125,752.7576293945312,16417.12109375,1662.300048828125,1011.9016723632812,2513.369873046875,2758.252197265625,3876.224609375,81.10884094238281,252.3063201904297,79.34791564941406,334.9214172363281,1299.107421875,1651.529052734375,230.29087829589844,419.1889953613281,1267.5,7372.77880859375,1675.5,3239.430419921875,34106.765625,549.3934936523438,6281.0751953125,283.0348205566406,1885.0999755859375,1490.0706787109375,7592.97265625,450.5,361.885498046875,255.67967224121094,1503.2076416015625,119.67992401123047,356.8133239746094,330.61181640625,1476.373779296875,852.7625122070312,2095.087646484375,79.2975082397461,3034.621826171875,114.43531036376953,27094.572265625,967.328125,2966.22412109375,13034.298828125,454.05078125,997.1758422851562,149.22000122070312,1720.2874755859375,5215.18798828125,3474.13330078125,49.20000076293945,3741.7216796875,739.1358032226562,1721.6446533203125,3122.076416015625,1182.2958984375,5593.1962890625,,368.31768798828125,179.53744506835938,642.827880859375,1545.92578125,4217.76025390625,3915.12109375,1332.6279296875,2700.2763671875,2405.3505859375,766.4310913085938,11856.0,159.2773895263672,1311.5242919921875,492.1668395996094,617.0447998046875,11.25,1463.60205078125,253.58224487304688,22.959999084472656,,894.2463989257812
4888.2255859375,1697.4781494140625,1905.199951171875,971.0070190429688,932.5,2157.535400390625,936.7000122070312,1422.6044921875,143.3800048828125,555.256103515625,350.8500061035156,73.31999969482422,5806.2177734375,535.0018310546875,7293.31591796875,513.9601440429688,182.5852813720703,2861.473876953125,1436.2410888671875,1167.699951171875,3826.89990234375,1261.0274658203125,2824.55859375,9421.41015625,943.2019653320312,2009.4852294921875,10597.318359375,2383.451904296875,142.137939453125,292.3928527832031,142.8922882080078,63.113426208496094,1517.0985107421875,411.3878173828125,1454.22021484375,264.6961364746094,345.35791015625,2001.7080078125,1661.81591796875,376.84930419921875,37657.1953125,5821.0537109375,580.3191528320312,146.04238891601562,1699.161376953125,1434.839111328125,417.7236328125,1543.7183837890625,1696.5723876953125,2082.15478515625,512.47998046875,3927.220703125,644.3107299804688,515.3640747070312,396.8500061035156,6410.06689453125,11238.0,1183.7928466796875,7327.27001953125,3662.4755859375,344.3498229980469,254.60000610351562,248.45120239257812,868.0499877929688,160.2645263671875,,1221.1854248046875,1869.76220703125,2765.58447265625,1605.5809326171875,2432.49609375,922.0989990234375,745.8417358398438,1420.2548828125,5543.32470703125,931.44091796875,4406.78271484375,426.8587646484375,2365.439697265625,618.5485229492188,209.24990844726562,1424.9866943359375,1878.367919921875,679.0933227539062,103.63999938964844,82.71700286865234,20.323562622070312,319.13519287109375,800.693115234375,675.1432495117188,154.06704711914062,35.369998931884766,626.6939086914062,120.05501556396484,139.2516632080078,177.72543334960938,412.38031005859375,909.0775756835938,1325.38720703125,1565.1314697265625,4759.5,492.4750671386719,263.55511474609375,1171.3717041015625,1010.7999877929688,283.93505859375,526.502685546875,1161.127685546875,495.45001220703125,425.7848815917969,285.7084045410156,521.0499877929688,,3849.797607421875,406.34967041015625,2163.314208984375,147449.703125,1070.6387939453125,354.8169860839844,3623.4482421875,142.18040466308594,2213.89990234375,752.6083374023438,16262.6728515625,1646.0999755859375,1026.3758544921875,2473.693359375,2798.668701171875,3893.379638671875,79.75702667236328,251.76405334472656,79.69729614257812,335.3680419921875,1305.343505859375,1651.0308837890625,238.1753387451172,441.153076171875,1281.5999755859375,7481.65966796875,1638.300048828125,3249.975341796875,34384.66015625,541.82177734375,6312.8505859375,284.1717224121094,1894.699951171875,1488.1842041015625,7519.322265625,461.1499938964844,359.6955261230469,255.92689514160156,1515.791748046875,121.0014877319336,353.3463439941406,329.1663513183594,1446.11376953125,854.8551025390625,2079.509033203125,78.20449829101562,3028.245849609375,114.37560272216797,27084.599609375,973.54296875,2933.285888671875,12688.5029296875,454.24951171875,1010.2402954101562,147.75999450683594,1713.053466796875,5121.46630859375,3440.471435546875,48.689998626708984,3742.3193359375,751.2495727539062,1722.932861328125,3149.446044921875,1179.420166015625,5690.943359375,,366.1809387207031,178.8809814453125,650.263671875,1573.89892578125,4225.33544921875,3905.70458984375,1328.0908203125,2610.7421875,2383.98046875,766.0349731445312,11803.080078125,161.42401123046875,1303.423583984375,499.5423583984375,626.7330322265625,10.800000190734863,1456.1256103515625,254.64247131347656,22.790000915527344,,899.891357421875
4857.71142578125,1718.158447265625,1934.699951171875,975.4027099609375,922.5999755859375,2152.337646484375,935.2999877929688,1423.9986572265625,142.77000427246094,554.2064819335938,358.6000061035156,72.80000305175781,5773.5400390625,546.8432006835938,7254.4130859375,521.3165283203125,183.7553253173828,2789.696533203125,1460.30322265625,1180.0999755859375,3830.300048828125,1297.7991943359375,2829.345947265625,9446.5556640625,940.1705932617188,1999.194091796875,10609.1708984375,2413.89306640625,144.07119750976562,298.0595703125,148.03431701660156,63.938114166259766,1508.2301025390625,415.2660217285156,1441.174560546875,266.5900573730469,347.1084899902344,1997.3626708984375,1621.95458984375,378.54730224609375,37210.13671875,5809.7421875,575.6295166015625,148.9756317138672,1687.5745849609375,1421.167236328125,420.9376525878906,1530.84814453125,1669.8602294921875,2067.922607421875,514.4605712890625,3977.967041015625,642.9774780273438,507.1703796386719,403.6499938964844,6329.3994140625,11103.0,1179.0230712890625,7281.74658203125,3630.402099609375,343.70294189453125,254.85000610351562,246.00955200195312,852.8499755859375,160.17726135253906,,1208.8692626953125,1862.397705078125,2787.117431640625,1608.9560546875,2499.43212890625,910.3926391601562,740.560546875,1425.61181640625,5487.25830078125,950.3920288085938,4415.6904296875,418.5849914550781,2329.80224609375,642.461669921875,210.80685424804688,1406.5421142578125,1850.673095703125,666.9354858398438,104.8499984741211,82.8266830444336,20.76073455810547,319.182861328125,828.7455444335938,686.3931274414062,155.789794921875,36.11000061035156,623.9591674804688,120.72786712646484,137.3716278076172,177.96092224121094,422.4994812011719,942.97265625,1298.9273681640625,1565.91455078125,4733.0,492.9733581542969,262.4584045410156,1175.0506591796875,1040.699951171875,286.3294372558594,527.7989501953125,1166.8660888671875,480.3999938964844,420.2744140625,292.7855224609375,535.25,,3828.40673828125,403.8825378417969,2180.092529296875,145408.3125,1055.0933837890625,347.1397399902344,3611.572998046875,155.07830810546875,2244.39990234375,746.3867797851562,15991.3974609375,1649.0999755859375,1031.766357421875,2463.12646484375,2715.985595703125,3905.080810546875,79.62967681884766,256.49664306640625,81.37625122070312,346.484130859375,1293.861083984375,1642.3629150390625,242.5230255126953,451.1009216308594,1313.300048828125,7321.2548828125,1648.5,3270.46826171875,34062.1015625,541.5228881835938,6229.93701171875,282.98541259765625,1868.4000244140625,1484.6099853515625,7288.91552734375,471.25,361.9341735839844,255.48190307617188,1498.313720703125,125.04393768310547,356.2355041503906,337.240966796875,1452.086181640625,843.5447998046875,2065.92822265625,77.50536346435547,3020.674072265625,113.00226593017578,27478.57421875,975.5814819335938,2956.27294921875,12867.3974609375,458.8213195800781,1010.14208984375,152.44000244140625,1685.3070068359375,5009.892578125,3460.72802734375,49.0099983215332,3677.5458984375,758.6852416992188,1737.7977294921875,3076.684814453125,1161.5711669921875,5408.01708984375,,365.13739013671875,185.42599487304688,636.869384765625,1548.2650146484375,4207.693359375,3968.5478515625,1326.7099609375,2617.5986328125,2351.525634765625,772.9183349609375,12009.859375,174.12890625,1319.8226318359375,500.7384033203125,664.6497802734375,11.079999923706055,1435.3907470703125,250.78717041015625,22.950000762939453,,882.95654296875
4857.71142578125,1718.158447265625,1934.699951171875,975.4027099609375,922.5999755859375,2152.337646484375,935.2999877929688,1423.9986572265625,142.77000427246094,554.2064819335938,358.6000061035156,72.80000305175781,,546.8432006835938,7254.4130859375,521.3165283203125,183.7553253173828,2789.696533203125,1460.30322265625,,3830.300048828125,1297.7991943359375,2829.345947265625,9446.5556640625,940.1705932617188,1999.194091796875,10609.1708984375,2413.89306640625,144.07119750976562,298.0595703125,148.03431701660156,63.938114166259766,1508.2301025390625,415.2660217285156,,266.5900573730469,347.1084899902344,1997.3626708984375,1621.95458984375,378.54730224609375,37210.13671875,5809.7421875,575.6295166015625,148.9756317138672,1687.5745849609375,1421.167236328125,420.9376525878906,1530.84814453125,1669.8602294921875,2067.922607421875,514.4605712890625,3977.967041015625,642.9774780273438,507.1703796386719,403.6499938964844,6329.3994140625,11103.0,1179.0230712890625,7281.74658203125,3630.402099609375,343.70294189453125,254.85000610351562,246.00955200195312,852.8499755859375,160.17726135253906,,1208.8692626953125,1862.397705078125,2787.117431640625,1608.9560546875,2499.43212890625,910.3926391601562,740.560546875,1425.61181640625,5487.25830078125,950.3920288085938,4415.6904296875,418.5849914550781,2329.80224609375,642.461669921875,210.80685424804688,1406.5421142578125,1850.673095703125,666.9354858398438,104.8499984741211,82.8266830444336,20.76073455810547,319.182861328125,828.7455444335938,686.3931274414062,155.789794921875,36.11000061035156,623.9591674804688,120.72786712646484,137.3716278076172,177.96092224121094,422.4994812011719,942.97265625,1298.9273681640625,1565.91455078125,4733.0,492.9733581542969,262.4584045410156,1175.0506591796875,1040.699951171875,286.3294372558594,527.7989501953125,1166.8660888671875,480.3999938964844,420.2744140625,292.7855224609375,535.25,,3828.40673828125,403.8825378417969,2180.092529296875,,1055.0933837890625,347.1397399902344,3611.572998046875,155.07830810546875,2244.39990234375,746.3867797851562,15991.3974609375,1649.0999755859375,1031.766357421875,2463.12646484375,2715.985595703125,3905.080810546875,79.62967681884766,256.49664306640625,81.37625122070312,346.484130859375,1293.861083984375,1642.3629150390625,242.5230255126953,451.1009216308594,1313.300048828125,7321.2548828125,,3270.46826171875,,541.5228881835938,6229.93701171875,282.98541259765625,,1484.6099853515625,7288.91552734375,471.25,361.9341735839844,255.48190307617188,1498.313720703125,125.04393768310547,356.2355041503906,337.240966796875,1452.086181640625,843.5447998046875,2065.92822265625,77.50536346435547,3020.674072265625,113.00226593017578,27478.57421875,975.5814819335938,,,458.8213195800781,1010.14208984375,152.44000244140625,1685.3070068359375,5009.892578125,3460.72802734375,49.0099983215332,3677.5458984375,758.6852416992188,1737.7977294921875,3076.684814453125,1161.5711669921875,5408.01708984375,,365.13739013671875,185.42599487304688,636.869384765625,1548.2650146484375,4207.693359375,3968.5478515625,1326.7099609375,2617.5986328125,2351.525634765625,772.9183349609375,12009.859375,174.12890625,1319.8226318359375,500.7384033203125,664.6497802734375,11.079999923706055,1435.3907470703125,250.78717041015625,22.950000762939453,,882.95654296875
4796.18994140625,1745.500244140625,1940.699951171875,1024.4051513671875,908.7000122070312,2156.3359375,930.0999755859375,1415.9326171875,142.6300048828125,546.5591430664062,362.0,71.30000305175781,5779.4814453125,551.0225219726562,7217.5048828125,502.1602478027344,181.15960693359375,2733.186767578125,1462.0006103515625,1172.699951171875,3775.699951171875,1293.20263671875,2801.31982421875,9357.3115234375,944.4442749023438,2000.792724609375,10550.8955078125,2434.68408203125,143.59530639648438,298.5923156738281,152.3629150390625,64.54935455322266,1511.0201416015625,407.9570617675781,1451.332275390625,264.546630859375,353.2356872558594,1991.3385009765625,1596.9298095703125,377.19891357421875,36594.1875,5801.87353515625,560.4630126953125,152.11216735839844,1697.263427734375,1384.51123046875,419.7689208984375,1523.066162109375,1720.206298828125,2080.27685546875,514.6586303710938,4010.349853515625,641.7922973632812,507.9601135253906,401.45001220703125,6210.39013671875,10732.0,1168.0924072265625,7239.1923828125,3618.989013671875,342.4588928222656,252.85000610351562,269.3298645019531,833.7000122070312,159.27537536621094,,1218.7222900390625,1879.9130859375,2800.874755859375,1649.264892578125,2540.82666015625,915.95068359375,729.9483642578125,1414.69970703125,5463.091796875,929.7994995117188,4383.32568359375,435.46533203125,2336.6328125,626.3068237304688,209.47372436523438,1399.0057373046875,1863.125732421875,675.6552124023438,104.55000305175781,83.54457092285156,20.616666793823242,313.8909606933594,834.3265991210938,681.415283203125,157.90406799316406,36.08000183105469,624.1580810546875,120.90597534179688,135.5711669921875,177.49978637695312,418.114501953125,952.3075561523438,1322.1044921875,1654.00830078125,4740.0,491.129638671875,256.92510986328125,1180.519287109375,1042.9000244140625,278.1485900878906,526.30322265625,1174.5831298828125,467.5,417.479248046875,293.3794250488281,533.6500244140625,,3819.097412109375,400.8046875,2162.22216796875,142588.296875,1067.1510009765625,348.3133239746094,3620.1826171875,148.13478088378906,2175.39990234375,756.689697265625,15701.310546875,1651.699951171875,1035.160400390625,2439.400390625,2811.134521484375,3903.097412109375,78.58153533935547,253.68666076660156,80.29899597167969,343.7547302246094,1302.572021484375,1658.4039306640625,241.48739624023438,441.89178466796875,1342.5,7737.82080078125,1620.0,3250.87060546875,34106.765625,519.6547241210938,6358.03125,281.4036560058594,1859.0,1466.0435791015625,7087.869140625,463.95001220703125,365.3408508300781,254.44354248046875,1521.2847900390625,128.61996459960938,357.29486083984375,334.1008605957031,1451.1903076171875,836.7186889648438,2078.111083984375,75.29964447021484,3016.09130859375,114.23628234863281,27767.822265625,989.8507690429688,2904.925048828125,12827.4208984375,457.2808532714844,1023.8451538085938,149.3699951171875,1653.794921875,5040.63720703125,3464.699951171875,48.45000076293945,3655.024658203125,743.616943359375,1738.7886962890625,3146.54931640625,1179.1226806640625,5506.74658203125,,363.84539794921875,184.40701293945312,640.7595825195312,1628.18798828125,4183.173828125,3982.92041015625,1339.1375732421875,2595.964111328125,2339.3427734375,782.5748901367188,12130.3984375,171.09837341308594,1332.3687744140625,498.7449645996094,671.4856567382812,10.819999694824219,1406.9801025390625,257.77490234375,23.459999084472656,,867.320556640625
4789.30029296875,1723.7261962890625,1919.699951171875,1019.95947265625,908.4000244140625,2133.64599609375,914.0,1397.1119384765625,140.55999755859375,544.5098266601562,361.1000061035156,71.88999938964844,5691.84619140625,549.430419921875,7115.259765625,503.641357421875,184.8270263671875,2730.311767578125,1436.740234375,1167.5999755859375,3766.699951171875,1306.492431640625,2719.53515625,9298.6376953125,963.5269775390625,2016.0797119140625,10517.3125,2418.966552734375,141.41421508789062,297.52679443359375,157.89230346679688,64.78221130371094,1501.9525146484375,410.4927978515625,1409.208251953125,262.2540283203125,351.33917236328125,1985.01806640625,1577.048583984375,375.6007995605469,36271.3125,5846.13623046875,588.70068359375,151.8507843017578,1698.462158203125,1379.3594970703125,418.9410705566406,1502.9129638671875,1715.9361572265625,2152.6240234375,509.9052429199219,3980.04052734375,633.8915405273438,506.18316650390625,401.5,6114.78466796875,11024.0,1159.8446044921875,7247.60400390625,3515.291748046875,340.66748046875,250.8000030517578,278.7477111816406,827.3499755859375,159.74085998535156,,1214.0911865234375,1789.15185546875,2771.366455078125,1667.525390625,2524.386474609375,912.8027954101562,734.1832275390625,1435.53173828125,5570.3916015625,935.072021484375,4458.15087890625,430.9956359863281,2389.593994140625,648.5504150390625,207.4010772705078,1369.05810546875,1877.670654296875,658.6641845703125,98.63999938964844,82.87653350830078,20.442790985107422,317.7049255371094,840.7889404296875,665.3866577148438,157.49293518066406,35.38999938964844,628.5833129882812,119.62953186035156,133.88014221191406,176.43032836914062,412.8621826171875,948.2640991210938,1310.4661865234375,1645.59033203125,4941.5,484.7015075683594,271.9298400878906,1177.3375244140625,1055.5999755859375,275.0059509277344,515.8330078125,1150.7392578125,458.8500061035156,426.16424560546875,296.9922180175781,533.9500122070312,,3832.367919921875,395.60162353515625,2161.427978515625,142792.921875,1040.3450927734375,352.6654357910156,3619.390869140625,140.290283203125,2117.199951171875,757.1375732421875,16015.1591796875,1652.199951171875,1011.8018188476562,2429.13232421875,2814.348388671875,3913.806884765625,77.7978744506836,252.75001525878906,78.98883056640625,340.7772216796875,1302.27490234375,1648.8389892578125,237.520751953125,429.2353210449219,1331.4000244140625,7767.95751953125,1681.4000244140625,3204.215087890625,34027.3671875,519.3060913085938,6392.78515625,276.8561096191406,1841.0,1464.256591796875,7382.96923828125,473.0,362.2261962890625,254.7896728515625,1503.9068603515625,124.43174743652344,356.4281311035156,330.2629089355469,1407.0941162109375,835.3734130859375,2070.8212890625,73.37948608398438,2951.43359375,111.78813934326172,27438.677734375,1004.6669311523438,2938.161865234375,12917.3681640625,444.9071350097656,1020.0142211914062,149.6999969482422,1660.236083984375,5109.56494140625,3442.953857421875,47.97999954223633,3689.005859375,734.9009399414062,1746.1220703125,3104.258056640625,1170.2972412109375,5464.99560546875,,360.9632873535156,184.46580505371094,651.3469848632812,1674.77734375,4130.54638671875,4050.719970703125,1319.115234375,2626.518798828125,2380.28564453125,779.6036376953125,12051.01953125,172.34165954589844,1308.75830078125,494.35955810546875,663.7153930664062,10.59000015258789,1394.020751953125,237.0526580810547,22.760000228881836,,880.3088989257812
4618.02490234375,1687.03857421875,1906.0,1000.2786254882812,885.5,2054.181640625,883.2000122070312,1361.8604736328125,137.47999572753906,532.1141357421875,355.3500061035156,67.8499984741211,5664.61474609375,533.658447265625,6895.30810546875,500.2347412109375,177.75762939453125,2652.586181640625,1389.9139404296875,1141.699951171875,3661.60009765625,1292.503173828125,2646.427734375,9052.599609375,927.4984741210938,1957.030029296875,10430.392578125,2399.56787109375,138.19215393066406,292.5865783691406,154.69668579101562,62.959999084472656,1447.9447021484375,407.0621032714844,1388.295654296875,249.3456573486328,345.4551696777344,1971.1920166015625,1577.4442138671875,366.41180419921875,35342.42578125,5787.61083984375,572.4864501953125,148.77232360839844,1648.0196533203125,1365.5887451171875,404.47802734375,1433.5738525390625,1681.875732421875,2089.270751953125,493.0205993652344,3969.7724609375,605.300537109375,498.63116455078125,384.8500061035156,5988.30615234375,10682.0,1159.3477783203125,7099.15869140625,3449.570556640625,328.92376708984375,242.35000610351562,272.31964111328125,793.0999755859375,156.3369598388672,,1216.160400390625,1686.5477294921875,2705.1728515625,1638.8720703125,2472.814208984375,916.049072265625,729.4999389648438,1335.5377197265625,5394.458984375,923.283447265625,4310.57861328125,417.1109619140625,2355.14453125,668.5352172851562,200.2684326171875,1364.29833984375,1854.657958984375,649.5458374023438,95.45999908447266,81.84954833984375,20.025489807128906,311.12579345703125,828.9412841796875,642.6380004882812,155.0752410888672,34.63999938964844,609.73876953125,114.90965270996094,129.25466918945312,173.2023468017578,399.5144958496094,903.6863403320312,1297.7335205078125,1623.7628173828125,4790.0,477.47607421875,267.09442138671875,1153.3751220703125,1039.800048828125,264.8796691894531,505.3627624511719,1119.2772216796875,451.45001220703125,423.069580078125,290.805908203125,522.75,,3773.6416015625,395.3085021972656,2152.69140625,142982.59375,975.8716430664062,344.1568603515625,3520.529052734375,136.52963256835938,2124.300048828125,746.1378784179688,15721.1123046875,1624.699951171875,991.1386108398438,2325.056640625,2742.18310546875,3897.445068359375,75.98566436767578,253.5,76.51405334472656,336.211669921875,1282.576416015625,1518.21923828125,234.86328125,422.53778076171875,1296.800048828125,7607.06689453125,1659.199951171875,3136.768310546875,32722.24609375,500.12786865234375,6297.9560546875,270.6279602050781,1782.800048828125,1424.9395751953125,7041.09130859375,448.0,350.8868408203125,251.22964477539062,1422.808837890625,122.2161636352539,345.6418762207031,319.2973327636719,1387.5843505859375,808.9658813476562,2046.2554931640625,70.7109603881836,2872.429931640625,107.36956024169922,27154.41796875,981.9454956054688,2834.670654296875,12588.5625,443.2175598144531,1018.0496215820312,145.39999389648438,1599.193603515625,5017.3310546875,3349.01806640625,46.34000015258789,3603.10595703125,719.8818359375,1696.770751953125,3044.10791015625,1175.0570068359375,5292.09619140625,,350.7763977050781,179.85096740722656,637.6572875976562,1635.9853515625,4062.1708984375,3941.884033203125,1303.4326171875,2553.62646484375,2326.2607421875,716.5142822265625,11817.7802734375,170.69041442871094,1302.63330078125,487.48236083984375,660.7646484375,10.130000114440918,1320.15283203125,231.2215118408203,21.700000762939453,,872.6158447265625
4633.7744140625,1706.823974609375,1878.5999755859375,993.934814453125,899.2999877929688,2031.291748046875,878.7000122070312,1372.8143310546875,137.6300048828125,527.9656372070312,346.25,64.72000122070312,5601.23974609375,535.9968872070312,6809.52197265625,495.6925354003906,178.20008850097656,2638.2109375,1345.68359375,1121.699951171875,3656.699951171875,1283.9097900390625,2621.892578125,9051.6142578125,930.5298461914062,1958.22900390625,10482.7421875,2404.641357421875,136.7942657470703,289.6805725097656,152.4984893798828,62.930450439453125,1414.1649169921875,400.3995361328125,1374.2545166015625,251.53858947753906,342.2943115234375,1971.290771484375,1627.69140625,364.4142150878906,34900.3359375,5707.44580078125,574.0330200195312,145.94557189941406,1625.94482421875,1356.8704833984375,403.2605895996094,1463.903564453125,1657.546630859375,2098.36376953125,491.33709716796875,3949.829345703125,609.9916381835938,509.5889892578125,378.5,5985.318359375,10517.0,1149.9075927734375,7066.005859375,3517.65283203125,324.3954772949219,241.64999389648438,275.15997314453125,792.0999755859375,157.76251220703125,,1204.5338134765625,1636.48974609375,2727.1044921875,1634.209716796875,2423.003662109375,905.3755493164062,721.7774658203125,1305.4798583984375,5353.859375,934.3258666992188,4215.759765625,408.0288391113281,2344.15625,685.0338134765625,197.67031860351562,1337.7222900390625,1827.6605224609375,644.862060546875,98.19999694824219,81.27125549316406,19.369731903076172,309.64788818359375,832.8088989257812,650.7020263671875,155.45700073242188,34.5099983215332,610.2857055664062,113.93006134033203,126.70816802978516,173.11404418945312,398.9844665527344,905.68310546875,1325.8846435546875,1619.358154296875,4857.5,476.18048095703125,266.2968444824219,1167.8917236328125,1041.4000244140625,262.6349182128906,506.060791015625,1103.051513671875,396.54998779296875,420.8733825683594,278.4828186035156,506.8500061035156,,3730.067138671875,395.50390625,2125.2900390625,139803.203125,976.7684936523438,341.95635986328125,3516.372802734375,149.01620483398438,2099.10009765625,744.5452270507812,15613.1962890625,1619.800048828125,1002.4185180664062,2324.1591796875,2725.821533203125,3873.844970703125,74.5652847290039,248.5,76.31996154785156,336.1620788574219,1270.2030029296875,1497.0966796875,236.79776000976562,427.01922607421875,1235.9000244140625,7459.78662109375,1663.699951171875,3096.4794921875,32861.1953125,503.1166687011719,6198.16162109375,272.7040100097656,1746.699951171875,1411.635498046875,6942.06103515625,439.6000061035156,348.11285400390625,252.96022033691406,1437.2906494140625,120.48646545410156,342.6563415527344,316.10736083984375,1398.1356201171875,780.9640502929688,2052.546630859375,70.27770233154297,2666.900634765625,109.14097595214844,27299.041015625,980.4539184570312,2870.394775390625,12531.595703125,441.72674560546875,1010.4368286132812,146.4499969482422,1598.3017578125,5002.45458984375,3325.1865234375,45.529998779296875,3589.453857421875,683.2943725585938,1603.2215576171875,3064.027099609375,1153.8365478515625,5253.2919921875,,347.1985778808594,180.6837921142578,634.0132446289062,1643.9776611328125,4065.858642578125,3946.840087890625,1282.4237060546875,2505.897216796875,2269.7392578125,685.0686645507812,11986.33984375,167.52391052246094,1304.0164794921875,476.4190979003906,665.5350341796875,10.119999885559082,1286.558349609375,230.88418579101562,21.65999984741211,,875.4632568359375
4681.0224609375,1718.2578125,1976.0,999.5792846679688,924.7999877929688,2085.467529296875,904.2999877929688,1408.264892578125,140.9199981689453,547.8087158203125,354.5,63.689998626708984,5702.24365234375,543.90771484375,6780.09521484375,497.5193176269531,187.0884552001953,2680.543701171875,1410.980712890625,1145.300048828125,3724.10009765625,1293.80224609375,2701.48291015625,9239.962890625,937.0894775390625,1991.400634765625,10603.2451171875,2413.89306640625,141.23577880859375,295.7347412109375,161.1556854248047,64.80191802978516,1446.0513916015625,414.9676513671875,1425.5399169921875,250.7411651611328,344.4339599609375,1977.31494140625,1606.919921875,372.5544738769531,35476.54296875,5834.82470703125,572.9853515625,149.74038696289062,1662.1036376953125,1357.6630859375,412.17218017578125,1494.73193359375,1675.91748046875,2154.20556640625,489.5545349121094,4016.076416015625,605.6954956054688,518.6217651367188,389.8500061035156,6046.06787109375,10512.0,1209.82763671875,6975.94873046875,3495.90966796875,332.6558837890625,239.4499969482422,281.23919677734375,805.4000244140625,158.62562561035156,,1227.6884765625,1612.605224609375,2778.94287109375,1654.218505859375,2445.41357421875,903.75244140625,722.5247802734375,1301.3134765625,5305.52587890625,939.5486450195312,4308.599609375,406.7449951171875,2366.52880859375,656.259521484375,201.53343200683594,1334.2515869140625,1817.7978515625,650.8911743164062,100.01000213623047,83.953369140625,19.9410343170166,309.7432556152344,878.0452880859375,653.6389770507812,155.68212890625,34.7599983215332,625.3513793945312,115.79029846191406,129.2447052001953,176.135986328125,403.9958801269531,900.9906616210938,1312.5550537109375,1628.265380859375,4909.0,490.68115234375,264.6019287109375,1177.6358642578125,1076.0,261.9864501953125,499.5792236328125,1097.4119873046875,373.54998779296875,425.26580810546875,284.3721618652344,517.0999755859375,,3757.10302734375,400.2672424316406,2147.6279296875,142024.28125,942.1900024414062,352.51873779296875,3536.560791015625,151.10218811035156,2147.0,748.327880859375,15608.24609375,1627.699951171875,997.028076171875,2361.642578125,2736.7294921875,3829.51953125,75.86811065673828,248.89999389648438,75.92205810546875,339.88397216796875,1292.772216796875,1474.7786865234375,238.40005493164062,429.87554931640625,1260.5,7677.0615234375,1714.5999755859375,3153.878662109375,32627.958984375,509.09429931640625,6276.1103515625,271.9131164550781,1768.199951171875,1442.413818359375,6965.94775390625,447.70001220703125,354.974853515625,256.3719177246094,1420.811279296875,121.62340545654297,352.6722106933594,327.9700927734375,1396.0452880859375,786.3451538085938,2019.193115234375,71.41009521484375,2725.68017578125,110.79296875,27358.88671875,999.84423828125,2913.881103515625,12893.3818359375,466.2257080078125,1029.7879638671875,151.64999389648438,1619.408935546875,5025.26513671875,3463.309814453125,46.9900016784668,3557.6650390625,718.6015625,1533.951416015625,3091.305419921875,1165.3392333984375,5367.7392578125,,351.12420654296875,185.27903747558594,642.2861938476562,1644.6600341796875,4005.45703125,3985.200439453125,1303.333984375,2532.125,2293.6064453125,693.7843017578125,12116.6787109375,169.76766967773438,1322.193603515625,485.489013671875,667.502197265625,10.180000305175781,1289.44921875,231.9443817138672,21.6299991607666,,884.505126953125
4620.97802734375,1659.4979248046875,2000.0999755859375,965.1626586914062,812.7000122070312,1863.3668212890625,772.7999877929688,1302.908935546875,132.9600067138672,517.2693481445312,347.45001220703125,61.63999938964844,5694.32177734375,516.0455932617188,6786.08056640625,492.927734375,189.7431640625,2680.4443359375,1381.726806640625,1132.5,3665.60009765625,1257.030517578125,2678.34375,9282.859375,922.18115234375,1947.3382568359375,10537.0673828125,2395.88720703125,148.04673767089844,286.8714294433594,154.59983825683594,64.64431762695312,1403.0047607421875,408.4045715332031,1402.9345703125,241.7202606201172,339.5711364746094,1960.032470703125,1597.6221923828125,365.7626037597656,35034.453125,5739.41357421875,547.8906860351562,146.96205139160156,1641.3272705078125,1302.7779541015625,407.49725341796875,1484.9547119140625,1624.975830078125,2141.060302734375,475.0961608886719,3880.423095703125,581.1536865234375,512.3531494140625,387.1000061035156,5986.81201171875,10360.0,1227.8135986328125,6900.736328125,3443.864013671875,323.6490478515625,234.6999969482422,277.6015930175781,781.9500122070312,155.9490509033203,,1222.1707763671875,1533.7861328125,2750.431640625,1658.006591796875,2377.69482421875,901.1947021484375,709.5709838867188,1280.6165771484375,5204.509765625,945.3682861328125,4261.58642578125,394.5245666503906,2385.238525390625,686.1632080078125,190.6836700439453,1332.169189453125,1788.9075927734375,636.4911499023438,97.41999816894531,82.74691009521484,19.732385635375977,308.36065673828125,858.168701171875,642.9366455078125,152.72607421875,34.09000015258789,614.3628540039062,112.9504623413086,126.72806549072266,171.56382751464844,398.165283203125,891.0068359375,1294.052978515625,1635.4107666015625,4704.5,476.0309753417969,255.57916259765625,1163.3179931640625,1063.5999755859375,252.30911254882812,491.20306396484375,1102.65576171875,367.20001220703125,422.0713195800781,285.0650329589844,506.45001220703125,,3707.586669921875,392.0352478027344,2121.815185546875,137232.734375,897.148193359375,352.7143249511719,3506.57568359375,152.1892547607422,2107.60009765625,737.5770874023438,15315.1884765625,1599.0,989.6412963867188,2294.6513671875,2680.925537109375,3770.9150390625,73.71305084228516,247.10000610351562,74.10722351074219,334.17706298828125,1280.69580078125,1450.5350341796875,239.8264923095703,429.1368713378906,1138.800048828125,7734.41845703125,1673.9000244140625,3158.852783203125,32632.921875,509.5924377441406,6111.7724609375,274.9283752441406,1726.5,1437.548828125,6690.255859375,414.3999938964844,349.086181640625,251.32852172851562,1387.053955078125,116.75497436523438,348.0013732910156,324.13214111328125,1379.720703125,767.8599243164062,1999.8199462890625,69.77550506591797,2703.56298828125,107.87710571289062,26930.0,997.9052124023438,2886.217041015625,12650.525390625,453.30535888671875,1011.271728515625,149.02999877929688,1617.1297607421875,4988.07421875,3464.0048828125,45.70000076293945,3537.435791015625,702.6961059570312,1546.1405029296875,3103.178466796875,1143.8214111328125,5314.19970703125,,343.1238098144531,183.8191375732422,647.6044921875,1658.012939453125,4008.646484375,3897.675537109375,1253.3271484375,2500.23876953125,2216.313720703125,695.8146362304688,12121.5791015625,167.81532287597656,1316.8590087890625,472.531982421875,672.9118041992188,9.930000305175781,1311.2806396484375,229.77577209472656,20.920000076293945,,881.2081298828125
4633.7744140625,1678.1898193359375,2060.60009765625,962.6151733398438,849.0999755859375,1958.624267578125,799.0999755859375,1358.176025390625,134.5,525.1165771484375,348.8999938964844,61.869998931884766,5697.78759765625,529.62841796875,6776.60400390625,500.5803527832031,189.76283264160156,2600.240478515625,1398.30078125,1129.699951171875,3670.60009765625,1314.7860107421875,2753.944580078125,9360.2705078125,909.1115112304688,1916.06494140625,10478.791015625,2405.635986328125,147.73939514160156,292.53814697265625,158.0084991455078,64.0434799194336,1464.1868896484375,413.6252136230469,1412.59423828125,246.90353393554688,347.59478759765625,1948.873046875,1564.8824462890625,364.813720703125,35079.16015625,5789.578125,529.4813842773438,149.7791290283203,1637.831298828125,1300.7965087890625,411.8799743652344,1519.5743408203125,1652.680908203125,2128.8046875,480.6418762207031,3878.35009765625,601.9920043945312,506.8248596191406,400.3500061035156,6031.12939453125,10184.0,1231.9871826171875,7090.251953125,3412.774658203125,321.7083435058594,236.5,283.9798278808594,793.25,155.14413452148438,,1156.64794921875,1510.5982666015625,2847.329833984375,1670.8277587890625,2384.642822265625,911.3272094726562,717.4927368164062,1282.5072021484375,5200.64306640625,956.8582763671875,4303.947265625,398.8041076660156,2376.724853515625,714.1517944335938,192.7952117919922,1350.0186767578125,1799.069091796875,641.623291015625,97.22000122070312,83.25542449951172,19.73735237121582,303.83154296875,858.4135131835938,648.4620361328125,155.53529357910156,34.630001068115234,604.1201782226562,113.40563201904297,128.20025634765625,170.85739135742188,407.2243347167969,893.3031005859375,1272.268310546875,1647.05859375,4769.0,438.55841064453125,259.51727294921875,1215.0211181640625,1080.699951171875,255.4517364501953,486.91522216796875,1092.6632080078125,368.8999938964844,407.9956359863281,282.3430480957031,510.04998779296875,,3751.1611328125,394.6489562988281,2135.01953125,135570.671875,904.0240478515625,356.0884094238281,3358.2333984375,153.11962890625,2094.199951171875,742.4049682617188,15093.416015625,1576.5999755859375,973.7694702148438,2327.847900390625,2732.833740234375,3834.973388671875,73.60529327392578,241.25,76.51405334472656,342.1170959472656,1290.0994873046875,1464.203369140625,242.2494659423828,441.79327392578125,1144.800048828125,7783.02587890625,1629.800048828125,3140.74755859375,32275.626953125,501.2237854003906,6194.4853515625,274.5329284667969,1728.300048828125,1436.853759765625,6734.04833984375,404.3999938964844,352.00616455078125,251.52630615234375,1390.2498779296875,119.47584533691406,350.50531005859375,322.8860778808594,1374.146484375,768.308349609375,2035.3704833984375,70.46479034423828,2677.11328125,109.14097595214844,27149.4296875,995.4192504882812,2879.848388671875,12758.4619140625,484.81109619140625,1034.5030517578125,155.55999755859375,1624.06640625,5149.2353515625,3420.115234375,45.790000915527344,3555.572265625,699.8892822265625,1542.176513671875,3098.762939453125,1177.4368896484375,5319.6025390625,,345.6083984375,188.394775390625,641.5475463867188,1700.8984375,3983.927490234375,3962.302978515625,1291.7939453125,2526.33349609375,2186.255615234375,709.680419921875,12337.177734375,170.1853485107422,1301.4774169921875,470.090087890625,693.8619384765625,9.829999923706055,1326.4329833984375,232.148681640625,21.020000457763672,,892.5479125976562
4964.51220703125,1674.6104736328125,2091.0,961.4163208007812,882.0,1993.8084716796875,822.9000244140625,1376.1004638671875,134.72000122070312,529.6649780273438,348.29998779296875,65.30999755859375,5666.59521484375,531.320068359375,6860.39501953125,494.7051086425781,192.0537567138672,2490.195068359375,1450.6185302734375,1139.9000244140625,3735.699951171875,1318.782958984375,2814.086181640625,9302.58203125,929.4365844726562,1938.645751953125,10572.625,2397.777099609375,152.03219604492188,296.6065673828125,162.0465850830078,64.5950698852539,1564.429931640625,450.4681396484375,1453.025146484375,258.8150939941406,352.40899658203125,1933.3680419921875,1518.4927978515625,370.05743408203125,35948.4375,5654.33056640625,580.6683959960938,152.7026824951172,1634.9345703125,1316.053466796875,432.47882080078125,1619.143310546875,1682.3721923828125,2129.298828125,491.53515625,3972.833251953125,617.7936401367188,509.1447448730469,407.75,6162.58740234375,10279.0,1214.796142578125,6997.720703125,3426.351806640625,319.61834716796875,237.1999969482422,283.4815368652344,819.4000244140625,163.05747985839844,,1154.578857421875,1542.8424072265625,2830.282958984375,1679.9578857421875,2424.569580078125,917.524658203125,726.0123901367188,1280.417724609375,5328.72607421875,993.0197143554688,4576.62451171875,412.0230712890625,2354.451416015625,695.4927368164062,198.8282928466797,1356.2659912109375,1815.307373046875,640.1783447265625,99.66999816894531,82.68708801269531,20.42292022705078,306.2153015136719,879.6118774414062,653.29052734375,159.4016571044922,35.25,621.6222534179688,118.88741302490234,133.1639404296875,171.6619415283203,409.8746032714844,900.2418823242188,1293.0582275390625,1631.2017822265625,4749.0,444.7374267578125,260.2151794433594,1211.7398681640625,1119.4000244140625,254.60372924804688,492.25006103515625,1094.04833984375,367.95001220703125,411.6892395019531,286.4507751464844,519.0,,3757.301025390625,401.6596374511719,2114.170654296875,134697.234375,925.8473510742188,362.0052795410156,3413.3544921875,160.58218383789062,2116.89990234375,733.296630859375,14729.0751953125,1623.9000244140625,956.8994140625,2497.818359375,2759.713134765625,3922.334716796875,77.27870178222656,251.10000610351562,79.114990234375,345.4419860839844,1279.3099365234375,1479.7672119140625,262.4051513671875,483.1113586425781,1177.0,7789.3447265625,1653.0999755859375,3204.016357421875,32369.9140625,503.8638916015625,6191.49560546875,287.335205078125,1726.199951171875,1450.2572021484375,6895.283203125,406.29998779296875,372.83551025390625,256.9158020019531,1420.212158203125,120.9820556640625,363.55474853515625,341.4278564453125,1390.2718505859375,779.6685791015625,2050.349609375,73.0840835571289,2811.65771484375,110.8924789428711,27408.755859375,1013.0693969726562,2966.22412109375,13907.7822265625,491.0725402832031,1044.6697998046875,155.74000549316406,1596.0224609375,5198.32763671875,3488.2333984375,47.79999923706055,3715.413330078125,716.287109375,1515.6180419921875,3140.073486328125,1122.303466796875,5296.025390625,,352.8634338378906,189.9330596923828,650.6576538085938,1718.2476806640625,3962.19873046875,3923.94287109375,1314.6767578125,2572.198974609375,2277.528564453125,708.2443237304688,12511.6171875,176.71261596679688,1316.5611572265625,466.8508605957031,724.9920043945312,9.949999809265137,1368.6005859375,234.66989135742188,21.479999542236328,,896.0947875976562
5388.27001953125,1668.8438720703125,2053.39990234375,986.9415893554688,914.0999755859375,2018.2974853515625,858.7999877929688,1411.849853515625,133.8800048828125,526.9159545898438,344.29998779296875,64.31999969482422,5657.18798828125,533.40966796875,6784.08544921875,485.5713195800781,190.8050537109375,2395.218994140625,1458.506103515625,1150.5999755859375,3667.199951171875,1362.6490478515625,2854.080810546875,9379.9921875,929.4365844726562,1946.4390869140625,10595.3427734375,2351.91650390625,150.6838836669922,292.97406005859375,159.69346618652344,64.64431762695312,1525.2694091796875,442.0156555175781,1431.9134521484375,259.6623840332031,356.8828125,1943.44140625,1542.7261962890625,364.8636474609375,35779.55078125,5629.24853515625,589.0,145.51963806152344,1647.0208740234375,1308.6231689453125,443.87396240234375,1606.47265625,1666.3846435546875,2088.084716796875,495.7439270019531,3994.35595703125,630.6324462890625,503.9126281738281,411.79998779296875,6016.19091796875,10337.0,1201.2818603515625,6983.37109375,3239.125244140625,319.3197937011719,237.89999389648438,286.6208190917969,808.6500244140625,162.32046508789062,,1138.3214111328125,1558.9644775390625,2822.90576171875,1672.1875,2489.743896484375,920.2791137695312,724.5177001953125,1267.5816650390625,5393.9755859375,1018.735595703125,4553.85986328125,411.4049072265625,2328.911376953125,702.3671264648438,198.4779815673828,1372.0330810546875,1818.6944580078125,623.137451171875,97.80999755859375,83.22550964355469,20.204330444335938,303.7839050292969,890.5293579101562,661.6532592773438,159.63656616210938,34.81999969482422,611.9264526367188,118.79835510253906,132.55714416503906,177.12693786621094,425.53521728515625,896.947265625,1261.6246337890625,1624.35009765625,4621.0,457.4442138671875,258.76953125,1230.4324951171875,1159.5999755859375,253.90538024902344,487.01495361328125,1031.7178955078125,368.3999938964844,411.6892395019531,286.20330810546875,522.6500244140625,,3894.857421875,401.0978088378906,2116.751953125,130684.3046875,948.0693359375,366.01507568359375,3349.22802734375,173.28421020507812,2100.800048828125,726.6271362304688,14357.8037109375,1585.0,950.9100341796875,2509.38232421875,2700.4033203125,4057.392822265625,77.56277465820312,264.3999938964844,82.1041259765625,355.46630859375,1274.8555908203125,1498.4239501953125,269.0586242675781,506.99609375,1168.0999755859375,7619.21875,1645.199951171875,3142.5380859375,32766.908203125,498.13531494140625,6048.99072265625,292.62420654296875,1686.9000244140625,1419.379638671875,6984.3603515625,399.8999938964844,376.48553466796875,257.6080322265625,1425.7052001953125,121.71086120605469,361.4360046386719,340.3811340332031,1384.59814453125,766.6641235351562,1993.52880859375,71.31163024902344,2814.55224609375,113.3306655883789,26984.857421875,1017.0469360351562,3081.1591796875,13319.1298828125,491.0228271484375,1047.3218994140625,157.17999267578125,1574.915283203125,5130.88818359375,3483.16943359375,47.439998626708984,3642.269287109375,711.855224609375,1514.8253173828125,3085.41796875,1097.9097900390625,5238.06494140625,,364.1932678222656,198.23190307617188,641.3997802734375,1723.6082763671875,3926.81494140625,3895.59423828125,1352.4530029296875,2545.4384765625,2322.166259765625,709.086181640625,12462.6181640625,174.29403686523438,1320.2330322265625,465.50531005859375,753.7615356445312,10.050000190734863,1344.8751220703125,237.09222412109375,21.309999465942383,,889.9003295898438
5491.13330078125,1627.483154296875,2045.699951171875,981.3969116210938,894.7999877929688,2019.4970703125,852.2999877929688,1413.8414306640625,135.3800048828125,526.7660522460938,339.79998779296875,66.41000366210938,5622.03466796875,507.63726806640625,6943.18896484375,485.96630859375,193.3909454345703,2407.413330078125,1474.28125,1207.699951171875,3689.5,1369.343994140625,2789.650634765625,9464.3056640625,924.1688842773438,1950.9351806640625,10667.447265625,2293.820068359375,153.32101440429688,290.01959228515625,158.90908813476562,64.28971862792969,1532.7427978515625,446.4905090332031,1435.3988037109375,261.8553161621094,354.5,1944.2313232421875,1527.9884033203125,366.3618469238281,36291.18359375,5764.49609375,584.0499877929688,142.7122344970703,1629.740478515625,1311.6943359375,429.26483154296875,1656.0576171875,1646.17822265625,2089.5673828125,497.3778991699219,4060.207763671875,627.8671875,500.1119384765625,422.95001220703125,6026.14990234375,10446.0,1210.423828125,7048.68701171875,3326.196044921875,320.06622314453125,237.5,286.7702941894531,816.75,162.23316955566406,,1142.081787109375,1569.2149658203125,2810.245361328125,1646.9337158203125,2461.85400390625,914.1307983398438,728.4038696289062,1278.6265869140625,5349.50927734375,957.6044311523438,4572.07177734375,406.07928466796875,2349.10595703125,617.2227783203125,186.4897003173828,1343.672119140625,1807.238037109375,634.6475219726562,99.56999969482422,83.33518981933594,20.64150619506836,307.1687927246094,892.6834716796875,671.1609497070312,159.7834014892578,35.630001068115234,619.5836791992188,118.83793640136719,131.3833770751953,174.5366973876953,428.18548583984375,894.6509399414062,1242.8240966796875,1606.241943359375,4596.5,458.2414855957031,257.7226867675781,1207.4644775390625,1132.0,253.90538024902344,495.6404113769531,1030.827392578125,361.6499938964844,407.29681396484375,283.4318542480469,526.2999877929688,,3894.263427734375,402.8077087402344,2137.302978515625,131932.09375,968.0989379882812,367.28643798828125,3396.135498046875,172.89247131347656,2124.0,726.477783203125,14453.83984375,1613.5999755859375,955.1026000976562,2564.9091796875,2686.963623046875,3797.490478515625,76.60279083251953,259.1000061035156,78.81414031982422,353.3324279785156,1318.90478515625,1487.449462890625,262.77642822265625,502.36688232421875,1137.5,7543.87744140625,1654.5,3178.748291015625,32747.05859375,498.5338439941406,6014.11181640625,286.44549560546875,1670.699951171875,1420.868896484375,6980.37939453125,399.0,369.23419189453125,253.65243530273438,1459.6624755859375,121.65255737304688,350.6497802734375,342.32501220703125,1388.9779052734375,750.9192504882812,1995.7257080078125,71.3904037475586,2810.958984375,112.35539245605469,26915.0390625,1014.2626953125,3086.134765625,13472.0400390625,494.3132629394531,1058.078125,151.1300048828125,1580.861083984375,5234.52685546875,3488.829345703125,47.66999816894531,3664.591064453125,734.3593139648438,1556.34765625,3065.302490234375,1124.3858642578125,5229.71484375,,364.0441589355469,189.22760009765625,636.179931640625,1698.9490966796875,3964.3916015625,3926.0244140625,1368.6287841796875,2519.943115234375,2331.85302734375,697.2012329101562,12440.078125,175.576171875,1352.1868896484375,469.69140625,670.3544921875,11.170000076293945,1323.7415771484375,234.22496032714844,21.40999984741211,,884.505126953125
5382.3642578125,1626.58837890625,2079.300048828125,964.2636108398438,884.5999755859375,1994.50830078125,843.9500122070312,1397.2115478515625,134.60000610351562,518.8687744140625,333.04998779296875,64.02999877929688,5467.55859375,507.98553466796875,6916.255859375,476.9806213378906,191.13934326171875,2381.339599609375,1465.2952880859375,1171.0,3674.199951171875,1310.4893798828125,2694.50146484375,9364.7080078125,898.1787109375,1928.454345703125,10530.1533203125,2285.847900390625,147.28334045410156,268.9026184082031,146.8722686767578,60.42859649658203,1321.494873046875,436.64581298828125,1437.689208984375,257.41961669921875,366.70001220703125,1940.972412109375,1567.7508544921875,369.7078552246094,36365.69140625,5792.037109375,608.3499755859375,141.79258728027344,1592.483154296875,1299.4095458984375,412.46435546875,1508.5,1660.51171875,2102.613525390625,502.923583984375,4040.264892578125,618.5343627929688,492.6092834472656,439.8999938964844,5928.0546875,10339.0,1175.0482177734375,6913.10693359375,3444.749755859375,319.6681213378906,237.6199951171875,280.34222412109375,779.2000122070312,155.541748046875,,1157.9151611328125,1552.59521484375,2765.9833984375,1628.67333984375,2515.285400390625,912.9994506835938,714.9517822265625,1272.1588134765625,5435.5419921875,925.6710205078125,4294.248046875,431.0431823730469,2333.56396484375,599.1528930664062,182.73362731933594,1341.4906005859375,1819.790283203125,639.5803833007812,99.62999725341797,80.97212982177734,20.4328556060791,300.06524658203125,817.387451171875,660.9564208984375,161.1243896484375,34.52000045776367,606.9046020507812,113.7222671508789,126.76785278320312,169.8566131591797,416.13885498046875,908.778076171875,1230.7877197265625,1594.8875732421875,4687.0,449.9696350097656,258.7196960449219,1192.3511962890625,1125.0999755859375,243.52967834472656,495.0421447753906,987.8885498046875,365.5,407.4964904785156,274.7215270996094,496.3500061035156,,3883.369873046875,391.888671875,2114.0712890625,133529.28125,958.0841674804688,345.8194580078125,3427.208984375,173.79347229003906,2063.800048828125,719.1115112304688,14240.9775390625,1641.5999755859375,956.4002685546875,2419.861083984375,2689.30078125,3505.459716796875,76.20116424560547,248.0500030517578,79.037353515625,347.7247619628906,1295.0489501953125,1470.588623046875,248.1115264892578,476.0198059082031,1171.4000244140625,7519.08740234375,1563.300048828125,3075.290283203125,32518.787109375,494.2498779296875,6061.447265625,286.890380859375,1631.5,1401.905517578125,7003.2705078125,394.25,375.3662109375,267.39813232421875,1481.3350830078125,118.57212829589844,349.68670654296875,321.78948974609375,1384.0009765625,733.2312622070312,1998.22216796875,69.5391845703125,2796.287109375,113.5396499633789,26730.51953125,956.6883544921875,3074.790283203125,13191.2060546875,498.0523986816406,1010.4859008789062,148.6699981689453,1613.166015625,5314.36376953125,3575.516357421875,46.9900016784668,3633.101318359375,715.5977172851562,1556.0504150390625,3110.1455078125,1115.9571533203125,5344.162109375,,356.5903625488281,184.70094299316406,636.0814208984375,1680.3328857421875,3940.270751953125,3952.192626953125,1311.421875,2476.93994140625,2312.47998046875,691.8529663085938,12284.2587890625,166.22235107421875,1336.2099609375,464.75775146484375,649.7978515625,10.8100004196167,1322.64501953125,239.56399536132812,21.190000534057617,,878.8602294921875
5579.72412109375,1659.299072265625,2137.5,981.3469848632812,974.4000244140625,2201.61572265625,932.0999755859375,1524.3756103515625,143.6199951171875,542.16064453125,345.45001220703125,65.73999786376953,5646.79052734375,525.6481323242188,7070.8701171875,498.55609130859375,196.51760864257812,2405.133056640625,1501.1390380859375,1226.0999755859375,3776.60009765625,1355.15478515625,2853.282958984375,9462.333984375,958.5078735351562,2010.9840087890625,10781.03515625,2562.983642578125,153.6680145263672,276.4582214355469,153.01171875,62.78270721435547,1313.423583984375,436.4966735839844,1532.592529296875,267.03857421875,373.45001220703125,1972.4759521484375,1618.789306640625,371.85528564453125,37493.2734375,5785.6435546875,661.5499877929688,142.63479614257812,1692.468994140625,1310.5054931640625,418.2106018066406,1508.5,1704.20947265625,2113.781982421875,522.7791137695312,4112.830078125,642.3355712890625,494.0900573730469,443.25,6183.5009765625,11031.0,1227.6148681640625,7140.228515625,3542.642822265625,326.4356689453125,245.41000366210938,284.5279541015625,797.25,157.87890625,,1134.4620361328125,1691.22509765625,2800.1767578125,1646.6424560546875,2614.12353515625,933.2643432617188,717.5924072265625,1311.462890625,5570.87451171875,950.34228515625,4424.59814453125,428.61810302734375,2344.750244140625,616.9772338867188,186.3632049560547,1378.08203125,1854.458740234375,652.1368408203125,102.25,84.6014633178711,20.676279067993164,301.924560546875,851.9511108398438,678.4783325195312,164.03150939941406,34.68000030517578,610.6834106445312,113.91027069091797,128.8567657470703,169.71925354003906,422.64404296875,920.908447265625,1244.1173095703125,1620.9241943359375,4946.2001953125,457.59368896484375,262.9070739746094,1222.3787841796875,1149.699951171875,263.2834167480469,505.0636291503906,979.281005859375,383.95001220703125,415.0833740234375,281.7986755371094,509.20001220703125,,3999.733154296875,409.5496520996094,2170.16455078125,136409.1875,1028.2874755859375,354.4747314453125,3491.236572265625,175.595458984375,2162.60009765625,729.513916015625,14635.01953125,1674.699951171875,1001.7197875976562,2442.789794921875,2745.689208984375,3593.8125,76.88687133789062,251.5,79.24115753173828,355.8633117675781,1294.751953125,1524.4635009765625,251.09140014648438,481.53546142578125,1198.0999755859375,7608.525390625,1462.0999755859375,3150.993896484375,33486.4609375,504.0631408691406,6256.76904296875,294.00823974609375,1679.4000244140625,1417.592529296875,7469.55810546875,409.3999938964844,382.1308898925781,280.0560302734375,1541.359619140625,120.36013793945312,358.73944091796875,323.63372802734375,1430.4859619140625,755.453369140625,1999.3206787109375,71.02606964111328,2906.67724609375,120.73477935791016,26949.94921875,994.77294921875,3195.994873046875,13784.85546875,528.6634521484375,1045.3572998046875,154.36000061035156,1686.6943359375,5326.26513671875,3654.16015625,49.15999984741211,3713.32080078125,714.4158935546875,1569.032470703125,3164.800537109375,1145.7054443359375,5410.96435546875,,362.8515625,189.03163146972656,649.5250244140625,1673.0228271484375,4055.29345703125,4010.080078125,1351.5655517578125,2544.77294921875,2499.819091796875,732.70751953125,12338.158203125,169.4082794189453,1355.66015625,449.6080322265625,664.5514526367188,11.40999984741211,1362.619384765625,239.94960021972656,21.309999465942383,,902.08935546875
5664.86962890625,1682.3656005859375,2174.199951171875,979.998291015625,988.1500244140625,2227.2041015625,954.4500122070312,1561.3199462890625,155.2899932861328,548.7083740234375,346.6000061035156,68.83999633789062,5598.26904296875,534.3052978515625,7098.30224609375,506.208740234375,197.54998779296875,2431.603271484375,1499.0423583984375,1212.699951171875,3824.300048828125,1337.6683349609375,2888.689697265625,9505.23046875,957.41455078125,2017.8780517578125,10755.3544921875,2654.26611328125,155.98789978027344,281.73748779296875,155.83935546875,64.33897399902344,1299.3736572265625,436.7452697753906,1584.3759765625,271.8231506347656,382.45001220703125,2000.6217041015625,1593.7646484375,368.1097717285156,36470.0078125,5782.69287109375,669.5999755859375,142.78968811035156,1737.517578125,1314.369140625,423.5672912597656,1502.199951171875,1606.462158203125,2091.5439453125,522.0364379882812,4148.8662109375,651.6683349609375,494.7810974121094,448.29998779296875,6029.6357421875,11678.0,1232.384521484375,7202.08056640625,3541.65869140625,339.8713073730469,251.02999877929688,286.4214782714844,801.3499755859375,160.41000366210938,,1143.6651611328125,1703.4659423828125,2836.06494140625,1575.251953125,2666.674072265625,937.5927124023438,719.93408203125,1337.5328369140625,5656.42431640625,959.9422607421875,4173.8935546875,436.3688049316406,2347.1259765625,627.7799072265625,191.83187866210938,1396.625732421875,1846.987060546875,658.0662231445312,109.16000366210938,84.89061737060547,20.884931564331055,305.5264587402344,860.9102783203125,683.1077880859375,169.12139892578125,35.130001068115234,618.8875122070312,114.78102111816406,131.0650634765625,170.31776428222656,428.95648193359375,919.8101806640625,1181.7471923828125,1503.2701416015625,4960.7001953125,467.2608337402344,265.5491027832031,1221.185546875,1167.300048828125,267.37384033203125,515.1349487304688,973.1825561523438,387.20001220703125,411.63934326171875,284.1742248535156,515.7000122070312,,4047.566162109375,408.0840148925781,2179.397705078125,137397.453125,1052.8013916015625,361.85858154296875,3536.857666015625,179.15045166015625,2089.300048828125,730.0614624023438,14921.146484375,1708.199951171875,1023.6307983398438,2423.449951171875,2617.914794921875,3690.4951171875,76.8770751953125,264.3500061035156,83.34635925292969,364.49810791015625,1290.00048828125,1541.4241943359375,260.8126525878906,499.4613342285156,1206.5,7308.13134765625,1439.9000244140625,3139.6533203125,34166.3125,508.4965515136719,5965.28125,295.095703125,1719.0999755859375,1449.8602294921875,7593.9677734375,420.20001220703125,403.5442199707031,286.18719482421875,1531.5718994140625,120.15607452392578,367.5032958984375,319.9951477050781,1450.095458984375,747.0827026367188,2038.86572265625,72.8477554321289,2915.061279296875,122.02851104736328,27279.09375,993.181884765625,3274.40966796875,13563.9853515625,531.3057250976562,1049.2864990234375,157.2899932861328,1688.9736328125,5363.45654296875,3714.73193359375,49.77000045776367,3714.4169921875,706.5863037109375,1548.1224365234375,2942.84375,1143.3255615234375,5412.92919921875,,369.2618408203125,191.45172119140625,640.5133666992188,1603.6263427734375,4130.44677734375,3988.174072265625,1388.2568359375,2671.11962890625,2633.732421875,751.4263916015625,12549.837890625,171.0595245361328,1347.7213134765625,443.4285583496094,676.5018310546875,11.350000381469727,1415.0546875,230.70516967773438,21.549999237060547,,904.437255859375
5679.63427734375,1666.5570068359375,2182.10009765625,985.0433959960938,1011.4500122070312,2235.6005859375,967.1500244140625,1563.6102294921875,153.4499969482422,545.2095947265625,344.6499938964844,70.88999938964844,5607.181640625,530.4244384765625,7104.287109375,501.4690246582031,198.12026977539062,2411.1806640625,1501.23876953125,1181.5999755859375,3934.89990234375,1329.5745849609375,2884.600341796875,9513.119140625,958.855712890625,1998.394775390625,10757.330078125,2678.48193359375,156.44395446777344,281.35003662109375,158.28933715820312,63.97452926635742,1268.7825927734375,430.48046875,1566.6500244140625,268.0353698730469,382.04998779296875,1967.6368408203125,1609.689453125,367.36065673828125,36037.8515625,5774.33203125,668.0,143.55445861816406,1721.6239013671875,1320.907958984375,420.5967712402344,1482.9000244140625,1592.427001953125,2089.666259765625,516.98583984375,4335.56103515625,653.100341796875,497.84136962890625,444.1000061035156,6116.2783203125,11376.0,1237.0550537109375,7134.78564453125,3654.11279296875,335.1936950683594,258.2900085449219,286.6208190917969,780.0,160.17999267578125,,1158.0140380859375,1681.67138671875,2855.005859375,1563.7906494140625,2703.17578125,934.248046875,718.1404418945312,1343.503173828125,5573.77490234375,930.5953369140625,3994.154052734375,436.3688049316406,2330.693115234375,599.84033203125,189.4965057373047,1384.8251953125,1867.1107177734375,652.93408203125,102.9800033569336,85.22962188720703,20.99422264099121,301.9732666015625,861.1550903320312,686.094482421875,172.04808044433594,34.81999969482422,618.2908935546875,113.50457763671875,129.2447052001953,169.95474243164062,426.3544006347656,912.92138671875,1159.863037109375,1488.00048828125,4932.2001953125,472.3435363769531,262.4085693359375,1232.719482421875,1178.0,269.31927490234375,543.5541381835938,951.4659423828125,376.1499938964844,408.0455322265625,280.51190185546875,515.5,,4023.996337890625,410.258056640625,2202.530029296875,134732.171875,1044.8792724609375,367.0419616699219,3534.87841796875,178.81747436523438,2080.39990234375,744.8936157226562,14909.265625,1701.5,1038.95361328125,2390.951171875,2579.54345703125,3548.793212890625,78.36602783203125,259.75,82.1041259765625,364.25,1290.297607421875,1545.3153076171875,263.01092529296875,490.9908752441406,1211.699951171875,7242.9970703125,1552.800048828125,3125.427734375,35372.1796875,513.5775146484375,5959.80029296875,295.44171142578125,1709.0,1459.0936279296875,7500.90966796875,410.04998779296875,403.93353271484375,286.13775634765625,1524.88037109375,120.59335327148438,367.98486328125,315.6089172363281,1436.757080078125,747.0827026367188,2014.9989013671875,71.08515167236328,2900.788330078125,120.4063720703125,27154.41796875,986.420166015625,3283.863037109375,13376.0966796875,522.7306518554688,1054.49267578125,158.5,1698.1494140625,5277.1728515625,3714.632568359375,47.849998474121094,3699.76806640625,699.0028686523438,1536.032470703125,2935.38623046875,1146.2012939453125,5310.76123046875,,362.2552490234375,193.7640380859375,633.0283203125,1604.50341796875,4084.19873046875,3941.487548828125,1398.21875,2750.135986328125,2378.28857421875,740.4822998046875,12517.498046875,172.81761169433594,1349.0113525390625,435.65435791015625,644.4373779296875,11.239999771118164,1422.331787109375,230.75460815429688,21.3799991607666,,904.1874389648438
5724.9140625,1657.8077392578125,2198.0,990.0885009765625,1017.7000122070312,2225.40478515625,971.8499755859375,1544.1920166015625,152.74000549316406,543.3102416992188,347.75,68.81999969482422,5628.4716796875,526.8422241210938,7134.71142578125,497.8648986816406,198.45455932617188,2380.447265625,1469.8880615234375,1191.0,3889.89990234375,1340.5660400390625,2889.3876953125,9386.40234375,975.7021484375,2022.47412109375,10864.0048828125,2695.4228515625,157.67327880859375,280.1391906738281,158.48300170898438,64.53596496582031,1263.9000244140625,427.2486267089844,1551.015380859375,265.7427673339844,386.3500061035156,2013.0650634765625,1681.2025146484375,364.9635314941406,36102.42578125,5814.16845703125,674.8499755859375,142.6057586669922,1741.5159912109375,1317.6385498046875,421.52197265625,1490.0999755859375,1538.875,2108.345947265625,504.5575866699219,4312.85400390625,655.52001953125,501.7901611328125,436.1000061035156,5999.7587890625,11502.0,1233.3782958984375,7103.1171875,3702.91162109375,331.0635070800781,276.989990234375,285.8235168457031,792.7999877929688,162.99000549316406,,1169.493408203125,1691.623291015625,2828.089599609375,1547.95849609375,2661.58544921875,925.7879638671875,701.0015258789062,1348.2794189453125,5561.69140625,937.658447265625,4025.826416015625,440.4581298828125,2399.790283203125,598.0235595703125,188.10653686523438,1394.344970703125,1854.558349609375,649.0973510742188,106.86000061035156,84.86070251464844,21.431394577026367,317.1595153808594,853.0281982421875,680.1708374023438,171.49014282226562,34.810001373291016,616.5506591796875,113.32646942138672,127.61336517333984,172.66270446777344,427.26995849609375,902.1387939453125,1124.450439453125,1475.177978515625,4909.39990234375,471.5462341308594,258.96893310546875,1229.139892578125,1189.9000244140625,267.4736022949219,542.7066040039062,950.3751220703125,380.25,421.6221008300781,282.3925476074219,518.0999755859375,,4028.749755859375,440.59686279296875,2158.052490234375,146196.921875,1051.40625,372.0786437988281,3540.816162109375,181.42251586914062,2060.199951171875,749.3233642578125,14847.8818359375,1704.5999755859375,1038.0052490234375,2394.938720703125,2542.3408203125,3673.141845703125,77.80767059326172,256.25,81.59947204589844,365.04998779296875,1297.06494140625,1529.052978515625,262.7666931152344,489.75970458984375,1187.4000244140625,7061.69140625,1504.9000244140625,3112.992919921875,35292.78515625,522.0956420898438,5831.7451171875,292.4759216308594,1735.199951171875,1478.4542236328125,7587.49853515625,431.5,408.0215759277344,289.5,1553.94384765625,119.37867736816406,363.11083984375,313.11676025390625,1444.123046875,753.65966796875,1993.9281005859375,71.15408325195312,2896.097412109375,117.53031158447266,27259.14453125,996.861083984375,3160.66845703125,12991.32421875,512.0118408203125,1047.5184326171875,160.52000427246094,1690.6690673828125,5410.47021484375,3652.770263671875,48.040000915527344,3745.40869140625,693.241455078125,1538.7080078125,2886.422119140625,1149.57275390625,5106.9169921875,,363.69635009765625,193.07818603515625,608.3079833984375,1578.86962890625,4127.45654296875,3904.415771484375,1409.462890625,2738.48681640625,2310.3828125,734.1931762695312,12467.517578125,173.0216064453125,1366.476806640625,437.597900390625,660.0269775390625,11.119999885559082,1430.506103515625,228.11476135253906,21.290000915527344,,887.3526000976562
5724.421875,1696.2850341796875,2234.60009765625,1004.3246459960938,1032.5,2249.094482421875,982.6500244140625,1555.1458740234375,151.3699951171875,545.3595581054688,352.8999938964844,74.2699966430664,5694.32177734375,539.7781982421875,7193.06591796875,499.5929260253906,202.34814453125,2396.60693359375,1488.3590087890625,1203.699951171875,3922.39990234375,1340.3663330078125,2977.25634765625,9456.91015625,977.143310546875,2022.873779296875,10964.7529296875,2669.313720703125,160.67726135253906,281.4953308105469,163.08274841308594,65.27470397949219,1303.199951171875,434.8558654785156,1583.7784423828125,273.7668762207031,388.29998779296875,2012.8675537109375,1716.01953125,373.5033264160156,35397.06640625,5747.28271484375,690.3499755859375,143.20594787597656,1769.5048828125,1330.0223388671875,420.45068359375,1524.4000244140625,1542.159912109375,2130.485107421875,512.0347290039062,4371.20263671875,662.8282470703125,507.81207275390625,433.75,6088.3935546875,11757.0,1267.462158203125,7120.9306640625,3716.587158203125,338.8263244628906,277.8599853515625,285.67401123046875,816.7000122070312,163.63999938964844,,1185.227783203125,1792.7344970703125,2917.212158203125,1556.0201416015625,2687.81201171875,922.0006103515625,705.3859252929688,1365.0955810546875,5564.59130859375,959.245849609375,4088.67578125,440.9336242675781,2410.481689453125,617.81201171875,190.7494354248047,1384.626953125,1881.0577392578125,646.0579223632812,104.04000091552734,84.51173400878906,21.943086624145508,314.23907470703125,883.6753540039062,691.9185180664062,172.42984008789062,35.599998474121094,621.2742309570312,113.86079406738281,128.13063049316406,174.04612731933594,439.6056823730469,926.3995361328125,1171.1036376953125,1465.4876708984375,4964.10009765625,478.4726867675781,266.3466796875,1237.8896484375,1191.0999755859375,268.62091064453125,546.794921875,955.92822265625,437.3500061035156,428.06097412109375,293.8248596191406,523.6500244140625,,4073.809814453125,437.4701843261719,2180.986328125,145053.9375,1086.582763671875,381.3207092285156,3572.087890625,190.236572265625,2081.89990234375,751.4137573242188,14829.0712890625,1753.199951171875,1008.208251953125,2464.821044921875,2546.82080078125,3748.10791015625,77.28849792480469,262.3500061035156,81.97796630859375,361.8999938964844,1289.4017333984375,1560.6795654296875,260.470703125,482.66815185546875,1179.9000244140625,7067.0380859375,1532.0999755859375,3199.2412109375,34593.08203125,529.567626953125,5854.66552734375,296.5785827636719,1750.300048828125,1477.5606689453125,7751.2216796875,465.8500061035156,404.12823486328125,289.75,1587.201904296875,119.95201110839844,350.82843017578125,316.25689697265625,1454.873291015625,762.8773803710938,2021.1903076171875,72.18800354003906,2981.035888671875,123.80987548828125,27074.625,1056.722412109375,3093.797119140625,13381.09375,529.062255859375,1125.708984375,158.3800048828125,1700.1441650390625,5422.4072265625,3678.88525390625,48.189998626708984,3751.587158203125,698.7073974609375,1559.4197998046875,2892.8984375,1157.4063720703125,5140.80908203125,,366.4294128417969,197.91836547851562,609.7853393554688,1580.6240234375,4243.87451171875,3962.10498046875,1407.6873779296875,2776.697021484375,2360.013671875,736.9168090820312,12786.9970703125,174.81854248046875,1399.0262451171875,455.83740234375,668.5841064453125,11.579999923706055,1498.1934814453125,227.4819793701172,21.559999465942383,,922.6209106445312
5778.068359375,1685.6466064453125,2238.699951171875,1000.1787109375,1016.75,2227.404052734375,978.2999877929688,1548.17529296875,149.0500030517578,543.0103759765625,353.75,72.98999786376953,5754.72607421875,535.8475952148438,7201.0458984375,504.3158874511719,206.21221923828125,2373.011962890625,1529.7938232421875,1124.0999755859375,4002.199951171875,1355.6544189453125,3165.859375,9638.3564453125,959.7005004882812,2026.1710205078125,10944.998046875,2706.883056640625,165.25755310058594,281.2531433105469,162.26931762695312,66.03314208984375,1300.0,434.8558654785156,1607.2801513671875,275.21221923828125,386.3500061035156,1986.302001953125,1665.6734619140625,370.6067810058594,35342.42578125,5777.28271484375,681.5499877929688,142.14108276367188,1725.522216796875,1329.6260986328125,419.72021484375,1528.5999755859375,1543.85205078125,2157.565673828125,512.0347290039062,4362.119140625,663.4701538085938,513.044189453125,435.95001220703125,6150.138671875,11609.0,1248.0850830078125,7220.38916015625,3761.84423828125,337.1841735839844,280.69000244140625,281.28900146484375,814.25,164.5500030517578,,1194.0350341796875,1812.0411376953125,2944.726318359375,1527.94970703125,2756.50927734375,917.2295532226562,701.449951171875,1366.28955078125,5561.69140625,963.8717651367188,4125.59375,438.6512145996094,2428.89453125,606.6165771484375,189.8097381591797,1394.7415771484375,1902.3768310546875,640.7762451171875,108.04000091552734,83.52462768554688,22.027542114257812,312.876220703125,887.1513061523438,699.4349975585938,174.43641662597656,35.59000015258789,632.6605224609375,114.24669647216797,128.59814453125,173.9970703125,442.49688720703125,926.0999755859375,1188.01416015625,1466.0750732421875,4960.39990234375,482.06048583984375,264.5520935058594,1236.994873046875,1191.4000244140625,269.5686950683594,552.877685546875,965.4478149414062,433.8999938964844,428.5600891113281,291.00390625,522.5499877929688,,4128.673828125,435.63812255859375,2188.233642578125,148378.0625,1091.2164306640625,384.1568908691406,3637.599853515625,190.67726135253906,2073.10009765625,761.3682250976562,14995.400390625,1747.199951171875,1019.6878662109375,2431.52490234375,2545.846923828125,3849.450927734375,76.73999786376953,258.3500061035156,82.56026458740234,366.8999938964844,1302.339599609375,1565.2689208984375,265.8930969238281,481.4862365722656,1161.300048828125,7137.51904296875,1504.5999755859375,3173.9736328125,34339.99609375,519.6049194335938,5852.17431640625,300.2364196777344,1758.699951171875,1468.3272705078125,7705.9365234375,485.8999938964844,402.230224609375,294.3500061035156,1589.69873046875,119.48556518554688,346.831787109375,318.45001220703125,1451.7874755859375,763.2261962890625,2015.498291015625,71.6858139038086,2956.28271484375,128.80564880371094,26456.232421875,1042.7017822265625,3096.284912109375,13415.0732421875,529.560791015625,1123.8426513671875,160.99000549316406,1703.3359375,5293.0888671875,3664.78515625,47.689998626708984,3749.294921875,704.9612426757812,1661.6898193359375,2928.61572265625,1142.5322265625,5286.20166015625,,367.6717224121094,203.8069305419922,621.16064453125,1602.9439697265625,4255.1376953125,4043.781494140625,1462.724609375,2785.48388671875,2437.271728515625,738.8480834960938,12762.4970703125,174.1191864013672,1399.12548828125,454.9902038574219,678.8132934570312,11.479999542236328,1470.97900390625,228.85629272460938,21.399999618530273,,886.5033569335938
5734.26513671875,1688.231689453125,2280.800048828125,989.2892456054688,1033.800048828125,2233.4013671875,994.75,1546.8807373046875,150.91000366210938,542.0606689453125,344.25,70.88999938964844,5832.458984375,538.5841064453125,7488.32958984375,506.6028137207031,202.88893127441406,2371.921142578125,1589.599853515625,1146.5999755859375,4003.699951171875,1346.2618408203125,3168.751953125,9732.53125,963.0300903320312,2025.2718505859375,10974.6298828125,2670.310546875,166.81405639648438,282.0765380859375,161.84323120117188,65.24515533447266,1282.5999755859375,435.1044616699219,1669.42041015625,259.8118896484375,387.6000061035156,1987.0919189453125,1670.9158935546875,374.7518310546875,36330.921875,5920.3994140625,685.5999755859375,140.8632354736328,1722.323486328125,1337.3536376953125,412.22088623046875,1513.699951171875,1513.39306640625,2148.07763671875,513.5800170898438,4327.30810546875,663.717041015625,515.6602172851562,429.5,6360.27197265625,11741.0,1262.2950439453125,7690.46630859375,3635.321044921875,339.47320556640625,277.5400085449219,289.51092529296875,808.9000244140625,163.47000122070312,,1196.0142822265625,1843.1905517578125,2923.49267578125,1507.0667724609375,2766.39306640625,912.0157470703125,698.6100463867188,1376.9365234375,5600.1259765625,960.9370727539062,4090.6552734375,439.126708984375,2438.1005859375,617.2718505859375,189.15391540527344,1394.344970703125,1924.3931884765625,638.7333374023438,111.30999755859375,82.31816864013672,22.072254180908203,309.80975341796875,878.5838012695312,704.412841796875,177.47076416015625,35.45000076293945,624.8541259765625,113.12857818603516,126.00190734863281,172.99630737304688,450.1103515625,923.5042114257812,1165.532958984375,1440.7236328125,5013.7998046875,480.7150573730469,260.9629211425781,1242.065673828125,1190.5,269.66845703125,545.4487915039062,951.3667602539062,426.95001220703125,428.8096618652344,285.3619689941406,525.5499877929688,,4130.06005859375,427.6259460449219,2193.19775390625,151472.609375,1091.0670166015625,374.0346374511719,3636.708984375,189.71751403808594,2087.0,766.8930053710938,15258.755859375,1734.0999755859375,1053.2781982421875,2423.05126953125,2520.623046875,3900.2216796875,77.36827850341797,256.79998779296875,82.93875885009766,368.45001220703125,1299.055419921875,1573.6495361328125,268.2867736816406,472.03082275390625,1160.0,7016.486328125,1554.5999755859375,3264.002197265625,34225.44921875,519.80419921875,5704.18798828125,300.4341125488281,1784.0,1469.5185546875,7777.09912109375,489.29998779296875,404.7608642578125,294.45001220703125,1595.491455078125,119.4369888305664,345.0284118652344,316.54998779296875,1461.9405517578125,766.1658325195312,2023.4871826171875,76.19571685791016,2943.50732421875,129.54209899902344,26735.505859375,1050.855712890625,3136.18896484375,13437.060546875,536.4407958984375,1161.9556884765625,162.1199951171875,1706.627197265625,5333.8740234375,3822.37060546875,47.380001068115234,3851.637451171875,698.8551025390625,1687.9510498046875,2855.21875,1142.928955078125,5158.0009765625,,373.3365783691406,203.39541625976562,618.4522094726562,1593.00244140625,4235.203125,4021.08251953125,1409.068359375,2808.449951171875,2448.865234375,741.8193359375,12709.5771484375,175.15850830078125,1402.1025390625,455.3888854980469,689.632568359375,11.850000381469727,1501.7822265625,227.21502685546875,21.31999969482422,,897.4934692382812
5697.8447265625,1661.685302734375,2272.89990234375,999.6292114257812,1022.7999877929688,2210.8115234375,997.6500244140625,1537.221435546875,149.7899932861328,535.762939453125,344.6499938964844,70.04000091552734,5813.1494140625,530.2254028320312,7520.25,495.9139404296875,207.4805908203125,2389.766357421875,1589.1005859375,1157.9000244140625,3963.0,1338.9674072265625,3134.94091796875,9703.4404296875,992.995849609375,2035.3631591796875,10904.5009765625,2632.143310546875,168.0830535888672,280.7688293457031,160.0517578125,64.60491943359375,1271.5999755859375,441.4189758300781,1719.510986328125,259.7620544433594,377.70001220703125,1989.462158203125,1663.5963134765625,374.60198974609375,36256.41015625,6002.03955078125,685.0999755859375,140.1855926513672,1731.1201171875,1317.6385498046875,408.2276916503906,1500.4000244140625,1414.9488525390625,2113.9794921875,505.3052978515625,4392.8642578125,643.7181396484375,512.8960571289062,429.54998779296875,6159.599609375,11626.0,1266.865966796875,7860.68408203125,3577.077392578125,336.437744140625,280.1400146484375,286.12249755859375,801.1500244140625,163.72000122070312,,1191.7591552734375,1812.936767578125,2916.41455078125,1433.7337646484375,2775.004638671875,905.6215209960938,700.2044067382812,1393.5537109375,5649.89404296875,959.3951416015625,4116.28955078125,430.1872863769531,2385.436279296875,612.5089111328125,197.66014099121094,1418.045166015625,1912.538330078125,635.8931884765625,110.11000061035156,81.90937805175781,22.087154388427734,309.0309753417969,862.330078125,708.8431396484375,174.33853149414062,35.20000076293945,618.5892333984375,112.33697509765625,124.55956268310547,166.41278076171875,456.80828857421875,921.2079467773438,1143.2510986328125,1356.64306640625,4982.7998046875,477.8747253417969,262.35870361328125,1240.773193359375,1203.4000244140625,266.92486572265625,539.2164916992188,884.0352783203125,432.5,425.515380859375,289.0737609863281,517.0999755859375,,4145.41015625,430.38623046875,2195.183349609375,150943.546875,1081.0521240234375,370.7094421386719,3555.75927734375,187.17123413085938,2079.0,767.1419067382812,15173.6103515625,1813.5,1061.014404296875,2407.39990234375,2399.665771484375,4032.800537109375,76.29122924804688,259.6499938964844,82.23999786376953,368.25,1299.25439453125,1562.9742431640625,269.9965515136719,467.6971130371094,1148.699951171875,6575.61669921875,1553.5999755859375,3205.508544921875,33717.4453125,521.1990356445312,5433.12939453125,293.7610778808594,1779.0,1486.6949462890625,7731.31640625,472.6499938964844,399.6021728515625,293.8999938964844,1570.7225341796875,117.54208374023438,341.8603515625,313.70001220703125,1442.231689453125,770.10205078125,2019.29296875,77.77123260498047,2836.111328125,132.0996856689453,26271.7109375,1076.70947265625,3133.10400390625,13383.0927734375,531.255859375,1171.2874755859375,160.35000610351562,1710.4173583984375,5454.73681640625,3817.207275390625,46.810001373291016,3867.681396484375,688.1201782226562,1689.9329833984375,2698.51416015625,1139.6566162109375,4888.3369140625,,378.2063903808594,203.9049072265625,605.4518432617188,1497.6795654296875,4261.8154296875,4041.40234375,1433.8251953125,2852.85107421875,2510.031982421875,737.7586669921875,12768.376953125,175.80929565429688,1406.568115234375,454.19287109375,691.206298828125,11.550000190734863,1530.990478515625,216.606201171875,21.100000381469727,,920.1231689453125
5689.97021484375,1627.6820068359375,2245.89990234375,993.934814453125,988.0,2135.645263671875,950.5,1512.6251220703125,139.89999389648438,519.718505859375,336.20001220703125,73.80000305175781,5349.72119140625,516.8914794921875,7523.7412109375,486.86566162109375,201.19776916503906,2346.045654296875,1593.992919921875,1145.5999755859375,3909.199951171875,1331.2733154296875,3017.350830078125,9624.55078125,1018.4891357421875,2021.4749755859375,10747.453125,2602.745361328125,164.01829528808594,278.44403076171875,156.67214965820312,64.4571762084961,1243.5999755859375,433.11566162109375,1731.5606689453125,254.9276580810547,374.1000061035156,1979.783935546875,1650.5399169921875,377.4985656738281,35461.640625,5882.5302734375,680.1500244140625,137.24267578125,1708.7288818359375,1319.1246337890625,398.29351806640625,1472.800048828125,1355.5240478515625,2097.47412109375,496.7813415527344,4376.103515625,618.6331176757812,505.88702392578125,420.54998779296875,6143.16748046875,11417.0,1260.1087646484375,7981.41943359375,3528.671875,335.1936950683594,270.95001220703125,287.3183898925781,781.2000122070312,161.69000244140625,,1182.9517822265625,1797.909423828125,2879.031005859375,1413.43359375,2752.986328125,889.1932373046875,694.3253173828125,1397.036376953125,5503.0537109375,904.2825927734375,4169.24169921875,428.1426086425781,2281.988525390625,582.21240234375,191.6304168701172,1402.77392578125,1908.8521728515625,641.4240112304688,110.75,81.30116271972656,21.868572235107422,305.4291076660156,855.47607421875,696.7968139648438,173.02691650390625,34.83000183105469,614.0645141601562,110.2689437866211,122.90830993652344,163.3712158203125,449.67669677734375,924.552490234375,1135.093994140625,1340.1009521484375,4929.2001953125,473.09100341796875,256.6758728027344,1224.9639892578125,1184.699951171875,263.33331298828125,531.5881958007812,854.4848022460938,418.04998779296875,419.9250183105469,282.1946105957031,507.6499938964844,,4133.5263671875,421.3236999511719,2183.46826171875,149843.46875,1069.841552734375,355.4527282714844,3496.679443359375,181.76528930664062,2060.5,756.689697265625,15085.49609375,1824.9000244140625,1051.7308349609375,2350.199951171875,2394.2119140625,3556.0322265625,75.2640380859375,259.29998779296875,79.43000030517578,363.0,1276.4639892578125,1544.0181884765625,261.2522888183594,448.3923645019531,1126.300048828125,6454.09814453125,1523.800048828125,3134.181884765625,33398.69921875,519.3060913085938,5460.0361328125,287.08807373046875,1735.5,1468.724365234375,7551.66845703125,464.1499938964844,389.8688659667969,287.20001220703125,1517.1900634765625,115.40425109863281,338.1561279296875,308.95001220703125,1413.0665283203125,758.0443115234375,2031.3760986328125,75.49658203125,2828.026611328125,130.6268310546875,26062.255859375,1059.8050537109375,3101.260498046875,13035.2978515625,526.4199829101562,1177.377685546875,159.27999877929688,1693.062744140625,5261.75439453125,3748.393798828125,45.66999816894531,3851.13916015625,684.722412109375,1641.9691162109375,2641.7001953125,1122.7000732421875,4739.0146484375,,371.796142578125,199.07452392578125,589.201416015625,1495.5352783203125,4165.53173828125,4042.195556640625,1442.603515625,2830.484130859375,2497.239013671875,717.3561401367188,12703.697265625,173.74037170410156,1391.6827392578125,447.81402587890625,662.5842895507812,11.300000190734863,1520.623046875,211.6725311279297,20.860000610351562,,903.8877563476562
5795.7861328125,1622.8101806640625,2217.39990234375,1009.0201416015625,1003.4500122070312,2183.623779296875,991.25,1533.6365966796875,142.77000427246094,528.8652954101562,345.04998779296875,72.4800033569336,5426.95947265625,522.1156005859375,7609.14208984375,476.5248107910156,202.40713500976562,2376.580810546875,1637.2249755859375,1184.5999755859375,3880.699951171875,1357.2532958984375,2797.230712890625,9562.91796875,1006.5624389648438,2049.1513671875,10996.3603515625,2566.7705078125,166.4868927001953,283.38421630859375,160.37132263183594,64.53596496582031,1253.699951171875,435.5519714355469,1720.2080078125,261.65594482421875,374.3500061035156,2004.177001953125,1661.420166015625,379.89569091796875,35253.015625,6005.97412109375,688.75,141.1826934814453,1714.1268310546875,1343.793212890625,411.49041748046875,1469.4000244140625,1386.0823974609375,2093.916259765625,502.2147521972656,4487.57861328125,635.8173217773438,507.6639709472656,418.1000061035156,6124.24560546875,11751.0,1261.400634765625,7927.484375,3481.6044921875,339.2243957519531,275.2099914550781,288.0160217285156,787.2000122070312,164.82000732421875,,1191.2642822265625,1823.8837890625,2903.654296875,1419.84423828125,2781.365478515625,910.7368774414062,701.400146484375,1413.6534423828125,5412.3876953125,902.7406616210938,4182.80126953125,429.9019470214844,2295.649658203125,583.4400024414062,192.5309600830078,1399.7989501953125,1914.7298583984375,638.6336669921875,111.87999725341797,82.66715240478516,20.9892578125,309.5177307128906,870.3590087890625,687.9362182617188,171.4412078857422,35.08000183105469,610.0867919921875,111.99065399169922,126.3998031616211,167.97280883789062,456.5191955566406,930.39306640625,1119.2777099609375,1336.6751708984375,4940.7998046875,488.289306640625,261.1124572753906,1241.0714111328125,1210.9000244140625,261.9365539550781,533.0340576171875,872.9290771484375,427.04998779296875,424.8664855957031,291.00390625,511.1499938964844,,4160.859375,424.62139892578125,2205.50830078125,146818.734375,1094.0565185546875,361.4184875488281,3473.225830078125,182.1570281982422,2083.300048828125,769.3318481445312,14901.3447265625,1848.300048828125,1073.94140625,2357.5,2397.231201171875,3468.868896484375,76.82975769042969,256.8500061035156,80.45999908447266,369.1000061035156,1283.629638671875,1560.47998046875,265.306884765625,456.8135681152344,1123.0999755859375,6512.42724609375,1502.9000244140625,3038.582763671875,33294.109375,523.739501953125,5562.6796875,291.33905029296875,1773.4000244140625,1476.667236328125,7599.939453125,460.70001220703125,400.81884765625,300.5,1525.879150390625,117.16310119628906,344.5897521972656,309.6499938964844,1430.4859619140625,769.5042114257812,2039.5648193359375,76.61913299560547,2842.3994140625,131.67176818847656,26246.77734375,1079.2947998046875,3199.8759765625,13103.2578125,523.5781860351562,1186.70947265625,159.5800018310547,1696.054931640625,5303.03662109375,3858.515380859375,46.209999084472656,3794.13818359375,681.3739013671875,1606.9871826171875,2655.830322265625,1129.641357421875,4736.0673828125,,379.74688720703125,201.65138244628906,588.4135131835938,1474.3848876953125,4167.42529296875,4224.08447265625,1466.3214111328125,2815.50634765625,2503.03564453125,726.7650756835938,12721.3369140625,177.83935546875,1390.29345703125,454.34234619140625,668.6332397460938,11.430000305175781,1525.8067626953125,210.85189819335938,20.959999084472656,,909.632568359375
5744.6005859375,1629.96875,2224.5,998.780029296875,1030.199951171875,2241.8974609375,1016.7999877929688,1559.7266845703125,144.35000610351562,533.6636352539062,348.95001220703125,72.06999969482422,5403.19384765625,519.4288940429688,7592.6611328125,475.6796569824219,204.1966094970703,2416.434814453125,1643.1156005859375,1186.699951171875,3902.89990234375,1356.154052734375,2735.09423828125,9690.1279296875,1007.9539184570312,2042.656982421875,11079.3291015625,2538.568603515625,166.9825897216797,293.7489929199219,164.8258056640625,66.28923797607422,1261.9000244140625,444.3525085449219,1743.9088134765625,261.9549865722656,374.95001220703125,1995.1900634765625,1676.0592041015625,378.8968811035156,35138.765625,6044.8271484375,690.5,144.3482666015625,1731.419921875,1331.409423828125,410.5651550292969,1525.5999755859375,1372.4456787109375,2125.938720703125,503.95941162109375,4559.97802734375,631.126220703125,510.1813049316406,434.8500061035156,6162.08935546875,11637.0,1276.70361328125,7951.73046875,3465.981201171875,339.47320556640625,271.30999755859375,287.8665466308594,810.2999877929688,165.75,,1202.1497802734375,1836.2242431640625,2891.392578125,1440.0472412109375,2802.3076171875,910.6385498046875,703.2933349609375,1427.2855224609375,5496.1552734375,885.4806518554688,4204.0810546875,431.9941711425781,2289.01708984375,570.6732788085938,189.48672485351562,1395.7332763671875,1920.9063720703125,636.4911499023438,113.73999786376953,83.1058578491211,21.168100357055664,316.8188171386719,900.908203125,684.7006225585938,172.0872344970703,35.880001068115234,614.1142578125,111.80265045166016,126.36001586914062,169.16000366210938,455.5554504394531,942.2738037109375,1123.754150390625,1361.73291015625,4977.0,485.6981201171875,259.6169738769531,1237.491943359375,1211.0,261.6871337890625,529.4443359375,871.9374389648438,420.8500061035156,423.7184753417969,294.61669921875,518.8499755859375,,4238.40185546875,427.0396728515625,2231.3212890625,147712.1875,1093.1097412109375,375.94171142578125,3452.93896484375,188.91445922851562,2062.89990234375,771.0738525390625,15028.072265625,1857.9000244140625,1074.240966796875,2367.800048828125,2400.83447265625,3466.588134765625,76.50065612792969,261.75,79.02999877929688,368.3999938964844,1279.151123046875,1547.310546875,265.6000061035156,457.70001220703125,1169.300048828125,6654.36083984375,1494.0999755859375,3048.729736328125,33553.08984375,528.2227172851562,5608.5205078125,293.26678466796875,1767.199951171875,1484.8084716796875,7705.43896484375,475.95001220703125,405.83154296875,300.75,1523.681884765625,121.29301452636719,349.56121826171875,308.75,1416.450927734375,773.8887939453125,2036.6688232421875,76.36312103271484,2737.6982421875,132.02008056640625,26301.634765625,1068.9532470703125,3170.818603515625,13258.166015625,528.2147216796875,1191.9156494140625,157.27000427246094,1712.611572265625,5203.0634765625,3892.077880859375,45.939998626708984,3864.293212890625,684.1315307617188,1636.419677734375,2666.427490234375,1138.86328125,4832.3408203125,,376.06964111328125,198.97654724121094,594.815185546875,1485.203857421875,4222.54443359375,4221.01171875,1481.26953125,2777.162841796875,2461.3583984375,734.0446166992188,12724.27734375,183.4730224609375,1413.11767578125,456.5350646972656,657.2238159179688,11.380000114440918,1524.9095458984375,213.2544708251953,21.079999923706055,,905.8359985351562
5789.38818359375,1631.161865234375,2243.89990234375,1021.0584106445312,1035.699951171875,2210.211669921875,1000.0999755859375,1544.291748046875,144.49000549316406,530.8146362304688,349.54998779296875,71.80000305175781,5410.62060546875,520.4239501953125,7638.60791015625,472.3984375,204.8455352783203,2411.1806640625,1634.0299072265625,1159.5999755859375,3915.199951171875,1375.9388427734375,2816.57958984375,9841.498046875,1017.544921875,2058.84326171875,11272.9228515625,2530.49658203125,170.26416015625,295.5894470214844,167.09178161621094,67.95384979248047,1299.199951171875,445.19775390625,1766.0418701171875,260.75885009765625,380.8999938964844,1996.6715087890625,1684.5655517578125,378.49737548828125,35461.640625,6074.82763671875,710.5499877929688,147.08790588378906,1716.325927734375,1337.2545166015625,412.4894714355469,1529.0999755859375,1366.4732666015625,2178.22216796875,505.0061950683594,4686.92529296875,634.484130859375,504.06072998046875,432.20001220703125,6257.6953125,11517.0,1272.23193359375,7926.49462890625,3507.51123046875,340.02056884765625,272.4200134277344,289.8597412109375,801.5499877929688,167.30999755859375,,1204.9205322265625,1876.03173828125,2924.68896484375,1425.0892333984375,2752.3994140625,909.6548461914062,727.0087890625,1427.68359375,5510.93798828125,894.5831909179688,4242.50341796875,434.656982421875,2300.1044921875,574.7488403320312,192.86376953125,1396.4273681640625,1952.2872314453125,646.6060180664062,113.37999725341797,84.36216735839844,20.969058990478516,323.6331787109375,918.581787109375,692.0180053710938,174.95518493652344,36.540000915527344,619.9814453125,112.1192855834961,127.19558715820312,168.75999450683594,460.4222717285156,943.1224365234375,1113.408935546875,1344.603515625,4980.39990234375,484.6018371582031,258.42059326171875,1244.05419921875,1221.800048828125,263.4829406738281,522.5638427734375,854.3856201171875,418.3999938964844,425.6152038574219,297.190185546875,522.1500244140625,,4284.05615234375,429.2870178222656,2210.6708984375,147502.546875,1104.2706298828125,376.0395202636719,3493.809814453125,186.12335205078125,2075.60009765625,792.3267211914062,15013.2216796875,1836.4000244140625,1084.322998046875,2388.60009765625,2372.2021484375,3427.915283203125,76.13166046142578,264.75,80.08999633789062,368.3999938964844,1294.676513671875,1537.73291015625,264.6000061035156,453.45001220703125,1199.5999755859375,6527.4951171875,1502.0,3012.9169921875,33309.05078125,536.24267578125,5501.890625,300.532958984375,1770.4000244140625,1478.8514404296875,7793.0234375,490.3999938964844,409.2382507324219,300.54998779296875,1527.177490234375,124.54834747314453,355.1175231933594,309.6499938964844,1434.666748046875,786.49462890625,2056.740966796875,75.47689056396484,2725.221923828125,133.27398681640625,26565.947265625,1070.146484375,3172.311279296875,13372.0986328125,530.2587890625,1197.3182373046875,159.2100067138672,1719.8924560546875,5165.26318359375,3907.171142578125,46.09000015258789,3871.667236328125,679.5519409179688,1642.662841796875,2644.349609375,1159.8853759765625,4798.93994140625,,377.26226806640625,204.8063201904297,595.8001098632812,1466.68505859375,4234.70458984375,4202.4482421875,1522.6263427734375,2787.34765625,2469.853759765625,740.4822998046875,12790.9169921875,187.57200622558594,1413.7130126953125,462.11651611328125,666.8628540039062,11.5600004196167,1538.566650390625,209.55670166015625,21.239999771118164,,909.23291015625
5629.92529296875,1608.294189453125,2203.0,1016.063232421875,1007.2000122070312,2155.736083984375,976.5,1506.9490966796875,140.4499969482422,521.8177490234375,344.29998779296875,70.08000183105469,5324.470703125,509.62744140625,7583.671875,459.7209167480469,200.07688903808594,2380.14990234375,1618.4544677734375,1171.4000244140625,3834.10009765625,1355.5545654296875,2734.196533203125,9593.9814453125,1010.836181640625,2031.4664306640625,11050.6845703125,2525.314697265625,168.01365661621094,294.9114074707031,163.80902099609375,66.98857879638672,1274.5999755859375,432.9167785644531,1752.8817138671875,252.9839324951172,367.6499938964844,1963.884033203125,1662.1126708984375,382.19293212890625,34786.0859375,6008.43310546875,696.5499877929688,144.64837646484375,1675.9417724609375,1316.548828125,410.6638488769531,1522.199951171875,1354.7276611328125,2141.94970703125,504.2086486816406,4607.78173828125,612.8062744140625,495.225341796875,427.8999938964844,6271.6376953125,11237.0,1274.2193603515625,7815.16064453125,3421.78125,331.61090087890625,267.4599914550781,287.3183898925781,783.4000244140625,166.8800048828125,,1176.2225341796875,1815.4246826171875,2855.40478515625,1408.7713623046875,2673.719970703125,900.702880859375,730.5462646484375,1389.175537109375,5336.0107421875,900.9500122070312,4124.24267578125,413.0691833496094,2256.349365234375,573.6194458007812,190.7494354248047,1377.189697265625,1928.677001953125,646.40673828125,110.83999633789062,82.73694610595703,20.416717529296875,317.3542175292969,908.0069580078125,669.1199951171875,170.6092071533203,36.0,625.5999755859375,110.2095718383789,125.05692291259766,167.9499969482422,455.7481689453125,925.8504028320312,1088.639892578125,1341.471435546875,4815.10009765625,478.4726867675781,252.08969116210938,1221.384521484375,1211.0999755859375,257.99578857421875,523.2619018554688,840.4036865234375,404.75,415.6823425292969,291.89471435546875,520.0499877929688,,4239.09521484375,422.22747802734375,2212.656494140625,145351.296875,1063.314453125,371.0517272949219,3396.135498046875,189.7469024658203,2039.5,776.5986328125,14754.81640625,1832.0,1079.531494140625,2343.300048828125,2314.645263671875,3382.301025390625,74.15706634521484,261.29998779296875,79.22000122070312,363.20001220703125,1272.383544921875,1499.2220458984375,274.6499938964844,476.70001220703125,1145.5999755859375,6466.73583984375,1465.4000244140625,3000.68115234375,32467.359375,530.9624633789062,5247.7734375,298.3580627441406,1742.5,1454.4273681640625,7741.26904296875,474.79998779296875,398.6288757324219,294.6499938964844,1490.1241455078125,122.5368423461914,344.63848876953125,306.8500061035156,1403.0130615234375,795.4133911132812,2040.1639404296875,73.98999786376953,2673.619873046875,129.25347900390625,26147.03515625,1048.7674560546875,3091.906494140625,13362.1044921875,526.5196533203125,1184.3519287109375,155.8000030517578,1708.9212646484375,5147.85498046875,3846.003662109375,45.25,3816.759521484375,694.4232788085938,1641.57275390625,2627.66845703125,1150.7625732421875,4754.2412109375,,367.02569580078125,201.2594757080078,592.4022827148438,1441.8309326171875,4184.4697265625,4218.017578125,1487.4481201171875,2707.931884765625,2486.944580078125,757.7154541015625,12434.1982421875,184.0849609375,1386.4232177734375,452.0000915527344,665.0432739257812,11.260000228881836,1507.9627685546875,208.82505798339844,20.959999084472656,,901.58984375
5893.23583984375,1603.3228759765625,2187.5,1028.651123046875,998.0999755859375,2159.83447265625,968.25,1505.1566162109375,142.6999969482422,519.0187377929688,344.8500061035156,69.8499984741211,5382.3671875,509.4781494140625,7606.64501953125,452.7607421875,205.3470001220703,2407.215087890625,1634.0299072265625,1158.800048828125,3866.39990234375,1367.24560546875,2732.3017578125,9670.8984375,1023.90576171875,2056.744873046875,11050.6845703125,2486.151123046875,169.87750244140625,299.36724853515625,166.26866149902344,67.7568588256836,1310.4000244140625,438.6843566894531,1774.6158447265625,256.47265625,366.29998779296875,1952.8232421875,1669.7288818359375,383.49139404296875,34984.78125,5998.59716796875,712.1500244140625,149.22732543945312,1668.9444580078125,1328.6353759765625,417.9662780761719,1517.5999755859375,1334.4215087890625,2172.2919921875,501.467041015625,4694.95849609375,621.4971313476562,503.1722412109375,430.95001220703125,6265.16455078125,11072.0,1272.331298828125,7854.25146484375,3379.55908203125,334.84539794921875,265.5799865722656,291.6037902832031,781.0499877929688,168.47000122070312,,1193.3424072265625,1816.91748046875,2824.00244140625,1395.2703857421875,2657.5732421875,897.0138549804688,726.062255859375,1405.8922119140625,5385.77880859375,930.8440551757812,4161.5673828125,409.7882080078125,2291.195068359375,578.7752075195312,191.307373046875,1382.8419189453125,1928.7764892578125,649.0475463867188,112.83000183105469,83.26539611816406,20.242555618286133,318.32769775390625,926.9534301757812,671.9573974609375,170.11000061035156,36.209999084472656,645.2999877929688,110.70431518554688,125.98201751708984,168.1999969482422,457.1455993652344,924.552490234375,1071.4927978515625,1324.5377197265625,4854.60009765625,492.2757568359375,252.23922729492188,1228.7423095703125,1217.0999755859375,257.99578857421875,530.8901977539062,828.405029296875,401.20001220703125,420.6238098144531,294.7156677246094,524.5499877929688,,4338.22705078125,426.6488342285156,2203.42333984375,146134.9375,1067.400146484375,365.9172668457031,3377.3330078125,187.29855346679688,2024.300048828125,784.6119995117188,14828.0810546875,1849.300048828125,1085.9700927734375,2360.199951171875,2311.821044921875,3430.9892578125,74.26676940917969,264.95001220703125,80.12999725341797,372.95001220703125,1287.6104736328125,1519.6746826171875,278.6499938964844,475.54998779296875,1153.300048828125,6457.50048828125,1513.5999755859375,3032.11669921875,32611.791015625,532.4070434570312,5074.37548828125,303.1527404785156,1733.199951171875,1454.4273681640625,7831.83935546875,471.1499938964844,403.1012268066406,298.95001220703125,1485.13037109375,125.92822265625,345.27215576171875,312.1000061035156,1412.8675537109375,782.8573608398438,2077.112548828125,75.30000305175781,2684.00048828125,128.79571533203125,26441.271484375,1053.3416748046875,3190.521728515625,13288.1484375,530.5579223632812,1194.5677490234375,158.75,1719.8924560546875,5150.8388671875,3890.787109375,44.459999084472656,3802.90771484375,705.2567138671875,1671.50048828125,2635.812744140625,1146.4986572265625,4773.39794921875,,375.672119140625,204.1498565673828,598.5084838867188,1419.998291015625,4222.54443359375,4233.28759765625,1523.3238525390625,2723.30908203125,2584.3916015625,745.13720703125,12510.6376953125,188.41705322265625,1368.75927734375,452.3489685058594,671.23974609375,11.15999984741211,1542.0556640625,207.4903106689453,21.040000915527344,,899.9412841796875
5824.82421875,1609.4873046875,2191.5,973.1549072265625,1003.7999877929688,2190.020751953125,970.3499755859375,1549.270751953125,144.0500030517578,525.41650390625,346.20001220703125,69.63999938964844,5480.69091796875,512.7619018554688,7684.0546875,450.9212341308594,207.22494506835938,2408.80126953125,1632.5323486328125,1150.5999755859375,3845.300048828125,1385.63134765625,2718.138916015625,9768.03125,1024.700927734375,2049.850830078125,11359.84375,2500.3017578125,172.15773010253906,303.5325622558594,168.62181091308594,68.5940933227539,1275.5999755859375,437.2922058105469,1826.45849609375,257.41961669921875,372.1000061035156,1972.4759521484375,1679.3233642578125,387.2369079589844,35108.9609375,6022.2041015625,720.5,151.44419860839844,1689.1365966796875,1314.1710205078125,420.3840026855469,1501.800048828125,1283.0594482421875,2170.414306640625,505.5046691894531,4844.12158203125,618.5343627929688,507.7626647949219,433.95001220703125,6267.654296875,10599.0,1299.1611328125,7955.1943359375,3444.91943359375,336.78607177734375,266.7300109863281,295.1915283203125,773.7000122070312,167.1300048828125,,1210.1654052734375,1820.8983154296875,2864.476318359375,1385.265869140625,2668.435791015625,908.5726928710938,739.813232421875,1405.792724609375,5408.93798828125,911.4452514648438,4017.259521484375,417.0158386230469,2321.78369140625,580.248291015625,189.99571228027344,1387.7010498046875,1946.40966796875,661.8531494140625,113.44000244140625,69.83484649658203,20.033559799194336,316.7701416015625,962.25146484375,672.106689453125,172.72348022460938,36.52000045776367,639.4500122070312,110.7142105102539,126.5589599609375,169.89999389648438,455.0735778808594,918.2626953125,1066.408447265625,1299.3822021484375,4862.2001953125,484.7513122558594,258.0716552734375,1233.4154052734375,1216.5999755859375,257.1976623535156,534.5796508789062,805.8951416015625,402.1499938964844,429.95770263671875,296.5963134765625,524.8499755859375,,4375.3642578125,431.5098876953125,2225.26513671875,145506.03125,1069.14404296875,371.83416748046875,3411.276611328125,188.2974853515625,2046.5999755859375,797.8016357421875,14922.13671875,1870.0,1081.6776123046875,2280.800048828125,2249.491943359375,3444.07861328125,73.8778305053711,265.45001220703125,78.91000366210938,375.45001220703125,1308.8084716796875,1518.2779541015625,275.6499938964844,473.75,1173.699951171875,6483.74853515625,1496.0,3108.343017578125,32940.5,530.9624633789062,4960.27197265625,302.9550476074219,1716.300048828125,1470.4122314453125,7936.34326171875,473.0,404.772216796875,303.3500061035156,1487.028076171875,126.58901977539062,343.3225402832031,319.20001220703125,1421.4278564453125,781.5120849609375,2106.671630859375,73.93000030517578,2641.08203125,130.18896484375,26481.16796875,1058.711181640625,3286.05224609375,13362.1044921875,534.4964599609375,1206.0606689453125,156.67999267578125,1727.7718505859375,5326.4130859375,3912.930419921875,44.25,3815.762939453125,703.6317138671875,1666.446533203125,2626.0986328125,1161.9678955078125,4630.95263671875,,376.9144287109375,203.93429565429688,591.4666137695312,1404.403564453125,4258.72607421875,4299.056640625,1531.0970458984375,2699.27783203125,2538.216796875,638.6182861328125,12716.4365234375,192.1080780029297,1406.0718994140625,455.78753662109375,670.0594482421875,10.979999542236328,1533.3829345703125,203.56512451171875,20.889999389648438,,907.1348266601562
5961.1552734375,1609.7855224609375,2195.60009765625,1001.2277221679688,1037.0999755859375,2182.0244140625,981.3499755859375,1548.8724365234375,144.30999755859375,517.9691162109375,349.29998779296875,68.80000305175781,5485.68212890625,511.9658508300781,7711.52294921875,452.16412353515625,206.65467834472656,2392.34423828125,1661.386962890625,1164.4000244140625,3849.300048828125,1386.5306396484375,2743.871337890625,9692.5927734375,1017.2964477539062,2041.5579833984375,11190.9423828125,2509.768798828125,178.99844360351562,303.2903747558594,169.94847106933594,70.78075408935547,1240.0999755859375,432.6184387207031,1852.6790771484375,260.95819091796875,374.45001220703125,1916.8756103515625,1635.703125,390.28326416015625,35099.02734375,6061.548828125,724.5,152.01535034179688,1734.418701171875,1314.369140625,425.26873779296875,1489.9000244140625,1206.6134033203125,2210.244873046875,503.95941162109375,4870.0068359375,604.0660400390625,511.415283203125,436.75,6229.81005859375,10525.0,1292.0064697265625,7846.8291015625,3525.507568359375,334.3477783203125,261.3599853515625,294.64337158203125,757.25,167.86000061035156,,1221.7435302734375,1762.18212890625,2870.358154296875,1300.762939453125,2624.00732421875,895.6858520507812,732.1405639648438,1396.83740234375,5431.11181640625,918.0607299804688,3944.60693359375,425.14691162109375,2334.85107421875,586.6316528320312,186.06072998046875,1373.2230224609375,1896.6983642578125,659.1126708984375,113.12999725341797,70.76212310791016,19.983800888061523,314.9205322265625,965.2868041992188,673.152099609375,176.37448120117188,36.47999954223633,614.4500122070312,108.28996276855469,125.34539794921875,170.16000366210938,452.85699462890625,929.8938598632812,1014.7679443359375,1248.4835205078125,4850.2998046875,488.5882873535156,255.72869873046875,1247.33544921875,1233.300048828125,254.65362548828125,517.428466796875,754.1322021484375,406.8999938964844,426.962890625,294.4187316894531,532.0499877929688,,4218.00146484375,430.8992004394531,2234.001708984375,143699.1875,1037.1563720703125,356.6263122558594,3397.52099609375,192.7926483154297,2054.699951171875,806.6611328125,14777.587890625,1841.9000244140625,1084.4727783203125,2256.39990234375,2164.958251953125,3464.704345703125,75.56321716308594,263.8999938964844,80.80000305175781,382.75,1313.68505859375,1508.40087890625,276.5,472.20001220703125,1131.699951171875,6274.25048828125,1494.5999755859375,3096.0869140625,33030.1484375,520.4518432617188,4645.86376953125,304.43792724609375,1692.5999755859375,1469.915771484375,8082.15185546875,468.1000061035156,412.24249267578125,304.79998779296875,1423.8076171875,127.3275375366211,345.0771789550781,321.6499938964844,1422.2242431640625,776.8782958984375,2080.008544921875,74.19000244140625,2578.700439453125,130.92538452148438,26456.232421875,1055.72802734375,3349.142333984375,13271.1591796875,527.9155883789062,1201.640380859375,160.17999267578125,1727.273193359375,5438.3232421875,3933.584228515625,44.130001068115234,3802.90771484375,699.2490844726562,1608.176513671875,2525.423095703125,1168.1158447265625,4418.7578125,,377.4113464355469,204.904296875,563.4962158203125,1311.322509765625,4280.45458984375,4389.17724609375,1536.4783935546875,2616.99951171875,2561.303955078125,624.5048828125,12700.7568359375,194.8666229248047,1410.63671875,457.58160400390625,683.681884765625,10.90999984741211,1533.18359375,197.8800506591797,20.81999969482422,,903.0384521484375
6070.90869140625,1614.5579833984375,2230.60009765625,981.1471557617188,1013.0,2230.70263671875,964.1500244140625,1522.2843017578125,140.5399932861328,514.9701538085938,353.1000061035156,68.91000366210938,5614.95068359375,508.58258056640625,7773.9501953125,460.6158142089844,208.06069946289062,2395.615478515625,1680.5567626953125,1211.5,3888.199951171875,1401.9188232421875,2765.414306640625,9956.8740234375,1014.8117065429688,2047.5528564453125,11028.955078125,2508.274169921875,181.3084259033203,305.9542236328125,170.02593994140625,72.96741485595703,1240.800048828125,436.8446960449219,1896.246826171875,261.10772705078125,381.04998779296875,1889.6187744140625,1638.176025390625,395.3771667480469,36330.921875,6057.12255859375,713.4000244140625,153.85467529296875,1753.8111572265625,1333.5888671875,432.8179016113281,1487.0999755859375,1207.3101806640625,2243.947265625,499.1740417480469,4878.0400390625,603.62158203125,512.0076293945312,439.6499938964844,6369.2353515625,10388.0,1298.266845703125,7925.01025390625,3562.4892578125,335.7410888671875,266.6300048828125,298.0816345214844,756.7999877929688,170.0,,1224.514404296875,1789.15185546875,2869.460693359375,1338.6436767578125,2685.169677734375,892.8330078125,732.6387939453125,1410.56884765625,5654.32861328125,932.5352172851562,3976.941162109375,415.3040466308594,2350.98681640625,607.9423217773438,186.42291259765625,1388.791748046875,1931.9644775390625,665.93896484375,113.5199966430664,70.01432037353516,20.451549530029297,311.2699890136719,963.0836791992188,673.6996459960938,179.15435791015625,36.5,605.9000244140625,103.46123504638672,124.82813262939453,168.88999938964844,444.7134704589844,935.834228515625,1039.989990234375,1262.7742919921875,4947.39990234375,488.3889465332031,253.08668518066406,1267.7183837890625,1266.5,256.34967041015625,516.481201171875,782.0960693359375,405.70001220703125,424.2176208496094,300.25860595703125,547.0,,4256.9208984375,427.4060974121094,2275.699462890625,147327.859375,1018.92041015625,369.92706298828125,3455.01708984375,195.9656982421875,2155.699951171875,802.6793212890625,14920.15625,1854.699951171875,1086.169677734375,2237.800048828125,2198.655029296875,3475.215576171875,75.46349334716797,263.45001220703125,81.86000061035156,384.8999938964844,1317.06884765625,1514.58642578125,277.45001220703125,470.25,1133.199951171875,6427.85009765625,1519.4000244140625,3082.43603515625,32596.849609375,516.8154296875,4714.625,310.320068359375,1694.0,1486.8934326171875,8309.0751953125,461.04998779296875,416.370849609375,307.25,1418.9136962890625,126.85137939453125,345.0771789550781,317.6000061035156,1392.063720703125,785.9963989257812,2070.721435546875,75.16000366210938,2609.94091796875,132.59727478027344,26795.3515625,1079.7919921875,3334.414794921875,13451.052734375,540.4292602539062,1178.85107421875,164.92999267578125,1759.58837890625,5467.1708984375,4024.14404296875,43.18000030517578,3918.304443359375,708.4574584960938,1614.9151611328125,2579.980224609375,1162.463623046875,4496.36572265625,,378.902099609375,210.30296325683594,569.011474609375,1327.30712890625,4310.85498046875,4410.1357421875,1560.2957763671875,2610.808837890625,2617.2734375,620.1966552734375,12780.13671875,193.58448791503906,1401.70556640625,454.34234619140625,715.8447875976562,10.729999542236328,1517.6324462890625,199.63995361328125,20.719999313354492,,918.8243408203125
6036.94921875,1603.820068359375,2226.39990234375,971.7562866210938,1023.9500122070312,2215.409423828125,965.9500122070312,1544.092529296875,141.33999633789062,515.9197998046875,356.1499938964844,68.55000305175781,5741.72412109375,509.62744140625,7765.95947265625,458.2294616699219,208.36549377441406,2374.300537109375,1681.55517578125,1220.699951171875,3865.60009765625,1394.424560546875,2793.540283203125,9969.693359375,1006.76123046875,2039.5596923828125,10816.59375,2453.86328125,184.50076293945312,314.2847900390625,171.59469604492188,74.51383209228516,1273.4000244140625,446.5401916503906,1906.216552734375,263.9984130859375,386.0,1905.6173095703125,1640.450927734375,394.37835693359375,36499.80859375,6036.46630859375,726.75,153.8062744140625,1747.4136962890625,1345.477294921875,427.7851257324219,1500.800048828125,1194.8677978515625,2268.557373046875,498.3266296386719,4921.9755859375,603.2265014648438,517.7333374023438,442.3500061035156,6447.41259765625,10116.0,1310.9862060546875,8105.1240234375,3559.22607421875,338.2291564941406,267.5299987792969,298.48028564453125,738.2999877929688,169.9600067138672,,1226.2955322265625,1789.15185546875,2854.607177734375,1334.0784912109375,2694.85791015625,883.9794311523438,731.3931884765625,1406.6881103515625,5703.111328125,936.4149780273438,4000.792724609375,422.2463684082031,2359.30224609375,598.8582763671875,186.1194610595703,1393.155029296875,1939.13720703125,672.2171630859375,113.70999908447266,72.59673309326172,20.685422897338867,309.8584289550781,970.867919921875,677.9307861328125,182.52151489257812,36.790000915527344,594.9500122070312,102.14521789550781,124.092041015625,172.3300018310547,444.5207214355469,963.0401611328125,1047.7659912109375,1261.7955322265625,4933.5,496.9598083496094,258.22119140625,1273.286376953125,1261.0,255.551513671875,514.686279296875,787.05419921875,407.1000061035156,423.81829833984375,296.84375,545.4000244140625,,4245.037109375,425.451904296875,2306.476318359375,143269.9375,1007.9589233398438,378.1422119140625,3448.386962890625,193.0668487548828,2279.699951171875,802.0820922851562,15061.734375,1856.9000244140625,1107.9310302734375,2251.699951171875,2202.453125,3407.09130859375,75.52333068847656,262.3999938964844,82.55999755859375,381.8999938964844,1311.694580078125,1540.8255615234375,280.1000061035156,473.45001220703125,1122.800048828125,6665.54052734375,1524.800048828125,3122.990478515625,32128.69140625,515.0221557617188,4764.9501953125,313.38470458984375,1715.9000244140625,1506.0555419921875,8465.8310546875,464.20001220703125,413.42205810546875,303.25,1426.7039794921875,126.79307556152344,345.17462158203125,318.29998779296875,1400.3255615234375,772.6929931640625,2079.90869140625,74.05999755859375,2612.236572265625,134.65728759765625,26675.662109375,1098.3868408203125,3320.58251953125,13746.8779296875,543.7694702148438,1188.084716796875,165.50999450683594,1781.0322265625,5464.68408203125,3979.26123046875,43.27000045776367,3940.427001953125,705.2074584960938,1645.3385009765625,2598.034912109375,1149.77099609375,4428.09033203125,,378.0573425292969,211.16519165039062,574.1820678710938,1327.30712890625,4328.3974609375,4391.0732421875,1559.6978759765625,2566.873779296875,2718.818115234375,634.3099975585938,12678.216796875,195.76023864746094,1378.186767578125,458.9271545410156,725.3363037109375,10.850000381469727,1539.6632080078125,198.8094482421875,21.040000915527344,,937.6574096679688
5977.88916015625,1583.2391357421875,2234.60009765625,957.4202270507812,1011.5499877929688,2160.833984375,947.3499755859375,1514.61669921875,140.11000061035156,511.8212585449219,344.45001220703125,66.93000030517578,5629.4248046875,497.9352722167969,7812.4052734375,451.4681091308594,207.5592498779297,2355.761474609375,1665.2808837890625,1220.4000244140625,3847.60009765625,1382.83349609375,2699.98681640625,9834.1015625,989.8154296875,1991.700439453125,10671.3974609375,2375.635498046875,180.41615295410156,311.86309814453125,170.4810791015625,73.63719940185547,1265.199951171875,442.21453857421875,1905.4189453125,264.09808349609375,385.3999938964844,1855.942626953125,1589.41259765625,389.3343811035156,36186.87109375,5904.16943359375,725.2000122070312,152.34449768066406,1730.1204833984375,1335.6693115234375,424.9726867675781,1491.699951171875,1180.3350830078125,2228.232666015625,494.1394348144531,4858.00634765625,596.3626708984375,511.8595275878906,433.3999938964844,6382.181640625,10528.0,1278.1942138671875,7927.484375,3479.2314453125,332.70562744140625,265.4800109863281,298.8291015625,743.4500122070312,169.52999877929688,,1204.8216552734375,1722.673095703125,2791.10498046875,1349.230712890625,2640.83935546875,873.3060302734375,712.7595825195312,1390.1705322265625,5627.2275390625,919.901123046875,3905.286376953125,417.25360107421875,2314.557373046875,592.9659423828125,182.8011474609375,1367.3724365234375,1894.3074951171875,652.2365112304688,116.01000213623047,73.2647705078125,20.75508689880371,305.2830810546875,969.8397827148438,664.0924072265625,183.50033569335938,36.45000076293945,569.5499877929688,102.46185302734375,121.605224609375,170.86000061035156,438.4492492675781,955.202880859375,1026.431884765625,1272.5625,4827.2001953125,486.09674072265625,254.0338134765625,1257.4771728515625,1244.199951171875,254.8032684326172,518.4256591796875,764.6433715820312,410.1000061035156,414.48443603515625,281.05633544921875,537.75,,4236.91650390625,414.9725646972656,2285.32958984375,140739.359375,984.7903442382812,366.06396484375,3362.0927734375,192.58697509765625,2247.60009765625,785.0599365234375,14709.2744140625,1813.4000244140625,1090.0128173828125,2224.89990234375,2236.539306640625,3325.38232421875,75.12442016601562,260.04998779296875,81.73999786376953,381.8999938964844,1285.5203857421875,1519.275634765625,279.70001220703125,483.8999938964844,1098.300048828125,6738.93798828125,1481.5999755859375,3106.15087890625,31984.2578125,506.1054992675781,4716.6181640625,319.71173095703125,1658.5999755859375,1481.33349609375,8569.837890625,454.79998779296875,406.7380676269531,298.6499938964844,1391.24853515625,125.782470703125,340.9830322265625,316.3500061035156,1387.48486328125,771.696533203125,2034.3719482421875,73.02999877929688,2557.3408203125,132.69679260253906,26007.3984375,1073.32861328125,3401.88330078125,13496.025390625,532.9509887695312,1180.4227294921875,165.7100067138672,1732.4595947265625,5480.60009765625,3947.287353515625,42.66999816894531,3856.221435546875,706.5370483398438,1583.1043701171875,2587.92822265625,1131.42626953125,4433.49365234375,,375.2248840332031,208.03964233398438,576.5950317382812,1323.408447265625,4313.3466796875,4324.70556640625,1560.993408203125,2595.830810546875,2751.900146484375,631.289306640625,12423.41796875,196.4693145751953,1370.247802734375,449.90704345703125,706.5992431640625,10.59000015258789,1556.41064453125,198.69081115722656,20.719999313354492,,920.8724975585938
5889.298828125,1544.2646484375,2222.300048828125,950.3270874023438,972.2999877929688,2123.650634765625,903.5499877929688,1464.1295166015625,137.97000122070312,492.6779479980469,338.1000061035156,65.94000244140625,5556.05615234375,488.33282470703125,7782.4404296875,437.8957214355469,205.50430297851562,2287.255859375,1667.1778564453125,1210.4000244140625,3802.5,1371.2425537109375,2636.65380859375,9640.3291015625,972.2732543945312,1940.244384765625,10563.7353515625,2294.617431640625,176.13328552246094,305.3245849609375,166.84970092773438,70.89895629882812,1268.0,451.412841796875,1873.615478515625,261.30706787109375,374.79998779296875,1849.9183349609375,1577.9388427734375,387.4866027832031,35138.765625,5861.38232421875,711.8499755859375,148.65615844726562,1703.031005859375,1339.0377197265625,420.6307067871094,1448.9000244140625,1157.3414306640625,2189.093994140625,477.5401916503906,4777.1767578125,582.8819580078125,501.0991516113281,427.8999938964844,6377.2021484375,10151.0,1286.2430419921875,7744.896484375,3359.38720703125,321.2604675292969,259.1000061035156,293.9457702636719,710.75,165.07000732421875,,1163.7537841796875,1725.1611328125,2768.6748046875,1331.6502685546875,2593.083740234375,865.0918579101562,704.7880249023438,1347.2843017578125,5510.4453125,935.1217041015625,3943.60888671875,403.7017517089844,2297.233642578125,606.5675048828125,177.89707946777344,1362.5133056640625,1888.330078125,651.2897338867188,114.79000091552734,71.56974792480469,19.874326705932617,306.548583984375,956.2787475585938,648.1135864257812,175.31735229492188,35.20000076293945,568.9500122070312,98.29608917236328,115.31855773925781,166.7899932861328,432.2813415527344,940.9758911132812,995.4276123046875,1261.5997314453125,4520.39990234375,479.6686096191406,250.94313049316406,1260.0623779296875,1237.800048828125,248.41822814941406,504.2160339355469,747.9345092773438,401.75,412.3880310058594,272.9893493652344,527.9500122070312,,4027.36328125,411.3328857421875,2294.46337890625,138583.109375,962.8175048828125,357.94659423828125,3299.648681640625,184.6151580810547,2245.5,775.6032104492188,14244.9375,1806.800048828125,1081.6776123046875,2209.800048828125,2196.609619140625,3442.78955078125,72.94039916992188,252.4499969482422,81.26000213623047,377.54998779296875,1273.5777587890625,1487.2498779296875,282.20001220703125,488.04998779296875,1059.4000244140625,6657.27734375,1468.9000244140625,3088.31494140625,31052.919921875,500.92486572265625,4657.224609375,305.12994384765625,1648.5999755859375,1455.02294921875,8508.130859375,438.45001220703125,399.2677917480469,296.79998779296875,1375.568359375,122.4882583618164,330.4065246582031,299.45001220703125,1351.75,743.8939208984375,2029.37890625,70.23999786376953,2532.188720703125,128.0294189453125,26057.26953125,1046.579833984375,3325.259765625,13980.7392578125,515.7509765625,1168.831787109375,165.58999633789062,1747.9190673828125,5273.19384765625,3926.434814453125,40.95000076293945,3799.818603515625,699.6922607421875,1530.58203125,2564.4765625,1115.7587890625,4370.91552734375,,366.08154296875,206.74630737304688,571.6213989257812,1311.322509765625,4256.33349609375,4360.53466796875,1549.533203125,2561.881103515625,2836.054443359375,616.8787231445312,12270.5380859375,192.4480438232422,1356.15625,443.8272399902344,711.4678344726562,10.289999961853027,1494.4053955078125,196.32778930664062,20.18000030517578,,906.0858154296875
5739.18701171875,1520.8997802734375,2119.699951171875,945.1820678710938,960.5,2075.572021484375,871.9500122070312,1428.380126953125,137.82000732421875,480.63214111328125,321.54998779296875,64.08999633789062,5456.73388671875,473.8047180175781,7657.08642578125,428.84747314453125,197.09771728515625,2265.544189453125,1644.3138427734375,1195.4000244140625,3760.89990234375,1350.2586669921875,2619.997314453125,9518.54296875,939.3257446289062,1887.689208984375,10520.275390625,2248.97607421875,175.88543701171875,289.9227294921875,158.22154235839844,67.39241790771484,1269.300048828125,444.3525085449219,1836.2288818359375,247.10289001464844,356.3999938964844,1882.2119140625,1559.837890625,377.8980712890625,33171.7109375,5793.02099609375,684.9000244140625,142.23788452148438,1652.9508056640625,1300.99462890625,429.4133605957031,1398.0,1164.6077880859375,2158.257568359375,460.7913818359375,4547.0849609375,561.9942016601562,481.1578369140625,416.70001220703125,6290.0615234375,10136.0,1283.063232421875,7547.4638671875,3229.85302734375,312.45269775390625,255.6999969482422,285.4747314453125,669.75,154.61000061035156,,1125.6546630859375,1685.552490234375,2674.866943359375,1324.8511962890625,2492.6796875,854.5167846679688,682.1686401367188,1312.1593017578125,5420.271484375,917.0161743164062,3868.960205078125,381.7810974121094,2238.53076171875,580.6411743164062,172.42527770996094,1353.9852294921875,1848.4814453125,623.5859375,110.18000030517578,69.85478210449219,19.81461524963379,303.6768493652344,919.4140014648438,630.9400634765625,166.83094787597656,34.18000030517578,553.4500122070312,96.71290588378906,112.9212646484375,157.41000366210938,426.2580261230469,926.050048828125,996.6239013671875,1279.7078857421875,4392.89990234375,466.4635009765625,245.9581756591797,1206.072509765625,1168.4000244140625,240.73622131347656,498.08349609375,729.986083984375,393.79998779296875,402.65484619140625,268.2877502441406,518.0,,3845.044189453125,404.54205322265625,2288.307861328125,134814.6875,909.6542358398438,354.230224609375,3230.376220703125,187.35731506347656,2207.199951171875,768.3363647460938,14017.224609375,1747.800048828125,1051.8306884765625,2165.39990234375,2208.004150390625,3311.896240234375,72.03288269042969,249.25,76.70999908447266,365.79998779296875,1239.342529296875,1451.033935546875,276.95001220703125,492.1000061035156,1045.5,6641.72265625,1480.0,3052.54345703125,30858.68359375,501.52264404296875,4692.80126953125,276.8066711425781,1611.0,1428.8116455078125,8244.8798828125,425.8500061035156,389.782470703125,291.95001220703125,1349.1016845703125,117.94049835205078,320.4635925292969,282.04998779296875,1338.8099365234375,724.0633544921875,1927.919921875,68.23999786376953,2531.78955078125,122.28724670410156,25289.265625,1004.3189086914062,3145.542724609375,14514.423828125,499.9468994140625,1153.704345703125,155.6199951171875,1745.92431640625,5411.46484375,3870.828125,39.93000030517578,3733.649658203125,696.9839477539062,1469.4381103515625,2539.2587890625,1101.28125,4280.9296875,,363.5969543457031,192.75485229492188,563.2991943359375,1316.9754638671875,4190.64892578125,4332.39013671875,1470.8057861328125,2500.837890625,2769.590576171875,608.2125854492188,11864.8193359375,185.64878845214844,1306.7369384765625,428.32867431640625,689.4850463867188,9.989999771118164,1434.3939208984375,193.34188842773438,20.010000228881836,,896.0947875976562
5836.14404296875,1514.8349609375,2161.300048828125,972.505615234375,987.9000244140625,2088.266357421875,884.5499877929688,1493.0078125,140.11000061035156,483.28125,327.6000061035156,64.27999877929688,5540.0849609375,477.6357727050781,7765.95947265625,441.8232727050781,199.63442993164062,2268.121826171875,1660.48828125,1225.5,3835.39990234375,1348.060302734375,2754.14404296875,9668.43359375,956.5200805664062,1910.1700439453125,10532.1279296875,2300.5966796875,183.43994140625,292.3928527832031,158.98654174804688,70.31781005859375,1280.5999755859375,457.42901611328125,1892.65771484375,256.4228210449219,360.3500061035156,1883.2982177734375,1591.3907470703125,386.33795166015625,33012.7578125,5865.31689453125,701.0999755859375,143.76742553710938,1668.3447265625,1314.072021484375,443.4754943847656,1447.5999755859375,1147.3875732421875,2174.9609375,478.4873046875,4751.98583984375,577.8945922851562,481.65142822265625,428.1000061035156,6338.3623046875,10224.0,1305.22265625,7674.63232421875,3296.004638671875,318.12548828125,260.79998779296875,288.7136535644531,678.0499877929688,156.72999572753906,,1120.6077880859375,1735.41162109375,2715.64013671875,1315.2352294921875,2504.227294921875,863.4686889648438,681.8696899414062,1345.791748046875,5507.48876953125,949.994140625,3883.9296875,397.900634765625,2232.294189453125,584.9622192382812,174.50045776367188,1346.2503662109375,1868.10693359375,625.280029296875,110.23999786376953,70.19379425048828,20.083322525024414,303.23876953125,931.8980712890625,626.9080200195312,167.9076385498047,34.540000915527344,561.9500122070312,97.81124114990234,115.0400390625,160.1300048828125,435.0279846191406,935.6845092773438,1012.1759033203125,1278.141845703125,4512.7998046875,477.8747253417969,260.663818359375,1240.971923828125,1184.0,242.53201293945312,499.0806579589844,711.4922485351562,399.79998779296875,406.5980224609375,272.6924133300781,521.4000244140625,,3999.634033203125,406.9359436035156,2316.1064453125,139970.6875,913.0423583984375,356.7240905761719,3313.206298828125,192.18545532226562,2226.39990234375,775.3045043945312,14271.6689453125,1748.5999755859375,1056.3226318359375,2352.5,2173.333740234375,3278.677001953125,73.94763946533203,253.85000610351562,78.44000244140625,378.04998779296875,1244.9156494140625,1478.6697998046875,276.3500061035156,479.1000061035156,1052.9000244140625,6600.40673828125,1472.800048828125,3077.9521484375,31401.548828125,497.9360656738281,4625.63427734375,289.7078552246094,1633.5999755859375,1435.5631103515625,8523.5576171875,433.6000061035156,406.59063720703125,299.45001220703125,1373.8704833984375,118.74703979492188,333.2334289550781,279.25,1383.005615234375,727.9995727539062,1942.2999267578125,72.66999816894531,2558.2392578125,125.73055267333984,25134.66796875,1033.6529541015625,3199.975341796875,14662.3369140625,509.46923828125,1148.79296875,156.14999389648438,1779.8353271484375,5552.22265625,3922.462890625,40.25,3805.099853515625,701.4650268554688,1448.4290771484375,2530.427490234375,1109.7099609375,4322.484375,,374.5292053222656,196.51727294921875,567.3864135742188,1299.5289306640625,4261.2177734375,4344.765625,1498.709228515625,2523.53759765625,2780.384521484375,623.5640258789062,12042.19921875,185.71678161621094,1315.668212890625,444.2757263183594,699.566650390625,10.220000267028809,1480.648681640625,193.4704132080078,20.229999542236328,,913.828857421875
5967.0615234375,1492.563720703125,2152.800048828125,963.3145141601562,992.5,2038.9884033203125,858.4000244140625,1471.29931640625,138.99000549316406,482.48150634765625,326.54998779296875,62.41999816894531,5520.12060546875,464.4510192871094,7715.51806640625,437.2494201660156,191.4048309326172,2259.89306640625,1686.54736328125,1231.9000244140625,3875.800048828125,1314.7860107421875,2744.369873046875,9679.7734375,944.3945922851562,1867.306640625,10430.392578125,2241.900634765625,181.45713806152344,286.09649658203125,154.5320587158203,69.07672882080078,1356.699951171875,467.81494140625,1918.08056640625,258.11737060546875,352.75,1847.5482177734375,1587.434326171875,390.23333740234375,33117.0703125,5884.9892578125,715.4500122070312,141.3085479736328,1625.6614990234375,1308.9202880859375,434.64349365234375,1490.300048828125,1157.5406494140625,2178.914306640625,478.28790283203125,4761.20947265625,570.3887939453125,472.4705505371094,422.6000061035156,6303.00830078125,10029.0,1295.5838623046875,7541.5263671875,3254.771240234375,314.44317626953125,254.8000030517578,285.5245361328125,680.6500244140625,155.7100067138672,,1104.9722900390625,1659.279541015625,2709.957763671875,1317.7606201171875,2450.208740234375,843.10546875,666.1756591796875,1342.508056640625,5432.59033203125,953.9236450195312,4015.56298828125,385.109619140625,2203.2890625,576.320068359375,172.56231689453125,1302.419921875,1873.1876220703125,611.9263916015625,108.88999938964844,69.7750244140625,20.292316436767578,301.48651123046875,919.8056640625,621.0839233398438,165.1082000732422,34.08000183105469,552.7999877929688,98.42472839355469,116.66143798828125,157.27000427246094,435.6543884277344,916.36572265625,977.0841674804688,1280.686767578125,4404.10009765625,486.54522705078125,267.99169921875,1226.6541748046875,1180.4000244140625,238.790771484375,490.6047668457031,692.7008666992188,395.54998779296875,399.1109313964844,269.12908935546875,511.79998779296875,,3911.593994140625,401.73291015625,2326.927978515625,138538.1875,886.1369018554688,355.5016174316406,3297.867431640625,202.28244018554688,2187.0,781.6754150390625,14018.21484375,1701.5,1040.1514892578125,2471.89990234375,2156.972412109375,3211.7431640625,73.9775619506836,255.25,79.79000091552734,380.6000061035156,1246.408447265625,1471.1871337890625,278.95001220703125,484.5,1038.300048828125,6530.89794921875,1428.4000244140625,3068.5859375,31471.275390625,498.6832580566406,4760.96435546875,287.08807373046875,1603.9000244140625,1423.5496826171875,8511.6142578125,423.5,400.8896484375,299.1499938964844,1333.8209228515625,115.93870544433594,330.6014709472656,286.0,1398.334716796875,721.5222778320312,1941.5999755859375,70.98999786376953,2617.72607421875,122.17778015136719,24810.509765625,1001.8330078125,3252.9150390625,15143.052734375,513.4576416015625,1122.7620849609375,154.94000244140625,1794.6964111328125,5327.9052734375,3919.98046875,39.9900016784668,3770.81982421875,696.3929443359375,1443.5731201171875,2509.625244140625,1107.330078125,4253.9140625,,373.1875305175781,194.4499053955078,567.7803955078125,1297.9693603515625,4230.7177734375,4309.236328125,1476.187255859375,2478.20458984375,2721.416748046875,622.3259887695312,11747.220703125,183.23989868164062,1379.1790771484375,446.16943359375,709.156494140625,10.0600004196167,1473.770263671875,193.19357299804688,20.1200008392334,,912.230224609375
5888.806640625,1442.155517578125,2097.89990234375,930.7461547851562,981.4000244140625,1998.3065185546875,854.1500244140625,1415.335205078125,139.11000061035156,467.73663330078125,324.29998779296875,60.58000183105469,5450.24560546875,449.72393798828125,7769.95458984375,428.1514587402344,183.8044891357422,2201.6982421875,1603.378173828125,1247.300048828125,3966.199951171875,1287.3072509765625,2761.624267578125,9252.783203125,932.31884765625,1839.929931640625,10124.197265625,2235.024658203125,172.62368774414062,279.02520751953125,146.50428771972656,64.70342254638672,1335.5,456.72998046875,1856.6669921875,254.57876586914062,331.1499938964844,1843.4990234375,1564.9813232421875,389.2345275878906,31393.4140625,5793.5126953125,697.5499877929688,135.44207763671875,1582.3785400390625,1312.68505859375,431.8804016113281,1454.5999755859375,1163.11474609375,2131.177001953125,472.3061828613281,4652.708984375,567.821044921875,460.72296142578125,415.6499938964844,6304.00439453125,9804.0,1278.8897705078125,7190.7001953125,3167.557861328125,307.4267578125,249.6999969482422,272.3694763183594,662.0999755859375,148.97999572753906,,1069.0504150390625,1637.683837890625,2672.873291015625,1319.606201171875,2408.4228515625,827.0215454101562,651.42822265625,1324.79638671875,5400.5615234375,940.4439086914062,3981.831298828125,365.7091064453125,2172.50244140625,564.6827392578125,170.45777893066406,1267.7125244140625,1882.552001953125,599.4696044921875,99.0,66.564453125,20.133081436157227,297.8846435546875,880.1504516601562,608.9878540039062,157.80616760253906,33.029998779296875,539.7999877929688,96.54469299316406,113.74688720703125,154.75999450683594,422.5958557128906,879.7750244140625,976.2866821289062,1287.14697265625,4236.7001953125,477.2767333984375,262.3088684082031,1185.7889404296875,1144.0999755859375,231.70736694335938,487.2642517089844,683.1317138671875,389.0,385.68414306640625,263.4872131347656,500.20001220703125,,3804.93603515625,393.4764709472656,2286.52099609375,134689.90625,885.73828125,340.19598388671875,3154.473388671875,186.103759765625,2163.300048828125,774.4583740234375,13373.6875,1707.5999755859375,1039.65234375,2387.0,2130.579833984375,3214.718017578125,72.84066772460938,239.75,79.12999725341797,376.25,1229.887939453125,1466.098876953125,270.79998779296875,474.04998779296875,1038.699951171875,6525.55126953125,1430.0,3022.3515625,31023.037109375,489.21868896484375,4766.544921875,275.3731994628906,1578.4000244140625,1376.488525390625,8189.6416015625,413.6499938964844,386.0964660644531,295.20001220703125,1302.959716796875,111.81851196289062,316.2232360839844,276.20001220703125,1417.4462890625,718.1839599609375,1912.5,68.97000122070312,2547.559326171875,117.410888671875,23528.841796875,981.6471557617188,3213.110595703125,14968.15625,499.2489318847656,1079.050048828125,149.52000427246094,1802.675537109375,5385.10400390625,3788.808349609375,39.619998931884766,3615.1640625,687.3815307617188,1470.0325927734375,2479.991455078125,1093.249267578125,4227.880859375,,370.603515625,187.15042114257812,557.5376586914062,1302.4530029296875,4145.59716796875,4365.02587890625,1423.968017578125,2455.970947265625,2607.17919921875,619.0081176757812,11150.40234375,173.9249267578125,1345.4388427734375,436.30224609375,697.7470703125,9.90999984741211,1432.00146484375,196.50575256347656,19.649999618530273,,908.0339965820312
6127.01611328125,1465.520263671875,2100.60009765625,937.5894775390625,1013.5999755859375,1995.6077880859375,856.9000244140625,1418.1234130859375,138.94000244140625,472.2850646972656,332.5,61.720001220703125,5606.4658203125,459.8239440917969,7793.9267578125,435.3105163574219,190.31344604492188,2260.785400390625,1658.092041015625,1285.9000244140625,3946.800048828125,1313.686767578125,2853.08349609375,9476.6328125,934.05810546875,1866.2076416015625,10162.71875,2234.6259765625,180.69374084472656,285.1762390136719,151.22991943359375,67.7371597290039,1384.4000244140625,462.7218322753906,1836.627685546875,257.8183288574219,325.8999938964844,1827.4017333984375,1556.6728515625,395.32720947265625,31870.275390625,5870.23486328125,728.2000122070312,137.72671508789062,1621.26318359375,1321.10595703125,437.7026062011719,1474.5999755859375,1133.94970703125,2172.6875,471.35906982421875,4679.189453125,577.302001953125,474.7410583496094,425.8500061035156,6345.83154296875,10908.0,1306.3157958984375,7458.396484375,3291.554931640625,315.53790283203125,256.79998779296875,275.060302734375,794.5,150.2899932861328,,1100.0244140625,1667.340576171875,2735.37841796875,1322.4229736328125,2480.447265625,835.629150390625,653.7698364257812,1351.2645263671875,5628.70556640625,951.6355590820312,4031.929931640625,368.3719177246094,2168.146484375,579.364501953125,175.9002227783203,1300.9324951171875,1882.1536865234375,599.5692749023438,103.0199966430664,67.07295989990234,20.864561080932617,300.8537292480469,910.35693359375,626.609375,156.55328369140625,33.790000915527344,547.9500122070312,99.65169525146484,116.35307312011719,157.66000366210938,429.2937927246094,897.2467651367188,973.594970703125,1268.1578369140625,4380.39990234375,487.0435485839844,262.1094665527344,1207.3651123046875,1187.199951171875,235.44859313964844,480.98211669921875,687.4452514648438,392.8500061035156,391.1746520996094,271.2572021484375,512.5,,3838.5078125,401.293212890625,2320.573974609375,137045.796875,898.7924194335938,352.76324462890625,3259.470703125,189.60000610351562,2237.699951171875,786.3042602539062,13729.1181640625,1733.199951171875,1041.24951171875,2482.10009765625,2144.701416015625,3255.671630859375,72.84066772460938,245.14999389648438,79.66999816894531,377.29998779296875,1235.261962890625,1490.542236328125,269.20001220703125,470.54998779296875,1040.5999755859375,6633.94580078125,1467.9000244140625,3072.571533203125,31411.509765625,498.2349548339844,4811.189453125,286.79150390625,1605.5,1417.4931640625,7686.52880859375,424.25,405.1162414550781,298.6499938964844,1305.6563720703125,114.20899963378906,325.9711608886719,283.6000061035156,1402.3162841796875,713.5999755859375,1963.699951171875,69.86000061035156,2591.67578125,122.814697265625,23897.8828125,1056.92138671875,3258.8857421875,14711.3076171875,510.26690673828125,1092.5074462890625,149.83999633789062,1808.0614013671875,5428.37548828125,3906.5751953125,41.45000076293945,3771.916259765625,681.5708618164062,1463.2938232421875,2465.9599609375,1090.2744140625,4279.84912109375,,378.9517822265625,191.059814453125,559.408935546875,1302.745361328125,4206.2978515625,4419.01806640625,1446.489990234375,2473.212158203125,2642.65966796875,624.25732421875,11420.880859375,180.95730590820312,1396.3468017578125,435.0563659667969,710.1400756835938,10.010000228881836,1444.362548828125,198.6611328125,19.90999984741211,,922.2711791992188
6181.64697265625,1448.0216064453125,2016.300048828125,917.509033203125,992.0,1973.8173828125,849.6500244140625,1404.8792724609375,138.85000610351562,566.7020874023438,323.79998779296875,61.7400016784668,5534.5947265625,455.54510498046875,7675.0654296875,431.78070068359375,181.56272888183594,2212.8017578125,1743.5577392578125,1304.800048828125,3944.800048828125,1254.832275390625,2829.9443359375,9198.052734375,888.1901245117188,1793.7694091796875,10052.09375,2168.0576171875,180.90194702148438,280.23602294921875,149.41908264160156,66.03314208984375,1360.0,453.484375,1791.6640625,254.9276580810547,325.04998779296875,1784.5411376953125,1519.48193359375,394.8777770996094,31507.662109375,5824.49658203125,726.2999877929688,134.95803833007812,1556.78857421875,1317.1431884765625,440.8604431152344,1460.699951171875,1103.68994140625,2031.6502685546875,469.0162353515625,4592.60791015625,566.0927734375,465.8069763183594,417.95001220703125,6326.41162109375,10618.0,1317.1470947265625,7178.32958984375,3358.596435546875,310.0143737792969,251.6999969482422,268.5325927734375,884.9000244140625,147.97000122070312,,1080.0347900390625,1643.157470703125,2727.1044921875,1311.54443359375,2395.798828125,820.38134765625,645.5989990234375,1358.727294921875,5494.18408203125,954.12255859375,3997.000732421875,365.4237976074219,2139.636474609375,577.056640625,173.8054656982422,1283.777099609375,1868.10693359375,596.43017578125,99.13999938964844,65.96621704101562,20.949153900146484,300.8050842285156,898.6561889648438,621.2830810546875,157.2286834716797,33.560001373291016,534.1500244140625,98.20703887939453,114.19451904296875,162.6699981689453,422.8367919921875,875.7316284179688,953.5568237304688,1249.2667236328125,4350.7001953125,486.3459167480469,258.76953125,1172.06787109375,1187.0,238.1422882080078,471.9079284667969,677.033203125,390.5,382.5395812988281,263.9326171875,505.3999938964844,,3801.667724609375,392.01080322265625,2327.722412109375,136017.59375,877.3179321289062,345.2815246582031,3135.27490234375,186.9199981689453,2243.800048828125,758.133056640625,13362.796875,1725.5,1030.3687744140625,2436.10009765625,2127.85302734375,3137.371826171875,73.259521484375,248.4499969482422,79.7300033569336,379.8999938964844,1227.7978515625,1485.3543701171875,270.75,482.70001220703125,1025.699951171875,6602.8369140625,1463.199951171875,3001.526611328125,31471.275390625,495.99334716796875,4731.267578125,286.34661865234375,1575.699951171875,1393.366943359375,7394.4150390625,417.70001220703125,399.9558410644531,298.79998779296875,1269.9013671875,112.5667495727539,324.65521240234375,277.20001220703125,1383.8017578125,715.0,1938.5999755859375,70.52999877929688,2483.980224609375,120.80443572998047,23678.453125,1025.8968505859375,3256.198974609375,14506.4287109375,514.853515625,1071.781005859375,153.8800048828125,1821.127197265625,5296.57080078125,4009.646484375,41.619998931884766,3588.258056640625,678.3700561523438,1469.537109375,2418.663818359375,1064.3934326171875,4266.88134765625,,383.3743896484375,190.80506896972656,548.4768676757812,1300.60107421875,4126.7587890625,4422.41162109375,1434.033203125,2414.698486328125,2564.602294921875,619.8499755859375,11232.7216796875,175.73158264160156,1371.537841796875,429.8236999511719,709.6974487304688,9.710000038146973,1466.7921142578125,199.9464569091797,19.530000686645508,,920.9224243164062
6308.626953125,1425.1539306640625,2009.199951171875,901.32470703125,1004.4000244140625,2001.105224609375,866.5499877929688,1385.66015625,149.11000061035156,607.3878784179688,319.95001220703125,62.06999969482422,5434.27392578125,444.25103759765625,7565.6923828125,415.27508544921875,175.47654724121094,2202.094482421875,1693.336669921875,1311.9000244140625,3953.60009765625,1233.5487060546875,2843.10986328125,9034.849609375,857.8267211914062,1769.290283203125,9668.85546875,2272.294677734375,176.4802703857422,280.1391906738281,149.88389587402344,66.10208892822266,1349.4000244140625,452.93511962890625,1774.217041015625,266.9887390136719,326.3500061035156,1778.9119873046875,1505.337646484375,391.7315368652344,31100.341796875,5692.19970703125,737.2999877929688,135.85833740234375,1525.5008544921875,1311.9915771484375,463.9026184082031,1444.300048828125,1102.7940673828125,1952.7799072265625,465.7262878417969,4714.49658203125,551.179931640625,453.4670715332031,408.20001220703125,6256.201171875,10803.0,1310.6881103515625,6903.21044921875,3193.66259765625,308.5215148925781,244.9499969482422,269.3298645019531,845.0999755859375,152.35000610351562,,1041.3419189453125,1608.52490234375,2664.798583984375,1319.1204833984375,2377.009765625,819.2008666992188,643.4067993164062,1347.2843017578125,5316.30078125,964.7173461914062,4005.383544921875,365.5189208984375,2115.383056640625,572.5391845703125,172.92449951171875,1255.9119873046875,1848.2822265625,590.8993530273438,98.80999755859375,64.59025573730469,21.183029174804688,296.0350341796875,890.627197265625,622.1790771484375,158.7451629638672,33.86000061035156,536.7000122070312,98.8699951171875,116.41275787353516,161.91000366210938,426.01708984375,830.005615234375,952.460205078125,1238.9891357421875,4251.7001953125,516.543212890625,258.1713562011719,1165.9031982421875,1225.0,241.6341094970703,460.4405517578125,665.6295166015625,389.95001220703125,374.6531677246094,262.7943420410156,498.5,,3683.521728515625,389.20166015625,2340.330810546875,137764.546875,866.0076293945312,338.6800537109375,2999.698486328125,191.44000244140625,2207.89990234375,753.7033081054688,12881.62890625,1696.199951171875,1018.58984375,2443.300048828125,2128.145263671875,3216.80029296875,74.57592010498047,265.25,80.87000274658203,390.54998779296875,1214.959716796875,1466.8970947265625,270.54998779296875,479.29998779296875,1009.0999755859375,6508.05224609375,1462.699951171875,2941.840576171875,30739.15234375,488.7703857421875,4698.08251953125,293.3162536621094,1560.199951171875,1377.4813232421875,7419.79443359375,410.95001220703125,408.80224609375,303.6000061035156,1251.1248779296875,113.31500244140625,334.8418273925781,279.6000061035156,1385.7926025390625,710.25,1939.4000244140625,72.3499984741211,2621.3193359375,119.59032440185547,23439.07421875,1025.8968505859375,3308.4423828125,14516.4228515625,508.8210754394531,1065.9854736328125,153.64999389648438,1820.52880859375,5319.4501953125,4015.306396484375,42.43000030517578,3410.6787109375,672.8056640625,1436.239990234375,2396.5859375,1048.9244384765625,4253.71728515625,,399.67340087890625,189.56072998046875,543.503173828125,1315.611083984375,4116.09375,4437.18212890625,1500.8018798828125,2352.257568359375,2548.31103515625,623.019287109375,10867.18359375,176.87774658203125,1353.0799560546875,409.6905212402344,707.7794799804688,9.5600004196167,1444.861083984375,200.22329711914062,19.309999465942383,,916.0767822265625
6292.38525390625,1368.4818115234375,1933.199951171875,883.4920043945312,992.2999877929688,1960.2235107421875,861.3499755859375,1357.4788818359375,146.57000732421875,565.7024536132812,310.75,59.279998779296875,5345.93212890625,423.25494384765625,7541.22119140625,398.02374267578125,167.78770446777344,2177.904541015625,1609.2689208984375,1296.5,3834.300048828125,1196.3773193359375,2789.650634765625,8751.8330078125,849.825927734375,1736.5181884765625,9389.3291015625,2217.98388671875,173.99183654785156,272.2445068359375,145.4487762451172,63.127445220947266,1312.0,438.8042907714844,1670.0330810546875,257.6688232421875,319.29998779296875,1780.98583984375,1456.4752197265625,383.09185791015625,29987.6640625,5713.34765625,709.9000244140625,130.3790740966797,1513.4056396484375,1302.480712890625,460.8434753417969,1385.5,1084.677978515625,1934.396484375,452.0181884765625,4611.45166015625,536.0203247070312,447.6919860839844,403.25,6046.06787109375,10338.0,1284.1563720703125,6671.140625,3085.6845703125,295.1854553222656,238.14999389648438,262.15435791015625,851.5,147.77999877929688,,1017.196044921875,1569.81201171875,2560.623046875,1287.359130859375,2330.037109375,803.7071533203125,623.5276489257812,1303.7015380859375,5130.533203125,905.3271484375,3906.48388671875,350.6832275390625,2138.250732421875,542.0463256835938,169.04823303222656,1244.3099365234375,1830.1510009765625,581.7311401367188,92.18000030517578,62.38672637939453,20.680448532104492,293.455322265625,852.14697265625,607.14599609375,155.15713500976562,32.61000061035156,527.5999755859375,97.19999694824219,114.24425506591797,156.50999450683594,408.5735778808594,813.0830688476562,949.469482421875,1221.8597412109375,4158.2001953125,511.2113342285156,252.6380157470703,1112.9075927734375,1143.300048828125,234.70034790039062,456.8507385253906,654.6224365234375,379.0,366.2177429199219,255.37075805664062,496.6000061035156,,3405.73486328125,377.5009460449219,2298.23583984375,134684.921875,863.3170166015625,322.9343566894531,2900.638916015625,178.13999938964844,2138.89990234375,748.9749755859375,12465.8056640625,1628.0999755859375,988.2437133789062,2328.0,2059.58349609375,3305.25244140625,74.77537536621094,259.5,78.58999633789062,384.45001220703125,1196.4486083984375,1448.7391357421875,264.1000061035156,470.54998779296875,976.2000122070312,6344.2451171875,1446.0,2885.94140625,30166.404296875,479.803955078125,4622.744140625,283.0348205566406,1565.5,1330.420166015625,7159.529296875,408.3500061035156,398.67803955078125,300.95001220703125,1255.4195556640625,108.54373168945312,323.144287109375,271.25,1374.3455810546875,704.9000244140625,1904.4000244140625,69.88999938964844,2494.95947265625,113.27095031738281,22905.4609375,997.9548950195312,3191.9150390625,14242.5849609375,484.641357421875,1028.4619140625,149.88999938964844,1796.890625,5111.54638671875,3859.210205078125,41.40999984741211,3312.92041015625,660.6426391601562,1385.501220703125,2365.284423828125,1074.5078125,4180.03857421875,,392.51776123046875,179.80197143554688,532.1771240234375,1299.0416259765625,4059.878173828125,4381.29296875,1456.2562255859375,2321.76904296875,2456.86083984375,603.5577392578125,10403.64453125,168.8934783935547,1304.355224609375,399.97271728515625,678.2230834960938,9.270000457763672,1409.771240234375,195.34896850585938,18.799999237060547,,905.086669921875
6120.6181640625,1365.3001708984375,1893.699951171875,884.4411010742188,996.5,1977.115966796875,866.9500122070312,1368.134033203125,154.05999755859375,521.8677368164062,314.6000061035156,58.4900016784668,5313.490234375,426.886962890625,7481.291015625,410.4526672363281,169.87216186523438,2198.624755859375,1617.156494140625,1279.5999755859375,3817.89990234375,1213.763916015625,2855.078369140625,8947.0849609375,872.7848510742188,1772.3875732421875,9512.794921875,2158.291748046875,161.14320373535156,271.1789855957031,145.90390014648438,62.37886428833008,1284.0,428.917724609375,1691.866943359375,252.6848907470703,304.95001220703125,1766.5673828125,1470.223876953125,376.599609375,30156.552734375,5746.298828125,698.6500244140625,130.21450805664062,1526.5003662109375,1287.9173583984375,454.2318115234375,1334.699951171875,1075.6197509765625,1918.484130859375,452.9154357910156,4551.9453125,523.7740478515625,452.9734802246094,401.25,6046.06787109375,10263.0,1268.8533935546875,6756.744140625,3025.762451171875,293.7423400878906,237.0,259.9618835449219,805.5499877929688,146.05999755859375,,1030.258544921875,1552.4957275390625,2646.156494140625,1290.46728515625,2316.532470703125,826.9231567382812,623.7767944335938,1290.8656005859375,5201.982421875,916.3695678710938,3905.186767578125,336.4656677246094,2153.79248046875,524.2710571289062,168.48048400878906,1262.258544921875,1843.5003662109375,581.8806762695312,76.9000015258789,62.62602615356445,20.5809268951416,300.0749816894531,859.1478271484375,610.6304931640625,147.64410400390625,32.209999084472656,526.4500122070312,96.44000244140625,114.58246612548828,155.49000549316406,411.6093444824219,823.7158203125,946.6780395507812,1223.3280029296875,4222.10009765625,503.4377746582031,249.6470489501953,1139.057373046875,1133.0,233.80245971679688,466.4733581542969,626.6585693359375,381.6000061035156,369.21258544921875,257.9937438964844,501.5,,3435.8408203125,379.7726745605469,2273.912353515625,132114.40625,845.7786865234375,312.5186767578125,3004.5478515625,206.77000427246094,2094.699951171875,746.6853637695312,12630.154296875,1645.199951171875,968.8781127929688,2331.800048828125,2026.7633056640625,3332.8193359375,75.06458282470703,257.0,77.55999755859375,382.3999938964844,1207.5950927734375,1414.8179931640625,260.45001220703125,460.1000061035156,1013.7999877929688,6235.36474609375,1475.300048828125,2879.763671875,30081.73828125,481.9957275390625,4622.744140625,280.1184997558594,1552.300048828125,1343.9229736328125,7093.34326171875,423.3999938964844,399.31695556640625,297.75,1248.72802734375,107.83436584472656,324.07037353515625,266.70001220703125,1388.6793212890625,695.5499877929688,1909.199951171875,69.16000366210938,2444.355712890625,112.77336883544922,23254.5546875,986.420166015625,3134.19873046875,14073.6845703125,487.7822570800781,1047.8131103515625,144.69000244140625,1778.5386962890625,5054.84521484375,3900.021728515625,41.0099983215332,3363.045166015625,646.9038696289062,1399.2760009765625,2364.0087890625,1083.531494140625,4128.1689453125,,388.1448059082031,183.1626739501953,520.1616821289062,1305.5718994140625,4077.4208984375,4258.13818359375,1440.8096923828125,2393.862548828125,2420.98046875,602.9634399414062,10876.9833984375,170.5641632080078,1307.332275390625,405.80340576171875,674.3379516601562,9.390000343322754,1401.9957275390625,192.9068603515625,18.540000915527344,,886.103759765625
6211.66943359375,1377.0322265625,1965.5999755859375,901.1748046875,1000.5999755859375,1974.5172119140625,868.6500244140625,1359.769287109375,155.60000610351562,516.6695556640625,318.6499938964844,58.189998626708984,5323.9716796875,432.0613708496094,7491.279296875,419.5506591796875,173.1561279296875,2218.948486328125,1649.40576171875,1286.0,3781.39990234375,1227.153564453125,2965.78662109375,8983.5712890625,863.2931518554688,1773.1868896484375,9544.4013671875,2143.443115234375,158.20864868164062,274.3755798339844,146.59144592285156,61.5416259765625,1296.800048828125,438.7543640136719,1740.7186279296875,255.52572631835938,300.04998779296875,1804.2926025390625,1514.3385009765625,377.0989990234375,30444.65625,5761.544921875,708.4000244140625,132.21841430664062,1528.399658203125,1269.985595703125,456.1560974121094,1359.5999755859375,1068.9508056640625,1910.3797607421875,451.021240234375,4558.58984375,541.0076904296875,446.80352783203125,402.29998779296875,6061.50439453125,10289.0,1275.7099609375,6838.38916015625,3018.64306640625,300.46014404296875,240.0,263.6492614746094,812.2999877929688,147.7100067138672,,1030.258544921875,1576.5792236328125,2674.966796875,1283.1824951171875,2332.3857421875,831.5958251953125,640.0188598632812,1310.5672607421875,5277.37353515625,931.7891235351562,3955.085693359375,329.2380676269531,2136.46875,536.5467529296875,168.84268188476562,1277.9263916015625,1828.85595703125,590.401123046875,74.0999984741211,63.473533630371094,20.66054344177246,296.76513671875,855.7208862304688,619.2919311523438,145.3842315673828,32.06999969482422,526.9500122070312,96.73999786376953,115.58712768554688,156.82000732421875,420.3310852050781,819.5225830078125,960.136474609375,1206.785888671875,4287.89990234375,504.0855712890625,252.1893768310547,1160.533935546875,1157.300048828125,237.04486083984375,464.42919921875,648.2264404296875,383.70001220703125,373.5550842285156,260.46826171875,498.8999938964844,,3508.531005859375,379.9681091308594,2281.65625,132518.703125,839.2516479492188,312.7631530761719,3096.38330078125,200.36000061035156,2068.199951171875,751.314208984375,12843.0166015625,1654.0,974.6679077148438,2362.300048828125,2019.946044921875,3390.531494140625,76.68016052246094,262.25,79.22000122070312,383.3500061035156,1201.1260986328125,1454.9249267578125,264.75,473.75,1022.0,6126.48388671875,1498.199951171875,2882.653076171875,30395.50390625,484.6358642578125,4513.72265625,284.41888427734375,1595.800048828125,1347.2987060546875,7132.65673828125,406.0,410.9155578613281,298.5,1264.2086181640625,108.83525848388672,329.1880187988281,267.79998779296875,1391.167724609375,693.8499755859375,1932.0999755859375,69.04000091552734,2493.2626953125,115.2712631225586,23613.62109375,998.9492797851562,3157.981689453125,14025.712890625,500.6448669433594,1045.8485107421875,153.52999877929688,1789.70947265625,4989.19140625,3896.34765625,41.27000045776367,3479.8369140625,646.1652221679688,1422.0687255859375,2346.8369140625,1068.954833984375,4031.30615234375,,398.38140869140625,191.48110961914062,516.9115600585938,1307.813720703125,4077.121826171875,4296.9609375,1438.41796875,2419.4248046875,2474.55126953125,609.94580078125,10893.6435546875,171.0206756591797,1291.45458984375,405.00604248046875,687.8621215820312,9.25,1415.951904296875,189.15965270996094,18.639999389648438,,889.0010986328125
6238.24658203125,1397.1160888671875,2013.4000244140625,929.2476196289062,1036.699951171875,2006.3028564453125,891.2999877929688,1396.0166015625,154.07000732421875,515.4700317382812,328.45001220703125,59.22999954223633,5341.939453125,439.0766296386719,7462.31298828125,417.3631591796875,175.6240234375,2242.642822265625,1665.780029296875,1269.0,3844.0,1252.2342529296875,2987.728759765625,9142.3369140625,874.7228393554688,1790.2723388671875,9737.99609375,2164.669189453125,162.09495544433594,274.2787170410156,147.62759399414062,63.16684341430664,1320.199951171875,441.9999694824219,1798.9420166015625,259.3135070800781,303.70001220703125,1832.339599609375,1576.2572021484375,382.14300537109375,30802.302734375,5788.5947265625,707.1500244140625,133.11871337890625,1523.6015625,1256.7100830078125,449.1990661621094,1411.9000244140625,1126.782958984375,1918.978271484375,457.45159912109375,4678.79296875,556.1179809570312,446.0631408691406,422.54998779296875,6114.78466796875,10709.0,1286.640625,6954.67138671875,3056.2177734375,307.2774963378906,243.64999389648438,270.57562255859375,814.0999755859375,150.9499969482422,,1042.826416015625,1635.096435546875,2714.643310546875,1318.2462158203125,2416.0556640625,829.333251953125,641.0651245117188,1337.2344970703125,5347.34423828125,928.207763671875,3953.588623046875,332.2337341308594,2113.79931640625,527.9537963867188,175.07798767089844,1278.521484375,1824.2733154296875,586.6640625,74.93000030517578,65.06884765625,20.784944534301758,295.986328125,870.3590087890625,634.1259155273438,146.96018981933594,32.56999969482422,540.25,98.25,117.3478012084961,157.3300018310547,424.9570007324219,840.7882080078125,991.8386840820312,1240.261474609375,4360.60009765625,507.3743896484375,259.2181701660156,1173.5592041015625,1179.199951171875,247.62008666992188,476.5946044921875,682.4871215820312,389.6000061035156,374.75299072265625,266.0606994628906,503.1499938964844,,3573.001220703125,383.9253234863281,2285.825927734375,133656.71875,851.1597900390625,314.3279724121094,3181.19287109375,192.0500030517578,2103.10009765625,752.5585327148438,12918.26171875,1668.699951171875,978.0618286132812,2456.89990234375,2068.348388671875,3404.2158203125,77.14888000488281,261.8500061035156,79.48999786376953,378.5,1199.0362548828125,1469.391357421875,265.0,470.45001220703125,1076.4000244140625,6410.83740234375,1538.699951171875,2917.12939453125,31595.78515625,488.3220520019531,4682.33740234375,288.2743835449219,1627.300048828125,1374.5028076171875,7339.67431640625,412.04998779296875,424.87322998046875,299.3999938964844,1319.7386474609375,109.92361450195312,339.2771301269531,275.1000061035156,1401.6195068359375,715.5499877929688,1962.5,70.44000244140625,2564.527099609375,117.21185302734375,23862.97265625,1015.8536376953125,3205.14990234375,13690.9111328125,510.3167419433594,1050.8582763671875,154.4199981689453,1773.651611328125,4973.77294921875,3982.637451171875,42.060001373291016,3560.35546875,640.600830078125,1483.212646484375,2395.01611328125,1066.0792236328125,4133.27734375,,397.8844909667969,191.46153259277344,540.3023681640625,1350.1142578125,4131.94189453125,4280.79248046875,1449.2803955078125,2423.68505859375,2558.3056640625,625.44580078125,11022.0224609375,172.8079071044922,1310.210205078125,413.7271423339844,667.8463745117188,9.4399995803833,1418.1448974609375,192.1060028076172,18.940000534057617,,898.7922973632812
6116.68115234375,1345.116943359375,1929.800048828125,900.67529296875,1005.2999877929688,1935.9344482421875,854.9000244140625,1350.3092041015625,151.00999450683594,555.9558715820312,312.29998779296875,56.849998474121094,5230.638671875,417.8815612792969,7243.5673828125,417.06488037109375,165.7425994873047,2167.197509765625,1637.823974609375,1247.5,3808.199951171875,1206.06982421875,2887.39306640625,8745.4228515625,827.1155395507812,1713.4378662109375,9555.2666015625,2113.447509765625,156.7017059326172,264.05926513671875,141.15890502929688,61.699222564697266,1257.800048828125,430.2159423828125,1707.2203369140625,250.94052124023438,286.0,1804.2926025390625,1574.081298828125,368.1097717285156,29937.990234375,5580.55908203125,686.7000122070312,128.67529296875,1454.5286865234375,1227.682373046875,448.2122497558594,1361.4000244140625,1087.2659912109375,1867.6829833984375,439.3070373535156,4468.63623046875,535.5264892578125,424.6903991699219,413.3999938964844,5947.97216796875,10194.0,1266.468505859375,6722.60205078125,2854.895751953125,300.410400390625,239.39999389648438,264.9946594238281,787.9500122070312,144.27000427246094,,1011.5553588867188,1544.6336669921875,2599.80078125,1274.1494140625,2349.609130859375,785.2130126953125,631.2501220703125,1287.8804931640625,5097.51904296875,892.3945922851562,3794.810302734375,308.88653564453125,2056.383544921875,497.068115234375,167.67782592773438,1239.6490478515625,1785.3212890625,560.9533081054688,70.16000366210938,62.42660903930664,20.715280532836914,290.0968017578125,841.2295532226562,610.92919921875,141.46913146972656,31.649999618530273,525.8499755859375,95.04000091552734,115.96513366699219,153.69000244140625,411.1756286621094,814.97998046875,967.6134033203125,1194.9422607421875,4154.2998046875,504.18524169921875,252.4884796142578,1124.44140625,1138.0999755859375,238.89053344726562,452.9119567871094,653.3829345703125,373.6000061035156,367.5155029296875,254.03451538085938,483.5,,3401.278564453125,374.2520751953125,2235.29248046875,130317.546875,815.0864868164062,304.64581298828125,3013.7509765625,184.77999877929688,2000.800048828125,737.8756713867188,12473.7255859375,1627.9000244140625,951.4091796875,2361.39990234375,1993.943115234375,3278.677001953125,76.03193664550781,258.6499938964844,77.94000244140625,374.04998779296875,1180.624755859375,1442.453857421875,269.1000061035156,477.04998779296875,1041.800048828125,6191.1318359375,1488.699951171875,2880.560546875,31102.724609375,472.5311584472656,4586.86865234375,267.76104736328125,1575.5999755859375,1299.5426025390625,7146.09326171875,400.25,404.8213806152344,296.70001220703125,1266.40576171875,106.39618682861328,324.9964294433594,262.3500061035156,1378.4267578125,694.25,1903.0999755859375,68.7300033569336,2474.09912109375,111.21094512939453,23274.501953125,944.45751953125,3063.94384765625,13151.2294921875,497.2547302246094,1030.3282470703125,152.5500030517578,1739.8402099609375,4783.27734375,3816.412841796875,41.09000015258789,3442.16845703125,627.2067260742188,1427.9156494140625,2311.806640625,1035.8350830078125,3968.138671875,,396.0458679199219,186.66053771972656,514.5971069335938,1306.64404296875,4024.693603515625,4202.4482421875,1441.9058837890625,2317.841552734375,2528.621826171875,605.9346923828125,10597.6845703125,167.22280883789062,1279.0501708984375,403.3116760253906,654.4205932617188,8.9399995803833,1342.9810791015625,186.2825164794922,18.389999389648438,,875.3634033203125
6198.380859375,1373.4530029296875,1973.0999755859375,900.6253662109375,1009.9000244140625,1926.23876953125,863.0999755859375,1359.6697998046875,151.5399932861328,551.7073364257812,311.25,59.97999954223633,5248.107421875,418.47857666015625,7355.93701171875,418.4569091796875,166.05723571777344,2176.516357421875,1629.237548828125,1291.4000244140625,3770.800048828125,1202.9722900390625,2798.726806640625,8925.390625,825.4755859375,1708.8419189453125,9395.2548828125,2097.80224609375,157.0784454345703,271.1789855957031,145.72959899902344,64.50641632080078,1249.9000244140625,425.5223388671875,1706.322998046875,261.2073974609375,287.79998779296875,1823.1551513671875,1566.860595703125,380.4949645996094,30191.32421875,5526.4599609375,681.5999755859375,132.0828857421875,1439.9344482421875,1244.72265625,461.97833251953125,1341.5,1084.27978515625,1874.0084228515625,445.936767578125,4577.333984375,534.0451049804688,425.18402099609375,422.8500061035156,6074.94873046875,10342.0,1290.7147216796875,6837.39990234375,3025.1689453125,301.2065734863281,240.60000610351562,266.19061279296875,791.4500122070312,142.8699951171875,,1007.0032348632812,1542.0462646484375,2608.1748046875,1295.4207763671875,2334.832275390625,767.7518310546875,621.4351196289062,1274.8453369140625,5199.02587890625,869.7129516601562,3774.7509765625,319.8230895996094,2061.72900390625,505.5137939453125,168.8328857421875,1234.9884033203125,1770.4775390625,550.1906127929688,73.06999969482422,62.7656135559082,20.655567169189453,291.9950866699219,860.3228149414062,612.8207397460938,143.32261657714844,33.720001220703125,522.8499755859375,94.69000244140625,115.75624084472656,156.6300048828125,418.78912353515625,817.2762451171875,975.1900634765625,1229.2987060546875,4149.10009765625,505.3313293457031,250.39479064941406,1162.9202880859375,1186.5,238.7408905029297,450.2694396972656,655.415771484375,382.70001220703125,366.117919921875,258.5381774902344,486.1499938964844,,3401.57568359375,379.47955322265625,2305.78125,127312.7890625,794.1102294921875,301.56512451171875,3034.236083984375,191.19000244140625,2000.0,740.9118041992188,12475.7060546875,1639.300048828125,963.0884399414062,2324.10009765625,2036.502197265625,3288.097412109375,76.59040832519531,266.3500061035156,79.77999877929688,380.95001220703125,1187.8897705078125,1442.453857421875,265.3999938964844,475.5,1054.300048828125,6396.7412109375,1497.0999755859375,2899.09423828125,31879.669921875,472.8300476074219,4700.375,254.71157836914062,1543.0999755859375,1331.7109375,7137.1357421875,393.6000061035156,405.8042907714844,297.6000061035156,1246.630615234375,108.3785400390625,325.29168701171875,264.54998779296875,1407.8905029296875,688.75,1896.9000244140625,70.08000183105469,2449.84521484375,111.05170440673828,23473.984375,933.3204956054688,3114.29638671875,12926.3623046875,504.7828369140625,1039.26708984375,155.52000427246094,1772.4547119140625,4653.4619140625,3807.47607421875,41.95000076293945,3450.140625,623.71044921875,1404.0328369140625,2345.7578125,1041.3880615234375,4163.04345703125,,399.9218444824219,192.79405212402344,531.48779296875,1349.7244873046875,4093.169189453125,4261.73095703125,1445.6927490234375,2369.565185546875,2535.91796875,619.5528564453125,10715.2841796875,172.53594970703125,1290.16455078125,400.12225341796875,661.1581420898438,9.34000015258789,1320.3521728515625,188.744384765625,18.579999923706055,,889.7005004882812
5946.88232421875,1322.14990234375,1893.9000244140625,848.7257690429688,946.9000244140625,1832.1807861328125,816.4500122070312,1298.1290283203125,147.85000610351562,513.420654296875,294.95001220703125,56.939998626708984,5135.30908203125,393.4027099609375,7136.69189453125,397.2283020019531,159.26312255859375,2103.053955078125,1553.8560791015625,1278.699951171875,3655.60009765625,1169.6978759765625,2707.267578125,8654.20703125,807.63525390625,1674.071533203125,9049.55078125,2033.126953125,147.0652313232422,257.5691833496094,139.1834259033203,61.384029388427734,1158.5,404.95025634765625,1643.61328125,252.0369873046875,271.29998779296875,1773.5791015625,1558.552001953125,366.7114562988281,28944.52734375,5400.0654296875,664.0999755859375,125.4225845336914,1380.35791015625,1210.4442138671875,449.2483825683594,1269.199951171875,1095.32861328125,1827.6549072265625,422.45855712890625,4480.8349609375,508.36749267578125,412.0049743652344,411.3999938964844,5988.80419921875,9894.0,1245.402099609375,6612.25732421875,2839.470458984375,289.36334228515625,234.75,253.4840087890625,760.4500122070312,135.39999389648438,,991.9615478515625,1489.997802734375,2523.239501953125,1319.606201171875,2206.3427734375,732.04248046875,589.9971313476562,1224.8944091796875,4991.5771484375,835.889404296875,3627.25,303.5133361816406,2031.5361328125,478.9000549316406,161.6187286376953,1212.4781494140625,1715.6856689453125,529.4127197265625,67.38999938964844,60.06355285644531,20.023609161376953,282.7470397949219,820.716552734375,579.8675537109375,136.8899383544922,32.11000061035156,510.29998779296875,89.44999694824219,109.9271469116211,147.97999572753906,398.5989685058594,777.09130859375,971.7008056640625,1230.1796875,3945.300048828125,481.0638732910156,240.5744171142578,1103.262939453125,1106.199951171875,225.5717315673828,436.8077392578125,653.779541015625,362.70001220703125,355.93548583984375,245.12623596191406,460.70001220703125,,3310.0693359375,361.5254211425781,2280.1669921875,124757.25,725.351806640625,286.6017761230469,2925.082275390625,183.14999389648438,1927.4000244140625,721.998291015625,12232.15234375,1567.5,955.2024536132812,2206.699951171875,2009.72021484375,3089.47705078125,75.07455444335938,253.8000030517578,75.08999633789062,372.3999938964844,1161.218017578125,1408.233154296875,265.45001220703125,464.6499938964844,992.7999877929688,6265.5009765625,1434.4000244140625,2752.7197265625,31222.25390625,461.5721740722656,4708.1474609375,235.33511352539062,1477.4000244140625,1305.4996337890625,6762.9111328125,376.20001220703125,394.3117980957031,302.1000061035156,1177.1181640625,102.56752014160156,311.4631042480469,250.25,1401.3209228515625,653.2999877929688,1832.300048828125,66.5199966430664,2386.964599609375,106.0758285522461,22666.083984375,872.7631225585938,2973.687255859375,12422.66015625,483.5445861816406,1013.6292724609375,143.0399932861328,1753.8035888671875,4503.25390625,3678.48828125,39.939998626708984,3400.61376953125,599.6306762695312,1370.537353515625,2339.085205078125,1015.0112915039062,4057.830322265625,,384.5670166015625,183.38803100585938,511.15008544921875,1348.9447021484375,3840.498291015625,4205.54248046875,1358.09619140625,2234.498046875,2469.654052734375,596.6248168945312,10154.7255859375,163.74546813964844,1265.4547119140625,380.9359436035156,635.142578125,8.699999809265137,1247.2816162109375,185.42233276367188,17.649999618530273,,859.8273315429688
6065.4951171875,1326.6240234375,1974.4000244140625,876.648681640625,967.2999877929688,1817.0875244140625,839.5499877929688,1338.5587158203125,150.11000061035156,521.7178344726562,302.3999938964844,58.130001068115234,5287.53662109375,405.5426025390625,7404.38037109375,402.39874267578125,164.32675170898438,2198.228271484375,1591.896240234375,1281.5999755859375,3756.5,1191.78076171875,2798.527099609375,8774.513671875,843.8129272460938,1702.9468994140625,9222.4033203125,2050.466796875,148.70106506347656,262.0250549316406,141.70118713378906,62.92060089111328,1174.0999755859375,413.8881530761719,1703.6312255859375,257.3697814941406,282.25,1779.7020263671875,1563.9921875,368.6091613769531,29883.349609375,5423.18017578125,667.2999877929688,128.89793395996094,1418.3428955078125,1208.0665283203125,436.2717590332031,1305.0999755859375,1104.98388671875,1855.4276123046875,431.7800598144531,4581.59912109375,514.5399780273438,416.0030822753906,418.8999938964844,6001.25244140625,10174.0,1251.662353515625,6799.79345703125,2867.35498046875,297.0763854980469,240.0500030517578,261.60626220703125,794.2000122070312,137.6699981689453,,996.4147338867188,1533.0894775390625,2541.482421875,1333.8843994140625,2301.3642578125,752.454833984375,600.8584594726562,1228.0784912109375,5176.85205078125,850.2146606445312,3646.610595703125,320.298583984375,2064.005859375,488.1313781738281,165.5830841064453,1240.7398681640625,1723.5557861328125,535.64111328125,67.06999969482422,61.90813446044922,20.217676162719727,283.52581787109375,853.2730102539062,601.3717651367188,137.4747314453125,32.439998626708984,515.1500244140625,92.87000274658203,113.76678466796875,149.88999938964844,413.7295227050781,795.9608154296875,984.3617553710938,1251.224365234375,4150.7998046875,482.3594665527344,251.69088745117188,1127.225341796875,1120.5999755859375,232.15631103515625,447.32781982421875,659.4318237304688,371.70001220703125,366.2177429199219,252.203369140625,479.0,,3482.782470703125,370.6612548828125,2315.014404296875,127422.59375,723.8570556640625,299.4624328613281,2999.797607421875,181.72000122070312,1987.800048828125,735.7354736328125,12340.068359375,1583.5,967.4806518554688,2253.0,2061.53125,3128.744873046875,76.33111572265625,259.3500061035156,76.7699966430664,375.54998779296875,1177.5394287109375,1440.4583740234375,268.04998779296875,477.95001220703125,1035.0999755859375,6421.53125,1461.4000244140625,2749.13232421875,32044.0234375,471.0367431640625,4896.69287109375,239.14120483398438,1503.5,1322.6759033203125,7031.138671875,381.45001220703125,395.0548400878906,299.0,1199.9893798828125,104.22920227050781,315.7445068359375,258.45001220703125,1405.302490234375,673.5,1836.0,66.93000030517578,2466.912841796875,110.59392547607422,23264.529296875,898.5173950195312,2987.121337890625,12546.5869140625,493.2663269042969,1012.5487670898438,145.72999572753906,1748.717041015625,4625.111328125,3728.037841796875,41.040000915527344,3467.579833984375,598.8920288085938,1394.618408203125,2353.803955078125,1044.2637939453125,4106.556640625,,382.38055419921875,186.93487548828125,522.377685546875,1396.4111328125,3886.746337890625,4248.15771484375,1361.5841064453125,2240.4228515625,2567.200927734375,614.5017700195312,10548.6845703125,168.835205078125,1317.851318359375,387.06561279296875,640.896484375,8.880000114440918,1298.0223388671875,186.60879516601562,18.06999969482422,,885.6041870117188
6115.2041015625,1360.0306396484375,1998.5999755859375,909.5167846679688,990.4000244140625,1885.7568359375,853.7999877929688,1370.125732421875,153.64999389648438,520.6181640625,314.70001220703125,58.849998474121094,5425.78955078125,419.722412109375,7571.685546875,417.26373291015625,168.08267211914062,2250.673095703125,1644.0142822265625,1307.800048828125,3910.800048828125,1221.158203125,2882.605712890625,8922.9248046875,877.356689453125,1744.711181640625,9436.7392578125,2200.145751953125,152.10157775878906,264.1561584472656,144.7709197998047,64.526123046875,1182.199951171875,412.8894958496094,1731.2474365234375,261.2073974609375,284.54998779296875,1812.0943603515625,1565.970458984375,379.1965026855469,30191.32421875,5554.4931640625,692.25,132.17001342773438,1473.221435546875,1232.8341064453125,437.8506774902344,1317.4000244140625,1157.7396240234375,1898.025390625,443.7933349609375,4699.6201171875,527.7244262695312,425.48016357421875,430.3500061035156,5989.7998046875,10415.0,1292.5032958984375,6920.0341796875,2934.198486328125,305.68511962890625,244.10000610351562,270.0274963378906,790.25,139.1999969482422,,1028.774169921875,1557.3721923828125,2639.5771484375,1341.65478515625,2335.223876953125,769.5717163085938,610.7233276367188,1262.10888671875,5212.82275390625,864.1420288085938,3661.9794921875,327.1458435058594,2113.304443359375,508.410888671875,173.34539794921875,1249.1688232421875,1763.603759765625,538.7303466796875,67.1500015258789,63.05476760864258,20.46647834777832,287.8578186035156,890.0886840820312,614.56298828125,139.27865600585938,33.04999923706055,523.75,95.23999786376953,118.57130432128906,149.0,412.3321228027344,817.0765991210938,994.9291381835938,1252.00732421875,4294.7001953125,492.6245422363281,257.4236145019531,1149.39794921875,1143.0,236.7954559326172,461.0388488769531,667.9597778320312,391.8500061035156,370.4604187011719,258.6371154785156,496.29998779296875,,3614.000732421875,381.604736328125,2330.70068359375,129743.546875,731.2808837890625,308.8511657714844,3095.591796875,186.13999938964844,2024.0,750.3187866210938,12584.6123046875,1585.9000244140625,986.4469604492188,2255.89990234375,2076.431640625,3292.361572265625,76.98931121826172,267.45001220703125,77.8499984741211,378.3999938964844,1198.3394775390625,1496.22900390625,270.20001220703125,471.3999938964844,1065.9000244140625,6415.2119140625,1468.300048828125,2895.0087890625,32507.203125,483.2908935546875,4911.740234375,247.00054931640625,1572.0,1353.0572509765625,7111.25830078125,390.6499938964844,399.7113037109375,295.0,1226.555908203125,106.95979309082031,322.5357971191406,268.8500061035156,1406.596435546875,700.2000122070312,1851.800048828125,67.87999725341797,2563.229736328125,112.58428192138672,24167.181640625,950.6226806640625,3086.134765625,12882.388671875,509.9677734375,1041.821044921875,151.7100067138672,1790.7069091796875,4741.9951171875,3805.093017578125,42.27000045776367,3530.858642578125,615.733154296875,1436.7354736328125,2332.80517578125,1047.2386474609375,4139.17138671875,,388.2939147949219,192.6764678955078,535.6242065429688,1372.82421875,4026.08935546875,4288.9765625,1387.095703125,2315.844482421875,2680.938720703125,619.2557373046875,10979.8828125,175.1488037109375,1301.57666015625,400.12225341796875,658.6500244140625,9.039999961853027,1364.513427734375,186.915283203125,18.469999313354492,,902.888671875
6009.3876953125,1306.8385009765625,1986.199951171875,881.8935546875,956.0,1822.185302734375,832.5,1332.1856689453125,153.9199981689453,528.915283203125,305.75,57.04999923706055,5334.95166015625,406.8362121582031,7540.22216796875,410.10467529296875,160.35450744628906,2188.413330078125,1616.557373046875,1314.199951171875,3903.199951171875,1204.271240234375,2772.495849609375,8777.4716796875,838.6446533203125,1693.255126953125,9037.6982421875,2143.04443359375,147.63034057617188,252.14462280273438,140.40357971191406,63.49188995361328,1136.9000244140625,404.2012634277344,1719.8818359375,254.03054809570312,282.70001220703125,1820.9825439453125,1487.8302001953125,369.6579284667969,29421.390625,5409.9013671875,667.9500122070312,126.28416442871094,1415.7440185546875,1230.753662109375,439.1828308105469,1256.800048828125,1139.4244384765625,1855.32861328125,436.8645324707031,4593.40087890625,516.5151977539062,414.2261657714844,428.75,5972.86962890625,10019.0,1273.623046875,6740.91015625,2810.596923828125,299.4151611328125,239.64999389648438,268.3830871582031,788.5,137.19000244140625,,998.1959228515625,1497.959228515625,2620.037841796875,1325.23974609375,2264.373291015625,743.8963623046875,608.0328979492188,1225.4913330078125,5068.44677734375,862.2021484375,3581.343017578125,324.1977233886719,2053.512451171875,500.5544128417969,165.67576599121094,1223.4854736328125,1740.391845703125,528.565673828125,64.01000213623047,61.688777923583984,20.36695671081543,286.88433837890625,853.5667114257812,588.2800903320312,136.54302978515625,32.20000076293945,510.6000061035156,92.44999694824219,113.70709991455078,148.3300018310547,410.83831787109375,791.2683715820312,988.3494262695312,1242.806396484375,4099.5,483.15673828125,249.19839477539062,1123.8448486328125,1131.4000244140625,232.0066680908203,453.0615234375,654.5232543945312,388.3500061035156,365.5189514160156,249.08546447753906,506.04998779296875,,3529.625,374.0566711425781,2317.992919921875,129349.234375,697.7487182617188,295.30596923828125,3009.69384765625,177.10000610351562,2038.800048828125,739.0702514648438,12265.8134765625,1557.0999755859375,973.3701171875,2162.89990234375,2061.725830078125,3243.177490234375,76.3809814453125,270.3999938964844,77.19999694824219,375.6499938964844,1187.4915771484375,1453.6279296875,281.95001220703125,478.0,1008.7999877929688,6753.52001953125,1459.199951171875,2800.7470703125,31680.453125,474.67315673828125,4882.8408203125,243.3921661376953,1501.4000244140625,1305.4996337890625,7033.62646484375,384.54998779296875,392.330322265625,295.5,1171.325439453125,102.15937805175781,313.43157958984375,264.04998779296875,1341.8956298828125,673.9500122070312,1837.5999755859375,66.16999816894531,2490.16845703125,109.19017791748047,23643.54296875,898.7162475585938,3033.990966796875,12410.6669921875,487.33355712890625,1001.4487915039062,146.47000122070312,1788.91162109375,4557.4677734375,3721.384765625,40.81999969482422,3433.199951171875,596.1836547851562,1385.699462890625,2344.97265625,1039.702392578125,4087.498046875,,383.32470703125,189.31578063964844,531.1922607421875,1356.3521728515625,3968.478271484375,4257.14013671875,1347.6324462890625,2263.055908203125,2564.902099609375,590.1375732421875,10827.9833984375,170.4475860595703,1244.2183837890625,388.012451171875,649.4000244140625,8.890000343322754,1318.4581298828125,189.43649291992188,18.1200008392334,,895.8949584960938
5848.44873046875,1247.3824462890625,1937.0,841.8824462890625,934.9000244140625,1758.0140380859375,806.9000244140625,1307.09130859375,150.42999267578125,509.77197265625,292.25,53.88999938964844,5289.533203125,399.2736511230469,7410.37353515625,409.95550537109375,151.5447998046875,2146.576171875,1596.489013671875,1304.4000244140625,3956.800048828125,1160.4051513671875,2676.44873046875,8659.630859375,796.6527709960938,1630.4088134765625,8638.65625,2075.778564453125,140.13531494140625,239.84254455566406,132.65664672851562,60.40890121459961,1096.5999755859375,400.1068420410156,1669.53466796875,244.7106170654297,281.0,1760.2469482421875,1492.2811279296875,360.4689025878906,28557.078125,5334.16259765625,655.0499877929688,119.50770568847656,1354.1680908203125,1212.82177734375,444.5116882324219,1193.0999755859375,1109.562744140625,1767.8597412109375,424.0038146972656,4463.08203125,497.84954833984375,405.193359375,416.70001220703125,5922.5771484375,9673.0,1246.9920654296875,6517.7470703125,2709.6396484375,286.52691650390625,235.0,258.5168151855469,749.1500244140625,137.7100067138672,,974.5447998046875,1464.222412109375,2549.7568359375,1303.0941162109375,2168.960205078125,719.6473999023438,588.50244140625,1184.6947021484375,4989.6064453125,879.8600463867188,3480.14794921875,318.9671936035156,2034.505859375,493.1398620605469,157.3160858154297,1195.8187255859375,1704.1295166015625,507.78778076171875,61.5,58.67761993408203,22.033931732177734,280.0699768066406,828.0601196289062,568.4185180664062,134.20387268066406,31.3799991607666,494.5,87.2300033569336,108.40522003173828,145.6199951171875,402.98394775390625,751.2332153320312,964.7223510742188,1224.1109619140625,3943.5,470.0014953613281,240.07591247558594,1116.08935546875,1113.0999755859375,223.576416015625,432.86895751953125,629.4351196289062,375.8999938964844,352.7909240722656,237.7521514892578,495.25,,3470.205322265625,354.5147705078125,2297.2431640625,128271.1171875,674.6299438476562,279.8047180175781,2923.99365234375,179.83999633789062,2005.800048828125,732.599853515625,12183.638671875,1490.699951171875,960.5928344726562,2065.199951171875,1999.39697265625,3133.60400390625,73.51881408691406,268.6000061035156,76.2699966430664,370.6499938964844,1169.1798095703125,1415.7158203125,284.6499938964844,475.45001220703125,959.0,6543.53564453125,1427.800048828125,2709.076171875,31650.5703125,458.0354309082031,4860.3193359375,245.6165008544922,1506.300048828125,1275.8133544921875,6811.18212890625,368.3999938964844,375.98321533203125,296.1000061035156,1125.0836181640625,97.71851348876953,300.2919616699219,249.64999389648438,1337.7149658203125,635.4500122070312,1777.300048828125,63.349998474121094,2433.37646484375,104.89764404296875,22960.318359375,867.194580078125,2920.64794921875,12068.869140625,480.10455322265625,962.058837890625,151.4199981689453,1752.606689453125,4352.54833984375,3718.80322265625,39.560001373291016,3363.800048828125,574.4183349609375,1335.753662109375,2314.652099609375,1006.28515625,3906.54345703125,,376.4175109863281,187.98326110839844,501.4983215332031,1348.9447021484375,3938.4765625,4211.830078125,1301.29296875,2193.9580078125,2515.9287109375,562.5050659179688,10530.064453125,159.49107360839844,1209.48583984375,382.82965087890625,654.7999877929688,8.529999732971191,1268.8140869140625,185.52120971679688,17.25,,870.4178466796875
5968.04541015625,1320.2607421875,1934.800048828125,874.0512084960938,956.5999755859375,1841.676513671875,851.9500122070312,1379.5858154296875,157.11000061035156,520.7182006835938,302.8999938964844,58.04999923706055,5235.13037109375,418.2795715332031,7297.00537109375,412.88873291015625,146.60899353027344,2206.655029296875,1567.8341064453125,1342.0999755859375,4271.10009765625,1192.1805419921875,2860.065185546875,8772.048828125,812.3065795898438,1645.5958251953125,8797.6806640625,2120.22412109375,146.4010009765625,244.1337432861328,137.2176513671875,63.90557861328125,1203.9000244140625,418.13238525390625,1663.3533935546875,251.0302276611328,281.25,1759.7530517578125,1449.6502685546875,364.7637939453125,30434.72265625,5384.3271484375,680.2999877929688,123.2347640991211,1373.0606689453125,1184.784912109375,443.4754943847656,1338.5999755859375,1148.58203125,1798.49853515625,443.1951599121094,4571.185546875,503.4294738769531,409.6357116699219,431.3999938964844,5882.24365234375,10254.0,1201.9774169921875,6754.76513671875,2795.567138671875,298.4199523925781,239.97000122070312,266.68890380859375,785.6500244140625,140.6699981689453,,987.1619873046875,1500.8453369140625,2584.747802734375,1315.5267333984375,2290.404052734375,730.17333984375,570.9151611328125,1180.01806640625,5047.7509765625,899.9053955078125,3663.376708984375,319.1098327636719,2043.91015625,515.0397338867188,165.64620971679688,1202.561767578125,1688.4888916015625,511.5746154785156,67.6500015258789,60.003726959228516,21.506471633911133,283.9638977050781,869.477783203125,582.6053466796875,134.52105712890625,32.40999984741211,511.20001220703125,91.98999786376953,113.16000366210938,148.1699981689453,407.8989562988281,784.3795776367188,982.2183837890625,1248.6793212890625,4180.7998046875,482.5089416503906,247.20440673828125,1133.8870849609375,1137.4000244140625,231.3881072998047,442.4417419433594,668.6539306640625,387.1000061035156,355.43634033203125,242.14691162109375,515.5499877929688,,3572.60498046875,364.4566955566406,2258.52392578125,128870.0703125,682.95068359375,283.32550048828125,2999.99560546875,184.13999938964844,2001.300048828125,741.1109008789062,12384.62109375,1477.4000244140625,957.1989135742188,2318.199951171875,2080.814208984375,3228.69970703125,75.18425750732422,283.20001220703125,78.16999816894531,364.6499938964844,1175.1510009765625,1471.08740234375,288.04998779296875,473.3999938964844,997.0999755859375,6691.30224609375,1433.0999755859375,2834.72509765625,32492.26171875,468.3468322753906,5031.6240234375,254.93896484375,1517.5999755859375,1297.6561279296875,6892.29736328125,382.6499938964844,394.01458740234375,292.79998779296875,1143.4605712890625,101.06131744384766,317.0240478515625,262.6099853515625,1362.8984375,637.1500244140625,1790.5,67.26000213623047,2550.354248046875,107.43324279785156,23204.68359375,895.4845581054688,3002.2470703125,12799.4375,495.8089294433594,999.7789306640625,155.82000732421875,1723.9818115234375,4569.3056640625,3632.7119140625,41.119998931884766,3425.800048828125,597.5625,1377.67236328125,2363.027587890625,1015.2095947265625,4054.39208984375,,377.85858154296875,190.66790771484375,523.017822265625,1368.925537109375,4052.20361328125,4103.1455078125,1332.48486328125,2347.531005859375,2571.298583984375,588.800537109375,10499.6845703125,166.71771240234375,1239.7528076171875,400.4710693359375,677.2000122070312,8.640000343322754,1245.786376953125,189.02122497558594,17.90999984741211,,862.4249877929688
6045.80810546875,1318.2723388671875,1899.199951171875,867.4076538085938,941.5999755859375,1833.3802490234375,856.0,1371.8184814453125,159.97000122070312,519.868408203125,298.25,57.65999984741211,5248.6064453125,416.3889465332031,7308.9912109375,407.1217346191406,145.9502410888672,2150.34375,1551.0604248046875,1333.699951171875,4362.39990234375,1196.9769287109375,2843.907470703125,8636.94921875,821.7982177734375,1639.3011474609375,8882.130859375,2060.033447265625,145.08242797851562,241.74111938476562,134.75799560546875,62.930450439453125,1185.5999755859375,421.0284423828125,1637.6314697265625,247.31222534179688,278.1499938964844,1767.4560546875,1490.4019775390625,352.1288757324219,31924.916015625,5352.8515625,680.0499877929688,122.98306274414062,1355.767578125,1181.3175048828125,443.4261779785156,1314.5,1207.807861328125,1808.1844482421875,437.91131591796875,4608.27783203125,515.7744750976562,411.90625,426.25,5832.44873046875,9920.5,1209.6290283203125,6580.5888671875,2812.080322265625,297.8227844238281,245.97999572753906,264.6458740234375,773.75,141.72999572753906,,984.440673828125,1501.04443359375,2556.136962890625,1361.9547119140625,2298.330810546875,738.6826171875,564.0894775390625,1174.744384765625,4938.85302734375,911.4949951171875,3679.5439453125,310.0277404785156,2044.5042724609375,506.495849609375,165.59690856933594,1205.635986328125,1682.7108154296875,501.6590576171875,69.55000305175781,60.043609619140625,21.6955623626709,285.0834045410156,851.2657470703125,580.1661987304688,132.9451141357422,32.790000915527344,511.79998779296875,91.83999633789062,114.94000244140625,146.30999755859375,409.4409484863281,777.4407958984375,990.7420654296875,1273.247802734375,4193.5,489.4353942871094,240.52456665039062,1134.781982421875,1137.9000244140625,228.94383239746094,445.28363037109375,690.9655151367188,394.3500061035156,357.38299560546875,237.900634765625,517.4000244140625,,3578.151123046875,359.0093688964844,2258.126953125,126169.78125,693.6132202148438,278.8756103515625,2980.4013671875,182.13999938964844,1998.5,757.8841552734375,12505.4072265625,1464.199951171875,942.9242553710938,2264.60009765625,2152.2001953125,3152.147216796875,75.12442016601562,278.6000061035156,78.08000183105469,359.6499938964844,1185.600830078125,1503.4124755859375,287.20001220703125,480.1499938964844,1006.0,6797.7529296875,1426.9000244140625,2787.19580078125,33812.07421875,465.2085876464844,5209.60595703125,251.78533935546875,1525.199951171875,1264.494873046875,6845.51904296875,393.29998779296875,398.52239990234375,289.95001220703125,1150.5516357421875,101.52775573730469,319.6814880371094,260.6600036621094,1344.2845458984375,638.2000122070312,1774.0,67.33999633789062,2411.51806640625,106.62464141845703,23065.046875,886.5848999023438,3011.800048828125,13101.2587890625,495.1109313964844,1000.3683471679688,155.16000366210938,1689.1729736328125,4514.1962890625,3616.5263671875,40.779998779296875,3391.39990234375,642.0288696289062,1374.798583984375,2404.730224609375,1033.2569580078125,4166.580078125,,382.6289978027344,190.21719360351562,532.915771484375,1404.98828125,4083.800048828125,3979.2919921875,1327.601806640625,2363.573974609375,2565.901611328125,587.31494140625,10407.564453125,167.0576934814453,1211.867431640625,402.3648376464844,687.6500244140625,8.579999923706055,1231.53125,192.70912170410156,17.8700008392334,,863.4740600585938
6096.501953125,1354.2640380859375,1915.0,882.6928100585938,991.3499755859375,1901.349853515625,921.0999755859375,1381.2786865234375,163.25999450683594,523.2672729492188,311.29998779296875,58.939998626708984,5227.14501953125,427.9317932128906,7364.4267578125,408.5634765625,148.37881469726562,2165.511962890625,1520.40869140625,1340.4000244140625,4551.2998046875,1244.34033203125,2974.463623046875,8818.396484375,845.6515502929688,1670.874267578125,9018.931640625,2120.72216796875,151.268798828125,251.62156677246094,138.5249481201172,65.58989715576172,1224.5999755859375,426.5708923339844,1665.5467529296875,244.85015869140625,278.70001220703125,1770.5177001953125,1501.0843505859375,354.5759582519531,33241.25390625,5444.328125,687.2999877929688,126.34224700927734,1392.6529541015625,1189.7384033203125,453.49169921875,1333.9000244140625,1214.5765380859375,1808.382080078125,449.07720947265625,4659.6513671875,522.6383056640625,408.4017333984375,435.8999938964844,5797.0947265625,10008.0,1210.1258544921875,6527.6435546875,2860.927734375,297.37493896484375,252.52000427246094,270.57562255859375,790.5999755859375,143.13999938964844,,991.5162353515625,1577.0767822265625,2606.28076171875,1363.0233154296875,2335.517333984375,758.45556640625,578.3387451171875,1200.6153564453125,5029.51904296875,922.6368408203125,3744.512451171875,311.977294921875,2063.807861328125,516.6110229492188,167.11508178710938,1221.10546875,1706.5205078125,511.3254699707031,70.05999755859375,60.901092529296875,20.57097625732422,287.0303649902344,881.08056640625,592.7601318359375,132.86581420898438,33.04999923706055,514.7000122070312,92.72000122070312,115.58000183105469,148.80999755859375,410.0673522949219,784.9286499023438,991.240478515625,1278.5333251953125,4312.5,495.01641845703125,237.9024658203125,1127.1258544921875,1134.0,234.7602081298828,459.7923889160156,689.0318603515625,420.3500061035156,359.9285888671875,252.84674072265625,517.5499877929688,,3691.642333984375,363.9437255859375,2263.48779296875,126823.640625,707.7635498046875,275.0614318847656,2990.198486328125,178.94000244140625,2017.699951171875,747.1333618164062,12561.8408203125,1498.800048828125,929.9473266601562,2313.699951171875,2176.839599609375,3262.216552734375,75.95215606689453,275.0,81.4000015258789,366.1000061035156,1210.1826171875,1516.38232421875,281.8500061035156,472.20001220703125,1029.0999755859375,6821.5703125,1470.0,2827.55078125,34613.921875,469.9408874511719,5291.02294921875,251.61727905273438,1554.699951171875,1281.968994140625,7013.72119140625,395.5,402.1385803222656,295.1499938964844,1181.7122802734375,103.49066925048828,322.3881530761719,261.54998779296875,1298.6953125,635.0999755859375,1836.800048828125,67.69000244140625,2429.1845703125,108.07212829589844,23633.568359375,922.7801513671875,3033.095458984375,13295.14453125,507.9237060546875,1014.4642333984375,160.44000244140625,1690.17041015625,4573.88134765625,3646.4150390625,41.59000015258789,3487.800048828125,624.6461181640625,1390.059814453125,2427.4951171875,1046.3460693359375,4197.03369140625,,381.4861145019531,192.13758850097656,535.08251953125,1412.7857666015625,4232.212890625,4003.643798828125,1374.33984375,2551.96240234375,2581.492919921875,601.9235229492188,10735.86328125,169.1265869140625,1226.8521728515625,399.67376708984375,690.0,8.760000228881836,1248.0792236328125,195.06224060058594,18.149999618530273,,865.522216796875
6170.8193359375,1332.2911376953125,1890.5999755859375,887.5880737304688,986.25,1881.2587890625,925.3499755859375,1375.2042236328125,163.36000061035156,519.3685913085938,308.54998779296875,57.65999984741211,5163.25927734375,418.37908935546875,7317.98095703125,410.5024108886719,150.3649139404297,2167.395751953125,1542.0745849609375,1330.0,4466.0,1249.1365966796875,2943.04638671875,8923.9111328125,849.8756103515625,1682.9639892578125,9123.6298828125,2120.024658203125,147.84844970703125,250.01356506347656,133.1989288330078,65.5406494140625,1235.9000244140625,427.2200012207031,1666.24462890625,252.77459716796875,277.45001220703125,1807.5516357421875,1505.9310302734375,339.643798828125,33226.3515625,5451.21337890625,693.9000244140625,125.37418365478516,1414.4444580078125,1191.2244873046875,456.8962097167969,1348.0,1224.9285888671875,1828.8409423828125,452.21759033203125,4600.740234375,527.4775390625,408.9446716308594,442.0,5825.9755859375,10116.5,1188.5625,6537.044921875,2877.242919921875,295.83233642578125,247.94000244140625,274.21319580078125,790.75,145.3800048828125,,1018.4329833984375,1597.2791748046875,2612.8603515625,1400.223876953125,2295.00341796875,759.4392700195312,579.6340942382812,1227.97900390625,4977.7802734375,949.5464477539062,3788.52294921875,315.1631774902344,2089.34814453125,529.0831909179688,169.73731994628906,1235.0875244140625,1720.0689697265625,514.86328125,69.63999938964844,61.01076889038086,20.451549530029297,290.5348815917969,886.3679809570312,597.7379760742188,133.2523651123047,32.939998626708984,516.2000122070312,92.93000030517578,115.68000030517578,148.19000244140625,407.8025817871094,783.5308837890625,1002.6552734375,1311.0301513671875,4268.7998046875,486.1465759277344,233.6054229736328,1145.3214111328125,1168.199951171875,234.78016662597656,411.9783630371094,701.9230346679688,414.3500061035156,362.3244934082031,251.9658203125,512.8499755859375,,3687.284912109375,363.0887756347656,2281.755615234375,126953.4140625,715.1376342773438,271.3939514160156,2975.3544921875,179.3300018310547,2040.0999755859375,749.821044921875,12670.7470703125,1491.199951171875,930.7459106445312,2328.10009765625,2267.314208984375,3214.22216796875,75.46349334716797,271.45001220703125,81.73999786376953,368.8500061035156,1216.9500732421875,1556.6888427734375,286.6499938964844,481.8999938964844,1028.449951171875,6991.69677734375,1459.699951171875,2814.896240234375,34902.78515625,466.35430908203125,5367.5576171875,252.1708984375,1597.0,1285.8411865234375,7192.87109375,404.75,403.6246643066406,295.3999938964844,1220.5634765625,101.62492370605469,324.1597900390625,261.260009765625,1298.5958251953125,639.6500244140625,1841.4000244140625,67.52999877929688,2391.4560546875,108.25181579589844,23289.462890625,925.415283203125,3060.4609375,13398.083984375,513.6570434570312,1012.1558227539062,160.6199951171875,1713.5091552734375,4648.8857421875,3745.911376953125,41.54999923706055,3470.60009765625,614.0588989257812,1385.798583984375,2492.1591796875,1053.089111328125,4280.8310546875,,385.3124084472656,194.12657165527344,540.2531127929688,1436.080322265625,4216.763671875,4043.264892578125,1394.6695556640625,2544.90625,2586.7900390625,601.7254028320312,10717.244140625,166.95083618164062,1228.6383056640625,399.5242614746094,713.25,8.630000114440918,1216.3787841796875,202.40834045410156,18.1299991607666,,872.7157592773438
6462.18408203125,1402.8826904296875,2047.699951171875,966.8610229492188,1073.300048828125,2042.8865966796875,1029.6500244140625,1447.200927734375,169.30999755859375,558.8048706054688,338.3999938964844,59.470001220703125,5236.6279296875,444.5495300292969,7392.8935546875,433.62017822265625,169.58700561523438,2262.76806640625,1523.1044921875,1335.699951171875,4368.7998046875,1331.9727783203125,3155.287353515625,9236.0185546875,909.4593505859375,1783.0784912109375,9847.6337890625,2214.994140625,163.334228515625,267.3333740234375,141.85614013671875,68.88958740234375,1291.4000244140625,432.5128479003906,1776.0115966796875,264.8456726074219,298.1000061035156,1838.4625244140625,1518.78955078125,349.3821716308594,35700.07421875,5502.853515625,726.2999877929688,134.7450714111328,1553.6898193359375,1204.5989990234375,443.3274841308594,1379.800048828125,1264.545166015625,1884.781494140625,472.25634765625,4756.84521484375,565.7470703125,421.7781677246094,459.8500061035156,5857.84423828125,10636.0,1183.8922119140625,7057.09912109375,3025.26806640625,312.6517333984375,254.07000732421875,283.4815368652344,817.7999877929688,153.3000030517578,,1063.9539794921875,1694.0115966796875,2747.640380859375,1419.067138671875,2485.046630859375,802.82177734375,596.1751098632812,1240.218017578125,5210.85205078125,946.8604736328125,3899.597900390625,346.4036865234375,2123.995849609375,549.3135375976562,179.5658721923828,1298.2550048828125,1743.878662109375,539.7269287109375,73.56999969482422,65.67706298828125,20.83968162536621,294.4288024902344,936.5490112304688,633.5285034179688,142.0836639404297,34.43000030517578,536.5,98.91000366210938,122.45999908447266,154.47999572753906,424.9570007324219,834.5982055664062,1029.5223388671875,1317.68603515625,4615.5,500.3482666015625,254.15345764160156,1187.479248046875,1213.0999755859375,246.28323364257812,434.5142822265625,715.1116943359375,445.54998779296875,379.49481201171875,272.65283203125,529.5999755859375,,3967.1513671875,387.76043701171875,2277.5859375,132818.171875,776.1233520507812,290.1714782714844,3176.739501953125,179.5,2041.9000244140625,744.0474853515625,13466.7529296875,1586.699951171875,939.4804077148438,2395.0,2289.421630859375,3473.92626953125,76.49067687988281,269.54998779296875,82.91000366210938,374.1499938964844,1207.8935546875,1632.0140380859375,285.5,458.95001220703125,1112.949951171875,6980.03076171875,1498.5,2866.71044921875,35186.66796875,466.8026123046875,5355.2998046875,267.3260498046875,1713.0999755859375,1345.31298828125,7564.607421875,414.79998779296875,413.7796936035156,294.8500061035156,1319.139404296875,107.99956512451172,337.2502136230469,274.94000244140625,1341.5970458984375,671.25,1907.5999755859375,70.55000305175781,2430.482177734375,117.90503692626953,24296.845703125,1017.4447021484375,3210.324462890625,13653.9326171875,532.1533203125,1042.656005859375,164.41000366210938,1710.1180419921875,4874.29736328125,3761.302490234375,44.22999954223633,3701.39990234375,638.138671875,1455.365966796875,2511.195068359375,1059.5345458984375,4356.2783203125,,392.51776123046875,200.05430603027344,552.8594970703125,1414.6375732421875,4477.80712890625,4021.208740234375,1443.4007568359375,2599.491943359375,2725.614501953125,634.1119384765625,11370.9013671875,180.33566284179688,1239.256591796875,421.02978515625,721.4000244140625,9.199999809265137,1260.839111328125,201.12301635742188,19.040000915527344,,890.74951171875
6510.41650390625,1383.892578125,2040.300048828125,962.0657348632812,1078.75,2039.5880126953125,1044.550048828125,1441.32568359375,172.3300018310547,549.7080688476562,334.54998779296875,58.43000030517578,5360.9052734375,431.9120788574219,7472.80078125,437.8460388183594,167.52224731445312,2250.078369140625,1561.244384765625,1340.4000244140625,4415.60009765625,1317.48388671875,3248.8408203125,9384.9228515625,897.7314453125,1766.19287109375,9790.83984375,2213.200439453125,164.5139923095703,265.64788818359375,139.72572326660156,68.97823333740234,1325.5,439.1538391113281,1734.138671875,276.3086853027344,297.3500061035156,1836.2899169921875,1513.94287109375,345.2870788574219,36529.61328125,5385.31103515625,720.5999755859375,133.5059356689453,1532.498046875,1213.02001953125,448.1135559082031,1423.9000244140625,1259.0704345703125,1884.48486328125,480.7802734375,4867.03125,555.9698486328125,423.900634765625,469.8500061035156,5928.0546875,10625.5,1204.262939453125,7073.42822265625,3092.21044921875,309.76556396484375,254.92999267578125,282.3354187011719,860.9500122070312,152.22000122070312,,1052.27685546875,1687.3438720703125,2731.9892578125,1422.855224609375,2461.1689453125,784.72119140625,589.1004028320312,1250.765380859375,5207.40283203125,980.5348510742188,4024.744384765625,340.45989990234375,2111.720458984375,548.478759765625,179.3489990234375,1270.58837890625,1761.91015625,540.0757446289062,72.0999984741211,65.08879089355469,20.789920806884766,294.9642028808594,922.2045288085938,626.3106689453125,140.41848754882812,34.060001373291016,531.5499877929688,98.48999786376953,123.12999725341797,155.10000610351562,422.54766845703125,813.2327880859375,999.3156127929688,1303.395263671875,4449.10009765625,487.49200439453125,255.92811584472656,1202.791259765625,1199.5999755859375,238.28196716308594,426.6366882324219,710.0543823242188,446.1000061035156,371.259033203125,269.40625,532.2999877929688,,3858.512451171875,387.6138916015625,2278.57861328125,133786.484375,786.785888671875,289.5846862792969,3133.889404296875,176.24000549316406,2054.199951171875,743.9478759765625,13453.8818359375,1607.4000244140625,953.2559204101562,2435.5,2323.020751953125,3446.061767578125,76.89956665039062,268.79998779296875,84.44000244140625,378.6499938964844,1222.82177734375,1649.673095703125,288.6000061035156,470.75,1097.949951171875,7016.486328125,1493.300048828125,2870.39697265625,35809.22265625,457.9856262207031,5452.16357421875,268.2751159667969,1709.9000244140625,1337.767333984375,7571.07666015625,401.75,424.08331298828125,298.1000061035156,1317.7410888671875,106.49335479736328,341.33477783203125,272.8299865722656,1323.87890625,668.9000244140625,1904.0,70.68000030517578,2395.2490234375,116.69713592529297,23927.8046875,990.6959838867188,3206.7421875,13919.775390625,521.5341186523438,1022.5189819335938,163.35000610351562,1712.611572265625,4869.5224609375,3745.414794921875,44.22999954223633,3727.10009765625,639.7144165039062,1457.744384765625,2540.43603515625,1068.954833984375,4373.56787109375,,392.269287109375,201.0537109375,550.4465942382812,1424.5792236328125,4425.279296875,4086.379150390625,1441.009033203125,2563.345458984375,2741.8056640625,635.8451538085938,11219.001953125,179.3934783935547,1240.149658203125,422.0277404785156,737.0,9.119999885559082,1279.8792724609375,200.5792236328125,18.93000030517578,,901.43994140625
6752.0712890625,1416.4044189453125,2064.60009765625,980.8474731445312,1157.9000244140625,2085.867431640625,1085.3499755859375,1469.1085205078125,175.80999755859375,580.84716796875,341.8999938964844,60.33000183105469,5430.28125,443.0071716308594,7502.76611328125,435.65850830078125,175.0341033935547,2340.394775390625,1627.4403076171875,1349.4000244140625,4400.60009765625,1349.759033203125,3272.578125,9677.30859375,918.9013061523438,1807.657470703125,9874.7958984375,2261.0341796875,166.62570190429688,267.53680419921875,143.25057983398438,69.52982330322266,1345.9000244140625,441.8501892089844,1793.3590087890625,283.7945251464844,299.3500061035156,1846.758056640625,1507.117919921875,348.1836242675781,37085.953125,5466.45947265625,731.0999755859375,135.6743927001953,1580.5791015625,1218.0726318359375,428.3772277832031,1464.5999755859375,1218.65771484375,1916.5074462890625,482.2258605957031,5096.42919921875,562.537353515625,430.1199645996094,470.1499938964844,6091.380859375,10676.0,1224.4349365234375,7347.0625,3159.251953125,322.9523620605469,259.489990234375,290.70684814453125,857.5999755859375,154.0800018310547,,1066.8731689453125,1708.2427978515625,2734.082763671875,1409.54833984375,2563.236572265625,797.1161499023438,602.00439453125,1275.3428955078125,5387.25732421875,986.9512939453125,4103.88427734375,342.9325256347656,2133.59814453125,554.4692993164062,181.35020446777344,1310.848876953125,1779.244384765625,545.1082763671875,74.01000213623047,66.01606750488281,21.556230545043945,296.1810607910156,947.5643310546875,638.6557006835938,141.69711303710938,34.70000076293945,542.2999877929688,100.26000213623047,123.72000122070312,161.3300018310547,421.9694519042969,829.556396484375,987.8510131835938,1265.12353515625,4554.2001953125,487.1930236816406,265.1802062988281,1207.8621826171875,1219.199951171875,242.63177490234375,443.738037109375,710.4510498046875,449.1499938964844,373.9044494628906,275.5925598144531,531.6500244140625,,3921.59619140625,390.03216552734375,2317.0,136466.8125,823.6563720703125,295.45263671875,3225.923095703125,174.6199951171875,2079.0,759.7755737304688,13572.6884765625,1654.800048828125,951.65869140625,2470.199951171875,2265.95068359375,3543.934326171875,76.8796157836914,267.20001220703125,85.06999969482422,380.1499938964844,1243.3233642578125,1667.8309326171875,286.5,471.29998779296875,1123.8499755859375,7051.48388671875,1509.800048828125,2941.541748046875,35913.80859375,465.6070861816406,5408.31591796875,267.65228271484375,1763.5,1347.39794921875,7691.50537109375,400.25,430.8698425292969,302.75,1320.7374267578125,108.64091491699219,344.2875061035156,275.0,1343.9859619140625,677.5,1923.199951171875,72.1500015258789,2468.709228515625,121.94800567626953,24276.896484375,1021.770263671875,3371.930419921875,14064.689453125,552.6437377929688,1047.8131103515625,166.02000427246094,1650.57421875,4906.626953125,3775.70068359375,45.31999969482422,3839.89990234375,679.4534301757812,1495.40185546875,2476.94970703125,1084.5230712890625,4366.98583984375,,396.8906555175781,202.4352264404297,557.6854248046875,1403.72119140625,4490.26611328125,4146.958984375,1466.719970703125,2607.1474609375,2743.304931640625,638.6677856445312,11357.181640625,183.6090087890625,1258.50830078125,430.7098083496094,745.1500244140625,9.25,1311.47998046875,202.56654357910156,19.079999923706055,,914.5781860351562
6721.556640625,1402.3856201171875,1979.800048828125,978.1001586914062,1175.300048828125,2128.048583984375,1085.449951171875,1459.1505126953125,181.35000610351562,572.2001953125,337.45001220703125,61.959999084472656,5354.916015625,438.8278503417969,7507.76025390625,429.94122314453125,169.17405700683594,2332.166015625,1622.5479736328125,1339.800048828125,4448.0,1352.556884765625,3294.91943359375,9679.7734375,893.457763671875,1786.775390625,9737.0087890625,2226.553955078125,165.2971954345703,267.0815124511719,140.38421630859375,69.08658599853516,1332.800048828125,440.9513854980469,1795.8514404296875,286.8446960449219,292.95001220703125,1847.64697265625,1497.7213134765625,344.587890625,36375.62890625,5497.443359375,716.0999755859375,134.33848571777344,1506.608154296875,1199.8436279296875,429.3640441894531,1435.0,1225.62548828125,1893.5777587890625,480.0823974609375,4950.34033203125,561.352294921875,419.3102111816406,465.29998779296875,6045.07177734375,10503.5,1228.1116943359375,6976.9384765625,3099.329833984375,323.25091552734375,256.9599914550781,287.2187805175781,852.3499755859375,153.7100067138672,,1048.86279296875,1698.589599609375,2704.574462890625,1388.3741455078125,2491.603515625,781.7699584960938,616.9012451171875,1267.5816650390625,5170.93896484375,973.1732177734375,4091.60888671875,332.28125,2105.781005859375,552.4561157226562,185.30332946777344,1339.8046875,1775.4586181640625,544.6099853515625,73.81999969482422,64.6700210571289,21.277572631835938,290.72955322265625,946.3403930664062,632.134765625,139.83370971679688,34.4900016784668,537.9000244140625,98.91999816894531,123.3499984741211,162.25,422.54766845703125,817.5758056640625,991.5894775390625,1249.756103515625,4427.2001953125,507.8727111816406,260.77349853515625,1197.3226318359375,1218.5,237.12466430664062,436.6581726074219,703.90625,441.6499938964844,371.259033203125,271.247314453125,520.3499755859375,,3916.050537109375,392.6214904785156,2298.4345703125,134080.96875,817.826904296875,290.31817626953125,3186.734375,170.85000610351562,2077.39990234375,749.6717529296875,12945.982421875,1646.4000244140625,950.0116577148438,2494.89990234375,2255.627685546875,3532.431640625,77.44806671142578,271.79998779296875,85.80999755859375,386.25,1220.2342529296875,1681.2996826171875,287.54998779296875,477.1499938964844,1106.699951171875,6964.96240234375,1453.0,2898.994384765625,35709.61328125,458.3841247558594,5358.78759765625,261.52301025390625,1749.9000244140625,1317.0167236328125,7512.35498046875,408.75,429.5323486328125,300.3500061035156,1302.85986328125,107.60115051269531,341.5316467285156,271.7900085449219,1309.0474853515625,671.0499877929688,1914.4000244140625,72.48999786376953,2438.566650390625,118.9032974243164,24237.0,998.4520874023438,3327.150390625,14516.4228515625,567.6500854492188,1044.7188720703125,167.8800048828125,1647.881103515625,4778.3037109375,3771.232421875,45.86000061035156,3738.10009765625,706.7339477539062,1498.6722412109375,2426.2197265625,1081.1517333984375,4333.68310546875,,407.0278015136719,202.21966552734375,551.8746337890625,1399.0428466796875,4424.78076171875,4172.70751953125,1468.513671875,2579.787841796875,2714.020751953125,637.578369140625,11271.921875,179.3837432861328,1222.0887451171875,429.71185302734375,752.5499877929688,9.25,1357.3359375,200.6781005859375,18.8799991607666,,921.5718994140625
6765.35986328125,1422.9664306640625,2041.5,980.1481323242188,1171.1500244140625,2143.441650390625,1096.050048828125,1505.455322265625,183.42999267578125,585.8953857421875,343.70001220703125,63.81999969482422,5565.5390625,451.7638244628906,7633.1142578125,439.08892822265625,172.5366973876953,2402.258056640625,1628.438720703125,1373.9000244140625,4473.2998046875,1354.4554443359375,3381.79052734375,9728.09375,907.5709838867188,1824.243408203125,9935.0478515625,2314.0498046875,172.27671813964844,270.3265686035156,143.02784729003906,70.31781005859375,1356.0999755859375,447.0431213378906,1826.0596923828125,291.5594787597656,310.45001220703125,1832.6357421875,1524.031982421875,349.9315185546875,36837.5859375,5561.87060546875,748.0,137.18460083007812,1549.9912109375,1215.5958251953125,430.0547790527344,1479.199951171875,1276.788330078125,1924.0189208984375,487.7091064453125,4962.24169921875,580.1660766601562,427.7013244628906,459.79998779296875,6152.13037109375,11068.5,1210.1258544921875,7054.1298828125,3194.6513671875,328.4261474609375,261.9200134277344,285.87335205078125,866.1500244140625,156.1199951171875,,1074.1961669921875,1731.5302734375,2732.88623046875,1409.6455078125,2606.686279296875,796.72265625,638.1754760742188,1278.8255615234375,5210.85205078125,1006.200927734375,4230.62744140625,348.68609619140625,2135.875,570.0840454101562,186.5947265625,1336.829833984375,1850.971923828125,559.3089599609375,74.38999938964844,66.71401977539062,21.665706634521484,294.0393981933594,926.2680053710938,643.5339965820312,143.9371337890625,35.08000183105469,553.5499877929688,101.72000122070312,126.44999694824219,166.0,405.0077819824219,838.741455078125,1024.88671875,1277.6524658203125,4638.0,526.40966796875,270.0056457519531,1211.6405029296875,1221.300048828125,242.09304809570312,453.56011962890625,722.5488891601562,442.5,381.7409362792969,278.1462707519531,529.5,,4036.87060546875,411.43060302734375,2322.063232421875,137659.734375,857.487548828125,293.3499755859375,3222.6572265625,175.8000030517578,2122.39990234375,752.110595703125,13156.865234375,1699.5,988.2936401367188,2538.5,2346.39404296875,3567.832275390625,80.36009216308594,275.20001220703125,87.16999816894531,392.6000061035156,1250.58837890625,1701.7523193359375,287.6000061035156,463.25,1140.0999755859375,7332.43505859375,1480.5999755859375,3031.219970703125,36386.94921875,462.96697998046875,5469.50341796875,267.958740234375,1782.0999755859375,1319.9952392578125,7754.20751953125,414.3999938964844,440.6285705566406,312.45001220703125,1340.7122802734375,109.8847427368164,347.0926208496094,287.05999755859375,1337.9140625,684.5,1971.0,75.26000213623047,2495.758056640625,123.3355941772461,24900.27734375,1015.2073364257812,3558.613037109375,14877.2099609375,584.0026245117188,1052.528076171875,166.9499969482422,1692.1651611328125,4889.01953125,3803.504150390625,49.130001068115234,3783.300048828125,708.4082641601562,1547.4288330078125,2506.9755859375,1085.0189208984375,4460.607421875,,419.2520751953125,204.50257873535156,566.9924926757812,1446.2169189453125,4507.41015625,4151.05029296875,1501.4993896484375,2648.219970703125,2753.499267578125,653.4744873046875,11549.2607421875,183.29818725585938,1242.8291015625,444.6310119628906,766.0499877929688,9.4399995803833,1397.808837890625,207.3815460205078,19.360000610351562,,935.2095947265625
6775.69580078125,1434.4998779296875,2045.300048828125,982.9954223632812,1222.5999755859375,2202.715087890625,1118.9000244140625,1543.2958984375,193.19000244140625,597.391357421875,337.95001220703125,63.779998779296875,5560.048828125,455.7938537597656,7544.2177734375,441.12725830078125,173.76573181152344,2419.31005859375,1576.2208251953125,1386.5,4428.2998046875,1348.5599365234375,3437.643310546875,9688.6484375,900.3652954101562,1828.33984375,10079.75,2334.279296875,172.6831817626953,270.63653564453125,144.1511688232422,70.17991638183594,1359.4000244140625,455.0322570800781,1850.1866455078125,308.2655944824219,307.95001220703125,1817.7235107421875,1516.3167724609375,350.3310241699219,37195.234375,5494.49267578125,755.9000244140625,136.52630615234375,1569.28369140625,1219.0633544921875,427.0450134277344,1498.0999755859375,1307.1478271484375,1954.3612060546875,500.7193298339844,4996.755859375,582.38818359375,422.0743103027344,459.75,6267.654296875,11287.0,1213.703125,7057.09912109375,3245.476318359375,329.8194580078125,262.6099853515625,283.43170166015625,871.9000244140625,158.9199981689453,,1069.8914794921875,1738.9942626953125,2708.861328125,1408.5771484375,2605.21826171875,782.5077514648438,629.2572631835938,1284.6962890625,5084.70751953125,1034.5032958984375,4354.576171875,352.1097412109375,2117.561279296875,581.8687133789062,190.92245483398438,1334.2515869140625,1879.5633544921875,556.0203857421875,74.33999633789062,67.62134552001953,21.994125366210938,295.35357666015625,920.4420776367188,649.8558349609375,142.91622924804688,34.93000030517578,553.7999877929688,103.23999786376953,129.42999267578125,166.0500030517578,398.165283203125,846.5289306640625,1044.4761962890625,1291.2579345703125,4608.7001953125,534.1333618164062,271.77032470703125,1207.961669921875,1228.300048828125,240.70628356933594,458.34649658203125,740.0015258789062,440.29998779296875,378.4965515136719,277.5523986816406,534.8499755859375,,4079.949462890625,411.1863098144531,2310.2490234375,138498.265625,870.4420166015625,290.75823974609375,3188.812744140625,174.92999267578125,2104.39990234375,741.0113525390625,13202.4072265625,1695.199951171875,988.892578125,2564.60009765625,2378.045654296875,3548.0,81.15790557861328,297.75,87.16000366210938,390.79998779296875,1251.384521484375,1706.44140625,282.75,462.3999938964844,1148.8499755859375,7559.431640625,1550.5,3101.069091796875,36835.1875,463.216064453125,5481.4619140625,268.39373779296875,1782.300048828125,1321.4844970703125,7866.17626953125,407.1499938964844,454.6474304199219,312.25,1336.2178955078125,110.35118103027344,358.4606018066406,293.8900146484375,1337.1177978515625,685.5999755859375,1974.699951171875,76.33000183105469,2499.251220703125,122.60685729980469,25044.900390625,1016.9971923828125,3546.373291015625,14981.1484375,579.1666259765625,1048.255126953125,171.32000732421875,1688.67431640625,4967.10791015625,3638.073974609375,50.25,3757.199951171875,695.9498291015625,1547.3297119140625,2528.56298828125,1093.348388671875,4512.673828125,,423.97283935546875,206.4327850341797,577.8261108398438,1453.234619140625,4446.80859375,4147.6572265625,1516.3480224609375,2718.183349609375,2751.400390625,653.6231079101562,11589.4404296875,183.08450317382812,1244.9129638671875,459.45037841796875,782.8499755859375,9.529999732971191,1404.38818359375,207.88577270507812,19.950000762939453,,938.2568359375
6919.4091796875,1423.960693359375,2105.699951171875,989.638916015625,1259.800048828125,2217.30859375,1127.300048828125,1566.796875,198.5,632.6790771484375,340.3999938964844,64.11000061035156,5572.02783203125,456.73919677734375,7690.0478515625,442.8673095703125,171.8484344482422,2442.80615234375,1602.4796142578125,1386.0,4628.5,1358.0526123046875,3522.220703125,9637.86328125,902.700927734375,1837.3321533203125,10228.40234375,2321.722900390625,172.97068786621094,271.65362548828125,143.4152069091797,71.63768768310547,1380.699951171875,462.1226501464844,1854.872314453125,315.7713928222656,312.1000061035156,1823.9451904296875,1521.4600830078125,357.6722717285156,37259.80859375,5641.54345703125,774.7999877929688,137.82350158691406,1578.3800048828125,1229.2677001953125,432.9659118652344,1561.0999755859375,1310.7313232421875,2081.462890625,501.5667419433594,5098.61083984375,594.2887573242188,437.17840576171875,463.0,6203.4189453125,11371.5,1227.9129638671875,7114.99267578125,3258.133056640625,328.4261474609375,269.6600036621094,292.7498474121094,902.75,157.82000732421875,,1097.847412109375,1750.3394775390625,2712.05126953125,1400.90380859375,2732.63134765625,786.8853759765625,614.2606811523438,1299.92041015625,5154.67822265625,1033.60791015625,4379.22607421875,352.6803283691406,2218.237060546875,581.6723022460938,194.11648559570312,1335.540771484375,1884.44482421875,560.056396484375,75.05999755859375,68.32926940917969,22.153358459472656,298.6634216308594,919.8546142578125,656.3767700195312,144.59130859375,34.959999084472656,564.9000244140625,104.83999633789062,133.00999450683594,169.27000427246094,397.2979431152344,852.5192260742188,1051.30517578125,1290.7685546875,4638.39990234375,536.2262573242188,273.435302734375,1233.216552734375,1270.0,243.2902374267578,457.64849853515625,741.5385131835938,426.8500061035156,382.9388732910156,284.21380615234375,540.0,,4056.47900390625,411.45501708984375,2309.35546875,139611.328125,869.495361328125,292.7631530761719,3166.9423828125,183.1300048828125,2125.0,753.8526000976562,13319.234375,1683.199951171875,1005.8624267578125,2616.39990234375,2397.912841796875,3571.300048828125,83.33195495605469,300.6499938964844,89.77999877929688,393.6000061035156,1279.4495849609375,1706.640869140625,284.04998779296875,470.1000061035156,1161.6500244140625,7769.90185546875,1600.5999755859375,3128.470703125,37826.29296875,466.55352783203125,5427.6484375,270.10400390625,1792.199951171875,1383.4384765625,8143.85888671875,413.75,460.54229736328125,318.1000061035156,1355.0941162109375,111.24518585205078,367.41717529296875,303.05999755859375,1358.7178955078125,695.2000122070312,1970.9000244140625,78.62000274658203,2489.769287109375,124.81302642822266,25224.43359375,1031.1173095703125,3689.768310546875,15080.08984375,592.1289672851562,1061.1231689453125,173.3300018310547,1671.120361328125,5002.42138671875,3682.95654296875,52.93000030517578,3735.800048828125,698.3134765625,1507.392822265625,2533.076904296875,1103.8594970703125,4511.5927734375,,424.9666748046875,207.83387756347656,580.3867797851562,1473.117919921875,4511.09765625,4171.21044921875,1559.5982666015625,2734.426025390625,2788.68017578125,658.3275146484375,11648.240234375,183.49244689941406,1292.943115234375,472.92254638671875,787.5,9.609999656677246,1435.590087890625,202.0128631591797,20.190000534057617,,943.1025390625
7045.896484375,1420.580322265625,2143.89990234375,996.68212890625,1259.4000244140625,2228.603759765625,1152.699951171875,1571.77587890625,200.8300018310547,620.1334228515625,341.6000061035156,64.77999877929688,5631.92041015625,452.6593933105469,7648.0966796875,438.8900451660156,173.00865173339844,2495.152099609375,1588.9010009765625,1367.800048828125,4605.2001953125,1353.656005859375,3461.580322265625,9666.9541015625,912.1428833007812,1829.0391845703125,10260.50390625,2274.0888671875,173.9224395751953,272.2057800292969,143.61856079101562,74.40548706054688,1369.800048828125,456.9296875,1860.5550537109375,324.5829772949219,316.04998779296875,1823.1551513671875,1516.91015625,358.6211242675781,37542.9453125,5606.625,795.7000122070312,138.18170166015625,1568.6839599609375,1218.0726318359375,435.9263610839844,1544.9000244140625,1282.16357421875,2104.19482421875,499.5229797363281,5157.52197265625,589.005126953125,436.0431213378906,464.5,6254.20947265625,11211.0,1224.83251953125,7167.9384765625,3278.898193359375,328.1275939941406,264.54998779296875,293.3478088378906,891.0499877929688,157.6999969482422,,1093.2952880859375,1751.2349853515625,2751.5283203125,1387.3057861328125,2708.949462890625,782.5077514648438,607.58447265625,1295.6417236328125,5205.92431640625,1009.981201171875,4335.71435546875,360.9065246582031,2209.03076171875,579.7081909179688,196.57115173339844,1344.862060546875,1869.4019775390625,555.9705810546875,74.12999725341797,67.30228424072266,21.894603729248047,296.9111633300781,908.9371948242188,656.575927734375,145.5725555419922,34.79999923706055,565.2000122070312,103.0199966430664,130.13999938964844,166.38999938964844,391.08184814453125,850.5723266601562,1064.614013671875,1284.7977294921875,4678.2001953125,541.2092895507812,277.6625671386719,1267.22119140625,1287.699951171875,236.5959014892578,454.8564147949219,728.250732421875,417.5,378.5464782714844,287.193115234375,536.7000122070312,,4011.815185546875,404.56646728515625,2311.9365234375,138982.421875,853.5513916015625,296.9196472167969,3188.1201171875,180.0,2144.0,757.2371826171875,13316.263671875,1688.800048828125,1009.5558471679688,2621.199951171875,2353.89306640625,3531.199951171875,82.87321472167969,304.3500061035156,88.9000015258789,398.0,1280.245849609375,1690.977294921875,283.3500061035156,471.70001220703125,1161.3499755859375,7857.3955078125,1616.800048828125,3026.13818359375,38254.60546875,457.935791015625,5306.7685546875,269.0264587402344,1767.9000244140625,1380.5592041015625,8159.783203125,418.20001220703125,468.4681701660156,319.70001220703125,1372.07275390625,110.52609252929688,376.6690673828125,296.3299865722656,1357.0257568359375,675.2999877929688,1982.5,76.9800033569336,2460.42529296875,122.9762191772461,25423.916015625,1039.271240234375,3690.863037109375,14898.197265625,574.8790893554688,1088.2344970703125,172.7100067138672,1664.23828125,4988.69384765625,3685.737060546875,52.5,3761.89990234375,693.38916015625,1502.04150390625,2531.212646484375,1110.9991455078125,4437.0302734375,,430.9297180175781,207.4419708251953,567.7311401367188,1466.295166015625,4498.23974609375,4182.8876953125,1600.7557373046875,2824.35986328125,2871.53515625,650.354736328125,11678.6201171875,183.86154174804688,1297.7064208984375,465.58770751953125,771.0,9.470000267028809,1433.4967041015625,200.19363403320312,19.84000015258789,,935.6591796875
7141.376953125,1429.7274169921875,2106.60009765625,1036.89306640625,1265.300048828125,2225.005126953125,1150.0,1587.409912109375,202.97999572753906,614.4354248046875,344.6000061035156,64.44999694824219,5686.3232421875,454.00274658203125,7734.99560546875,439.4369201660156,173.6477508544922,2521.7216796875,1580.014892578125,1391.699951171875,4589.39990234375,1376.6383056640625,3506.56201171875,9657.0927734375,933.1139526367188,1849.821533203125,10202.2275390625,2296.112060546875,174.61642456054688,275.1505126953125,145.09048461914062,78.97579956054688,1375.0,450.8879089355469,1890.0655517578125,331.5404968261719,318.04998779296875,1831.944580078125,1540.2532958984375,361.0682067871094,37850.91796875,5741.87255859375,805.25,139.6531524658203,1588.5760498046875,1221.044677734375,437.3078918457031,1556.9000244140625,1286.8419189453125,2082.055908203125,502.66339111328125,5074.31201171875,600.016845703125,446.2112121582031,472.04998779296875,6260.18505859375,11265.0,1212.9080810546875,7165.46435546875,3322.306884765625,331.5113525390625,264.94000244140625,294.7430419921875,911.5,160.77000427246094,,1113.33447265625,1796.317138671875,2769.073486328125,1399.83544921875,2734.197265625,798.5425415039062,612.0186767578125,1322.2093505859375,5182.76513671875,1016.3480224609375,4349.5859375,365.5664367675781,2287.43310546875,577.9404907226562,195.54591369628906,1376.79296875,1833.0400390625,548.197509765625,74.72000122070312,67.74099731445312,21.715465545654297,301.4378356933594,901.83837890625,663.1964111328125,146.0086669921875,34.880001068115234,561.2000122070312,103.61000061035156,128.86000061035156,167.1999969482422,399.7072448730469,855.01513671875,1074.3837890625,1285.385009765625,4693.10009765625,544.797119140625,275.6885070800781,1272.2921142578125,1288.800048828125,234.20152282714844,470.5617370605469,738.4644775390625,415.1000061035156,381.4913635253906,288.92529296875,565.1500244140625,,4035.97900390625,402.6122741699219,2294.860595703125,139421.65625,872.6343383789062,299.609130859375,3213.552978515625,180.66000366210938,2200.0,759.0289306640625,13327.154296875,1648.800048828125,1018.4400634765625,2656.60009765625,2355.8408203125,3610.199951171875,82.40449523925781,300.0,88.47000122070312,396.20001220703125,1373.2984619140625,1719.91015625,283.1000061035156,465.1499938964844,1166.800048828125,7710.11474609375,1623.199951171875,3010.494384765625,37811.3515625,466.35430908203125,5311.4521484375,274.61199951171875,1807.0,1397.735595703125,7917.9306640625,422.5,466.7344055175781,319.3500061035156,1400.936279296875,110.8856430053711,377.3088073730469,298.8599853515625,1347.07177734375,679.75,1911.5999755859375,76.80999755859375,2466.31396484375,124.48359680175781,25473.78515625,1039.42041015625,3703.5009765625,14940.1728515625,579.6152954101562,1092.1636962890625,175.05999755859375,1660.84716796875,4948.80419921875,3640.8544921875,53.099998474121094,3752.699951171875,696.9839477539062,1499.7623291015625,2561.532958984375,1132.4178466796875,4568.767578125,,433.3646240234375,207.72610473632812,574.6253051757812,1462.786376953125,4465.048828125,4127.49755859375,1615.9031982421875,2922.68115234375,2883.62841796875,648.0272216796875,11798.1796875,185.89161682128906,1352.5838623046875,484.0994567871094,766.7999877929688,9.550000190734863,1452.6365966796875,202.695068359375,19.770000457763672,,927.7662353515625
7468.177734375,1438.0791015625,2121.89990234375,1042.1878662109375,1368.0999755859375,2259.78955078125,1198.949951171875,1581.9329833984375,215.64999389648438,628.88037109375,350.70001220703125,64.98999786376953,5616.947265625,458.62982177734375,7653.0908203125,431.5321350097656,175.96815490722656,2540.85546875,1587.103759765625,1421.199951171875,4594.7998046875,1378.536865234375,3490.00537109375,9468.7431640625,929.0390014648438,1841.3287353515625,10248.6513671875,2301.692626953125,175.00308227539062,273.9106140136719,148.08273315429688,78.56210327148438,1380.199951171875,448.0917053222656,1897.443115234375,332.5672302246094,314.3999938964844,1806.2677001953125,1533.2305908203125,357.3725891113281,37637.32421875,5635.6416015625,824.3499755859375,140.59217834472656,1564.9853515625,1224.8094482421875,438.2947082519531,1583.0999755859375,1230.1046142578125,2093.61962890625,514.1283569335938,5168.92724609375,603.0784301757812,454.1087341308594,462.70001220703125,6259.68701171875,11267.0,1209.330810546875,7155.0732421875,3301.245361328125,352.8590393066406,259.94000244140625,295.440673828125,932.2000122070312,166.1199951171875,,1127.683349609375,1823.38623046875,2767.97705078125,1248.4100341796875,2707.18798828125,786.8853759765625,601.9047241210938,1342.0106201171875,5113.77978515625,1034.5032958984375,4391.70068359375,363.80706787109375,2344.9482421875,593.89892578125,197.0443572998047,1356.166748046875,1822.0816650390625,538.1823120117188,74.5,68.17970275878906,22.04388427734375,297.39788818359375,906.0487060546875,656.7750244140625,146.0582275390625,35.38999938964844,558.5499877929688,105.81999969482422,140.4499969482422,169.0800018310547,393.34661865234375,868.6929321289062,1049.4608154296875,1241.729736328125,4640.89990234375,558.6499633789062,276.9646301269531,1256.1846923828125,1278.5999755859375,237.95272827148438,491.7016296386719,729.7877807617188,414.25,376.2005310058594,291.0434875488281,559.0499877929688,,3982.20458984375,400.853515625,2291.286376953125,136801.234375,881.7024536132812,293.6433410644531,3116.967041015625,187.22000122070312,2235.0,768.9834594726562,13204.3876953125,1627.4000244140625,1003.5664672851562,2703.89990234375,2270.138427734375,3586.89990234375,82.40449523925781,301.1499938964844,88.58999633789062,405.3999938964844,1389.1224365234375,1729.587646484375,283.6499938964844,469.75,1162.1500244140625,7900.169921875,1625.800048828125,3046.365478515625,37706.76171875,470.3393859863281,5055.740234375,276.36181640625,1809.4000244140625,1408.85546875,8000.041015625,424.1000061035156,465.9417724609375,319.75,1403.73291015625,111.42981719970703,377.3088073730469,307.4100036621094,1355.8311767578125,686.2000122070312,1884.800048828125,80.8499984741211,2488.072509765625,131.53134155273438,25668.28125,1038.6746826171875,3825.50146484375,15262.9814453125,586.74462890625,1083.76513671875,176.22999572753906,1665.435302734375,4876.38623046875,3665.480224609375,54.56999969482422,3660.699951171875,699.101318359375,1511.2576904296875,2490.88330078125,1168.710693359375,4285.64501953125,,433.3646240234375,208.72549438476562,566.5985107421875,1425.5538330078125,4440.03125,4076.4990234375,1651.6793212890625,2951.97119140625,3022.75244140625,647.58154296875,11949.099609375,188.48504638671875,1382.1561279296875,493.92913818359375,757.0,9.539999961853027,1476.960205078125,201.69647216796875,19.989999771118164,,929.0651245117188
7456.85791015625,1414.9130859375,2022.9000244140625,1055.2252197265625,1361.25,2298.97216796875,1214.1500244140625,1596.1729736328125,214.17999267578125,621.4829711914062,349.75,63.20000076293945,5510.6376953125,448.1815490722656,7771.95263671875,429.990966796875,167.76805114746094,2499.71240234375,1572.4268798828125,1435.4000244140625,4521.2001953125,1368.5445556640625,3453.900634765625,9417.9580078125,912.7391967773438,1791.0716552734375,10249.14453125,2257.546142578125,172.40557861328125,267.6820983886719,146.087890625,76.14889526367188,1423.300048828125,449.3399963378906,1868.43115234375,336.51446533203125,309.79998779296875,1818.3160400390625,1542.33056640625,357.5723876953125,37135.625,5578.591796875,837.7999877929688,136.3714141845703,1542.7940673828125,1293.7625732421875,444.7090148925781,1592.800048828125,1214.974609375,2125.14794921875,503.5107727050781,5134.314453125,585.44970703125,454.1087341308594,449.3999938964844,6352.30517578125,10866.5,1322.6124267578125,7018.998046875,3271.9765625,345.5938720703125,261.8500061035156,294.39422607421875,921.5499877929688,164.9600067138672,,1131.0478515625,1782.384521484375,2726.50634765625,1240.9310302734375,2650.233642578125,771.5883178710938,596.52392578125,1254.049072265625,4959.0556640625,1035.9456787109375,4343.6982421875,358.43389892578125,2342.572265625,581.4758911132812,201.55938720703125,1336.730712890625,1803.053955078125,533.44873046875,73.7300033569336,67.6313247680664,22.04388427734375,297.20318603515625,895.8656616210938,636.6148071289062,144.19483947753906,35.13999938964844,551.3499755859375,105.05999755859375,137.52000427246094,165.5500030517578,390.02178955078125,858.958740234375,1014.9174194335938,1214.32275390625,4556.0,559.4971313476562,273.4951171875,1249.8211669921875,1254.5,248.0790252685547,491.4523620605469,727.5070190429688,412.8500061035156,369.7616271972656,289.1430358886719,545.5499877929688,,4014.88525390625,396.5298767089844,2324.545166015625,134380.453125,853.5015258789062,290.5137634277344,3016.027099609375,187.00999450683594,2292.89990234375,775.3543090820312,13029.1474609375,1595.4000244140625,1004.9639892578125,2693.800048828125,2217.54833984375,3561.39990234375,81.2376937866211,296.8999938964844,87.30999755859375,402.25,1403.7520751953125,1703.74755859375,286.25,473.8999938964844,1159.550048828125,8546.6494140625,1670.800048828125,3058.62158203125,37816.33203125,467.5,5047.66845703125,272.6644592285156,1785.300048828125,1392.076171875,7925.89306640625,420.1499938964844,465.4464111328125,319.1499938964844,1382.4595947265625,109.52519989013672,370.5175476074219,307.2099914550781,1337.21728515625,680.5499877929688,1828.0999755859375,78.97000122070312,2537.578369140625,126.99922180175781,25403.966796875,1003.6228637695312,3845.503173828125,15737.701171875,572.8848876953125,1074.875244140625,176.4499969482422,1675.708251953125,4838.8837890625,3651.479248046875,53.72999954223633,3513.0,696.9839477539062,1566.4556884765625,2474.49658203125,1174.462158203125,4158.91748046875,,427.6500244140625,206.64833068847656,554.9769897460938,1385.494873046875,4441.9248046875,4138.97509765625,1731.004638671875,2830.084716796875,3085.11865234375,635.8946533203125,11923.619140625,174.55628967285156,1371.736328125,483.2511901855469,735.5999755859375,9.579999923706055,1440.9732666015625,200.47047424316406,20.030000686645508,,945.5003051757812
7213.72607421875,1404.5728759765625,2004.5,1064.6160888671875,1411.949951171875,2286.57763671875,1235.800048828125,1578.4476318359375,212.89999389648438,626.6311645507812,340.6000061035156,61.790000915527344,5225.6474609375,448.9776306152344,7723.5087890625,421.4398498535156,167.05027770996094,2463.724853515625,1560.7452392578125,1413.800048828125,4443.5,1364.847412109375,3436.9453125,9443.1044921875,915.9196166992188,1769.1903076171875,10133.5810546875,2217.684814453125,173.16897583007812,265.54132080078125,142.7760772705078,76.73004150390625,1400.4000244140625,443.84747314453125,1850.385986328125,336.3051452636719,308.1000061035156,1791.9478759765625,1516.5145263671875,349.43212890625,36450.13671875,5636.62548828125,823.1500244140625,136.35205078125,1567.584228515625,1282.9638671875,449.9884948730469,1664.699951171875,1145.595947265625,2146.002197265625,501.26763916015625,5188.96142578125,579.77099609375,445.3227233886719,449.70001220703125,6335.375,10815.5,1308.800048828125,7037.80126953125,3195.145751953125,341.1650695800781,262.7900085449219,292.0024108886719,889.5999755859375,165.61000061035156,,1078.5504150390625,1760.888427734375,2730.79296875,1191.040283203125,2676.460205078125,772.0802001953125,586.1110229492188,1232.4566650390625,4889.57763671875,1042.909423828125,4257.17333984375,355.20050048828125,2303.8662109375,577.9404907226562,208.371337890625,1315.1129150390625,1765.3968505859375,512.4216918945312,76.16999816894531,67.0330810546875,21.52637481689453,293.6013488769531,890.9210205078125,632.532958984375,142.2025909423828,35.0099983215332,541.2000122070312,103.91999816894531,135.88999938964844,164.61000061035156,387.6124572753906,846.5787963867188,981.9193115234375,1130.144287109375,4523.10009765625,543.1029052734375,278.1909484863281,1248.528564453125,1256.0,245.15586853027344,490.5549011230469,703.6583251953125,405.29998779296875,370.2108459472656,287.0941467285156,540.75,,3975.47021484375,396.2367248535156,2279.571533203125,131914.75,837.7568969726562,287.92205810546875,3006.82373046875,186.3800048828125,2267.39990234375,779.7342529296875,12918.26171875,1587.300048828125,997.6270751953125,2680.39990234375,2118.99072265625,3493.5,80.43988037109375,299.1000061035156,89.29000091552734,401.8500061035156,1414.50048828125,1683.0955810546875,284.79998779296875,473.70001220703125,1147.3499755859375,8699.7626953125,1696.699951171875,3070.179931640625,37517.50390625,462.95001220703125,4730.86865234375,270.3313903808594,1775.9000244140625,1384.33203125,7995.06494140625,416.54998779296875,465.0006103515625,316.3999938964844,1371.473388671875,109.89445495605469,368.10614013671875,303.44000244140625,1321.6890869140625,670.2999877929688,1768.9000244140625,77.8499984741211,2488.87109375,125.48185729980469,24885.31640625,1005.611572265625,3790.2744140625,15047.109375,563.2130126953125,1081.60400390625,178.4600067138672,1616.164306640625,4729.95849609375,3638.272705078125,53.90999984741211,3488.199951171875,682.752685546875,1506.8973388671875,2351.939453125,1164.1494140625,4119.130859375,,432.32110595703125,205.8253173828125,560.5415649414062,1324.0906982421875,4395.57666015625,4109.0341796875,1693.634033203125,2860.6396484375,2967.082763671875,625.3468017578125,11758.0,171.92401123046875,1381.262939453125,489.43841552734375,720.9500122070312,9.520000457763672,1459.415283203125,197.10887145996094,19.84000015258789,,926.5673828125
7314.12841796875,1431.51708984375,1987.699951171875,1041.988037109375,1435.800048828125,2320.762451171875,1229.699951171875,1621.66552734375,218.0500030517578,635.3781127929688,342.54998779296875,63.91999816894531,5334.45263671875,458.2318115234375,7815.9013671875,426.11309814453125,166.46035766601562,2463.82373046875,1532.5894775390625,1416.699951171875,4507.10009765625,1323.179443359375,3525.3125,9527.9111328125,916.1680908203125,1770.68896484375,10206.6728515625,2215.69189453125,180.30709838867188,265.40570068359375,142.84385681152344,78.55225372314453,1391.300048828125,435.00946044921875,1895.3494873046875,347.4591369628906,312.6499938964844,1797.478271484375,1483.0823974609375,361.5675964355469,36981.640625,5623.83837890625,820.2999877929688,136.0325927734375,1560.087158203125,1304.95751953125,446.5346374511719,1679.300048828125,1196.858642578125,2116.05517578125,512.6329345703125,5190.15185546875,585.1040649414062,446.2112121582031,462.70001220703125,6450.400390625,11252.0,1326.09033203125,7099.6533203125,3225.996826171875,350.6695556640625,269.19000244140625,293.048828125,907.4000244140625,165.74000549316406,,1077.9071044921875,1819.405517578125,2769.572021484375,1215.78759765625,2697.0107421875,776.9496459960938,595.1787109375,1267.7806396484375,4969.89599609375,1056.2896728515625,4301.5830078125,362.2379150390625,2304.856201171875,616.7317504882812,211.87098693847656,1303.114013671875,1763.802978515625,517.802978515625,77.54000091552734,70.06417083740234,21.75527572631836,295.7916564941406,893.6136474609375,644.9775390625,144.9679412841797,35.31999969482422,545.0999755859375,105.56999969482422,138.0,164.8800048828125,387.70880126953125,898.6943969726562,997.8202514648438,1145.5118408203125,4561.2001953125,571.8550415039062,283.65447998046875,1275.3743896484375,1278.199951171875,253.04737854003906,483.7243347167969,729.1431884765625,413.6499938964844,376.15057373046875,284.857177734375,543.0999755859375,,4014.39013671875,400.3649597167969,2307.766845703125,131974.65625,876.3712158203125,310.7093811035156,3070.15869140625,172.10000610351562,2268.699951171875,783.4174194335938,13090.53125,1603.0,1008.0584716796875,2684.0,2205.76416015625,3493.800048828125,83.00286102294922,313.8500061035156,90.41999816894531,410.20001220703125,1410.5196533203125,1719.3115234375,285.8999938964844,476.20001220703125,1132.050048828125,9099.3154296875,1663.0,3072.571533203125,37557.34765625,466.5,4800.82568359375,276.70782470703125,1799.699951171875,1389.2962646484375,8027.4111328125,420.0,470.4991760253906,320.8999938964844,1403.3333740234375,110.66213989257812,372.0923156738281,305.95001220703125,1359.51416015625,670.7000122070312,1815.4000244140625,80.41000366210938,2503.443359375,127.70799255371094,25059.861328125,969.1677856445312,3837.144287109375,15249.9892578125,586.9440307617188,1092.1636962890625,184.1999969482422,1728.96875,4645.603515625,3666.47314453125,56.93000030517578,3552.60009765625,711.36279296875,1560.509765625,2401.6884765625,1150.7625732421875,4114.90673828125,,450.4090270996094,208.9606475830078,583.8338012695312,1360.73828125,4427.2724609375,4211.4306640625,1766.382080078125,2836.34228515625,2992.768798828125,633.369140625,11769.759765625,171.04981994628906,1380.9652099609375,517.7798461914062,742.5,9.6899995803833,1510.255615234375,202.734619140625,19.940000534057617,,938.806396484375
7173.8603515625,1431.0198974609375,1976.0,1021.8076782226562,1435.449951171875,2411.32177734375,1249.949951171875,1630.7274169921875,223.35000610351562,653.6217041015625,338.29998779296875,63.58000183105469,5408.81982421875,456.5401611328125,7743.98486328125,421.240966796875,164.71022033691406,2441.41845703125,1546.4677734375,1422.5999755859375,4544.39990234375,1288.0067138671875,3616.572021484375,9363.7216796875,918.0068359375,1777.4832763671875,10120.740234375,2181.710205078125,177.11476135253906,259.4386901855469,139.68698120117188,76.57244110107422,1396.699951171875,435.15924072265625,1889.068603515625,353.5694580078125,307.75,1820.8837890625,1493.17138671875,362.36663818359375,37076.01953125,5569.24755859375,831.2000122070312,132.72181701660156,1535.7967529296875,1294.35693359375,460.8434753417969,1695.5999755859375,1195.365478515625,2100.439208984375,508.9441833496094,5214.74755859375,580.6104736328125,444.3848876953125,465.3999938964844,6406.08349609375,11370.0,1346.063720703125,6998.2158203125,3271.5810546875,354.55096435546875,270.1099853515625,289.610595703125,906.0,165.67999267578125,,1080.6285400390625,1815.8228759765625,2774.357177734375,1183.9130859375,2701.12060546875,769.817626953125,588.0541381835938,1265.8900146484375,4994.53369140625,1068.724853515625,4332.62060546875,361.4295654296875,2266.44677734375,605.0452270507812,211.9991455078125,1281.1988525390625,1765.09814453125,518.749755859375,76.83999633789062,68.50874328613281,21.75527572631836,296.3757629394531,877.4088134765625,649.5571899414062,144.1056365966797,34.970001220703125,543.8499755859375,105.13999938964844,138.0500030517578,166.4499969482422,398.936279296875,884.1179809570312,1001.5087890625,1127.697265625,4442.39990234375,578.9310302734375,284.08319091796875,1274.2806396484375,1265.5,250.2239990234375,481.031982421875,728.30029296875,412.6499938964844,377.2986145019531,282.8676452636719,550.0,,3998.643798828125,399.485595703125,2286.123779296875,129893.28125,879.8091430664062,305.7705078125,3056.00732421875,173.72000122070312,2264.39990234375,777.29541015625,12763.8125,1610.800048828125,1002.9675903320312,2683.300048828125,2211.0234375,3496.0,85.14698791503906,318.1499938964844,90.9000015258789,406.8500061035156,1433.1109619140625,1706.3416748046875,301.29998779296875,497.20001220703125,1129.1500244140625,9303.466796875,1667.4000244140625,3086.521484375,37358.1328125,463.8500061035156,4786.8740234375,274.5527038574219,1761.9000244140625,1382.6441650390625,8215.021484375,415.8999938964844,476.9389343261719,319.0,1400.83642578125,108.24250030517578,369.8777770996094,308.6300048828125,1382.5078125,647.4500122070312,1808.300048828125,81.79000091552734,2527.996826171875,125.00269317626953,24825.470703125,947.8881225585938,3808.584716796875,15294.962890625,597.0646362304688,1071.9775390625,185.6300048828125,1742.732666015625,4550.6044921875,3606.39794921875,57.31999969482422,3495.89990234375,790.0037841796875,1584.1944580078125,2398.8427734375,1138.0699462890625,4058.812744140625,,458.9560241699219,210.70468139648438,561.1817016601562,1372.434326171875,4402.5537109375,4174.60400390625,1748.8428955078125,2831.748779296875,2999.365234375,639.3115844726562,11580.62109375,165.5909881591797,1363.896728515625,517.4804077148438,739.2999877929688,9.949999809265137,1506.3677978515625,199.30380249023438,19.969999313354492,,910.4818115234375
7150.728515625,1428.33544921875,1966.5999755859375,1016.6627197265625,1418.1500244140625,2424.815673828125,1244.800048828125,1654.1287841796875,219.27999877929688,656.7206420898438,348.45001220703125,65.05000305175781,5334.45263671875,452.3608703613281,7700.0361328125,421.7381286621094,162.95022583007812,2426.25,1550.361572265625,1396.800048828125,4593.39990234375,1295.4010009765625,3626.146728515625,9411.0556640625,924.3179931640625,1762.69580078125,10179.0166015625,2192.273193359375,196.59591674804688,259.8455505371094,138.6798858642578,78.41436004638672,1394.0999755859375,436.956787109375,1902.029296875,343.39227294921875,303.8999938964844,1864.6331787109375,1510.48095703125,361.8172912597656,36107.390625,5615.4775390625,825.5999755859375,132.68307495117188,1552.690185546875,1305.353759765625,473.57342529296875,1773.800048828125,1198.451171875,2107.654052734375,513.0316772460938,5244.50048828125,587.0792846679688,450.15997314453125,466.29998779296875,6507.16650390625,11325.0,1321.4200439453125,7114.99267578125,3265.15380859375,361.71661376953125,267.8500061035156,283.7804870605469,908.8499755859375,165.66000366210938,,1078.6988525390625,1853.341552734375,2794.494384765625,1188.0706787109375,2728.227783203125,766.3253784179688,592.2890014648438,1246.2877197265625,5040.35986328125,1061.6614990234375,4342.7998046875,361.95263671875,2291.095947265625,602.0499877929688,213.625732421875,1270.290771484375,1763.902587890625,522.5365600585938,76.75,69.94452667236328,21.625896453857422,307.86279296875,857.2874755859375,641.791748046875,142.91622924804688,35.16999816894531,550.0999755859375,105.08000183105469,137.2100067138672,167.5500030517578,398.8880920410156,912.2723999023438,988.5986938476562,1142.7711181640625,4345.2001953125,558.5005493164062,272.3186950683594,1272.3914794921875,1228.0999755859375,250.12423706054688,484.0234680175781,733.8533935546875,412.3999938964844,381.3416442871094,282.5113525390625,562.1500244140625,,4056.47900390625,396.92071533203125,2294.76123046875,130197.75,909.5048217773438,313.1543884277344,3119.540283203125,173.27999877929688,2256.800048828125,775.75244140625,13125.18359375,1610.4000244140625,1004.8142700195312,2769.699951171875,2191.93505859375,3461.10009765625,83.86051177978516,318.20001220703125,91.7300033569336,401.29998779296875,1458.5885009765625,1696.36474609375,301.3999938964844,492.8500061035156,1104.199951171875,9418.1806640625,1684.300048828125,3080.044677734375,36700.71484375,466.29998779296875,4789.166015625,276.9253234863281,1790.300048828125,1379.0699462890625,8110.01953125,421.25,460.4432373046875,320.3500061035156,1431.8973388671875,108.0384292602539,357.8208312988281,302.29998779296875,1418.83984375,651.2000122070312,1816.199951171875,80.5999984741211,2538.7763671875,123.02613067626953,24491.33984375,951.4678344726562,3758.33154296875,15367.919921875,597.9620361328125,1067.655517578125,186.16000366210938,1774.050537109375,4606.90771484375,3641.549560546875,56.810001373291016,3553.89990234375,787.6400756835938,1587.761962890625,2428.280029296875,1158.19970703125,4075.316650390625,,448.719482421875,211.51791381835938,563.54541015625,1422.8248291015625,4425.279296875,4223.107421875,1695.826416015625,2814.70751953125,2963.48486328125,637.9249877929688,11596.30078125,162.5118865966797,1352.9808349609375,522.0210571289062,773.5999755859375,10.289999961853027,1470.1815185546875,198.41395568847656,20.270000457763672,,910.0321655273438
7145.8759765625,1413.9188232421875,1905.0,1014.96435546875,1342.25,2407.323486328125,1227.1500244140625,1650.3447265625,221.85000610351562,634.4784545898438,345.5,64.19999694824219,5390.3525390625,442.0121154785156,7627.62060546875,406.07769775390625,159.37127685546875,2423.473876953125,1527.2978515625,1389.5,4585.89990234375,1267.3226318359375,3630.93408203125,9855.3037109375,931.2752685546875,1745.7103271484375,10140.98828125,2153.308837890625,198.0037078857422,255.20562744140625,135.44554138183594,77.19298553466797,1364.0999755859375,430.71527099609375,1875.908447265625,351.27685546875,300.45001220703125,1863.349365234375,1500.8865966796875,359.22039794921875,35759.6796875,5632.19921875,813.3499755859375,130.35003662109375,1562.286376953125,1297.4281005859375,475.1029968261719,1733.4000244140625,1190.3885498046875,2071.777099609375,507.2992248535156,5223.078125,579.7216186523438,435.8456726074219,467.04998779296875,6475.7958984375,11166.5,1314.5634765625,7035.3271484375,3205.33056640625,358.8304443359375,264.760009765625,285.9730224609375,899.2000122070312,163.22999572753906,,1055.98779296875,1826.371826171875,2785.821533203125,1186.9818115234375,2654.539794921875,759.1441650390625,584.815673828125,1234.44677734375,5025.08447265625,1032.6131591796875,4330.025390625,356.19903564453125,2228.2353515625,595.9500122070312,217.736572265625,1252.8380126953125,1756.530517578125,512.0728759765625,75.87999725341797,69.43601989746094,21.43680763244629,306.548583984375,834.081787109375,633.03076171875,140.99337768554688,35.0,539.5499877929688,104.20999908447266,135.10000610351562,166.02000427246094,395.08135986328125,914.5686645507812,969.8565063476562,1156.768310546875,4295.2998046875,559.2479858398438,271.16217041015625,1257.2783203125,1223.0999755859375,245.79437255859375,477.2427673339844,752.6943359375,412.75,382.6393737792969,276.87933349609375,554.7000122070312,,3975.173095703125,389.8123474121094,2288.605712890625,129484.0,894.7566528320312,303.8634338378906,3065.3095703125,167.5500030517578,2246.699951171875,771.4720458984375,13181.6162109375,1585.699951171875,991.288330078125,2733.199951171875,2217.256103515625,3424.199951171875,82.97293853759766,316.6000061035156,90.37000274658203,399.1499938964844,1451.6219482421875,1665.73583984375,299.54998779296875,490.79998779296875,1095.800048828125,9455.6083984375,1666.199951171875,3043.87451171875,36640.953125,459.45001220703125,4783.38623046875,273.6036376953125,1765.0,1365.864990234375,8072.19873046875,417.20001220703125,444.2447509765625,318.3500061035156,1412.6217041015625,106.26985931396484,348.7165832519531,297.6499938964844,1424.215087890625,643.9000244140625,1819.0,78.9800033569336,2513.82373046875,120.99964904785156,24132.2734375,932.0775146484375,3789.577880859375,15429.8828125,605.4901123046875,1049.5321044921875,184.6199951171875,1803.5732421875,4511.0126953125,3597.163330078125,55.58000183105469,3492.89990234375,796.75,1566.257568359375,2427.4951171875,1134.9959716796875,4057.142578125,,441.812255859375,207.0892333984375,572.5570068359375,1436.1778564453125,4370.85791015625,4176.7998046875,1730.008056640625,2758.98974609375,2946.294189453125,635.6965942382812,11354.2412109375,161.18118286132812,1315.4696044921875,513.1309204101562,271.54998779296875,10.220000267028809,1425.9205322265625,198.38429260253906,19.93000030517578,,891.0992431640625
7145.8759765625,1413.9188232421875,1905.0,1014.96435546875,1342.25,2407.323486328125,1227.1500244140625,1650.3447265625,221.85000610351562,634.4784545898438,345.5,64.19999694824219,5390.3525390625,442.0121154785156,7627.62060546875,406.07769775390625,159.37127685546875,2423.473876953125,1527.2978515625,1389.5,4585.89990234375,1267.3226318359375,3630.93408203125,9855.3037109375,931.2752685546875,1745.7103271484375,10140.98828125,,198.0037078857422,255.20562744140625,135.44554138183594,77.19298553466797,1364.0999755859375,430.71527099609375,1875.908447265625,351.27685546875,300.45001220703125,1863.349365234375,1500.8865966796875,359.22039794921875,,5632.19921875,813.3499755859375,130.35003662109375,1562.286376953125,1297.4281005859375,475.1029968261719,1733.4000244140625,1190.3885498046875,2071.777099609375,507.2992248535156,5223.078125,579.7216186523438,435.8456726074219,467.04998779296875,,11166.5,1314.5634765625,7035.3271484375,3205.33056640625,358.8304443359375,264.760009765625,285.9730224609375,899.2000122070312,163.22999572753906,,1055.98779296875,1826.371826171875,2785.821533203125,1186.9818115234375,2654.539794921875,759.1441650390625,584.815673828125,1234.44677734375,5025.08447265625,1032.6131591796875,4330.025390625,356.19903564453125,2228.2353515625,595.9500122070312,217.736572265625,1252.8380126953125,1756.530517578125,512.0728759765625,75.87999725341797,69.43601989746094,21.43680763244629,306.548583984375,834.081787109375,633.03076171875,140.99337768554688,35.0,539.5499877929688,104.20999908447266,135.10000610351562,166.02000427246094,395.08135986328125,914.5686645507812,969.8565063476562,1156.768310546875,,559.2479858398438,271.16217041015625,1257.2783203125,1223.0999755859375,245.79437255859375,477.2427673339844,752.6943359375,412.75,382.6393737792969,276.87933349609375,554.7000122070312,,3975.173095703125,389.8123474121094,2288.605712890625,129484.0,894.7566528320312,303.8634338378906,3065.3095703125,167.5500030517578,,771.4720458984375,13181.6162109375,1585.699951171875,991.288330078125,2733.199951171875,2217.256103515625,3424.199951171875,82.97293853759766,316.6000061035156,90.37000274658203,399.1499938964844,1451.6219482421875,,299.54998779296875,490.79998779296875,1095.800048828125,9455.6083984375,1666.199951171875,3043.87451171875,,459.45001220703125,4783.38623046875,273.6036376953125,,1365.864990234375,8072.19873046875,417.20001220703125,444.2447509765625,318.3500061035156,1412.6217041015625,106.26985931396484,348.7165832519531,297.6499938964844,1424.215087890625,643.9000244140625,1819.0,78.9800033569336,2513.82373046875,120.99964904785156,24132.2734375,932.0775146484375,3789.577880859375,15429.8828125,605.4901123046875,1049.5321044921875,184.6199951171875,1803.5732421875,4511.0126953125,3597.163330078125,55.58000183105469,3492.89990234375,796.75,1566.257568359375,2427.4951171875,1134.9959716796875,4057.142578125,,441.812255859375,207.0892333984375,572.5570068359375,1436.1778564453125,4370.85791015625,4176.7998046875,1730.008056640625,2758.98974609375,2946.294189453125,635.6965942382812,11354.2412109375,161.18118286132812,1315.4696044921875,513.1309204101562,271.54998779296875,10.220000267028809,1425.9205322265625,198.38429260253906,19.93000030517578,,891.0992431640625
7152.30029296875,1390.15625,1873.0,1014.0152587890625,1398.4000244140625,2484.589111328125,1290.699951171875,1735.2867431640625,227.3000030517578,642.9254760742188,345.8500061035156,65.93000030517578,5350.92333984375,443.1066589355469,7728.5029296875,407.1217346191406,158.07342529296875,2427.04296875,1557.15087890625,1376.0,4376.5,1274.1173095703125,3701.548095703125,9991.388671875,944.3945922851562,1768.890625,10248.6513671875,2197.355712890625,204.9832000732422,256.79425048828125,134.27381896972656,78.10901641845703,1372.4000244140625,432.96221923828125,1840.216796875,375.8376159667969,301.70001220703125,1804.3912353515625,1481.5987548828125,360.1692810058594,35615.62890625,5697.60986328125,802.2999877929688,130.49525451660156,1638.8563232421875,1322.592041015625,473.6227722167969,1719.300048828125,1146.292724609375,2147.583251953125,514.7763061523438,5245.49267578125,599.6712036132812,439.9425354003906,467.3500061035156,6592.3154296875,11408.0,1279.08837890625,7253.046875,3169.239013671875,357.33758544921875,264.8500061035156,288.16552734375,905.75,164.47999572753906,,1061.33154296875,1890.6611328125,2847.13037109375,1188.36767578125,2694.662109375,766.7189331054688,586.2604370117188,1250.367431640625,4993.0556640625,1037.2886962890625,4550.279296875,355.5333557128906,2286.04736328125,605.5499877929688,218.37734985351562,1260.1761474609375,1750.15478515625,533.6978759765625,74.87000274658203,69.38616180419922,21.59604263305664,302.8493957519531,813.0302734375,640.845947265625,141.00328063964844,34.869998931884766,555.25,104.41000366210938,135.36000061035156,166.91000366210938,385.733154296875,912.4221801757812,973.6448364257812,1143.652099609375,4262.39990234375,560.39404296875,273.32562255859375,1259.3663330078125,1261.4000244140625,252.1494903564453,475.0489807128906,762.11474609375,413.29998779296875,371.00946044921875,282.7389831542969,557.0,,4061.13330078125,391.8153991699219,2331.89208984375,129009.828125,920.3666381835938,297.115234375,3074.216064453125,159.47000122070312,2257.800048828125,780.9785766601562,13444.9716796875,1606.699951171875,1009.7554931640625,2611.60009765625,2217.158935546875,3487.699951171875,83.05271911621094,320.3999938964844,89.08999633789062,400.04998779296875,1450.129150390625,1689.780029296875,292.8999938964844,475.1000061035156,1115.800048828125,9459.0107421875,1670.800048828125,3036.6005859375,36810.28515625,456.25,4771.52783203125,273.5443420410156,1787.4000244140625,1354.8443603515625,8305.09375,437.1000061035156,444.09613037109375,319.04998779296875,1452.5714111328125,105.60906982421875,347.92919921875,296.6499938964844,1456.3663330078125,644.7999877929688,1820.0999755859375,79.86000061035156,2546.561279296875,120.00138854980469,24675.859375,955.0476684570312,3815.3515625,15449.87109375,573.7822875976562,1049.4830322265625,186.14999389648438,1818.7333984375,4533.79296875,3594.680908203125,54.959999084472656,3495.5,793.5491943359375,1555.455810546875,2385.6943359375,1150.6634521484375,4105.0830078125,,438.6816711425781,207.9514617919922,582.1102905273438,1434.325927734375,4348.73046875,4243.3671875,1718.0494384765625,2768.24267578125,2904.4169921875,637.1821899414062,11522.80078125,159.07342529296875,1311.599365234375,506.1886291503906,294.6499938964844,10.520000457763672,1449.64599609375,198.48316955566406,19.959999084472656,,901.539794921875
7242.73583984375,1384.5885009765625,1870.5999755859375,1006.1229248046875,1409.5999755859375,2460.899658203125,1331.4000244140625,1717.7606201171875,229.9600067138672,646.9740600585938,360.8500061035156,63.9900016784668,5393.34716796875,430.9667663574219,7762.962890625,400.3106994628906,157.56214904785156,2409.0986328125,1529.19482421875,1428.0999755859375,4358.7001953125,1258.729248046875,3716.408935546875,9906.58203125,952.7432861328125,1793.0699462890625,10340.509765625,2164.469970703125,204.66595458984375,255.1475067138672,134.19635009765625,80.0198745727539,1398.5999755859375,432.76251220703125,1860.953857421875,373.744384765625,298.5,1783.65234375,1466.2674560546875,367.81011962890625,35635.49609375,5738.921875,826.9000244140625,130.02090454101562,1656.749267578125,1321.3040771484375,466.3696594238281,1712.199951171875,1163.4134521484375,2153.513427734375,516.4711303710938,5216.73095703125,589.8939208984375,454.6517028808594,459.5,6623.68603515625,11253.0,1263.189208984375,7225.83203125,3171.612060546875,359.4275817871094,270.0,291.6037902832031,903.7000122070312,163.6999969482422,,1090.029541015625,1800.7955322265625,2862.582275390625,1188.0706787109375,2746.234130859375,759.734375,591.9900512695312,1233.45166015625,5034.939453125,1049.2264404296875,4601.07666015625,355.5809020996094,2303.965087890625,611.25,216.85919189453125,1240.839111328125,1770.1788330078125,535.4916381835938,74.52999877929688,68.54862213134766,21.476613998413086,303.19012451171875,831.0464477539062,644.9277954101562,140.88433837890625,34.560001373291016,569.0999755859375,105.81999969482422,135.27000427246094,166.24000549316406,388.09429931640625,909.2273559570312,960.98388671875,1153.1466064453125,4238.39990234375,560.0452880859375,271.68060302734375,1245.2474365234375,1261.199951171875,247.8695068359375,464.03033447265625,766.0316772460938,406.6000061035156,370.7099914550781,287.4900817871094,558.1500244140625,,4015.28125,390.4718933105469,2326.431640625,128046.5078125,904.6219482421875,298.82672119140625,3177.43212890625,155.74000549316406,2319.5,803.5255126953125,13292.5029296875,1596.199951171875,998.6751708984375,2633.39990234375,2152.10302734375,3446.39990234375,82.94302368164062,316.45001220703125,88.83000183105469,398.6499938964844,1470.730224609375,1662.4434814453125,289.95001220703125,476.5,1088.0,9436.6513671875,1680.5,3003.519287109375,37253.54296875,457.20001220703125,4799.6298828125,279.3276062011719,1793.9000244140625,1354.4471435546875,8297.62890625,439.0,452.66595458984375,319.45001220703125,1430.3992919921875,104.84139251708984,350.78350830078125,300.45001220703125,1456.864013671875,645.6500244140625,1821.199951171875,79.36000061035156,2518.015625,120.03133392333984,24780.587890625,958.9754638671875,3827.790283203125,15835.6435546875,576.17529296875,1041.133544921875,187.30999755859375,1816.04052734375,4569.703125,3605.50439453125,54.849998474121094,3534.39990234375,789.3143310546875,1544.9512939453125,2381.769287109375,1143.8214111328125,4145.06591796875,,439.9239807128906,207.050048828125,614.6111450195312,1415.417236328125,4359.2958984375,4266.62109375,1728.7125244140625,2752.865478515625,2930.802490234375,635.8946533203125,11723.7001953125,159.04428100585938,1305.5460205078125,511.1331481933594,303.8999938964844,10.800000190734863,1371.5911865234375,197.5241241455078,20.479999542236328,,911.4309692382812
7098.9287109375,1405.865478515625,1914.699951171875,1023.0065307617188,1407.300048828125,2539.164794921875,1353.0,1740.962890625,229.1199951171875,650.772705078125,369.29998779296875,66.20999908447266,5547.072265625,444.69879150390625,7751.4765625,410.30352783203125,164.9855194091797,2497.333251953125,1573.625,1484.0,4432.2001953125,1293.20263671875,3841.978271484375,10175.79296875,974.7579345703125,1834.5345458984375,10481.75390625,2222.568115234375,207.08499145507812,261.8313293457031,137.83740234375,82.37397766113281,1401.5,437.6059265136719,1868.1322021484375,384.7090148925781,314.04998779296875,1810.9091796875,1497.0289306640625,380.1453857421875,36405.4296875,5688.265625,828.9000244140625,133.63177490234375,1711.2279052734375,1351.7188720703125,464.0013122558594,1753.0999755859375,1274.4990234375,2131.967529296875,522.6024169921875,5280.70068359375,602.0413818359375,460.2787170410156,471.0,6674.4765625,11299.0,1302.738525390625,7234.73876953125,3279.98583984375,350.0226745605469,272.3500061035156,292.0024108886719,915.0,165.67999267578125,,1082.7066650390625,1858.2178955078125,2905.747802734375,1177.0828857421875,2755.62841796875,783.58984375,604.196533203125,1251.06396484375,5095.05517578125,1040.3726806640625,4617.54296875,379.641357421875,2293.768798828125,634.5999755859375,219.25473022460938,1268.8033447265625,1803.053955078125,548.197509765625,76.02999877929688,69.38616180419922,21.725418090820312,302.4599914550781,848.7689208984375,663.1964111328125,146.90072631835938,35.16999816894531,572.75,106.73999786376953,136.41000366210938,169.4600067138672,393.4911804199219,945.2190551757812,978.3802490234375,1142.4774169921875,4520.2001953125,565.97509765625,272.3785095214844,1266.028076171875,1264.300048828125,251.85018920898438,469.9136047363281,742.331787109375,415.6499938964844,375.9509582519531,297.23968505859375,582.1500244140625,,3969.726318359375,394.3802490234375,2425.314453125,130107.90625,945.8272094726562,320.1470642089844,3266.496826171875,156.77999877929688,2361.0,811.0908813476562,13585.5595703125,1652.800048828125,1014.0977783203125,2644.5,2160.57568359375,3533.60009765625,83.43169403076172,322.29998779296875,89.18000030517578,394.8500061035156,1478.9903564453125,1669.527099609375,280.79998779296875,450.25,1110.5999755859375,9424.5,1701.800048828125,3060.0166015625,37392.99609375,460.04998779296875,4996.6455078125,280.06903076171875,1839.0999755859375,1411.3375244140625,8375.7587890625,451.70001220703125,459.6011047363281,315.95001220703125,1453.370361328125,107.06668853759766,353.4409484863281,305.1000061035156,1431.2823486328125,649.6500244140625,1859.0,79.94000244140625,2714.442626953125,127.18889617919922,24910.25,998.4520874023438,3823.013671875,15730.705078125,580.9115600585938,1076.5943603515625,186.0399932861328,1845.3636474609375,4675.04833984375,3683.353759765625,54.31999969482422,3617.89990234375,803.5947875976562,1576.6629638671875,2389.717041015625,1142.5322265625,4205.875,,440.5202941894531,211.11619567871094,618.2059936523438,1429.550048828125,4345.341796875,4349.65576171875,1728.014892578125,2855.64697265625,2915.4111328125,653.672607421875,11851.099609375,163.9105987548828,1280.439453125,508.3861999511719,316.3999938964844,11.300000190734863,1375.279541015625,196.87156677246094,22.1299991607666,,937.9570922851562
7104.36474609375,1406.4620361328125,1973.699951171875,1031.3984375,1387.0999755859375,2512.57666015625,1365.0,1725.5279541015625,230.19000244140625,644.0250854492188,369.0,67.79000091552734,5580.51220703125,448.4303283691406,7827.88720703125,407.7182922363281,167.91552734375,2508.83349609375,1566.635986328125,1478.699951171875,4386.5,1291.7037353515625,3953.185302734375,10457.82421875,966.8068237304688,1822.9444580078125,10466.9384765625,2250.570556640625,205.84573364257812,261.8797607421875,135.92971801757812,84.02874755859375,1466.9000244140625,438.854248046875,1986.871826171875,405.1430969238281,307.6000061035156,1803.8974609375,1499.1060791015625,381.79339599609375,37647.2578125,5718.7578125,859.0999755859375,131.5891571044922,1688.5367431640625,1349.638427734375,460.4980773925781,1814.699951171875,1279.3765869140625,2141.752197265625,525.0947875976562,5358.5546875,611.1766967773438,463.9806823730469,481.75,6674.974609375,11048.0,1299.35986328125,7251.5625,3308.46337890625,362.71185302734375,269.8500061035156,296.0386047363281,917.0499877929688,167.25999450683594,,1025.8052978515625,1869.5631103515625,2951.40576171875,1171.4404296875,2773.928466796875,783.0979614257812,623.178955078125,1262.6064453125,5265.54736328125,1050.22119140625,4772.42919921875,377.0736083984375,2249.32080078125,636.5499877929688,224.77528381347656,1268.3074951171875,1843.201416015625,560.9533081054688,75.76000213623047,70.18382263183594,21.566184997558594,299.24749755859375,842.7962036132812,666.13330078125,145.59237670898438,35.16999816894531,568.5,106.7699966430664,135.55999755859375,169.83999633789062,388.28704833984375,945.418701171875,978.8287963867188,1138.07275390625,4506.89990234375,573.947998046875,280.35443115234375,1276.0704345703125,1258.199951171875,250.4335174560547,477.6416320800781,716.59912109375,411.1499938964844,378.7461242675781,300.5555419921875,586.3499755859375,,3984.0859375,396.2856140136719,2442.390869140625,129738.5546875,963.9634399414062,321.22283935546875,3335.67041015625,155.35000610351562,2375.199951171875,828.3619384765625,13633.08203125,1707.4000244140625,1013.4988403320312,2683.300048828125,2135.839111328125,3584.300048828125,81.35736846923828,328.70001220703125,90.13999938964844,400.3500061035156,1468.938720703125,1671.123291015625,283.8999938964844,452.8500061035156,1197.4000244140625,9498.5,1684.0999755859375,3090.407470703125,37198.7578125,460.3500061035156,4966.74951171875,278.88275146484375,1829.5,1440.031005859375,8960.484375,455.70001220703125,453.3099365234375,313.79998779296875,1481.634765625,106.02692413330078,354.0807189941406,308.70001220703125,1429.590087890625,648.1500244140625,1872.199951171875,79.88999938964844,2766.04443359375,130.20364379882812,25528.642578125,1009.9371948242188,3852.568603515625,15877.619140625,576.9730224609375,1072.6651611328125,187.27999877929688,1829.60498046875,4714.1416015625,3639.166259765625,55.650001525878906,3706.699951171875,793.1552734375,1579.1405029296875,2356.35498046875,1142.036376953125,4221.69140625,,436.544921875,212.70346069335938,619.7325439453125,1411.5185546875,4293.412109375,4354.04736328125,1706.589111328125,2858.50927734375,3013.857421875,644.2141723632812,11903.0400390625,162.48275756835938,1270.0196533203125,510.03436279296875,305.3999938964844,11.229999542236328,1359.6287841796875,195.13145446777344,22.510000228881836,,939.4557495117188
6930.90673828125,1383.892578125,1948.5999755859375,1049.3809814453125,1353.5999755859375,2504.780029296875,1355.800048828125,1753.0120849609375,225.3300018310547,632.8289794921875,362.95001220703125,66.33000183105469,5575.521484375,442.1116027832031,8087.5849609375,406.9228515625,165.7425994873047,2577.537109375,1567.3349609375,1487.300048828125,4402.10009765625,1267.3226318359375,3897.1328125,10562.845703125,949.5131225585938,1816.749755859375,10501.5087890625,2254.65625,204.3387908935547,255.6318359375,135.3487091064453,82.63993072509766,1448.5999755859375,439.1039123535156,1983.6815185546875,403.2990417480469,302.75,1811.6993408203125,1481.6976318359375,379.94561767578125,37895.625,5429.57373046875,873.5499877929688,130.04994201660156,1673.4427490234375,1334.4805908203125,450.3832092285156,1776.699951171875,1361.7947998046875,2171.7978515625,533.1203002929688,5356.5712890625,600.7081298828125,481.4540100097656,479.1000061035156,6682.94140625,10803.0,1285.7462158203125,7226.82177734375,3111.3935546875,360.5223388671875,272.79998779296875,296.2379455566406,904.5999755859375,166.49000549316406,,1031.544921875,1864.587158203125,2959.380859375,1186.2889404296875,2792.9130859375,768.145263671875,619.4920654296875,1248.974365234375,5244.85205078125,1038.97998046875,4778.41748046875,368.0390625,2264.664794921875,635.0999755859375,228.68896484375,1254.226318359375,1821.08544921875,565.2882080078125,74.72000122070312,71.06124114990234,21.317380905151367,299.29620361328125,847.4960327148438,670.0657958984375,143.4118194580078,34.81999969482422,564.9000244140625,106.02999877929688,134.60000610351562,165.99000549316406,389.6362609863281,949.2125854492188,975.3395385742188,1154.2232666015625,4522.7001953125,569.263916015625,282.79705810546875,1270.50244140625,1248.4000244140625,248.75743103027344,471.957763671875,723.044677734375,424.54998779296875,380.1436767578125,300.30810546875,581.5,,3936.05517578125,391.888671875,2362.37109375,130197.75,958.7318115234375,331.6385192871094,3295.7890625,167.94000244140625,2430.800048828125,827.5157470703125,13589.51953125,1699.699951171875,1010.7037963867188,2657.300048828125,2156.387939453125,3528.89990234375,80.54956817626953,328.20001220703125,88.80000305175781,402.1499938964844,1475.30810546875,1699.05859375,279.20001220703125,454.20001220703125,1187.0999755859375,9345.5,1645.0999755859375,3099.67431640625,37218.6796875,461.6000061035156,5095.90087890625,280.5633239746094,1829.300048828125,1465.4478759765625,9040.1064453125,462.29998779296875,457.0747375488281,313.95001220703125,1505.4049072265625,104.20976257324219,353.7362060546875,305.0,1428.5947265625,645.4000244140625,1872.0999755859375,78.79000091552734,2775.5263671875,131.80087280273438,25369.05859375,1002.0816040039062,3803.90771484375,16095.490234375,577.62109375,1001.2523193359375,184.8800048828125,1843.0697021484375,4721.5029296875,3629.236328125,54.970001220703125,3695.199951171875,769.7156372070312,1577.9512939453125,2349.486328125,1166.330810546875,4243.50048828125,,433.31494140625,210.156005859375,621.4068603515625,1425.9437255859375,4494.2529296875,4372.111328125,1718.4481201171875,2824.02685546875,3048.138671875,639.8068237304688,11710.9599609375,161.4725799560547,1271.0120849609375,508.2862854003906,296.45001220703125,11.239999771118164,1320.6512451171875,195.6752471923828,22.940000534057617,,939.2059936523438
6313.1787109375,1350.0882568359375,1949.800048828125,1020.4090576171875,1340.4000244140625,2499.08251953125,1387.699951171875,1759.883056640625,222.02999877929688,620.2833862304688,352.95001220703125,64.98999786376953,5589.49609375,434.051513671875,8072.6025390625,403.39306640625,158.81085205078125,2544.028076171875,1569.6312255859375,1486.5999755859375,4389.39990234375,1271.319580078125,3907.705078125,10448.4560546875,930.3310546875,1792.6702880859375,10297.0498046875,2174.335693359375,199.500732421875,257.6660461425781,139.309326171875,80.19717407226562,1401.300048828125,431.3644104003906,1980.98974609375,400.0594787597656,294.45001220703125,1737.9278564453125,1448.760009765625,389.983642578125,37071.05078125,5321.86767578125,858.0999755859375,125.2967300415039,1623.8621826171875,1292.7718505859375,458.3271179199219,1716.5,1368.862060546875,2114.078369140625,528.384765625,5195.40771484375,582.9313354492188,467.3865051269531,479.1499938964844,6686.42724609375,10772.0,1271.83447265625,7127.85791015625,2933.50634765625,351.01788330078125,270.25,291.45428466796875,883.5,162.50999450683594,,1000.373046875,1785.668701171875,2974.932373046875,1182.82421875,2688.39892578125,751.2251586914062,620.488525390625,1223.8992919921875,5152.70703125,1018.1884155273438,4746.68115234375,359.289794921875,2283.968505859375,629.0999755859375,225.05130004882812,1255.8128662109375,1821.6832275390625,563.6439208984375,73.25,69.01725006103516,21.207908630371094,297.7386169433594,822.1362915039062,658.367919921875,139.12997436523438,34.290000915527344,556.7999877929688,103.08000183105469,130.67999267578125,160.69000244140625,395.7559509277344,920.8085327148438,958.2423706054688,1152.0699462890625,4299.39990234375,554.7632446289062,286.4859313964844,1255.38916015625,1232.0,239.7684783935547,459.194091796875,727.3087158203125,385.20001220703125,380.39324951171875,291.99371337890625,585.5999755859375,,3902.0869140625,390.03216552734375,2239.66064453125,128685.390625,927.8403930664062,329.63360595703125,3212.167236328125,160.3300018310547,2468.800048828125,838.7145385742188,13348.935546875,1695.5,1036.108642578125,2565.800048828125,2143.7275390625,3438.199951171875,78.97388458251953,329.70001220703125,86.79000091552734,392.95001220703125,1474.810546875,1630.91650390625,281.0,456.0,1196.5999755859375,9239.5,1642.5,3079.745849609375,36103.06640625,454.1000061035156,5080.45458984375,272.60516357421875,1810.9000244140625,1426.92529296875,9022.6884765625,441.95001220703125,444.34381103515625,310.8999938964844,1453.6700439453125,101.6637954711914,346.0099182128906,295.3999938964844,1381.81103515625,641.5,1884.4000244140625,77.37000274658203,2793.19287109375,130.07388305664062,25139.654296875,970.46044921875,3587.96875,16253.396484375,591.829833984375,956.3615112304688,180.72000122070312,1867.8048095703125,4685.0947265625,3591.900634765625,53.29999923706055,3613.699951171875,749.821533203125,1557.3387451171875,2348.014404296875,1260.33544921875,4170.31298828125,,430.5321960449219,207.79469299316406,621.4560546875,1420.485595703125,4191.84521484375,4508.14111328125,1675.0982666015625,2783.287109375,2990.570068359375,662.5863037109375,11628.640625,159.1122589111328,1256.42431640625,500.74462890625,298.3999938964844,12.180000305175781,1302.4085693359375,194.45912170410156,22.700000762939453,,956.0908203125
6254.865234375,1339.2508544921875,1881.199951171875,998.6301879882812,1284.300048828125,2404.125,1308.0,1681.114990234375,209.6300048828125,591.0935668945312,341.20001220703125,62.400001525878906,5486.68017578125,424.8470764160156,8013.171875,396.4825744628906,153.3342742919922,2483.94921875,1525.201171875,1488.199951171875,4331.7001953125,1259.12890625,3841.778564453125,10252.7109375,898.6756591796875,1743.3125,9973.0751953125,2103.282958984375,194.3850860595703,251.80560302734375,135.70700073242188,77.19298553466797,1334.199951171875,415.9353332519531,1907.2135009765625,390.4903564453125,287.8500061035156,1734.965087890625,1448.8590087890625,401.96929931640625,36271.3125,5246.62060546875,833.7000122070312,125.85821533203125,1560.3870849609375,1280.2889404296875,456.945556640625,1616.0999755859375,1314.314697265625,2100.439208984375,514.4274291992188,5117.5537109375,562.142333984375,467.1890563964844,464.70001220703125,6616.71484375,10138.0,1261.996826171875,7052.15087890625,2927.573486328125,344.64837646484375,260.6499938964844,283.830322265625,862.4000244140625,160.35000610351562,,1024.5394287109375,1704.16259765625,2893.984619140625,1134.220458984375,2576.44775390625,738.2399291992188,599.6627197265625,1184.9932861328125,5008.82373046875,1035.9954833984375,4563.25341796875,351.77685546875,2239.2236328125,641.9000244140625,215.82408142089844,1229.93115234375,1776.0565185546875,539.6272583007812,71.02999877929688,67.48175811767578,20.720256805419922,292.7252197265625,804.2669677734375,631.5872192382812,136.4340057373047,33.650001525878906,534.0,99.36000061035156,124.69000244140625,156.80999755859375,386.2632141113281,891.4061889648438,928.03564453125,1116.1473388671875,4201.7001953125,516.1943969726562,271.23193359375,1245.1480712890625,1214.300048828125,229.9315185546875,440.8961181640625,706.0878295898438,361.79998779296875,375.35198974609375,277.7899475097656,567.6500244140625,,3819.196533203125,381.4337463378906,2229.236328125,126284.5859375,876.2715454101562,319.755859375,3142.993896484375,154.1199951171875,2378.89990234375,826.2216796875,13041.0283203125,1653.699951171875,1015.8945922851562,2443.800048828125,2090.45556640625,3353.39990234375,76.56048583984375,308.1000061035156,86.62000274658203,392.70001220703125,1461.5740966796875,1622.93505859375,294.5,490.95001220703125,1154.5999755859375,9010.5,1603.300048828125,2986.879150390625,34947.609375,441.04998779296875,4860.2197265625,268.0576171875,1731.0,1442.6123046875,8978.896484375,422.04998779296875,436.6161193847656,306.29998779296875,1379.06396484375,99.87578582763672,338.92340087890625,283.29998779296875,1357.722412109375,625.0999755859375,1833.9000244140625,74.25,2716.039306640625,124.04436492919922,24795.548828125,925.2163696289062,3556.921142578125,15575.796875,582.4072265625,957.3438110351562,176.08999633789062,1840.8753662109375,4575.0751953125,3509.284912109375,51.52000045776367,3561.0,758.5867919921875,1526.0234375,2257.151611328125,1242.4864501953125,4010.282958984375,,415.82330322265625,207.71630859375,606.58447265625,1357.619384765625,4042.036865234375,4373.208984375,1592.085693359375,2696.41552734375,2952.390869140625,620.1471557617188,11285.6416015625,157.53872680664062,1237.966552734375,487.80902099609375,305.04998779296875,11.890000343322754,1265.6240234375,187.42941284179688,22.059999465942383,,929.814453125
6231.638671875,1358.539306640625,1891.0999755859375,993.8348388671875,1318.199951171875,2496.883544921875,1366.699951171875,1730.5069580078125,213.8699951171875,606.2882690429688,344.29998779296875,63.59000015258789,5452.7412109375,436.24066162109375,7995.19287109375,394.1956481933594,150.64022827148438,2595.085205078125,1541.575439453125,1497.5,4334.7001953125,1254.7322998046875,3878.581787109375,10119.583984375,890.6748657226562,1727.426025390625,9901.958984375,2097.80224609375,193.20530700683594,253.45233154296875,136.14276123046875,78.76895141601562,1360.300048828125,427.6694030761719,1940.0140380859375,402.55145263671875,297.1000061035156,1766.9622802734375,1473.2901611328125,417.1011962890625,36077.58984375,5248.587890625,847.0499877929688,125.13216400146484,1573.9818115234375,1315.2608642578125,456.1560974121094,1653.0999755859375,1291.1220703125,2109.630859375,518.2656860351562,5169.1259765625,567.031005859375,457.1690368652344,465.20001220703125,6768.09033203125,11124.0,1257.3265380859375,6899.251953125,2949.327392578125,347.63409423828125,265.8500061035156,279.09649658203125,874.4500122070312,163.30999755859375,,1024.837890625,1722.2750244140625,2936.452392578125,1131.646728515625,2595.5302734375,737.4037475585938,600.6591796875,1193.2520751953125,4922.591796875,1067.531005859375,4609.16015625,370.9871826171875,2244.47021484375,667.0999755859375,216.37615966796875,1225.2703857421875,1797.37548828125,540.6238403320312,71.16999816894531,68.09994506835938,20.342077255249023,296.3757629394531,796.9723510742188,634.5739135742188,140.43832397460938,33.68000030517578,536.0999755859375,101.4800033569336,128.25,159.3000030517578,398.2134704589844,891.0567626953125,924.9949340820312,1099.3115234375,4255.7998046875,507.47406005859375,267.144287109375,1267.6190185546875,1242.9000244140625,230.9092254638672,447.1283874511719,704.6995849609375,355.3999938964844,376.9991149902344,279.0271911621094,585.6500244140625,,3877.923095703125,384.5115966796875,2199.65087890625,126259.625,870.9403076171875,313.05657958984375,3079.461181640625,155.6300048828125,2407.60009765625,829.6062622070312,12972.71484375,1597.9000244140625,1024.2796630859375,2518.5,2089.189453125,3506.39990234375,77.92675018310547,325.70001220703125,91.11000061035156,390.45001220703125,1461.8726806640625,1614.95361328125,297.1499938964844,507.1000061035156,1121.800048828125,8928.5,1636.300048828125,3040.088134765625,35191.6484375,446.6499938964844,4828.23046875,268.2553405761719,1738.4000244140625,1435.2652587890625,8845.529296875,419.20001220703125,441.8669738769531,301.5,1360.6871337890625,99.8660659790039,341.0887145996094,285.0,1352.54638671875,634.1500244140625,1837.5,75.69999694824219,2690.088623046875,126.10078430175781,24930.19921875,915.3720703125,3514.927734375,15777.677734375,589.6361694335938,952.9234619140625,201.30999755859375,1820.0301513671875,4510.51513671875,3496.276611328125,53.099998474121094,3527.199951171875,756.4692993164062,1544.753173828125,2230.16748046875,1224.6375732421875,3963.128662109375,,401.959228515625,215.1823272705078,616.630126953125,1340.1727294921875,4077.321044921875,4287.27978515625,1452.0706787109375,2718.982177734375,2939.39794921875,624.0592041015625,11341.501953125,157.80099487304688,1246.7984619140625,488.60809326171875,323.3500061035156,12.829999923706055,1254.9576416015625,185.6793975830078,22.110000610351562,,938.40673828125
6354.19580078125,1370.2713623046875,1890.0999755859375,1003.7252807617188,1319.0999755859375,2711.6875,1414.9000244140625,1765.95751953125,224.49000549316406,612.3861083984375,349.6499938964844,63.47999954223633,5566.53759765625,441.71356201171875,8109.5595703125,399.5152282714844,151.7512664794922,2599.6455078125,1558.8482666015625,1510.9000244140625,4341.39990234375,1253.6331787109375,4026.990966796875,10305.9609375,906.5770874023438,1738.71630859375,10229.8837890625,2183.50390625,197.3295440673828,259.4096374511719,139.39646911621094,77.32102966308594,1353.0999755859375,428.26861572265625,1943.0050048828125,411.821533203125,295.0,1860.09033203125,1493.270263671875,418.49951171875,36703.46875,5284.490234375,848.25,126.66171264648438,1566.4847412109375,1423.3468017578125,448.0641784667969,1645.199951171875,1268.7257080078125,2121.590087890625,521.3562622070312,5322.85107421875,576.0181274414062,458.79791259765625,470.29998779296875,6893.0751953125,11103.0,1295.3851318359375,6961.1044921875,2965.642578125,348.0321960449219,273.0,279.29583740234375,879.5999755859375,162.61000061035156,,1027.62255859375,1725.1611328125,2929.573486328125,1112.6407470703125,2633.9892578125,757.0291748046875,610.37451171875,1204.794677734375,5003.4033203125,1097.5743408203125,4598.681640625,359.05206298828125,2226.057373046875,669.25,220.18141174316406,1235.5833740234375,1841.9063720703125,539.8265991210938,71.4000015258789,68.33924102783203,20.292316436767578,299.0528259277344,814.4010620117188,647.317138671875,139.0209503173828,33.81999969482422,538.8499755859375,100.19000244140625,128.6199951171875,155.7100067138672,407.0316162109375,906.431884765625,934.864501953125,1071.8067626953125,4280.5,511.06182861328125,266.7454528808594,1289.4932861328125,1252.800048828125,233.58297729492188,459.14422607421875,703.0634155273438,361.0,382.5395812988281,278.43328857421875,560.4000244140625,,3902.284912109375,393.2810363769531,2241.944091796875,126234.671875,869.7943115234375,313.8389587402344,3140.91552734375,153.6300048828125,2462.199951171875,831.1989135742188,12944.9931640625,1631.4000244140625,1047.6881103515625,2522.800048828125,2059.87548828125,3531.10009765625,78.23590087890625,370.8999938964844,93.20999908447266,396.29998779296875,1452.6171875,1635.8310546875,300.8999938964844,517.5499877929688,1144.5999755859375,8904.5,1681.4000244140625,3092.5,35983.53515625,449.95001220703125,4612.77880859375,268.6507873535156,1760.300048828125,1473.1922607421875,9173.970703125,420.70001220703125,447.2664794921875,301.75,1368.0777587890625,101.6637954711914,342.8111267089844,287.20001220703125,1355.5325927734375,631.5499877929688,1866.699951171875,76.93000030517578,2724.223876953125,125.89115142822266,24960.12109375,929.8402099609375,3675.737548828125,16655.16015625,585.8472290039062,962.5499877929688,199.0800018310547,1858.32958984375,4603.72412109375,3484.5595703125,53.470001220703125,3460.800048828125,745.6358642578125,1641.17626953125,2203.8701171875,1217.9937744140625,3954.68017578125,,405.3382873535156,216.66183471679688,613.4293212890625,1309.3731689453125,4121.67578125,4395.16552734375,1452.6685791015625,2750.868408203125,2799.2744140625,632.2796630859375,11458.12109375,160.17100524902344,1262.775390625,504.59039306640625,338.8999938964844,12.970000267028809,1289.44921875,186.1737518310547,22.190000534057617,,990.8096313476562
6306.75439453125,1354.9600830078125,1890.199951171875,989.5390014648438,1303.5999755859375,2714.7861328125,1379.0,1787.56640625,221.3300018310547,616.0348510742188,357.1499938964844,62.65999984741211,5476.19921875,431.6135559082031,8073.10205078125,392.2567443847656,150.5615692138672,2583.1884765625,1548.36474609375,1511.800048828125,4358.7001953125,1243.8408203125,3990.088134765625,10233.4814453125,904.887451171875,1726.6265869140625,10181.4853515625,2140.852294921875,192.78890991210938,253.2101593017578,137.7599334716797,76.84823608398438,1325.4000244140625,423.0756530761719,1907.313232421875,397.019287109375,284.45001220703125,1881.7181396484375,1545.2979736328125,429.5862731933594,37493.2734375,5317.44140625,838.2000122070312,123.98017883300781,1545.6929931640625,1418.78955078125,456.1067810058594,1594.5,1276.1912841796875,2134.833740234375,517.2188720703125,5347.64501953125,559.7227172851562,461.71014404296875,475.75,6732.736328125,10979.0,1328.2764892578125,6941.80615234375,2966.631591796875,347.3852844238281,272.3999938964844,280.34222412109375,882.7000122070312,162.1300048828125,,1033.489990234375,1705.8543701171875,2924.68896484375,1121.15380859375,2645.63427734375,755.0125122070312,606.5382080078125,1203.6004638671875,4991.08447265625,1061.9600830078125,4377.330078125,348.4483642578125,2249.32080078125,637.7999877929688,203.60000610351562,1234.095947265625,1828.2581787109375,533.7476806640625,70.37999725341797,67.45185089111328,20.20274543762207,301.2431640625,803.483642578125,653.34033203125,133.29200744628906,33.790000915527344,535.9500122070312,98.86000061035156,127.0999984741211,152.1199951171875,414.5487060546875,884.9666748046875,925.2442016601562,1095.2984619140625,4314.89990234375,513.30419921875,266.2968444824219,1271.4967041015625,1232.0,232.51547241210938,460.04168701171875,697.8078002929688,353.04998779296875,386.3829345703125,277.888916015625,547.0499877929688,,3871.188720703125,390.42303466796875,2259.814453125,128415.859375,846.9744873046875,313.5944519042969,3090.643798828125,150.32000732421875,2503.0,837.3209838867188,13089.541015625,1604.0,1048.237060546875,2481.800048828125,2028.808349609375,3311.39990234375,76.58043670654297,352.79998779296875,91.41000366210938,395.25,1423.6563720703125,1615.4530029296875,299.3500061035156,518.2999877929688,1131.199951171875,9015.0,1688.300048828125,3103.759521484375,36675.8125,459.8500061035156,4685.8251953125,260.5937194824219,1738.5,1457.207275390625,9109.2783203125,413.3500061035156,441.6192932128906,305.8500061035156,1340.512451171875,99.16641998291016,340.3997802734375,283.0,1330.24951171875,626.0,1864.5,77.41999816894531,2684.3994140625,129.6945343017578,24905.263671875,932.62451171875,3570.355224609375,17303.775390625,571.8877563476562,963.2000122070312,192.39999389648438,1873.2904052734375,4583.9287109375,3484.06298828125,53.84000015258789,3466.800048828125,737.56005859375,1664.8609619140625,2221.5322265625,1223.6458740234375,4052.91845703125,,404.4935302734375,212.45851135253906,611.065673828125,1335.7867431640625,4155.46484375,4396.96240234375,1460.93994140625,2730.16552734375,2848.747314453125,626.1885986328125,11257.2216796875,157.2958984375,1310.6070556640625,503.24188232421875,331.04998779296875,12.949999809265137,1226.8458251953125,187.85455322265625,22.06999969482422,,1010.7916870117188
6338.8759765625,1351.7784423828125,1876.0,978.0501708984375,1328.300048828125,2688.597900390625,1369.0,1780.1973876953125,219.3000030517578,609.886962890625,350.1000061035156,61.959999084472656,5458.2314453125,428.0312805175781,8011.173828125,373.0167541503906,148.60494995117188,2591.51611328125,1543.272705078125,1500.5,4304.7001953125,1236.946044921875,4109.87255859375,10056.9658203125,915.4723510742188,1751.6053466796875,10239.76171875,2109.760498046875,188.70431518554688,251.90245056152344,133.8477325439453,76.63154602050781,1309.199951171875,426.02166748046875,1885.280029296875,393.9790954589844,280.79998779296875,1914.01171875,1580.2137451171875,425.7408447265625,36912.09765625,5292.35888671875,808.75,120.91140747070312,1527.3001708984375,1412.9443359375,456.0080871582031,1513.5,1341.8870849609375,2126.13623046875,500.4202575683594,5254.91455078125,566.0433959960938,450.5054931640625,455.75,6806.93017578125,10780.0,1322.8111572265625,6841.3583984375,2937.75830078125,341.2148742675781,272.70001220703125,282.9832458496094,865.6500244140625,160.22000122070312,,1008.8263549804688,1678.188232421875,2934.657958984375,1135.0123291015625,2568.91259765625,756.143798828125,602.801513671875,1188.8740234375,4885.14306640625,1047.634765625,4317.75048828125,341.3157958984375,2231.502197265625,636.5,198.3061981201172,1240.6407470703125,1806.1422119140625,513.6175537109375,69.5,67.39202117919922,20.12312889099121,301.924560546875,793.104736328125,645.6744384765625,130.64559936523438,33.43000030517578,531.8499755859375,97.66000366210938,126.91999816894531,151.63999938964844,415.271484375,890.7073364257812,923.100830078125,1118.3006591796875,4275.7001953125,527.2567749023438,269.63677978515625,1285.416748046875,1231.800048828125,232.0864715576172,455.6541748046875,701.8238525390625,346.1000061035156,391.1247253417969,275.9093017578125,545.5499877929688,,3879.903564453125,386.63677978515625,2236.185791015625,128885.046875,854.7471923828125,310.269287109375,3051.653076171875,148.24000549316406,2495.699951171875,829.95458984375,12886.5791015625,1601.699951171875,1056.672119140625,2444.300048828125,2092.403564453125,3290.89990234375,77.4979248046875,348.1499938964844,90.13999938964844,388.29998779296875,1424.8505859375,1598.9708251953125,297.20001220703125,506.04998779296875,1105.0999755859375,9408.5,1748.300048828125,3085.22607421875,37358.1328125,456.75,4926.98779296875,262.12603759765625,1724.5999755859375,1439.832275390625,9107.78515625,415.1499938964844,425.8171081542969,296.54998779296875,1341.01171875,96.67874908447266,328.4412536621094,276.79998779296875,1329.7518310546875,624.0,1860.4000244140625,73.12999725341797,2634.8935546875,128.5265655517578,24411.546875,928.4481201171875,3517.8134765625,18008.359375,565.9051513671875,939.4000244140625,192.72999572753906,1900.818359375,4633.96435546875,3479.5947265625,53.25,3291.0,719.2908935546875,1653.365478515625,2240.3720703125,1220.671142578125,4081.407470703125,,401.85986328125,205.4725799560547,619.8803100585938,1393.7796630859375,4156.06298828125,4384.98583984375,1518.241455078125,2684.2333984375,2813.466552734375,631.7349243164062,11329.7412109375,154.33335876464844,1305.645263671875,510.933349609375,327.0,12.859999656677246,1248.876708984375,190.0000457763672,21.809999465942383,,990.2101440429688
6255.359375,1351.480224609375,1864.5,970.9570922851562,1329.5,2723.7822265625,1377.800048828125,1755.4019775390625,219.08999633789062,623.0823974609375,351.20001220703125,62.459999084472656,5460.2275390625,429.57366943359375,8016.66748046875,369.7852478027344,148.84092712402344,2578.330322265625,1446.624755859375,1512.800048828125,4236.0,1237.3458251953125,4179.7880859375,10063.375,917.9074096679688,1748.3082275390625,10186.423828125,2120.62255859375,189.5668487548828,252.43524169921875,134.2544403076172,77.1634292602539,1311.800048828125,422.3766174316406,1851.6820068359375,399.810302734375,286.45001220703125,1889.7174072265625,1594.0614013671875,427.6385803222656,36887.26171875,5327.76904296875,819.4000244140625,122.12149047851562,1510.806640625,1396.6968994140625,450.9259948730469,1489.5999755859375,1405.4925537109375,2162.80419921875,504.0591125488281,5210.7802734375,570.24072265625,447.0009460449219,459.3999938964844,6883.6142578125,11048.0,1326.785888671875,6811.17431640625,2858.45556640625,343.0062561035156,271.45001220703125,285.62420654296875,870.4000244140625,156.1199951171875,,1016.3845825195312,1707.148193359375,2926.08447265625,1167.48095703125,2596.802490234375,750.044677734375,608.232177734375,1201.21240234375,4934.91064453125,1042.8597412109375,4324.4375,352.8229675292969,2210.41650390625,632.5999755859375,199.2427215576172,1230.4268798828125,1815.9051513671875,520.34423828125,73.55999755859375,67.61137390136719,20.113176345825195,302.0705871582031,800.056640625,649.8558349609375,133.8074188232422,33.540000915527344,529.7999877929688,97.22000122070312,127.7699966430664,157.35000610351562,415.0787658691406,893.8023071289062,930.7771606445312,1171.5484619140625,4230.2998046875,531.3428955078125,265.34967041015625,1277.860107421875,1226.300048828125,232.73495483398438,471.65863037109375,737.4728393554688,344.1499938964844,381.291748046875,275.1174621582031,543.0,,3883.07275390625,392.5482177734375,2270.933837890625,126509.1875,889.0765991210938,312.616455078125,3060.163818359375,145.57000732421875,2492.60009765625,827.6651000976562,12827.17578125,1617.9000244140625,1066.85400390625,2422.800048828125,2162.5234375,3303.60009765625,78.84423828125,358.3500061035156,89.0199966430664,389.3999938964844,1424.5521240234375,1620.2479248046875,296.5,501.70001220703125,1121.4000244140625,9646.0,1804.800048828125,3113.4248046875,38548.453125,471.1000061035156,5048.7646484375,262.12603759765625,1721.800048828125,1445.392333984375,9119.23046875,404.5,427.6004333496094,298.6000061035156,1375.3685302734375,98.43760681152344,328.9825744628906,271.54998779296875,1316.6124267578125,623.7999877929688,1881.4000244140625,74.55999755859375,2632.19873046875,131.26182556152344,24361.67578125,922.1337890625,3533.5361328125,18105.302734375,578.06982421875,948.7999877929688,199.0500030517578,1877.3797607421875,4534.68798828125,3422.101318359375,52.90999984741211,3283.39990234375,725.0523681640625,1631.761962890625,2283.448974609375,1200.73974609375,4112.3525390625,,412.4442443847656,205.06106567382812,658.4381103515625,1429.93994140625,4088.584228515625,4451.25439453125,1475.190673828125,2709.0634765625,2890.62451171875,627.2285766601562,11140.6025390625,154.4013671875,1294.9278564453125,514.2296752929688,337.6499938964844,13.520000457763672,1298.520751953125,192.96617126464844,21.969999313354492,,1017.9852294921875
6528.14794921875,1343.824462890625,1857.0999755859375,973.0550537109375,1346.0999755859375,2703.59130859375,1363.199951171875,1765.1607666015625,220.24000549316406,610.3868408203125,353.1000061035156,62.529998779296875,5426.78759765625,428.13079833984375,8069.1064453125,373.76251220703125,151.0335235595703,2576.24853515625,1441.432861328125,1517.5,4144.2001953125,1248.8369140625,4207.51513671875,10317.3017578125,917.4601440429688,1770.4892578125,10339.521484375,2147.529052734375,190.49874877929688,255.2928009033203,134.76768493652344,77.56727600097656,1303.800048828125,412.73968505859375,1882.488525390625,407.0868225097656,293.75,1881.224365234375,1578.3343505859375,432.18316650390625,36589.22265625,5256.94873046875,853.25,123.58326721191406,1518.3037109375,1386.4925537109375,452.6529235839844,1507.800048828125,1395.8372802734375,2159.937744140625,502.613525390625,5355.08349609375,576.0675048828125,445.1252746582031,456.79998779296875,6864.69189453125,10997.0,1313.56982421875,6778.51611328125,2863.201904296875,337.9305725097656,273.29998779296875,288.9129638671875,867.2999877929688,155.63999938964844,,1017.2796630859375,1711.12890625,2961.873046875,1157.9779052734375,2627.823974609375,747.1427001953125,602.9509887695312,1201.8094482421875,4895.9833984375,1079.8665771484375,4317.75048828125,363.9972839355469,2187.05419921875,630.4500122070312,203.00851440429688,1226.9561767578125,1778.0489501953125,507.48883056640625,73.30000305175781,68.01020812988281,21.028770446777344,299.3935241699219,793.3005981445312,656.6754150390625,136.820556640625,33.4900016784668,527.8499755859375,97.12999725341797,126.7699966430664,154.8000030517578,412.3321228027344,895.6992797851562,939.3506469726562,1168.4161376953125,4264.60009765625,535.2794799804688,262.1094665527344,1275.8714599609375,1223.0999755859375,234.1217041015625,471.20989990234375,744.5133666992188,343.54998779296875,382.5395812988281,272.84088134765625,546.7999877929688,,3872.872314453125,391.10699462890625,2269.047607421875,126903.5,876.9192504882812,302.2008056640625,3089.7529296875,148.1300048828125,2583.89990234375,834.6332397460938,12873.708984375,1625.4000244140625,1073.7916259765625,2437.800048828125,2169.82763671875,3309.300048828125,79.28304290771484,354.6499938964844,88.4800033569336,392.45001220703125,1413.30615234375,1624.9427490234375,298.29998779296875,504.3999938964844,1153.5,9703.5,1830.0,2890.82373046875,38135.078125,467.1499938964844,5066.5029296875,261.6317443847656,1745.300048828125,1445.1937255859375,9155.55859375,400.1000061035156,425.37127685546875,299.8999938964844,1386.05517578125,99.33161163330078,327.75225830078125,269.6000061035156,1353.442138671875,624.3499755859375,1864.199951171875,73.58000183105469,2608.343994140625,131.9406280517578,24356.689453125,918.2557373046875,3678.32470703125,18199.24609375,586.8941650390625,950.9000244140625,199.0399932861328,1875.385009765625,4457.09716796875,3443.350830078125,52.56999969482422,3361.89990234375,718.8970336914062,1759.5994873046875,2283.742919921875,1198.55810546875,4101.54638671875,,410.9534912109375,202.82713317871094,664.2489013671875,1402.5516357421875,4092.9697265625,4420.41552734375,1507.379150390625,2729.233642578125,2969.281494140625,628.2684936523438,11180.7822265625,154.44020080566406,1274.782958984375,513.4306030273438,333.75,13.579999923706055,1291.7420654296875,194.89414978027344,22.0,,1039.91552734375
6521.2294921875,1352.9715576171875,1860.5999755859375,957.7698974609375,1342.199951171875,2696.39453125,1358.199951171875,1785.7740478515625,219.3300018310547,637.877197265625,349.3999938964844,66.76000213623047,5491.67138671875,434.30029296875,8298.8388671875,369.7852478027344,151.888916015625,2576.44677734375,1477.6759033203125,1546.699951171875,4137.2001953125,1252.334228515625,4175.8984375,10518.9638671875,902.1046142578125,1750.7060546875,10274.33203125,2197.754150390625,189.43795776367188,254.85691833496094,134.82577514648438,78.56210327148438,1303.800048828125,419.8300476074219,1893.0565185546875,406.8376159667969,296.3999938964844,1861.8680419921875,1551.8260498046875,430.3353576660156,34979.8125,5245.63720703125,864.9000244140625,123.88336944580078,1503.4095458984375,1388.870361328125,454.1331481933594,1531.0,1370.65380859375,2139.676513671875,504.3581848144531,5345.66162109375,580.6598510742188,441.1271667480469,452.75,6829.8359375,11258.0,1310.191162109375,6820.57568359375,2871.60693359375,339.17462158203125,274.5,282.7839050292969,868.0499877929688,155.89999389648438,,1011.7103881835938,1728.5447998046875,3144.703369140625,1156.39404296875,2669.511962890625,746.7984008789062,612.1681518554688,1203.699951171875,4897.4619140625,1093.5950927734375,4361.56201171875,369.7508544921875,2157.059326171875,628.0499877929688,203.17611694335938,1232.41015625,1794.1876220703125,508.33587646484375,72.9000015258789,68.09994506835938,22.73057746887207,299.8802490234375,801.8680419921875,654.4852294921875,139.28855895996094,33.77000045776367,527.1500244140625,98.16999816894531,127.87000274658203,154.80999755859375,416.13885498046875,898.4947509765625,923.39990234375,1156.180908203125,4403.0,546.5910034179688,264.65179443359375,1273.982421875,1196.800048828125,235.22911071777344,434.41455078125,744.6126098632812,353.0,380.1936340332031,267.1000061035156,537.9500122070312,,3890.5,390.9360046386719,2268.054931640625,125850.34375,880.6561279296875,295.30596923828125,3066.7939453125,150.1699981689453,2514.10009765625,828.063232421875,12880.638671875,1626.0,1089.164306640625,2454.800048828125,2169.438232421875,3272.699951171875,78.7844009399414,350.5,88.16000366210938,388.79998779296875,1399.771240234375,1652.6129150390625,295.8500061035156,503.5,1155.5999755859375,9730.5,1819.300048828125,2730.698486328125,38229.70703125,463.25,5001.62841796875,266.8218688964844,1795.699951171875,1462.2708740234375,9150.083984375,396.29998779296875,427.0059814453125,299.54998779296875,1383.85791015625,99.04008483886719,328.4412536621094,270.75,1343.388671875,620.2000122070312,1859.9000244140625,73.47000122070312,2615.430419921875,136.7622528076172,24541.2109375,909.6046752929688,3702.406494140625,18381.138671875,582.6066284179688,950.9000244140625,196.52999877929688,1886.3563232421875,4459.88232421875,3442.06005859375,52.869998931884766,3380.699951171875,743.6661376953125,1879.2119140625,2283.546875,1184.8740234375,4143.39599609375,,407.97198486328125,204.36541748046875,654.055419921875,1384.032958984375,4069.74609375,4460.33642578125,1486.2523193359375,2776.164306640625,2998.965576171875,622.9697875976562,11244.4814453125,155.528076171875,1262.8746337890625,519.2741088867188,329.75,13.619999885559082,1269.5118408203125,197.4845733642578,21.56999969482422,,1035.5194091796875
6611.6650390625,1352.1761474609375,1880.5,976.9512939453125,1367.9000244140625,2716.085693359375,1362.300048828125,1779.40087890625,219.32000732421875,652.5720825195312,357.29998779296875,67.3499984741211,5394.8447265625,434.2007751464844,8352.7763671875,369.685791015625,155.55636596679688,2617.09423828125,1539.2789306640625,1463.5,4117.0,1284.409423828125,4182.7802734375,10403.09375,910.9501953125,1764.494384765625,10354.337890625,2200.644287109375,192.9376220703125,257.0848388671875,135.49395751953125,78.83789825439453,1312.5,415.9852600097656,1891.959716796875,407.236328125,295.6000061035156,1848.1407470703125,1525.4166259765625,429.736083984375,35829.22265625,5244.16162109375,865.7000122070312,124.13505554199219,1539.195556640625,1386.1953125,450.53125,1532.0999755859375,1380.707275390625,2131.769775390625,504.3581848144531,5308.9658203125,579.4253540039062,445.2733459472656,447.6000061035156,6858.716796875,11722.0,1298.96240234375,6909.1484375,2898.601318359375,338.129638671875,277.25,286.22216796875,879.25,160.77000427246094,,1021.8543701171875,1724.56396484375,3145.5009765625,1152.236572265625,2680.080810546875,754.3239135742188,614.41015625,1200.9000244140625,4894.01220703125,1103.443603515625,4359.56591796875,370.5592346191406,2181.411865234375,632.25,202.4466094970703,1253.73046875,1819.292236328125,518.25146484375,72.6500015258789,68.67823791503906,21.924461364746094,293.6986999511719,808.7220458984375,647.366943359375,138.23793029785156,33.43000030517578,530.25,98.19000244140625,129.00999450683594,155.50999450683594,416.3797912597656,908.67822265625,957.9931640625,1149.622802734375,4438.60009765625,549.3815307617188,273.7742919921875,1278.158447265625,1209.9000244140625,237.63348388671875,435.4117126464844,744.7612915039062,352.3999938964844,383.4879150390625,270.1499938964844,539.2000122070312,,3926.60009765625,397.16497802734375,2265.374267578125,126564.09375,883.6456298828125,292.958740234375,3049.278076171875,148.97999572753906,2479.39990234375,820.6969604492188,12857.8681640625,1680.0,1021.4347534179688,2469.10009765625,2164.373779296875,3296.699951171875,78.14614868164062,344.6499938964844,87.8499984741211,388.6499938964844,1416.291748046875,1657.8072509765625,290.0,499.75,1112.4000244140625,9525.0,1792.4000244140625,2771.0537109375,39300.49609375,463.45001220703125,4953.0966796875,269.2439270019531,1790.300048828125,1467.830810546875,9219.75390625,399.75,426.5601501464844,294.29998779296875,1386.7542724609375,99.7591781616211,331.6400451660156,271.1000061035156,1348.26611328125,620.2000122070312,1870.699951171875,73.08999633789062,2634.39453125,135.94366455078125,24720.744140625,935.70703125,3793.060791015625,18121.29296875,592.0292358398438,949.2000122070312,201.2100067138672,1839.7783203125,4469.9296875,3531.031005859375,53.75,3417.5,738.8403930664062,1946.3017578125,2273.832763671875,1181.800048828125,4235.150390625,,406.3818054199219,204.9630889892578,661.1957397460938,1386.1771240234375,4066.456787109375,4477.302734375,1493.3277587890625,2860.10693359375,3009.65966796875,625.9410400390625,11337.58203125,156.1108856201172,1272.302001953125,538.8524169921875,329.95001220703125,13.729999542236328,1264.1287841796875,200.8165283203125,21.8700008392334,,1038.0172119140625
6676.40283203125,1374.347900390625,1898.5999755859375,998.3305053710938,1404.300048828125,2848.42626953125,1411.0999755859375,1795.333740234375,233.3800048828125,658.919921875,363.6499938964844,67.36000061035156,5390.85205078125,439.773193359375,8394.228515625,386.1417236328125,161.32791137695312,2634.939453125,1549.8624267578125,1454.5999755859375,4097.2001953125,1310.189453125,4279.9248046875,10345.40625,936.1453247070312,1805.8590087890625,10511.3857421875,2211.40673828125,195.27734375,263.7202453613281,141.3913116455078,79.950927734375,1326.0999755859375,421.2781066894531,1912.49755859375,418.05145263671875,308.25,1851.49853515625,1530.856689453125,429.53631591796875,36072.62109375,5239.7353515625,867.9000244140625,129.4303741455078,1590.3753662109375,1400.7587890625,451.9621276855469,1529.0,1391.55712890625,2072.56787109375,510.48944091796875,5337.7275390625,584.9559326171875,441.4726867675781,455.45001220703125,6728.75244140625,11824.0,1323.0098876953125,7337.166015625,2943.19677734375,344.5986328125,270.04998779296875,288.2651672363281,883.0499877929688,168.6699981689453,,1014.7933959960938,1758.798583984375,3161.75048828125,1153.9193115234375,2699.06591796875,774.0476684570312,617.798095703125,1203.800048828125,4906.82421875,1093.8934326171875,4416.94970703125,383.5880126953125,2174.383056640625,634.5,204.5858154296875,1281.0006103515625,1847.2860107421875,524.8784790039062,73.04000091552734,69.25654602050781,21.51642417907715,295.8890075683594,822.6258544921875,660.60791015625,142.6783447265625,33.790000915527344,537.8499755859375,100.44999694824219,129.77000427246094,160.47999572753906,422.93316650390625,924.6024169921875,935.6121826171875,1143.75,4501.89990234375,555.161865234375,276.8150939941406,1282.0361328125,1212.300048828125,241.17520141601562,437.5057678222656,750.2648315429688,357.8500061035156,392.1729431152344,279.3500061035156,543.4500122070312,,4033.39990234375,409.0855407714844,2270.7353515625,128430.8359375,903.6752319335938,301.7607116699219,3106.37841796875,151.83999633789062,2457.5,819.6019287109375,13039.0478515625,1726.800048828125,999.074462890625,2470.199951171875,2185.409912109375,3354.39990234375,78.8043441772461,341.8500061035156,90.19000244140625,390.04998779296875,1406.8372802734375,1710.55029296875,284.95001220703125,482.54998779296875,1097.4000244140625,9703.0,1791.5,2838.810546875,38394.05859375,468.45001220703125,5020.5625,279.0310363769531,1809.5999755859375,1466.6392822265625,9354.1162109375,398.8999938964844,434.832763671875,295.3500061035156,1399.6380615234375,103.25745391845703,336.80731201171875,272.45001220703125,1360.7086181640625,630.2999877929688,1901.9000244140625,74.2699966430664,2705.858642578125,135.6741485595703,25289.265625,956.5391845703125,3649.566162109375,18366.1484375,592.9266967773438,969.5999755859375,198.32000732421875,1835.7886962890625,4362.19775390625,3587.53125,53.9900016784668,3469.5,754.3518676757812,1918.5540771484375,2295.61328125,1187.199951171875,4250.966796875,,411.003173828125,205.97227478027344,667.0557861328125,1399.1402587890625,4145.59716796875,4563.53125,1469.51025390625,2862.43701171875,3045.93994140625,646.04638671875,11491.44140625,164.0271453857422,1274.2867431640625,530.1121215820312,332.5,14.039999961853027,1279.97900390625,204.50439453125,22.290000915527344,,1071.986572265625
6724.83251953125,1404.4735107421875,1874.0999755859375,1010.818359375,1463.300048828125,2967.972900390625,1457.4000244140625,1803.5987548828125,244.52999877929688,712.8510131835938,363.04998779296875,64.87000274658203,5370.388671875,447.4850158691406,8248.8974609375,391.01385498046875,157.84727478027344,2624.232177734375,1576.32080078125,1461.199951171875,4103.60009765625,1298.298828125,4391.7294921875,10445.990234375,924.5167846679688,1799.1646728515625,10573.61328125,2195.0634765625,198.6778564453125,262.073486328125,140.40357971191406,78.97579956054688,1329.9000244140625,419.5304870605469,1924.5609130859375,416.40673828125,304.6000061035156,1823.9451904296875,1541.044677734375,435.6290283203125,35600.7265625,5250.55517578125,879.1500244140625,128.89793395996094,1566.6846923828125,1404.3253173828125,452.1101379394531,1526.199951171875,1416.2427978515625,2052.899658203125,474.4496154785156,5373.92724609375,582.4868774414062,441.8675537109375,463.5,6725.26708984375,11673.0,1319.531982421875,7299.56005859375,2906.709716796875,364.5032653808594,266.3500061035156,289.2119445800781,903.4000244140625,167.6300048828125,,1026.1307373046875,1751.7325439453125,3155.1708984375,1150.15771484375,2681.157470703125,766.22705078125,616.6521606445312,1201.0,4910.76611328125,1098.0716552734375,4418.74609375,378.5001220703125,2187.153076171875,647.4000244140625,203.7084503173828,1268.4066162109375,1853.2633056640625,520.892333984375,72.94000244140625,70.01432037353516,21.606199264526367,293.6499938964844,816.1635131835938,654.236328125,141.12222290039062,33.630001068115234,537.2000122070312,99.27999877929688,129.5399932861328,166.00999450683594,417.5362854003906,930.7924194335938,977.682373046875,1142.966796875,4480.7998046875,574.047607421875,278.1112060546875,1286.212158203125,1222.9000244140625,240.10768127441406,428.8304138183594,778.1295776367188,355.45001220703125,387.98016357421875,282.70001220703125,544.1500244140625,,4037.800048828125,417.6595764160156,2249.68798828125,126938.4375,900.5363159179688,298.3866271972656,3075.0078125,151.1999969482422,2423.60009765625,826.2216796875,13076.669921875,1725.5999755859375,992.1867065429688,2460.10009765625,2206.15380859375,3331.5,78.22593688964844,343.3999938964844,90.66999816894531,389.70001220703125,1421.7655029296875,1691.870361328125,287.5,492.1000061035156,1131.5999755859375,9882.0,1789.0,2827.75,38155.0,465.75,5088.1279296875,277.0044250488281,1785.4000244140625,1467.9300537109375,9568.1005859375,396.54998779296875,429.68096923828125,292.54998779296875,1400.43701171875,102.91735076904297,332.27978515625,259.75,1350.0579833984375,628.7000122070312,1883.199951171875,73.79000091552734,2744.4853515625,135.5843048095703,25114.71875,946.7943115234375,3659.218505859375,18468.087890625,606.2379760742188,968.5,203.83999633789062,1835.98828125,4290.17724609375,3545.826171875,54.58000183105469,3454.89990234375,772.0300903320312,1990.995361328125,2263.78759765625,1187.5999755859375,4259.21875,,418.3576354980469,206.21722412109375,695.6171264648438,1421.752685546875,4092.47119140625,4443.27001953125,1463.431396484375,2822.2294921875,3037.444580078125,648.7205200195312,11390.5009765625,162.7547149658203,1283.5157470703125,530.71142578125,344.8999938964844,14.140000343322754,1267.41845703125,201.4295196533203,22.829999923706055,,1078.081298828125
7135.00390625,1418.3929443359375,1867.699951171875,1004.0249633789062,1540.0999755859375,2971.771484375,1489.9000244140625,1816.843017578125,248.91000366210938,808.2677001953125,364.8999938964844,64.05999755859375,5441.7607421875,457.4855041503906,8262.880859375,397.4768981933594,160.87562561035156,2648.91796875,1596.089599609375,1435.9000244140625,4124.39990234375,1303.094970703125,4237.23681640625,10658.5,925.4609985351562,1807.5576171875,10426.44140625,2187.09130859375,204.0612030029297,262.4609680175781,142.35000610351562,78.8772964477539,1282.199951171875,418.5318298339844,1932.736083984375,420.9919738769531,307.1499938964844,1829.1793212890625,1517.305908203125,431.6837463378906,35799.41796875,5248.09619140625,934.7999877929688,129.87570190429688,1578.5799560546875,1405.0186767578125,456.945556640625,1523.9000244140625,1382.0013427734375,2063.07958984375,470.860595703125,5977.91748046875,586.5361328125,439.7451171875,459.75,6769.58447265625,11756.0,1310.6881103515625,7342.1142578125,2848.171875,392.27020263671875,263.1499938964844,287.9163513183594,923.4000244140625,169.0,,1038.6614990234375,1779.9959716796875,3160.1552734375,1153.42431640625,2658.160400390625,746.3065185546875,607.4349975585938,1211.0,5001.43212890625,1143.7333984375,4404.07568359375,383.1600341796875,2176.263916015625,648.8499755859375,203.3141326904297,1262.0601806640625,1843.5999755859375,521.0916137695312,73.48999786376953,71.2706298828125,21.636125564575195,291.95001220703125,815.9676513671875,664.7395629882812,142.66844177246094,33.880001068115234,523.2000122070312,99.19000244140625,130.1999969482422,164.61000061035156,420.4274597167969,930.7924194335938,1002.5556030273438,1135.3321533203125,4570.0,600.0093383789062,278.7093811035156,1301.822509765625,1220.5999755859375,242.32249450683594,426.0882263183594,765.3375244140625,354.75,388.03009033203125,281.70001220703125,556.4500122070312,,4047.5,405.4947204589844,2260.01318359375,126818.6484375,920.41650390625,298.48443603515625,3089.1591796875,150.41000366210938,2420.39990234375,830.00439453125,13231.119140625,1682.300048828125,991.6876220703125,2455.10009765625,2174.599609375,3306.89990234375,80.45982360839844,349.8999938964844,92.27999877929688,398.1499938964844,1420.6707763671875,1690.7716064453125,274.04998779296875,488.0,1128.199951171875,10299.5,1784.800048828125,2837.11669921875,38145.0,454.75,5080.75341796875,275.620361328125,1771.800048828125,1470.1142578125,9618.3623046875,394.5,429.4828186035156,300.1499938964844,1398.0400390625,103.65586853027344,334.3467102050781,252.3000030517578,1344.2845458984375,625.25,1864.5,75.5199966430664,2731.60986328125,142.16287231445312,25334.1484375,957.7821655273438,3859.733154296875,18641.984375,616.906982421875,967.7999877929688,206.05999755859375,1839.4791259765625,4331.75830078125,3608.88037109375,57.529998779296875,3384.60009765625,762.8216552734375,1948.8782958984375,2271.744140625,1204.5999755859375,4254.896484375,,423.177734375,210.36175537109375,708.8637084960938,1418.731201171875,4124.36669921875,4528.7998046875,1435.5279541015625,2828.220703125,3208.751220703125,649.8594970703125,11455.181640625,163.88145446777344,1292.546142578125,533.9078979492188,354.70001220703125,14.180000305175781,1257.8485107421875,199.30380249023438,22.760000228881836,,1084.8251953125
7135.00390625,1418.3929443359375,1867.699951171875,1004.0249633789062,1540.0999755859375,2971.771484375,1489.9000244140625,1816.843017578125,248.91000366210938,808.2677001953125,364.8999938964844,64.05999755859375,5441.7607421875,457.4855041503906,8262.880859375,397.4768981933594,160.87562561035156,2648.91796875,1596.089599609375,1435.9000244140625,4124.39990234375,1303.094970703125,4237.23681640625,10658.5,925.4609985351562,1807.5576171875,10426.44140625,2187.09130859375,204.0612030029297,262.4609680175781,142.35000610351562,78.8772964477539,1282.199951171875,418.5318298339844,1932.736083984375,420.9919738769531,307.1499938964844,1829.1793212890625,1517.305908203125,431.6837463378906,35799.41796875,5248.09619140625,934.7999877929688,129.87570190429688,1578.5799560546875,1405.0186767578125,456.945556640625,1523.9000244140625,1382.0013427734375,2063.07958984375,470.860595703125,5977.91748046875,586.5361328125,439.7451171875,459.75,6769.58447265625,11756.0,1310.6881103515625,7342.1142578125,2848.171875,392.27020263671875,263.1499938964844,287.9163513183594,923.4000244140625,169.0,,1038.6614990234375,1779.9959716796875,3160.1552734375,1153.42431640625,2658.160400390625,746.3065185546875,607.4349975585938,1211.0,5001.43212890625,1143.7333984375,4404.07568359375,383.1600341796875,2176.263916015625,648.8499755859375,203.3141326904297,1262.0601806640625,1843.5999755859375,521.0916137695312,73.48999786376953,71.2706298828125,21.636125564575195,291.95001220703125,815.9676513671875,664.7395629882812,142.66844177246094,33.880001068115234,523.2000122070312,99.19000244140625,130.1999969482422,164.61000061035156,420.4274597167969,930.7924194335938,1002.5556030273438,1135.3321533203125,4570.0,600.0093383789062,278.7093811035156,1301.822509765625,1220.5999755859375,242.32249450683594,426.0882263183594,765.3375244140625,354.75,388.03009033203125,281.70001220703125,556.4500122070312,,4047.5,405.4947204589844,2260.01318359375,126818.6484375,920.41650390625,298.48443603515625,3089.1591796875,150.41000366210938,2420.39990234375,830.00439453125,13231.119140625,1682.300048828125,991.6876220703125,2455.10009765625,2174.599609375,3306.89990234375,80.45982360839844,349.8999938964844,92.27999877929688,398.1499938964844,1420.6707763671875,1690.7716064453125,274.04998779296875,488.0,1128.199951171875,10299.5,1784.800048828125,2837.11669921875,38145.0,454.75,5080.75341796875,275.620361328125,1771.800048828125,1470.1142578125,9618.3623046875,394.5,429.4828186035156,300.1499938964844,1398.0400390625,103.65586853027344,334.3467102050781,252.3000030517578,1344.2845458984375,625.25,1864.5,75.5199966430664,2731.60986328125,142.16287231445312,25334.1484375,957.7821655273438,3859.733154296875,18641.984375,616.906982421875,967.7999877929688,206.05999755859375,1839.4791259765625,4331.75830078125,3608.88037109375,57.529998779296875,3384.60009765625,762.8216552734375,1948.8782958984375,2271.744140625,1204.5999755859375,4254.896484375,,423.177734375,210.36175537109375,708.8637084960938,1418.731201171875,4124.36669921875,4528.7998046875,1435.5279541015625,2828.220703125,3208.751220703125,649.8594970703125,11455.181640625,163.88145446777344,1292.546142578125,533.9078979492188,354.70001220703125,14.180000305175781,1257.8485107421875,199.30380249023438,22.760000228881836,,1084.8251953125
7168.6083984375,1391.2501220703125,1831.0999755859375,983.7446899414062,1513.300048828125,2936.087158203125,1475.4000244140625,1797.0264892578125,243.3699951171875,773.030029296875,363.29998779296875,64.61000061035156,5488.177734375,445.6441345214844,8166.99267578125,392.2567443847656,152.83282470703125,2648.62060546875,1575.7216796875,1426.4000244140625,4054.5,1285.6085205078125,4135.20556640625,10460.0,902.700927734375,1782.079345703125,10233.8349609375,2197.85400390625,206.50997924804688,260.08770751953125,139.91000366210938,78.07946014404297,1204.5999755859375,410.1931457519531,1951.27978515625,415.40997314453125,298.1000061035156,1806.2677001953125,1479.224853515625,428.1379699707031,36385.5625,5119.2421875,917.4500122070312,126.62299346923828,1537.09619140625,1387.9786376953125,451.8634338378906,1467.4000244140625,1415.2474365234375,2035.89990234375,462.2369384765625,5832.62255859375,583.2769775390625,437.7213439941406,452.3500061035156,6639.6201171875,11524.0,1295.2857666015625,7102.6220703125,2827.802490234375,384.65667724609375,262.29998779296875,287.9662170410156,875.6500244140625,164.50999450683594,,1023.64453125,1754.2205810546875,3112.703125,1171.83642578125,2617.059326171875,732.4359130859375,592.6875610351562,1176.800048828125,4831.92578125,1120.852783203125,4295.09619140625,374.553466796875,2131.816162109375,632.9500122070312,200.6228485107422,1245.896484375,1792.199951171875,502.2071533203125,73.83000183105469,71.11109924316406,21.107440948486328,286.8999938964844,815.625,651.3491821289062,139.00112915039062,33.41999816894531,509.8500061035156,97.51000213623047,133.25,160.47000122070312,426.01708984375,912.8713989257812,991.9383544921875,1136.3109130859375,4405.0,593.0330200195312,274.47216796875,1270.7012939453125,1207.199951171875,238.39170837402344,426.28765869140625,765.486328125,355.04998779296875,383.537841796875,286.6000061035156,533.1500244140625,,4076.5,401.9283447265625,2251.375732421875,123204.9609375,934.8158569335938,296.9685363769531,3013.94921875,144.9600067138672,2375.60009765625,817.95947265625,12996.4755859375,1674.0,963.3878784179688,2456.5,2212.094482421875,3342.89990234375,78.6547622680664,347.54998779296875,87.98999786376953,386.8999938964844,1414.699462890625,1705.2559814453125,265.3999938964844,476.1499938964844,1118.800048828125,9964.0,1702.5,2765.0751953125,38195.0,456.20001220703125,5176.3212890625,267.958740234375,1771.199951171875,1472.1993408203125,9432.7431640625,382.8500061035156,424.62823486328125,290.54998779296875,1367.478515625,103.05339050292969,332.3290100097656,245.4499969482422,1315.119384765625,624.4000244140625,1830.0999755859375,75.16000366210938,2710.649658203125,145.48709106445312,25209.47265625,941.8224487304688,3825.202880859375,18236.224609375,605.6895751953125,964.4000244140625,204.3699951171875,1794.4969482421875,4166.92724609375,3524.080078125,56.9900016784668,3355.699951171875,746.5222778320312,1947.292724609375,2246.58203125,1178.4000244140625,4209.90283203125,,418.1588439941406,203.8167266845703,694.6322631835938,1446.314453125,4061.57275390625,4410.7998046875,1415.397705078125,2811.844970703125,3139.688720703125,638.6182861328125,11252.322265625,163.0655517578125,1260.2945556640625,527.4151000976562,352.6000061035156,13.989999771118164,1241.798828125,201.9436492919922,23.149999618530273,,1076.732421875
6945.73193359375,1352.1761474609375,1788.300048828125,968.2097778320312,1496.5,2908.099609375,1446.9000244140625,1776.0150146484375,232.3000030517578,733.5438232421875,350.54998779296875,62.7599983215332,5305.00537109375,432.7579040527344,8099.07177734375,383.1090393066406,147.26776123046875,2609.757568359375,1530.6925048828125,1433.699951171875,4071.800048828125,1274.916748046875,4055.91455078125,10376.0,883.6182250976562,1757.400390625,10143.9521484375,2160.184814453125,205.3599395751953,256.0677490234375,136.74000549316406,76.47394561767578,1204.0,406.6479797363281,1916.8841552734375,403.4983825683594,296.8500061035156,1788.0963134765625,1497.7213134765625,425.1415710449219,36465.0390625,5073.01220703125,894.3499755859375,123.8736801147461,1492.3138427734375,1377.378173828125,466.3696594238281,1429.4000244140625,1454.4656982421875,1990.0999755859375,462.68560791015625,5633.77197265625,572.8577880859375,419.162109375,437.25,6526.58642578125,11463.0,1282.268310546875,7026.9150390625,2731.8876953125,390.3792419433594,266.70001220703125,287.2187805175781,868.6500244140625,163.74000549316406,,1003.4559936523438,1705.953857421875,3092.96484375,1183.022216796875,2548.948974609375,730.6160278320312,584.4668579101562,1143.199951171875,4750.0302734375,1135.3770751953125,4245.4970703125,369.5606689453125,2063.31298828125,626.25,199.8834991455078,1229.3360595703125,1747.9000244140625,486.9102478027344,72.06999969482422,71.04130554199219,21.875530242919922,279.6499938964844,792.8599243164062,643.8824462890625,137.5738525390625,32.95000076293945,512.5999755859375,96.2699966430664,126.2699966430664,164.52999877929688,415.80157470703125,899.6928100585938,1000.9605102539062,1177.02978515625,4453.2998046875,581.472412109375,273.0763854980469,1291.97900390625,1209.800048828125,234.4010467529297,422.4984436035156,779.517822265625,343.95001220703125,376.7495422363281,271.25,537.6500244140625,,4010.800048828125,395.57720947265625,2246.6103515625,124208.203125,889.873779296875,288.606689453125,2939.33251953125,147.07000732421875,2320.199951171875,802.0322875976562,12817.275390625,1624.4000244140625,936.7852172851562,2423.10009765625,2250.173583984375,3246.39990234375,76.98931121826172,336.3500061035156,92.37000274658203,378.70001220703125,1385.1416015625,1647.6182861328125,264.29998779296875,482.75,1095.0,10191.0,1671.4000244140625,2692.93408203125,37225.0,449.25,5383.302734375,267.3656005859375,1747.800048828125,1446.7822265625,9435.7294921875,392.25,417.1977233886719,286.1499938964844,1356.4923095703125,100.84752655029297,326.177490234375,241.55999755859375,1313.9249267578125,615.9500122070312,1812.5,72.91000366210938,2691.086669921875,141.5239715576172,24995.03125,913.8804931640625,3693.15185546875,18192.251953125,598.4605712890625,954.0999755859375,203.69000244140625,1791.8040771484375,4190.70166015625,3495.978759765625,53.93000030517578,3344.39990234375,722.8856811523438,1925.0946044921875,2284.8720703125,1143.300048828125,4227.0947265625,,416.9165344238281,206.31521606445312,703.9885864257812,1504.1123046875,4011.437255859375,4350.39990234375,1407.3255615234375,2767.444091796875,3054.93505859375,639.06396484375,11007.322265625,157.87867736816406,1239.256591796875,524.9178466796875,337.1499938964844,13.949999809265137,1224.5531005859375,204.0792694091797,23.010000228881836,,1090.22021484375
7062.85302734375,1362.0191650390625,1769.199951171875,975.502685546875,1530.5999755859375,2966.773681640625,1449.4000244140625,1806.885009765625,235.92999267578125,737.892333984375,351.29998779296875,61.900001525878906,5229.64013671875,437.1860046386719,8080.09375,389.5223693847656,146.5500030517578,2637.814208984375,1524.302490234375,1429.199951171875,4057.0,1250.1358642578125,3921.568359375,10281.0,876.6112670898438,1739.915283203125,10114.3203125,2142.84521484375,204.55690002441406,257.4722900390625,137.2899932861328,77.7248764038086,1206.0999755859375,407.2970886230469,1897.14404296875,409.42926025390625,294.3999938964844,1791.651611328125,1473.3890380859375,416.3021240234375,36976.671875,5033.17578125,907.7000122070312,124.95791625976562,1482.2178955078125,1366.4803466796875,465.92559814453125,1467.699951171875,1512.4971923828125,1998.800048828125,458.0497741699219,5661.0458984375,584.511474609375,420.05059814453125,437.95001220703125,6506.17041015625,11604.0,1265.9716796875,7067.490234375,2719.527587890625,404.3125,269.54998779296875,292.0522155761719,871.3499755859375,164.8300018310547,,993.6104125976562,1712.2236328125,3087.980224609375,1230.93310546875,2528.202880859375,736.0757446289062,577.8405151367188,1174.5999755859375,4804.33154296875,1140.3511962890625,4269.84765625,364.94830322265625,2072.6181640625,625.0999755859375,199.8834991455078,1216.3455810546875,1746.5,480.7815246582031,73.19000244140625,71.38030242919922,21.506446838378906,283.25,808.3303833007812,658.7163696289062,137.6035919189453,32.81999969482422,516.9000244140625,96.66999816894531,124.93000030517578,160.85000610351562,413.5849609375,911.0244140625,1012.5746459960938,1243.8831787109375,4466.10009765625,586.5550537109375,274.8709716796875,1303.31396484375,1203.4000244140625,237.0847625732422,429.4786071777344,802.4739990234375,353.1000061035156,378.3966979980469,270.70001220703125,535.0,,4000.89990234375,391.52227783203125,2233.604736328125,124477.734375,900.6359252929688,287.8242492675781,2967.140625,147.02000427246094,2299.0,807.2584228515625,12892.51953125,1595.4000244140625,947.0170288085938,2444.89990234375,2325.35791015625,3262.10009765625,72.09272003173828,349.1000061035156,95.30999755859375,367.3999938964844,1392.008544921875,1672.890869140625,265.04998779296875,484.1000061035156,1070.9000244140625,10344.5,1644.199951171875,2730.001220703125,37365.0,451.54998779296875,5451.5654296875,265.93212890625,1706.800048828125,1444.200927734375,9486.48828125,397.79998779296875,409.2223205566406,282.1499938964844,1393.24609375,101.14876556396484,319.92755126953125,240.75,1308.5498046875,605.5,1801.699951171875,72.04000091552734,2740.09375,144.63856506347656,24930.19921875,906.5718383789062,3711.4619140625,18375.142578125,609.5782470703125,956.6500244140625,205.85000610351562,1785.2213134765625,4227.90576171875,3528.1513671875,54.52000045776367,3366.89990234375,726.923583984375,1889.0225830078125,2433.556884765625,1154.699951171875,4450.48828125,,412.3448791503906,206.3446044921875,726.7884521484375,1531.59814453125,4064.762451171875,4317.89990234375,1418.9853515625,2802.791748046875,3109.00537109375,635.49853515625,10941.6630859375,158.01466369628906,1265.25634765625,536.4050903320312,333.54998779296875,14.15999984741211,1236.5155029296875,207.47052001953125,22.829999923706055,,1077.3319091796875
7112.271484375,1343.1285400390625,1805.4000244140625,969.6583251953125,1493.0999755859375,2924.29248046875,1427.5,1796.22998046875,232.52000427246094,717.3494873046875,348.75,60.540000915527344,5264.57763671875,424.8470764160156,8280.8603515625,388.92578125,145.83999633789062,2639.49951171875,1534.486572265625,1440.4000244140625,4168.39990234375,1254.232666015625,3955.6787109375,10259.0,871.4430541992188,1732.9212646484375,10064.93359375,2192.771484375,205.8358154296875,260.4267578125,139.9199981689453,78.50299835205078,1227.0,406.04876708984375,1930.6424560546875,404.9935607910156,292.1000061035156,1801.4285888671875,1479.917236328125,411.95733642578125,37513.140625,4981.0439453125,906.6500244140625,127.63946533203125,1470.0225830078125,1362.4183349609375,466.0736083984375,1455.699951171875,1414.3515625,2018.5999755859375,450.52276611328125,5645.67333984375,574.3391723632812,412.4985656738281,437.8999938964844,6549.49169921875,11227.0,1255.339111328125,7056.109375,2734.063232421875,397.04730224609375,269.3999938964844,300.0249938964844,871.4000244140625,163.86000061035156,,981.0796508789062,1696.5992431640625,3091.9677734375,1167.0849609375,2456.276123046875,741.3878784179688,572.3600463867188,1156.4000244140625,4770.7255859375,1132.989501953125,4255.47705078125,365.2811584472656,2069.549560546875,610.5499877929688,199.75534057617188,1231.6168212890625,1740.800048828125,475.2507019042969,73.41000366210938,71.56974792480469,21.227144241333008,277.0,830.2142333984375,653.3900756835938,136.16639709472656,33.0099983215332,510.79998779296875,95.75,122.83000183105469,161.47999572753906,413.6331787109375,898.4947509765625,1002.954345703125,1196.7039794921875,4512.10009765625,578.2333984375,269.4871826171875,1305.4019775390625,1211.300048828125,234.48086547851562,431.07403564453125,767.7670288085938,353.0,380.3433532714844,267.8500061035156,541.25,,3953.199951171875,393.671875,2244.922607421875,124572.5703125,876.1220703125,284.1567687988281,2979.8076171875,154.16000366210938,2369.5,807.5570678710938,12914.30078125,1559.5999755859375,963.8370971679688,2441.800048828125,2228.748046875,3218.300048828125,74.8950424194336,346.0,96.04000091552734,366.79998779296875,1384.843017578125,1635.6312255859375,267.75,490.95001220703125,1062.699951171875,9997.5,1578.5,2728.506591796875,37565.0,441.6499938964844,5079.8564453125,266.8713073730469,1710.4000244140625,1458.696533203125,9526.2998046875,399.29998779296875,412.73944091796875,285.04998779296875,1343.908203125,102.81045532226562,320.5180969238281,239.02000427246094,1307.15625,596.5499877929688,1784.199951171875,73.2300033569336,2713.24462890625,145.35731506347656,24710.76953125,907.8148193359375,3691.460205078125,18566.029296875,601.701171875,970.4500122070312,203.8699951171875,1783.824951171875,4147.62890625,3547.812255859375,54.400001525878906,3316.89990234375,708.8514404296875,1916.2747802734375,2229.475830078125,1144.0,4270.41796875,,409.2142639160156,207.60853576660156,719.9927978515625,1435.00830078125,4075.42724609375,4368.5,1431.7410888671875,2834.2119140625,3068.527587890625,639.8563232421875,10878.943359375,161.9193878173828,1253.248779296875,532.8091430664062,328.20001220703125,14.850000381469727,1231.1324462890625,201.79534912109375,22.93000030517578,,1075.6334228515625
7072.73681640625,1343.029052734375,1808.4000244140625,961.1166381835938,1520.0,2971.471435546875,1423.300048828125,1783.384033203125,230.02999877929688,743.7902221679688,353.6499938964844,61.029998779296875,5267.0732421875,424.2500305175781,8239.408203125,393.4996337890625,144.44000244140625,2638.706787109375,1546.8670654296875,1463.5999755859375,4139.2998046875,1252.334228515625,4022.8017578125,10362.0,869.0577392578125,1708.34228515625,10002.70703125,2184.301025390625,203.674560546875,262.79998779296875,139.69000244140625,78.70000457763672,1212.800048828125,409.34429931640625,1931.639404296875,387.9485778808594,295.1499938964844,1796.293212890625,1473.0924072265625,415.55303955078125,36758.109375,5006.61767578125,937.9000244140625,128.868896484375,1485.4166259765625,1385.699951171875,475.30035400390625,1472.4000244140625,1429.879638671875,2004.4000244140625,452.9653015136719,5739.8916015625,570.6356811523438,419.2114562988281,438.3500061035156,6569.40966796875,11488.0,1259.5125732421875,7036.31640625,2720.31884765625,401.47607421875,267.54998779296875,299.0782470703125,865.5,167.5500030517578,,989.9307861328125,1686.149658203125,3093.86181640625,1156.4931640625,2468.89990234375,741.9288940429688,571.7123413085938,1166.4000244140625,4811.525390625,1119.758544921875,4182.52490234375,368.0390625,2058.462158203125,603.8499755859375,201.7664031982422,1241.2357177734375,1732.9000244140625,475.45001220703125,72.94000244140625,71.94863891601562,21.247093200683594,280.29998779296875,819.786376953125,658.6168212890625,137.72251892089844,32.91999816894531,527.5,96.05999755859375,123.23999786376953,162.0500030517578,414.83782958984375,901.7394409179688,1005.7457275390625,1175.855224609375,4508.7998046875,588.0499877929688,271.97967529296875,1293.6693115234375,1197.199951171875,235.189208984375,429.0797119140625,766.5275268554688,362.1000061035156,380.8424987792969,266.70001220703125,545.5499877929688,,3942.10009765625,389.5191955566406,2233.604736328125,124497.703125,878.6631469726562,282.6897888183594,2984.755615234375,156.58999633789062,2353.0,813.1315307617188,12934.1025390625,1581.5,964.4859619140625,2445.199951171875,2255.4326171875,3169.699951171875,75.91226959228516,338.6000061035156,94.69999694824219,366.3999938964844,1376.2841796875,1630.13720703125,267.54998779296875,488.8999938964844,1058.5,10098.0,1536.300048828125,2697.816650390625,38835.0,427.25,5103.7734375,265.9815673828125,1729.199951171875,1460.5828857421875,9671.6103515625,393.3500061035156,420.5166931152344,284.6000061035156,1355.0941162109375,102.68412017822266,329.9176330566406,236.4600067138672,1297.699951171875,589.5,1764.9000244140625,73.7300033569336,2721.42919921875,144.0595703125,24421.521484375,910.6487426757812,3668.87109375,18282.197265625,599.4078369140625,979.25,197.30999755859375,1775.4468994140625,4081.577392578125,3617.221435546875,55.619998931884766,3362.5,709.590087890625,1968.00439453125,2228.77978515625,1149.300048828125,4219.53076171875,,408.2701110839844,206.31521606445312,737.0311279296875,1449.6282958984375,4217.162109375,4339.89990234375,1435.0296630859375,2833.4130859375,3096.712158203125,633.0225219726562,10777.0234375,161.7639617919922,1240.149658203125,527.8146362304688,327.5,14.930000305175781,1282.47119140625,202.0128631591797,22.770000457763672,,1083.626220703125
7084.10302734375,1322.14990234375,1822.5999755859375,968.4595336914062,1579.0,3046.837646484375,1525.699951171875,1816.544189453125,232.60000610351562,761.98388671875,357.5,60.09000015258789,5242.1181640625,415.49334716796875,8294.84375,394.54364013671875,145.2899932861328,2663.590576171875,1516.4150390625,1462.300048828125,4144.2001953125,1271.319580078125,3869.804931640625,10342.0,883.9661254882812,1701.747802734375,10073.8232421875,2134.573974609375,204.10084533691406,263.70001220703125,141.4600067138672,79.19000244140625,1207.4000244140625,407.6466064453125,1923.9627685546875,385.705810546875,295.0,1775.8504638671875,1464.3880615234375,411.8074951171875,36996.54296875,5036.6181640625,937.8499755859375,131.47299194335938,1502.6097412109375,1401.300048828125,466.0736083984375,1439.0999755859375,1428.88427734375,1999.5,449.57568359375,5736.42041015625,570.5369873046875,418.7178649902344,445.25,6595.80078125,11432.0,1270.1451416015625,6996.73095703125,2750.37841796875,397.6444396972656,262.29998779296875,303.11444091796875,866.8499755859375,167.39999389648438,,992.5164794921875,1700.0823974609375,3078.11083984375,1143.0303955078125,2495.89990234375,734.8952026367188,573.2568359375,1150.5,4764.91162109375,1086.9298095703125,4208.3720703125,366.1846008300781,2100.138427734375,566.7999877929688,203.00851440429688,1251.548828125,1758.0,483.25,73.08000183105469,72.13807678222656,21.117416381835938,280.70001220703125,824.4862060546875,654.684326171875,137.0386199951172,32.93000030517578,528.5999755859375,96.47000122070312,123.43000030517578,164.32000732421875,414.06683349609375,903.3368530273438,985.4085083007812,1172.1357421875,4481.2998046875,584.2000122070312,277.2637634277344,1276.6669921875,1181.300048828125,236.33651733398438,425.988525390625,771.2872924804688,371.8500061035156,376.79949951171875,268.6000061035156,549.75,,3953.199951171875,390.7405700683594,2251.375732421875,123289.8125,891.3187255859375,283.4721984863281,3008.902099609375,154.89999389648438,2336.10009765625,806.9597778320312,12920.2412109375,1604.199951171875,975.516357421875,2423.10009765625,2269.16455078125,3153.10009765625,74.7654037475586,336.6000061035156,92.9000015258789,361.6499938964844,1379.568359375,1631.6356201171875,264.75,483.3500061035156,1065.199951171875,9936.5,1534.0999755859375,2708.17919921875,38345.0,420.45001220703125,5021.06103515625,266.37701416015625,1751.0999755859375,1466.0435791015625,9653.197265625,389.8500061035156,427.7490234375,285.6499938964844,1379.363525390625,103.83078002929688,338.48046875,235.61000061035156,1291.0,589.5999755859375,1782.800048828125,73.68000030517578,2699.770263671875,143.3108673095703,24022.55859375,918.1065673828125,3682.703369140625,18430.111328125,600.554443359375,977.7000122070312,190.55999755859375,1777.5413818359375,4083.865234375,3576.7080078125,55.310001373291016,3383.89990234375,708.4082641601562,1954.92333984375,2186.9091796875,1130.9000244140625,4225.32666015625,,406.67999267578125,202.5919952392578,759.5355224609375,1445.924560546875,4246.26708984375,4420.89990234375,1455.060302734375,2770.106689453125,3127.295654296875,631.3388061523438,10693.7236328125,162.21078491210938,1237.172607421875,522.7202758789062,315.6000061035156,14.949999809265137,1294.2342529296875,196.13003540039062,23.299999237060547,,1088.022216796875
6877.04052734375,1312.10791015625,1817.699951171875,957.9697265625,1570.4000244140625,2968.672607421875,1490.5,1797.4248046875,225.85000610351562,733.9437255859375,344.0,59.290000915527344,5346.9306640625,413.2544250488281,8348.78125,382.66162109375,141.02000427246094,2636.3271484375,1508.826904296875,1451.800048828125,4063.300048828125,1267.1226806640625,3906.50830078125,10231.0,865.77783203125,1673.1722412109375,9746.8857421875,2087.338623046875,201.16629028320312,259.25,140.0800018310547,79.61000061035156,1187.0,412.3901672363281,1887.3736572265625,385.057861328125,285.1499938964844,1790.7628173828125,1438.9678955078125,408.76116943359375,36370.66015625,4995.30615234375,903.4000244140625,127.69754791259766,1455.4283447265625,1387.9000244140625,458.7711486816406,1407.0999755859375,1414.550537109375,2005.5,443.99273681640625,5564.34765625,554.3402709960938,414.3742370605469,439.3500061035156,6494.2197265625,11392.0,1267.5615234375,6976.9384765625,2767.385986328125,384.0595397949219,260.29998779296875,303.56292724609375,866.3499755859375,168.60000610351562,,991.52197265625,1646.640625,3040.627685546875,1139.6649169921875,2453.0,726.6319580078125,562.5449829101562,1140.300048828125,4706.27392578125,1056.886474609375,4229.4296875,354.48724365234375,2088.853271484375,556.0,201.2241973876953,1239.748291015625,1738.4000244140625,475.3999938964844,71.8499984741211,71.22077178955078,20.598709106445312,279.45001220703125,825.4164428710938,649.3580322265625,134.40213012695312,32.709999084472656,516.0999755859375,94.69999694824219,120.16000366210938,163.6199951171875,410.69378662109375,893.6026000976562,996.1254272460938,1162.4453125,4359.7001953125,570.9500122070312,267.6427917480469,1253.5,1156.300048828125,228.32528686523438,413.42425537109375,748.9757080078125,354.20001220703125,376.4500732421875,261.70001220703125,541.0,,3875.5,386.44134521484375,2238.270751953125,122606.0,867.8511352539062,274.5724182128906,2935.17626953125,151.5500030517578,2357.39990234375,805.3172607421875,12783.61328125,1577.5,1005.6627807617188,2389.0,2273.15771484375,2964.699951171875,73.30938720703125,335.75,89.58999633789062,362.3999938964844,1392.2076416015625,1598.6712646484375,264.6499938964844,481.0,1031.699951171875,9756.0,1511.9000244140625,2671.212158203125,38550.0,419.95001220703125,5047.46923828125,264.30096435546875,1741.5,1449.36376953125,9450.1611328125,381.04998779296875,424.4300842285156,290.29998779296875,1325.9307861328125,102.72299194335938,337.9883728027344,228.22999572753906,1263.300048828125,574.5499877929688,1764.4000244140625,72.29000091552734,2669.328125,138.7687530517578,23473.984375,891.6065063476562,3606.27880859375,18103.302734375,586.545166015625,981.9500122070312,183.77999877929688,1784.1241455078125,4047.755859375,3466.586669921875,54.43000030517578,3317.60009765625,707.1279296875,1888.626220703125,2139.668212890625,1107.0,4180.431640625,,401.7107849121094,198.6238250732422,767.8084716796875,1465.320556640625,4178.6884765625,4410.39990234375,1449.3800048828125,2720.08056640625,3054.435302734375,618.9586181640625,10579.064453125,160.44297790527344,1229.0352783203125,521.5715942382812,304.25,14.399999618530273,1272.203369140625,179.7075958251953,23.0,,1086.62353515625
6850.35498046875,1317.0791015625,1799.0,977.5506591796875,1579.199951171875,2978.568115234375,1534.5,1818.735107421875,226.13999938964844,751.887451171875,351.3500061035156,60.45000076293945,5345.93212890625,413.95098876953125,8514.0888671875,389.1246643066406,143.8000030517578,2684.806640625,1523.6036376953125,1449.0,4092.0,1291.404052734375,3985.79931640625,10184.0,881.4813842773438,1691.656494140625,10127.16015625,2120.42333984375,205.1616668701172,273.75,147.72000122070312,83.97000122070312,1202.800048828125,411.4913635253906,1919.5760498046875,395.27490234375,289.1000061035156,1776.6405029296875,1459.7392578125,415.8526916503906,37572.75,5023.8310546875,911.2000122070312,133.11871337890625,1494.8128662109375,1376.5,460.7447814941406,1441.199951171875,1405.4925537109375,2023.4000244140625,451.569580078125,5579.224609375,568.0186157226562,420.6922607421875,439.3999938964844,6725.26708984375,11611.0,1260.50634765625,7128.35302734375,2758.684326171875,391.075927734375,267.04998779296875,314.02716064453125,876.0499877929688,167.58999633789062,,1007.6329345703125,1676.19775390625,3085.88671875,1134.7154541015625,2503.300048828125,726.3367919921875,558.6090087890625,1150.5,4785.015625,1071.1123046875,4255.17724609375,363.2840270996094,2111.32470703125,563.6500244140625,206.0152587890625,1264.3409423828125,1777.699951171875,474.75,75.37000274658203,73.47415924072266,20.459056854248047,280.0,856.7000122070312,663.7440185546875,136.90977478027344,33.43000030517578,517.8499755859375,96.01000213623047,122.47000122070312,162.5,404.1885986328125,921.3077392578125,979.5764770507812,1155.300048828125,4537.60009765625,570.4000244140625,281.9496154785156,1254.4942626953125,1149.9000244140625,233.6627960205078,421.6009826660156,749.818603515625,355.04998779296875,381.04217529296875,265.54998779296875,552.75,,3900.60009765625,394.6489562988281,2247.90087890625,122536.125,884.7916259765625,278.7289123535156,2959.02587890625,160.33999633789062,2391.0,809.4981689453125,12989.544921875,1594.0999755859375,1001.3204345703125,2435.300048828125,2279.390380859375,2991.10009765625,73.79804992675781,327.75,90.04000091552734,355.6499938964844,1403.652587890625,1630.736572265625,259.0,475.95001220703125,1072.0,9639.5,1497.300048828125,2856.148193359375,38905.0,422.04998779296875,5000.6318359375,265.7344055175781,1754.0999755859375,1471.20654296875,9570.091796875,383.70001220703125,431.5633544921875,285.70001220703125,1352.297607421875,106.55166625976562,346.55126953125,233.88999938964844,1269.199951171875,584.9500122070312,1769.0999755859375,72.79000091552734,2684.49951171875,143.80999755859375,23354.294921875,906.5718383789062,3602.099365234375,18256.212890625,600.1057739257812,1002.7000122070312,185.99000549316406,1774.3497314453125,4156.681640625,3475.126220703125,55.22999954223633,3358.0,715.4500122070312,1957.9954833984375,2139.2705078125,1106.5,4182.2001953125,,396.1949462890625,199.07452392578125,733.8302612304688,1446.2169189453125,4091.474609375,4472.89990234375,1422.871826171875,2767.2109375,3103.808349609375,622.3755493164062,10692.744140625,165.55213928222656,1247.59228515625,529.1631469726562,306.25,14.140000343322754,1300.315185546875,179.61862182617188,23.3700008392334,,1104.6072998046875
6721.86767578125,1308.6280517578125,1762.4000244140625,958.2694091796875,1535.5999755859375,2929.7900390625,1483.0,1813.5567626953125,220.5800018310547,728.145751953125,342.70001220703125,58.7599983215332,5290.0322265625,407.7815246582031,8478.6298828125,383.65594482421875,141.5399932861328,2691.74658203125,1499.14208984375,1453.5999755859375,4043.39990234375,1313.487060546875,3919.1748046875,10144.0,878.6984252929688,1662.7811279296875,9911.8359375,2075.97802734375,198.04335021972656,269.29998779296875,144.86000061035156,84.18000030517578,1183.800048828125,407.7964172363281,1943.303955078125,376.0867919921875,288.0,1753.1363525390625,1441.3416748046875,414.1047668457031,37542.9453125,5086.291015625,908.0999755859375,129.19805908203125,1472.0218505859375,1377.0,445.0544128417969,1404.199951171875,1396.2353515625,2056.300048828125,444.14227294921875,5563.35595703125,556.2167358398438,422.41986083984375,431.1000061035156,6611.2373046875,11487.0,1263.68603515625,7144.681640625,2709.936279296875,384.50738525390625,262.3999938964844,310.0408020019531,901.3499755859375,168.00999450683594,,1021.9537963867188,1633.6036376953125,3061.662109375,1120.658935546875,2447.800048828125,734.698486328125,547.5982666015625,1155.5,4786.296875,1033.906494140625,4210.66796875,356.056396484375,2147.655029296875,547.5499877929688,202.64376831054688,1282.488037109375,1732.199951171875,465.79998779296875,74.93000030517578,72.77620697021484,20.469032287597656,283.6499938964844,833.4500122070312,662.897705078125,135.67080688476562,33.2599983215332,512.3499755859375,94.80000305175781,120.58000183105469,162.1699981689453,398.165283203125,882.5206298828125,968.2614135742188,1145.300048828125,4524.89990234375,560.6500244140625,277.76226806640625,1262.548095703125,1121.0999755859375,229.63221740722656,423.8446044921875,726.8128662109375,338.70001220703125,387.4311218261719,260.3500061035156,541.0,,3917.5,386.8810729980469,2231.0234375,122381.3984375,858.9822998046875,271.1494445800781,2921.816650390625,163.6199951171875,2376.199951171875,816.1676635742188,12943.0126953125,1598.300048828125,1008.3080444335938,2367.60009765625,2237.805419921875,2898.800048828125,72.4716796875,309.6000061035156,88.44999694824219,351.6499938964844,1431.419189453125,1589.8807373046875,251.89999389648438,427.3500061035156,1066.300048828125,9470.0,1509.5999755859375,2797.658203125,37955.0,419.6000061035156,4910.943359375,265.2401123046875,1765.699951171875,1495.7298583984375,9478.5263671875,380.20001220703125,427.3031921386719,287.20001220703125,1326.330322265625,104.14173889160156,343.3032531738281,228.1699981689453,1258.800048828125,580.7000122070312,1728.699951171875,71.80999755859375,2728.9150390625,141.9632110595703,23788.16796875,892.3025512695312,3565.1806640625,17686.55078125,587.5422973632812,1003.25,181.72000122070312,1781.73046875,4181.15234375,3464.0048828125,54.08000183105469,3334.89990234375,720.4000244140625,1960.7701416015625,2142.154541015625,1108.0,4092.199951171875,,392.3189697265625,195.28271484375,746.732177734375,1441.4410400390625,4028.880126953125,4463.7001953125,1394.2708740234375,2750.63525390625,3060.6318359375,605.142333984375,10648.6435546875,161.6765594482422,1250.271728515625,525.6669921875,299.29998779296875,13.880000114440918,1285.960205078125,176.9095458984375,22.600000381469727,,1097.31396484375
6640.82177734375,1296.199951171875,1764.0999755859375,962.3654174804688,1466.699951171875,2907.5,1454.5,1779.5999755859375,215.50999450683594,715.9000244140625,336.6000061035156,58.2400016784668,5292.02880859375,404.04998779296875,8483.125,378.1374816894531,138.5800018310547,2667.75439453125,1487.85986328125,1464.0999755859375,3987.0,1316.284912109375,3878.0830078125,10114.0,865.231201171875,1643.6973876953125,9741.947265625,1967.156494140625,192.2337188720703,267.6000061035156,141.3800048828125,83.08000183105469,1160.300048828125,401.75457763671875,1937.0230712890625,369.45819091796875,286.3500061035156,1760.4443359375,1462.409912109375,415.4531555175781,37319.41796875,5029.2412109375,901.3499755859375,127.31999969482422,1454.328857421875,1383.300048828125,440.3177185058594,1387.800048828125,1387.37646484375,2028.5999755859375,438.90826416015625,5511.2880859375,556.0192260742188,416.29925537109375,432.25,6628.16748046875,11371.0,1267.958984375,7105.09619140625,2694.2138671875,383.81072998046875,260.25,308.69537353515625,889.2000122070312,166.08999633789062,,1003.3565673828125,1610.2166748046875,3079.9052734375,1098.980224609375,2389.800048828125,732.485107421875,543.3135375976562,1129.0,4766.09423828125,1018.9842529296875,4163.8623046875,347.78265380859375,2118.254150390625,545.0,200.44541931152344,1305.9898681640625,1712.4000244140625,460.3999938964844,72.30999755859375,72.73632049560547,20.159801483154297,282.3999938964844,825.6500244140625,652.7927856445312,133.05413818359375,32.41999816894531,521.0499877929688,93.33000183105469,118.30000305175781,160.8000030517578,398.0207214355469,887.5125122070312,960.8343505859375,1114.5999755859375,4502.39990234375,552.25,274.6217346191406,1274.9766845703125,1121.300048828125,227.48724365234375,412.4270935058594,730.7297973632812,330.79998779296875,392.6720886230469,256.8999938964844,535.9000244140625,,3862.0,384.1940612792969,2256.935546875,122720.8046875,865.0111083984375,269.633544921875,2969.71337890625,155.6999969482422,2372.699951171875,807.1090698242188,12967.763671875,1562.0999755859375,1007.8089599609375,2347.5,2218.32763671875,2890.0,71.93315124511719,310.3500061035156,88.47000122070312,351.8500061035156,1415.6947021484375,1580.990234375,252.60000610351562,429.3500061035156,1023.0999755859375,9265.5,1504.199951171875,2791.181396484375,37740.0,419.1000061035156,4857.13037109375,260.04998779296875,1732.800048828125,1488.0849609375,9327.7412109375,372.5,409.7176818847656,286.6499938964844,1323.6337890625,103.16999816894531,331.5415954589844,222.19000244140625,1263.0,568.25,1719.0999755859375,70.31999969482422,2653.3583984375,140.4957733154297,23638.556640625,881.2650146484375,3504.777587890625,17130.87890625,583.404296875,1000.7000122070312,181.36000061035156,1789.510009765625,4090.72900390625,3419.618896484375,53.290000915527344,3287.39990234375,741.2000122070312,1948.28369140625,2123.95458984375,1108.5999755859375,4009.10009765625,,387.8466796875,193.9600067138672,720.3867797851562,1427.9906005859375,4012.03515625,4572.2001953125,1371.5496826171875,2706.89990234375,2973.679443359375,588.0577392578125,10613.3642578125,159.82131958007812,1248.1878662109375,519.3240966796875,304.8999938964844,14.170000076293945,1273.300048828125,175.36717224121094,22.219999313354492,,1104.9071044921875
6691.72216796875,1336.5999755859375,1817.5999755859375,1014.5147705078125,1489.5999755859375,2921.60009765625,1485.699951171875,1812.9000244140625,223.07000732421875,728.5,358.1000061035156,59.900001525878906,5288.53515625,423.1000061035156,8488.119140625,394.0464782714844,152.4499969482422,2723.7685546875,1506.23095703125,1472.800048828125,3993.60009765625,1355.2548828125,4030.481689453125,10063.0,912.6895141601562,1687.659912109375,10036.2900390625,2006.1209716796875,202.84178161621094,274.75,145.67999267578125,87.30000305175781,1200.199951171875,405.94891357421875,1939.2164306640625,377.53216552734375,302.3500061035156,1799.8485107421875,1461.3218994140625,418.49951171875,38804.64453125,5080.880859375,914.4500122070312,131.6699981689453,1567.484375,1389.4000244140625,437.6532897949219,1424.300048828125,1360.89892578125,2079.0,448.8279724121094,5575.25732421875,579.77099609375,420.9390563964844,440.5,6610.7392578125,11546.0,1267.36279296875,7236.22314453125,2730.50341796875,390.0806884765625,273.5,314.6251220703125,902.3499755859375,170.5,,1027.62255859375,1683.263671875,3095.855712890625,1098.38623046875,2455.89990234375,759.8819580078125,553.377685546875,1154.0999755859375,4890.66162109375,1016.2982177734375,4183.82177734375,369.8459777832031,2146.962158203125,559.9000244140625,202.76205444335938,1329.5909423828125,1695.699951171875,468.1499938964844,75.38999938964844,76.27592468261719,20.758310317993164,285.1000061035156,845.5,676.4374389648438,139.6949462890625,33.369998931884766,521.3499755859375,95.88999938964844,122.12999725341797,163.52000427246094,405.92333984375,915.8665771484375,969.20849609375,1116.4000244140625,4709.7001953125,559.3499755859375,290.1249694824219,1290.1893310546875,1148.5,235.33885192871094,418.1607971191406,742.7284545898438,344.75,402.60491943359375,275.95001220703125,559.5,,4049.300048828125,390.20318603515625,2276.79150390625,125296.3046875,896.1516723632812,284.6457824707031,3011.27685546875,161.00999450683594,2381.10009765625,815.321533203125,13233.099609375,1579.0,1010.6539306640625,2410.10009765625,2211.12060546875,3042.199951171875,73.588623046875,316.29998779296875,90.93000030517578,353.8999938964844,1369.1185302734375,1621.047119140625,246.1999969482422,417.79998779296875,1073.9000244140625,9327.5,1547.800048828125,2831.53662109375,38625.0,425.54998779296875,4794.34814453125,274.75,1757.5999755859375,1524.5225830078125,9508.8818359375,391.8999938964844,417.148193359375,284.79998779296875,1385.5557861328125,106.87999725341797,342.5650939941406,233.25999450683594,1293.0,589.4500122070312,1706.0,72.61000061035156,2737.798095703125,143.15113830566406,24112.32421875,949.5785522460938,3552.144775390625,17132.876953125,591.331298828125,1017.1500244140625,184.08999633789062,1802.9747314453125,4137.18408203125,3460.529541015625,55.08000183105469,3312.800048828125,745.9500122070312,1948.8782958984375,2149.61376953125,1100.699951171875,4064.89990234375,,391.1263427734375,197.86000061035156,749.4898071289062,1392.9998779296875,4170.31591796875,4571.2001953125,1387.1954345703125,2755.300048828125,3140.088623046875,604.2509765625,10894.623046875,165.17332458496094,1262.67626953125,521.6215209960938,309.6499938964844,14.899999618530273,1285.4000244140625,178.10589599609375,23.020000457763672,,1103.7081298828125
6841.95361328125,1356.4000244140625,1833.800048828125,1032.59716796875,1491.9000244140625,2942.5,1482.5999755859375,1804.800048828125,220.52000427246094,720.0499877929688,368.20001220703125,61.040000915527344,5324.470703125,428.8500061035156,8458.6533203125,411.9938659667969,157.6999969482422,2715.73828125,1542.3741455078125,1408.300048828125,4099.0,1367.24560546875,4115.15869140625,9943.0,936.5428466796875,1748.707763671875,10159.755859375,2184.89892578125,209.06781005859375,276.04998779296875,146.22999572753906,89.12000274658203,1209.699951171875,408.9947509765625,2014.3883056640625,381.6189880371094,310.6000061035156,1818.3160400390625,1459.5413818359375,415.55303955078125,38814.578125,5114.32421875,935.5,132.1999969482422,1652.9508056640625,1381.300048828125,438.1960144042969,1411.800048828125,1396.0362548828125,2057.699951171875,457.9500732421875,5706.66748046875,606.831298828125,423.6538391113281,453.54998779296875,6581.3603515625,11957.0,1271.43701171875,7545.48486328125,2769.75927734375,392.96685791015625,272.79998779296875,316.0203552246094,906.0499877929688,175.41000366210938,,1031.103271484375,1757.7037353515625,3154.67236328125,1107.98828125,2622.89990234375,764.7022094726562,579.1358642578125,1171.0999755859375,4951.171875,1008.6382446289062,4276.03515625,381.9712829589844,2134.39013671875,563.8499755859375,206.5673065185547,1316.501220703125,1734.0999755859375,486.1499938964844,76.87999725341797,78.1005630493164,21.067541122436523,287.8999938964844,849.5999755859375,686.7913208007812,143.21359252929688,33.84000015258789,517.9500122070312,97.08000183105469,124.81999969482422,169.6199951171875,398.26165771484375,931.6909790039062,979.427001953125,1134.9000244140625,4880.39990234375,566.25,293.5646057128906,1289.0955810546875,1149.5,238.9603729248047,421.451416015625,750.6614990234375,383.0,405.0506896972656,293.25,553.8499755859375,,4169.7998046875,396.4077453613281,2256.737060546875,128316.0390625,917.626220703125,291.2961730957031,3101.727294921875,168.9499969482422,2380.300048828125,805.96435546875,13667.734375,1632.5999755859375,1027.07470703125,2440.39990234375,2249.39453125,3160.10009765625,74.48616790771484,317.8999938964844,88.47000122070312,348.1000061035156,1368.123291015625,1667.5966796875,243.64999389648438,417.20001220703125,1121.4000244140625,9373.0,1581.0999755859375,2824.3623046875,39195.0,425.70001220703125,4873.5732421875,285.8999938964844,1846.9000244140625,1559.768798828125,9510.873046875,399.5,420.56622314453125,285.70001220703125,1470.648681640625,107.95999908447266,346.3052062988281,239.6999969482422,1307.0,600.9000244140625,1759.5,73.13999938964844,2715.3408203125,147.86294555664062,24760.638671875,995.0215454101562,3584.187255859375,17266.798828125,594.6217041015625,1020.8499755859375,182.50999450683594,1801.2791748046875,4443.46923828125,3525.072998046875,55.56999969482422,3459.5,735.0999755859375,1916.4730224609375,2150.21044921875,1100.4000244140625,4068.199951171875,,401.61138916015625,197.27999877929688,760.2249755859375,1389.4910888671875,4269.49072265625,4504.0,1384.9033203125,2901.10009765625,3224.3427734375,610.6886596679688,11236.6416015625,166.38746643066406,1261.7830810546875,540.4006958007812,302.5,14.949999809265137,1326.4000244140625,179.33189392089844,23.780000686645508,,1087.123046875
6939.3076171875,1349.0,1842.0,1022.1073608398438,1491.0999755859375,2943.60009765625,1482.5,1822.0,222.60000610351562,713.7000122070312,373.79998779296875,60.970001220703125,5338.44580078125,426.04998779296875,8380.744140625,414.0819396972656,158.5,2724.462646484375,1561.5439453125,1396.699951171875,4201.2998046875,1364.6474609375,4151.462890625,9939.0,953.786865234375,1785.7762451171875,10335.5712890625,2222.8671875,214.87745666503906,275.3500061035156,145.6699981689453,88.19000244140625,1236.699951171875,406.9974670410156,2006.2132568359375,382.9646301269531,312.1000061035156,1829.9693603515625,1448.46337890625,415.95257568359375,38789.7421875,5132.029296875,940.7000122070312,132.8300018310547,1679.740234375,1373.199951171875,445.0050964355469,1431.5999755859375,1458.04931640625,2096.89990234375,461.9378662109375,5676.41845703125,621.4971313476562,429.8731689453125,451.29998779296875,6684.93359375,12235.0,1268.8533935546875,7482.14794921875,2798.3359375,386.6968994140625,272.1499938964844,319.5084533691406,997.7999877929688,176.08999633789062,,1028.81591796875,1785.86767578125,3130.547607421875,1147.2869873046875,2658.60009765625,772.1294555664062,572.3600463867188,1180.199951171875,4958.0703125,977.3016967773438,4247.193359375,382.1139221191406,2177.748779296875,564.2999877929688,209.81063842773438,1323.145263671875,1783.5999755859375,490.3500061035156,77.1500015258789,77.27299499511719,21.247093200683594,291.6499938964844,853.2999877929688,691.3211669921875,143.82810974121094,34.029998779296875,522.9000244140625,97.62999725341797,126.1500015258789,168.75999450683594,396.8160705566406,924.5025634765625,994.5802001953125,1143.5999755859375,4840.0,562.0499877929688,292.9165344238281,1267.0224609375,1139.800048828125,241.3846893310547,422.1494445800781,750.2152709960938,378.54998779296875,407.1470947265625,294.25,552.7999877929688,,4186.39990234375,401.5863342285156,2261.403076171875,128246.15625,934.6664428710938,291.2961730957031,3105.289794921875,165.52000427246094,2356.199951171875,804.769775390625,13554.8681640625,1612.300048828125,1022.283203125,2467.39990234375,2266.4375,3166.89990234375,74.54600524902344,313.45001220703125,88.08999633789062,355.54998779296875,1385.0419921875,1702.95849609375,248.1999969482422,419.6499938964844,1108.5,9500.5,1596.800048828125,2867.706787109375,39065.0,425.54998779296875,4999.13720703125,290.54998779296875,1868.199951171875,1559.96728515625,9546.205078125,403.45001220703125,423.5384216308594,285.1499938964844,1519.1875,107.97000122070312,350.9311218261719,241.13999938964844,1328.800048828125,621.6500244140625,1767.5999755859375,73.66999816894531,2738.796142578125,147.34385681152344,24805.5234375,1000.0928344726562,3619.115478515625,16889.021484375,596.9151000976562,1015.2999877929688,180.99000549316406,1795.9930419921875,4444.26513671875,3541.65576171875,57.91999816894531,3435.5,729.4500122070312,1896.35595703125,2187.0087890625,1130.9000244140625,4119.0,,399.77276611328125,196.0,758.304443359375,1410.1541748046875,4323.8125,4466.7001953125,1403.538818359375,2897.800048828125,3262.421875,609.4506225585938,11163.142578125,165.66868591308594,1289.0728759765625,540.4506225585938,299.95001220703125,14.619999885559082,1327.5999755859375,180.60733032226562,23.889999389648438,,1077.7314453125
7080.64404296875,1350.0,1854.5999755859375,1019.8595581054688,1491.0,2951.89990234375,1465.800048828125,1828.5999755859375,220.39999389648438,702.6500244140625,372.45001220703125,61.720001220703125,5337.9462890625,426.45001220703125,8417.701171875,427.15716552734375,159.57000732421875,2714.449462890625,1562.7420654296875,1422.4000244140625,4287.5,1349.8590087890625,3988.691650390625,10042.0,952.5445556640625,1763.095458984375,10371.12890625,2248.178955078125,211.9230499267578,281.8500061035156,147.13999938964844,90.13999938964844,1309.800048828125,419.28082275390625,2028.3460693359375,390.9887390136719,317.95001220703125,1852.38720703125,1446.682861328125,411.3580627441406,38973.53125,5146.29150390625,963.75,135.24000549316406,1678.5406494140625,1350.800048828125,449.7417907714844,1500.199951171875,1458.945068359375,2034.199951171875,465.5767517089844,5785.017578125,615.8184204101562,423.5057678222656,451.54998779296875,6636.134765625,12833.0,1261.003173828125,7431.181640625,2799.32470703125,386.547607421875,280.95001220703125,321.601318359375,967.5999755859375,175.02999877929688,,1014.3955688476562,1779.697509765625,3140.615966796875,1155.00830078125,2711.10009765625,774.2935791015625,579.7337646484375,1196.800048828125,4943.681640625,1002.6693725585938,4451.4794921875,382.92230224609375,2175.47216796875,572.5499877929688,210.61900329589844,1325.6243896484375,1790.5,503.6499938964844,90.36000061035156,77.1533432006836,21.28699493408203,290.75,876.3499755859375,696.0003051757812,144.13536071777344,35.58000183105469,519.9500122070312,100.44000244140625,126.45999908447266,170.77999877929688,398.83990478515625,934.6860961914062,1013.9204711914062,1157.699951171875,4878.39990234375,572.0,298.3999938964844,1279.8486328125,1135.800048828125,242.41229248046875,421.9499816894531,745.703369140625,383.04998779296875,403.8028564453125,294.1499938964844,551.0499877929688,,4207.7001953125,408.57257080078125,2255.644775390625,129019.8046875,911.597412109375,290.953857421875,3100.341552734375,161.07000732421875,2364.10009765625,801.3355102539062,13494.474609375,1631.800048828125,1024.32958984375,2552.39990234375,2279.09814453125,3190.60009765625,74.2069320678711,311.0,88.0,355.54998779296875,1400.5675048828125,1692.9693603515625,245.0,417.04998779296875,1120.0999755859375,9444.5,1624.5999755859375,2825.059814453125,39300.0,419.0,5027.53857421875,292.0,1869.0999755859375,1566.917236328125,9879.623046875,405.25,427.7490234375,286.3500061035156,1519.5870361328125,108.87000274658203,353.09649658203125,245.13999938964844,1332.699951171875,625.7000122070312,1793.5999755859375,73.87000274658203,2700.369140625,144.84820556640625,24905.263671875,1001.8330078125,3707.182861328125,17446.69140625,599.5075073242188,1026.5,179.5800018310547,1815.6416015625,4452.02392578125,3492.80126953125,59.27000045776367,3448.699951171875,729.0,1882.6802978515625,2210.8779296875,1124.5,4094.60009765625,,399.02740478515625,199.00999450683594,761.8499755859375,1425.3590087890625,4366.17333984375,4442.7998046875,1402.442626953125,3102.800048828125,3265.919921875,608.509765625,11145.501953125,168.7672119140625,1298.004150390625,543.447265625,306.5,14.920000076293945,1352.9000244140625,182.3870086669922,25.110000610351562,,1060.447021484375
7144.8876953125,1358.9000244140625,1860.9000244140625,1024.355224609375,1523.300048828125,3013.39990234375,1506.800048828125,1842.0999755859375,230.57000732421875,724.3499755859375,370.6000061035156,61.540000915527344,5362.40283203125,430.0,8401.7197265625,425.5662536621094,158.4499969482422,2731.30322265625,1563.2412109375,1443.699951171875,4306.7001953125,1359.0518798828125,4003.951416015625,10077.0,952.9917602539062,1770.189453125,10544.96875,2226.454345703125,212.43858337402344,283.0,147.6699981689453,89.5,1311.800048828125,428.0189514160156,2013.7901611328125,404.5948486328125,316.29998779296875,1851.49853515625,1422.15283203125,413.3556823730469,39773.26953125,5159.07861328125,954.4500122070312,134.97000122070312,1688.2369384765625,1355.5,446.0412292480469,1469.5999755859375,1476.165283203125,2027.300048828125,465.7262878417969,5809.81201171875,632.7557983398438,423.2096252441406,459.20001220703125,6739.20947265625,12666.0,1259.5125732421875,7522.22802734375,2778.262939453125,383.0145568847656,298.1000061035156,319.3589782714844,953.4500122070312,176.44000244140625,,1003.6549072265625,1801.4920654296875,3135.332763671875,1150.058837890625,2728.199951171875,786.0,589.2000122070312,1194.4000244140625,4948.806640625,1003.2662353515625,4402.57861328125,381.9237365722656,2196.16162109375,571.4500122070312,208.54879760742188,1331.078369140625,1839.0,522.0999755859375,84.62000274658203,77.86126708984375,21.366796493530273,291.1499938964844,875.7000122070312,707.2999877929688,144.81927490234375,35.22999954223633,524.0,100.12999725341797,127.95999908447266,169.99000549316406,399.2735595703125,937.2319946289062,1003.7020263671875,1127.5,5011.7998046875,575.5499877929688,307.95001220703125,1286.510498046875,1131.9000244140625,243.52967834472656,421.7505798339844,739.7040405273438,382.95001220703125,402.25555419921875,286.8999938964844,550.1500244140625,,4190.0,420.1511535644531,2310.348388671875,129858.34375,920.7652587890625,289.5357666015625,3103.904296875,159.07000732421875,2406.0,817.0137939453125,13349.92578125,1688.199951171875,1088.5155029296875,2533.89990234375,2275.59228515625,3182.39990234375,75.73275756835938,323.75,88.52999877929688,361.95001220703125,1393.700439453125,1692.369873046875,245.3000030517578,420.6000061035156,1093.9000244140625,9399.5,1617.699951171875,2835.8212890625,40180.0,424.20001220703125,4923.39990234375,288.25,1853.699951171875,1569.7965087890625,9905.5,404.5,425.32171630859375,288.70001220703125,1525.7791748046875,109.58000183105469,353.0472717285156,247.5800018310547,1328.0999755859375,624.9500122070312,1807.5999755859375,74.20999908447266,2697.8740234375,144.4289093017578,25344.123046875,997.0599975585938,3727.881103515625,17753.509765625,603.2965087890625,1042.699951171875,182.16000366210938,1820.0301513671875,4386.4697265625,3499.752197265625,58.439998626708984,3457.60009765625,732.6500244140625,1924.5,2191.285400390625,1111.4000244140625,4116.0,,400.41876220703125,200.52000427246094,753.7000122070312,1411.03125,4373.548828125,4445.5,1443.5999755859375,3179.699951171875,3254.72607421875,604.9442749023438,11201.3623046875,171.06922912597656,1339.98095703125,530.9611206054688,306.0,15.010000228881836,1357.5999755859375,180.77540588378906,25.479999542236328,,1073.4354248046875
7163.66650390625,1343.300048828125,1871.5999755859375,1032.0478515625,1507.4000244140625,3038.39990234375,1502.4000244140625,1835.300048828125,231.75999450683594,727.2999877929688,375.8999938964844,60.63999938964844,5363.89990234375,423.95001220703125,8479.62890625,423.0804748535156,156.66000366210938,2709.393310546875,1539.6783447265625,1497.800048828125,4286.89990234375,1356.8536376953125,4009.636474609375,10066.0,955.9237060546875,1767.8914794921875,10545.95703125,2235.92138671875,206.30177307128906,281.04998779296875,146.57000732421875,90.19000244140625,1373.4000244140625,426.32122802734375,2035.2252197265625,413.0177001953125,306.6000061035156,1887.051025390625,1478.2357177734375,415.0036926269531,39932.22265625,5109.89794921875,963.7000122070312,133.74000549316406,1692.7352294921875,1351.800048828125,445.3504333496094,1458.0,1456.5562744140625,1997.800048828125,470.3122863769531,5816.75439453125,616.7566528320312,418.0762023925781,461.1000061035156,6715.30810546875,12517.0,1264.0836181640625,7532.12451171875,2789.63427734375,378.9341125488281,302.29998779296875,322.8470458984375,884.8499755859375,173.89999389648438,,995.1021728515625,1787.260986328125,3139.718994140625,1120.262939453125,2719.0,779.7999877929688,591.8499755859375,1176.300048828125,4902.783203125,1004.7584228515625,4399.185546875,372.8891906738281,2172.50244140625,563.5499877929688,205.68992614746094,1335.2431640625,1870.0999755859375,500.29998779296875,82.9800033569336,78.44953918457031,21.386747360229492,292.5,870.0999755859375,721.53662109375,142.16293334960938,35.09000015258789,519.5999755859375,99.51000213623047,127.1500015258789,167.60000610351562,396.2860107421875,945.9179077148438,981.221435546875,1051.4000244140625,5021.5,570.0999755859375,308.1499938964844,1280.3458251953125,1137.699951171875,243.8788604736328,417.811767578125,753.6859130859375,383.5,398.5619201660156,286.5,549.9000244140625,,4209.39990234375,430.06866455078125,2334.671875,128420.8515625,914.9357299804688,287.6286926269531,3042.845703125,154.19000244140625,2414.199951171875,813.3306274414062,13261.810546875,1669.300048828125,1092.807861328125,2518.699951171875,2208.29638671875,3126.10009765625,75.61308288574219,321.70001220703125,88.41999816894531,365.79998779296875,1408.0316162109375,1681.6815185546875,246.25,418.1499938964844,1090.0999755859375,9638.5,1636.699951171875,2793.572998046875,39975.0,421.70001220703125,4812.2861328125,288.70001220703125,1881.0999755859375,1568.6051025390625,10083.0,426.70001220703125,427.0059814453125,292.25,1495.41748046875,108.7699966430664,349.75006103515625,243.99000549316406,1309.5,616.9000244140625,1800.199951171875,72.87999725341797,2704.6611328125,145.2874298095703,25009.9921875,996.2645263671875,3741.2158203125,18041.33984375,612.0211181640625,1035.0999755859375,180.0500030517578,1833.4947509765625,4452.02392578125,3500.7451171875,59.20000076293945,3442.89990234375,729.1500244140625,1988.800048828125,2113.412353515625,1111.5,4065.5,,399.8721618652344,198.9600067138672,742.25,1373.8963623046875,4405.4443359375,4429.7998046875,1438.4000244140625,3205.800048828125,3283.810302734375,602.8148803710938,11139.6220703125,170.7195587158203,1310.4085693359375,528.9133911132812,300.79998779296875,14.920000076293945,1343.4000244140625,178.75843811035156,25.40999984741211,,1069.838623046875
7173.55029296875,1349.800048828125,1854.9000244140625,1044.0361328125,1539.4000244140625,3059.60009765625,1549.9000244140625,1827.199951171875,233.77999877929688,733.4000244140625,391.95001220703125,60.720001220703125,5357.41162109375,428.0,8459.15234375,425.71539306640625,157.19000244140625,2651.0,1555.353759765625,1491.9000244140625,4330.60009765625,1357.552978515625,4022.103515625,10191.0,962.384033203125,1780.680419921875,10761.28125,2241.203125,206.5397186279297,286.04998779296875,146.08999633789062,89.47000122070312,1406.699951171875,430.9150085449219,2097.4365234375,410.1768493652344,308.6000061035156,1892.7789306640625,1488.7203369140625,420.5970153808594,40036.53515625,5132.029296875,962.5499877929688,134.82000732421875,1718.125244140625,1415.699951171875,443.0807800292969,1476.4000244140625,1477.0611572265625,1982.0,472.20648193359375,5716.5849609375,619.8181762695312,416.84222412109375,483.79998779296875,6759.62548828125,12336.0,1282.56640625,7560.3291015625,2917.388671875,379.53125,304.3500061035156,322.29888916015625,906.25,177.3000030517578,,1013.8983154296875,1790.2464599609375,3165.339111328125,1119.0750732421875,2689.89990234375,786.4000244140625,597.1500244140625,1181.300048828125,4911.4560546875,1008.9366455078125,4506.0693359375,373.98284912109375,2162.89990234375,573.2000122070312,208.4009246826172,1341.0938720703125,1860.199951171875,506.29998779296875,87.6500015258789,80.45365142822266,21.646100997924805,291.25,861.0999755859375,729.75,143.10455322265625,35.380001068115234,521.75,100.9000015258789,130.85000610351562,169.74000549316406,398.4062194824219,919.5606079101562,981.5205078125,1065.4000244140625,5021.10009765625,582.0499877929688,307.04998779296875,1275.076171875,1132.0,242.8113555908203,432.1709289550781,750.0665283203125,381.1000061035156,401.4569091796875,288.70001220703125,548.5,,4201.2998046875,432.26715087890625,2323.1552734375,131330.78125,923.406005859375,287.48199462890625,3031.56396484375,154.3699951171875,2538.300048828125,808.7515869140625,13287.552734375,1686.5999755859375,1093.107421875,2541.699951171875,2220.567626953125,3216.0,78.00653076171875,327.6000061035156,88.19000244140625,367.04998779296875,1395.1932373046875,1689.273193359375,245.4499969482422,422.54998779296875,1089.300048828125,9731.5,1668.800048828125,2795.56591796875,39320.0,418.25,4843.6767578125,286.5,1871.0999755859375,1560.9600830078125,10022.5,424.70001220703125,436.8638000488281,289.75,1510.598388671875,109.80000305175781,364.0215759277344,246.19000244140625,1326.5,627.7999877929688,1805.5,74.13999938964844,2715.540283203125,145.59689331054688,24930.19921875,987.265380859375,3749.375732421875,18430.111328125,619.2002563476562,1040.75,174.85000610351562,1858.030517578125,4515.39013671875,3562.50830078125,59.310001373291016,3488.699951171875,733.4500122070312,2061.699951171875,2116.197021484375,1112.9000244140625,4115.2998046875,,403.45001220703125,198.97000122070312,752.0999755859375,1398.847900390625,4358.19921875,4457.0,1475.199951171875,3180.60009765625,3306.097900390625,599.695068359375,11173.921875,171.55490112304688,1332.8359375,512.3817749023438,305.8500061035156,14.819999694824219,1354.0,178.1454315185547,24.959999084472656,,1084.525390625
7075.2080078125,1329.4000244140625,1842.0,1025.354248046875,1493.699951171875,2962.89990234375,1511.199951171875,1784.0,231.38999938964844,716.0499877929688,383.75,59.529998779296875,5405.8251953125,414.8500061035156,8477.630859375,421.0918273925781,151.4600067138672,2661.199951171875,1521.0078125,1534.199951171875,4392.89990234375,1362.44921875,3931.442626953125,10025.0,956.5200805664062,1763.4952392578125,10484.7177734375,2216.5888671875,205.34010314941406,277.79998779296875,144.50999450683594,87.88999938964844,1390.5999755859375,419.43060302734375,2145.789794921875,398.5643005371094,308.54998779296875,1877.96533203125,1487.2366943359375,422.69451904296875,39927.25390625,5155.14404296875,950.5,130.3699951171875,1725.222412109375,1433.0999755859375,438.4920959472656,1483.5999755859375,1474.37353515625,1980.5,477.7894287109375,5688.3193359375,604.7572631835938,414.423583984375,476.45001220703125,6719.29150390625,11932.0,1293.099609375,7499.466796875,2918.773193359375,377.2421875,303.04998779296875,318.8108215332031,892.8499755859375,173.83999633789062,,1015.0917358398438,1781.0906982421875,3134.53515625,1098.287353515625,2680.0,774.6500244140625,597.4500122070312,1174.800048828125,4902.48779296875,981.6788330078125,4491.099609375,377.3113708496094,2160.10009765625,546.7999877929688,205.84765625,1327.11181640625,1832.5,498.6000061035156,85.95999908447266,78.51933288574219,21.376771926879883,290.0,846.4000244140625,724.0499877929688,141.90524291992188,34.95000076293945,518.5499877929688,98.66999816894531,127.30999755859375,169.3300018310547,385.4922180175781,903.98583984375,1008.4872436523438,1029.300048828125,4961.39990234375,568.9000244140625,314.95001220703125,1235.1055908203125,1082.5999755859375,237.25436401367188,422.2491760253906,734.9442138671875,373.1000061035156,400.957763671875,286.3500061035156,541.2000122070312,,4179.39990234375,430.06866455078125,2340.8271484375,131121.140625,907.5616455078125,284.84136962890625,3005.7353515625,153.2899932861328,2528.60009765625,817.3124389648438,13317.25390625,1688.5999755859375,1076.1375732421875,2506.699951171875,2185.994384765625,3119.60009765625,77.68740844726562,327.1499938964844,85.26000213623047,364.6000061035156,1385.53955078125,1702.5589599609375,244.35000610351562,416.3500061035156,1088.0,9862.5,1622.4000244140625,2757.103759765625,39975.0,414.6000061035156,4819.759765625,284.95001220703125,1851.5999755859375,1555.49951171875,9920.5,425.8999938964844,426.90692138671875,291.95001220703125,1510.7979736328125,107.43000030517578,356.19683837890625,240.1300048828125,1309.5,607.2000122070312,1786.199951171875,72.95999908447266,2731.510009765625,143.36077880859375,24970.095703125,987.7625732421875,3667.8759765625,18216.236328125,614.1649169921875,1024.199951171875,169.17999267578125,1863.1170654296875,4470.12890625,3515.540283203125,58.290000915527344,3456.199951171875,730.6500244140625,2023.199951171875,2048.368896484375,1103.800048828125,4076.10009765625,,398.29998779296875,193.55999755859375,759.0999755859375,1379.744384765625,4291.21923828125,4514.10009765625,1454.800048828125,3142.89990234375,3255.82568359375,591.0784912109375,11080.822265625,170.09791564941406,1327.4771728515625,503.7413330078125,281.70001220703125,14.449999809265137,1327.4000244140625,172.5196990966797,24.549999237060547,,1111.201416015625
6886.43017578125,1347.0,1826.199951171875,1066.16455078125,1495.9000244140625,3069.699951171875,1525.4000244140625,1813.300048828125,229.75999450683594,719.4000244140625,394.79998779296875,61.599998474121094,5418.8017578125,426.8500061035156,8563.53125,419.4014892578125,154.91000366210938,2667.5,1534.2867431640625,1530.5999755859375,4336.0,1383.43310546875,3876.3876953125,9750.0,984.8956298828125,1778.98193359375,10453.1103515625,2215.99072265625,209.9402313232422,279.8999938964844,144.14999389648438,88.52999877929688,1383.5,412.9893493652344,2116.37890625,401.6044921875,315.70001220703125,1853.9674072265625,1452.8154296875,420.14752197265625,40101.11328125,5176.2919921875,919.4500122070312,130.14999389648438,1792.196044921875,1437.9000244140625,435.9263610839844,1487.0999755859375,1490.9967041015625,1965.300048828125,472.5055847167969,5509.80029296875,610.4854125976562,418.66851806640625,481.04998779296875,6725.76513671875,12086.0,1320.02880859375,7493.52880859375,2897.810302734375,397.59466552734375,306.5,324.0928039550781,900.4500122070312,174.92999267578125,,1014.892822265625,1811.842041015625,3118.18603515625,1102.642822265625,2625.10009765625,793.2000122070312,591.75,1186.199951171875,4826.2099609375,971.53173828125,4360.06494140625,392.67010498046875,2157.800048828125,541.9500122070312,205.02943420410156,1362.11669921875,1821.0999755859375,496.3500061035156,86.91999816894531,78.96800994873047,21.267044067382812,290.3500061035156,843.6500244140625,725.5,145.00759887695312,34.900001525878906,515.25,92.5,127.5199966430664,167.94000244140625,384.14300537109375,926.0999755859375,1006.6928100585938,1056.5999755859375,5207.2001953125,574.4000244140625,338.3999938964844,1224.16845703125,1089.699951171875,238.3118896484375,423.2961730957031,729.8869018554688,376.20001220703125,405.2503662109375,296.54998779296875,550.5499877929688,,4181.7001953125,426.6000061035156,2350.556640625,129893.28125,934.5667114257812,304.0101013183594,3032.652587890625,156.22999572753906,2483.0,815.7197265625,13116.2724609375,1662.300048828125,1079.781005859375,2493.0,2202.0634765625,3129.89990234375,79.09355926513672,325.25,85.69999694824219,357.04998779296875,1375.985595703125,1751.206298828125,240.0,418.04998779296875,1087.300048828125,10468.5,1636.300048828125,2736.97607421875,40885.0,414.20001220703125,4911.44140625,287.8500061035156,1912.300048828125,1567.7115478515625,9692.5,428.1499938964844,433.0494689941406,290.8999938964844,1539.162353515625,107.70999908447266,357.91925048828125,239.94000244140625,1313.5999755859375,607.5999755859375,1767.699951171875,72.91000366210938,2760.554931640625,144.3291015625,26002.412109375,1013.268310546875,3544.08447265625,17853.451171875,619.2999877929688,1034.5999755859375,171.4199981689453,1869.5003662109375,4576.1689453125,3535.39990234375,57.90999984741211,3440.60009765625,728.3499755859375,2028.5,2097.49951171875,1098.0999755859375,4025.5,,393.1000061035156,190.16000366210938,748.5999755859375,1424.5792236328125,4309.65869140625,4504.39990234375,1444.199951171875,3247.0,3168.77294921875,593.5050048828125,11201.3623046875,169.8162384033203,1348.713623046875,506.138671875,282.54998779296875,14.3100004196167,1310.0999755859375,172.50979614257812,24.940000534057617,,1098.3131103515625
6911.63330078125,1337.9000244140625,1793.5,1032.846923828125,1507.800048828125,3038.0,1526.0999755859375,1796.0,229.27000427246094,719.7999877929688,390.79998779296875,60.119998931884766,5415.30810546875,423.75,8582.009765625,428.201171875,160.67999267578125,2645.199951171875,1484.5650634765625,1555.199951171875,4294.60009765625,1376.138671875,3861.92578125,9843.0,974.4100952148438,1763.095458984375,10468.9140625,2225.856689453125,200.0261688232422,279.1499938964844,144.72000122070312,88.70999908447266,1368.4000244140625,406.6479797363281,2138.810791015625,401.4051513671875,309.75,1827.6978759765625,1460.9261474609375,415.6529235839844,40175.62109375,5151.2099609375,942.0999755859375,128.9499969482422,1798.4935302734375,1440.0999755859375,429.6600646972656,1458.4000244140625,1486.0196533203125,1993.0,468.3681945800781,5595.5888671875,613.6456909179688,418.4710693359375,464.79998779296875,6685.92919921875,12013.0,1341.989501953125,7519.25927734375,2916.696533203125,387.94091796875,301.3500061035156,322.9466857910156,890.0,172.85000610351562,,1028.915283203125,1841.69775390625,3116.89013671875,1089.576171875,2649.699951171875,796.2999877929688,585.4500122070312,1178.300048828125,4825.1259765625,948.2532348632812,4359.86572265625,389.1989440917969,2174.199951171875,518.0499877929688,205.31533813476562,1375.9005126953125,1813.5999755859375,491.04998779296875,86.4000015258789,78.98796081542969,21.137367248535156,290.0,832.5999755859375,720.6500244140625,142.61888122558594,34.470001220703125,514.0999755859375,91.7699966430664,127.47000122070312,170.3800048828125,379.2761535644531,918.9500122070312,975.8380126953125,1041.199951171875,5450.0,573.5,329.8999938964844,1223.9696044921875,1059.5,238.87057495117188,421.9998779296875,736.3820190429688,377.79998779296875,408.29510498046875,299.0,549.8499755859375,,4216.39990234375,423.3500061035156,2326.630126953125,129324.2734375,944.1331787109375,321.32061767578125,3149.12939453125,153.92999267578125,2462.300048828125,822.040771484375,13608.3310546875,1611.4000244140625,1121.357177734375,2472.5,2204.303466796875,3025.60009765625,79.18331146240234,320.1000061035156,84.94000244140625,352.04998779296875,1395.889892578125,1747.3104248046875,233.10000610351562,406.79998779296875,1124.800048828125,10974.5,1615.199951171875,2675.29736328125,40950.0,412.54998779296875,4824.74267578125,282.25,1904.5999755859375,1585.5828857421875,9531.0,440.29998779296875,428.64068603515625,283.8999938964844,1554.34326171875,107.87000274658203,358.90350341796875,240.85000610351562,1318.0999755859375,624.8499755859375,1744.9000244140625,72.08999633789062,2727.717041015625,151.4467315673828,25668.28125,1025.996337890625,3610.15966796875,17417.708984375,619.25,1045.4000244140625,170.7899932861328,1857.9307861328125,4602.8291015625,3421.89990234375,57.13999938964844,3569.699951171875,746.2000122070312,1991.9000244140625,2083.27734375,1131.300048828125,4028.300048828125,,388.95001220703125,188.7100067138672,748.3499755859375,1400.69970703125,4277.2646484375,4516.2001953125,1413.699951171875,3216.199951171875,3052.33642578125,584.8388671875,11259.181640625,169.69967651367188,1374.3165283203125,507.0876159667969,273.45001220703125,14.0600004196167,1302.4000244140625,173.02394104003906,24.8700008392334,,1100.4111328125
6911.63330078125,1337.9000244140625,1793.5,1032.846923828125,1507.800048828125,3038.0,1526.0999755859375,1796.0,229.27000427246094,719.7999877929688,390.79998779296875,60.119998931884766,5415.30810546875,423.75,8582.009765625,428.201171875,160.67999267578125,2645.199951171875,1484.5650634765625,1555.199951171875,4294.60009765625,1376.138671875,3861.92578125,9843.0,974.4100952148438,1763.095458984375,10468.9140625,2225.856689453125,200.0261688232422,279.1499938964844,144.72000122070312,88.70999908447266,1368.4000244140625,406.6479797363281,2138.810791015625,401.4051513671875,309.75,1827.6978759765625,1460.9261474609375,415.6529235839844,40175.62109375,5151.2099609375,942.0999755859375,128.9499969482422,1798.4935302734375,1440.0999755859375,429.6600646972656,1458.4000244140625,1486.0196533203125,1993.0,468.3681945800781,5595.5888671875,613.6456909179688,418.4710693359375,464.79998779296875,6685.92919921875,12013.0,1341.989501953125,7519.25927734375,2916.696533203125,387.94091796875,301.3500061035156,322.9466857910156,890.0,172.85000610351562,,1028.915283203125,1841.69775390625,3116.89013671875,1089.576171875,2649.699951171875,796.2999877929688,585.4500122070312,1178.300048828125,4825.1259765625,948.2532348632812,4359.86572265625,389.1989440917969,2174.199951171875,518.0499877929688,205.31533813476562,1375.9005126953125,1813.5999755859375,491.04998779296875,86.4000015258789,78.98796081542969,21.137367248535156,290.0,832.5999755859375,720.6500244140625,142.61888122558594,34.470001220703125,514.0999755859375,91.7699966430664,127.47000122070312,170.3800048828125,379.2761535644531,918.9500122070312,975.8380126953125,1041.199951171875,5450.0,573.5,329.8999938964844,1223.9696044921875,1059.5,238.87057495117188,421.9998779296875,736.3820190429688,377.79998779296875,408.29510498046875,299.0,549.8499755859375,,4216.39990234375,423.3500061035156,2326.630126953125,129324.2734375,944.1331787109375,321.32061767578125,3149.12939453125,153.92999267578125,2462.300048828125,822.040771484375,13608.3310546875,1611.4000244140625,1121.357177734375,2472.5,2204.303466796875,3025.60009765625,79.18331146240234,320.1000061035156,84.94000244140625,352.04998779296875,1395.889892578125,1747.3104248046875,233.10000610351562,406.79998779296875,1124.800048828125,10974.5,1615.199951171875,2675.29736328125,40950.0,412.54998779296875,4824.74267578125,282.25,1904.5999755859375,1585.5828857421875,9531.0,440.29998779296875,428.64068603515625,283.8999938964844,1554.34326171875,107.87000274658203,358.90350341796875,240.85000610351562,1318.0999755859375,624.8499755859375,1744.9000244140625,72.08999633789062,2727.717041015625,151.4467315673828,25668.28125,1025.996337890625,3610.15966796875,17417.708984375,619.25,1045.4000244140625,170.7899932861328,1857.9307861328125,4602.8291015625,3421.89990234375,57.13999938964844,3569.699951171875,746.2000122070312,1991.9000244140625,2083.27734375,1131.300048828125,4028.300048828125,,388.95001220703125,188.7100067138672,748.3499755859375,1400.69970703125,4277.2646484375,4516.2001953125,1413.699951171875,3216.199951171875,3052.33642578125,584.8388671875,11259.181640625,169.69967651367188,1374.3165283203125,507.0876159667969,273.45001220703125,14.0600004196167,1302.4000244140625,173.02394104003906,24.8700008392334,,1100.4111328125
7045.0625,1333.4000244140625,1787.5,1029.4501953125,1486.4000244140625,2962.5,1502.5,1776.0999755859375,227.0500030517578,731.6500244140625,385.29998779296875,58.79999923706055,5406.8232421875,424.25,8644.9365234375,418.2580261230469,157.36000061035156,2656.89990234375,1365.851806640625,1547.5,4357.0,1355.7545166015625,3849.757568359375,9630.0,976.0499877929688,1757.800048828125,10462.0,2160.08544921875,200.59127807617188,272.79998779296875,142.5500030517578,93.8499984741211,1335.0999755859375,411.0419921875,2164.333251953125,412.41961669921875,300.79998779296875,1818.21728515625,1424.427734375,414.7539978027344,39624.25,5018.42138671875,956.25,125.86000061035156,1773.303466796875,1454.0999755859375,438.9855041503906,1427.5999755859375,1484.5267333984375,1999.199951171875,469.5645446777344,5495.91552734375,607.1275634765625,420.84033203125,463.54998779296875,6530.56982421875,11805.0,1367.03076171875,7349.0419921875,2864.783935546875,384.7064208984375,302.04998779296875,322.9466857910156,869.5999755859375,172.22000122070312,,1016.28515625,1821.29638671875,3070.634033203125,1091.259033203125,2606.60009765625,798.9000244140625,583.25,1156.0999755859375,4743.82177734375,958.7982177734375,4334.017578125,370.5116882324219,2151.300048828125,525.5,205.00973510742188,1375.9996337890625,1768.0999755859375,489.5,85.95999908447266,77.97093963623047,21.57627296447754,290.70001220703125,814.7000122070312,707.0499877929688,137.9504852294922,34.0099983215332,503.8500061035156,90.61000061035156,127.48999786376953,165.4499969482422,380.3362731933594,915.4000244140625,983.7635498046875,1036.699951171875,5315.2001953125,586.25,321.1000061035156,1225.3616943359375,1068.0999755859375,236.15695190429688,416.5154724121094,706.2366333007812,377.8500061035156,394.818359375,299.04998779296875,560.75,,4165.2001953125,431.25,2391.95654296875,123833.859375,936.2608032226562,308.4599914550781,3060.8564453125,149.19000244140625,2486.0,836.1264038085938,13278.6416015625,1601.5,1147.860107421875,2446.800048828125,2150.1552734375,3021.199951171875,81.3473892211914,327.75,85.44999694824219,356.1000061035156,1380.6630859375,1752.2052001953125,234.0500030517578,412.75,1133.0999755859375,10874.5,1623.0999755859375,2550.644775390625,40405.0,412.6000061035156,4283.6220703125,281.25,1912.0,1588.164306640625,9779.0,428.45001220703125,420.5166931152344,286.25,1537.4644775390625,106.95999908447266,359.19879150390625,237.50999450683594,1301.0,601.9000244140625,1755.4000244140625,71.79000091552734,2659.646484375,150.29872131347656,25079.810546875,1026.841552734375,3555.627685546875,17787.490234375,620.75,1036.0999755859375,175.22999572753906,1869.8994140625,4523.646484375,3194.0,57.209999084472656,3456.800048828125,729.6500244140625,1993.4000244140625,2086.4599609375,1112.800048828125,3980.39990234375,,386.5,189.57000732421875,715.0,1397.4833984375,4263.21142578125,4657.60009765625,1418.0,3258.300048828125,3020.65380859375,562.9508056640625,11109.2421875,169.55397033691406,1331.2481689453125,503.54156494140625,284.54998779296875,14.430000305175781,1295.800048828125,173.49850463867188,25.09000015258789,,1120.2933349609375
6949.19140625,1327.199951171875,1788.699951171875,1036.0439453125,1491.4000244140625,3036.0,1492.199951171875,1810.199951171875,223.77000427246094,731.5499877929688,391.95001220703125,58.060001373291016,5560.048828125,421.8500061035156,8671.9052734375,427.7537536621094,157.6999969482422,2635.699951171875,1333.5025634765625,1578.699951171875,4380.7001953125,1344.6629638671875,3855.44287109375,9716.0,1004.75,1780.199951171875,10603.0,2172.8408203125,202.4253692626953,272.3999938964844,140.39999389648438,91.44000244140625,1368.4000244140625,411.24169921875,2137.614501953125,412.76849365234375,303.54998779296875,1828.9818115234375,1466.8609619140625,417.8003234863281,39639.15234375,5062.1923828125,952.1500244140625,125.5199966430664,1789.0972900390625,1465.4000244140625,433.2619323730469,1507.9000244140625,1458.945068359375,1997.9000244140625,473.8016052246094,5612.94482421875,612.36181640625,416.7928771972656,472.04998779296875,6551.9814453125,11920.0,1348.5479736328125,7000.19482421875,2903.05078125,385.7514343261719,310.8500061035156,328.92626953125,872.7999877929688,173.4600067138672,,1004.4505004882812,1857.6207275390625,3090.372802734375,1060.9683837890625,2653.199951171875,797.9500122070312,575.8499755859375,1159.300048828125,4724.80126953125,951.6355590820312,4372.34033203125,375.1240539550781,2118.199951171875,533.1500244140625,202.1114501953125,1363.7032470703125,1741.699951171875,487.95001220703125,83.52999877929688,79.25716400146484,21.366796493530273,286.95001220703125,816.6500244140625,713.9500122070312,138.1487274169922,34.09000015258789,502.8999938964844,90.52999877929688,128.69000244140625,164.77999877929688,377.4932861328125,924.2000122070312,974.9906616210938,1000.4000244140625,5368.39990234375,583.1500244140625,322.1499938964844,1219.39599609375,1060.0999755859375,235.8875732421875,416.4157409667969,665.9269409179688,386.70001220703125,391.573974609375,310.75,564.0,,4143.39990234375,431.6499938964844,2401.586669921875,127597.2890625,951.9058227539062,308.8511657714844,3036.907958984375,149.0500030517578,2545.60009765625,832.4432373046875,13974.65234375,1584.0,1127.2467041015625,2496.60009765625,2105.16162109375,2997.300048828125,81.10804748535156,322.0,85.16000366210938,356.6499938964844,1398.4774169921875,1767.288818359375,234.89999389648438,416.95001220703125,1141.5,10775.5,1628.5999755859375,2545.961669921875,41370.0,411.04998779296875,4311.525390625,280.79998779296875,1948.5999755859375,1581.3135986328125,9961.0,441.04998779296875,420.3680725097656,286.29998779296875,1562.6328125,106.69000244140625,358.0668640136719,235.8300018310547,1293.9000244140625,593.2000122070312,1765.699951171875,73.1500015258789,2733.8056640625,147.85296630859375,25184.537109375,1036.2880859375,3582.296630859375,18684.958984375,619.9000244140625,1026.9000244140625,173.49000549316406,1857.6314697265625,4483.060546875,3157.800048828125,58.900001525878906,3460.60009765625,715.9500122070312,1970.5999755859375,2020.422119140625,1075.5999755859375,3829.699951171875,,385.5,188.05999755859375,684.0999755859375,1369.120361328125,4389.59619140625,4620.10009765625,1414.9000244140625,3282.60009765625,3027.64990234375,565.7239379882812,11027.90234375,167.4850616455078,1340.0802001953125,506.98773193359375,280.75,14.460000038146973,1277.5999755859375,168.4659881591797,24.18000030517578,,1111.60107421875
6856.28515625,1332.199951171875,1785.0999755859375,1050.3800048828125,1521.4000244140625,3143.60009765625,1535.0,1848.199951171875,226.86000061035156,734.0,393.1499938964844,58.66999816894531,5557.5537109375,418.8500061035156,8608.478515625,429.19549560546875,162.32000732421875,2716.39990234375,1359.9610595703125,1552.5999755859375,4328.60009765625,1367.6451416015625,3933.736572265625,9842.0,1014.9000244140625,1797.5999755859375,10719.0,2161.779541015625,203.27798461914062,271.6499938964844,141.63999938964844,91.19999694824219,1379.0,415.6856994628906,2102.42138671875,412.6189880371094,304.20001220703125,1847.7457275390625,1440.3525390625,417.7004699707031,40518.3671875,5175.80029296875,976.5,126.27999877929688,1802.592041015625,1456.699951171875,429.0186462402344,1504.4000244140625,1364.3829345703125,2071.89990234375,478.786376953125,5616.416015625,640.6566162109375,439.0540466308594,507.70001220703125,6518.619140625,11956.0,1331.4564208984375,7065.01611328125,2912.345947265625,388.4883117675781,308.6499938964844,330.27166748046875,878.4500122070312,174.5,,1037.8658447265625,1950.1734619140625,3130.647216796875,1023.7482299804688,2745.800048828125,796.1500244140625,569.9500122070312,1188.800048828125,4764.81298828125,934.8233032226562,4425.43212890625,372.8891906738281,2182.0,524.4000244140625,205.80824279785156,1368.264892578125,1757.5999755859375,492.95001220703125,82.27999877929688,78.69880676269531,21.247093200683594,290.29998779296875,820.9500122070312,718.75,138.59475708007812,34.16999816894531,502.70001220703125,91.18000030517578,127.93000030517578,156.80999755859375,374.74664306640625,941.5999755859375,990.4927978515625,985.2999877929688,5399.0,569.4500122070312,330.45001220703125,1209.254150390625,1028.800048828125,239.44921875,420.25482177734375,552.8815307617188,381.04998779296875,399.7598571777344,312.70001220703125,554.4500122070312,,4092.60009765625,434.70001220703125,2380.241455078125,129204.484375,988.8261108398438,308.2154846191406,3097.471923828125,148.1300048828125,2490.300048828125,847.1260986328125,14251.8681640625,1608.9000244140625,1137.8778076171875,2535.699951171875,2071.27001953125,2914.89990234375,79.35285186767578,317.1000061035156,84.30000305175781,357.8999938964844,1446.844970703125,1802.650634765625,234.99000549316406,419.79998779296875,1203.699951171875,10863.0,1684.199951171875,2565.79052734375,43610.0,413.20001220703125,4315.21240234375,279.1000061035156,2018.5,1570.5908203125,9713.5,442.1499938964844,426.75830078125,287.54998779296875,1623.256591796875,107.54000091552734,364.2676086425781,237.61000061035156,1308.0,596.1500244140625,1790.9000244140625,72.62999725341797,2734.703857421875,147.25401306152344,25852.80078125,1042.20458984375,3543.288330078125,18599.009765625,619.4000244140625,1047.4000244140625,168.27000427246094,1861.32177734375,4544.93408203125,3221.199951171875,58.349998474121094,3494.0,686.5499877929688,1911.699951171875,1971.788818359375,1090.9000244140625,3587.800048828125,,375.45001220703125,185.1699981689453,670.2000122070312,1327.6968994140625,4384.21435546875,4640.7998046875,1404.5,3290.300048828125,3095.31298828125,559.6328735351562,11226.841796875,169.86480712890625,1342.0648193359375,515.1287231445312,275.54998779296875,14.640000343322754,1281.0999755859375,168.20892333984375,24.579999923706055,,1108.2041015625
6781.16943359375,1350.699951171875,1788.300048828125,1055.9744873046875,1556.9000244140625,3177.5,1555.199951171875,1883.199951171875,224.5500030517578,733.4500122070312,392.95001220703125,61.880001068115234,5490.67333984375,428.95001220703125,8685.888671875,454.0036315917969,164.72999572753906,2744.5,1361.0592041015625,1561.0,4187.0,1361.5499267578125,3824.623779296875,9857.0,1018.4000244140625,1855.699951171875,10858.0,2222.46826171875,203.3374786376953,260.25,144.9600067138672,91.04000091552734,1384.9000244140625,414.4873046875,2142.39990234375,400.6575622558594,310.45001220703125,1851.6959228515625,1424.92236328125,418.1000061035156,41243.59375,5285.96533203125,959.4000244140625,126.63999938964844,1787.7978515625,1456.0,433.1139221191406,1519.300048828125,1435.2547607421875,2061.5,475.9949035644531,5532.61083984375,650.038818359375,441.2752380371094,509.29998779296875,6655.056640625,12373.0,1337.2197265625,7174.86572265625,2916.39990234375,417.3500061035156,314.0,329.873046875,877.1500244140625,174.2899932861328,,1071.28125,1959.2296142578125,3159.357666015625,1067.20458984375,2759.60009765625,795.9000244140625,571.3499755859375,1186.699951171875,4796.54638671875,944.2739868164062,4425.033203125,379.97418212890625,2210.60009765625,528.7000122070312,203.895751953125,1388.2960205078125,1761.0,495.95001220703125,84.41000366210938,79.28707885742188,21.366796493530273,289.8999938964844,815.0999755859375,720.7000122070312,140.36892700195312,34.459999084472656,506.20001220703125,90.83000183105469,128.5800018310547,155.8000030517578,369.83160400390625,943.5,1022.9925537109375,1040.9000244140625,5444.0,565.3499755859375,327.5,1216.810791015625,1043.800048828125,239.1698760986328,430.37603759765625,554.1210327148438,388.1000061035156,398.61181640625,315.25,552.9000244140625,,4059.39990234375,432.1000061035156,2382.326416015625,131834.890625,1002.677490234375,311.0027770996094,3142.39990234375,150.0,2486.89990234375,852.1033325195312,14205.3349609375,1618.300048828125,1125.4000244140625,2555.0,2186.7734375,2949.699951171875,80.37006378173828,315.0,85.56999969482422,358.25,1439.28125,1862.6856689453125,235.9600067138672,420.20001220703125,1213.4000244140625,10986.0,1682.0999755859375,2599.170654296875,42885.0,413.45001220703125,4564.74560546875,275.20001220703125,2012.5,1593.9228515625,9635.0,456.8999938964844,426.0647888183594,288.20001220703125,1671.9951171875,106.91000366210938,363.7754821777344,236.85000610351562,1303.5,604.5499877929688,1784.4000244140625,72.55999755859375,2794.091064453125,147.33387756347656,26152.0234375,1060.699951171875,3562.891845703125,18647.982421875,662.2999877929688,1051.5999755859375,168.1199951171875,1866.1092529296875,4565.1279296875,3275.60009765625,57.66999816894531,3626.800048828125,688.75,1938.0,2056.82275390625,1107.199951171875,3671.10009765625,,376.3999938964844,187.6699981689453,712.4000244140625,1385.300048828125,4466.4443359375,4661.39990234375,1394.300048828125,3317.800048828125,3088.91650390625,583.1056518554688,11305.2421875,169.35000610351562,1362.9044189453125,510.08428955078125,276.1000061035156,14.479999542236328,1290.5999755859375,172.0352325439453,24.25,,1098.8126220703125
6869.6279296875,1393.800048828125,1788.0,1057.3731689453125,1568.800048828125,3212.10009765625,1556.199951171875,1874.199951171875,221.7899932861328,721.75,401.25,62.470001220703125,5552.5625,443.3999938964844,8883.1591796875,445.9496765136719,164.35000610351562,2737.800048828125,1382.8250732421875,1620.5,3994.39990234375,1341.065673828125,3806.571533203125,9785.5,1031.4000244140625,1895.5999755859375,11079.0,2212.7021484375,198.8761444091797,252.1999969482422,144.0500030517578,88.52999877929688,1388.199951171875,417.4832458496094,2136.699951171875,382.3665771484375,308.1499938964844,1886.656005859375,1438.275390625,426.79998779296875,41621.109375,5290.8837890625,892.5499877929688,127.19000244140625,1789.0972900390625,1458.199951171875,432.91656494140625,1524.0999755859375,1457.2529296875,2047.0,486.712158203125,5432.93798828125,667.5193481445312,438.6591796875,507.45001220703125,6729.25048828125,12456.0,1365.4407958984375,7263.4384765625,2964.89990234375,416.6000061035156,310.29998779296875,326.2852783203125,883.2999877929688,174.14999389648438,,1070.98291015625,1986.79638671875,3171.021240234375,1127.4891357421875,2800.199951171875,801.0499877929688,567.7000122070312,1181.0999755859375,4782.25634765625,948.2532348632812,4419.943359375,379.6888732910156,2201.199951171875,536.5499877929688,212.5019073486328,1399.6007080078125,1772.800048828125,485.25,83.83999633789062,80.22432708740234,21.247093200683594,289.95001220703125,798.9500122070312,728.5999755859375,140.30946350097656,34.369998931884766,509.95001220703125,90.56999969482422,128.49000549316406,153.99000549316406,369.3979187011719,974.3499755859375,1031.4664306640625,1047.199951171875,5426.5,550.2000122070312,326.04998779296875,1223.1741943359375,1054.0,238.790771484375,428.3817138671875,553.9723510742188,382.04998779296875,396.06622314453125,327.0,553.7000122070312,,4026.60009765625,430.25,2458.17626953125,134420.375,1053.2996826171875,326.6996154785156,3136.89990234375,150.19000244140625,2528.60009765625,834.7327270507812,14223.15625,1596.5999755859375,1153.4000244140625,2543.60009765625,2236.63671875,3054.89990234375,80.31022644042969,313.5,85.4000015258789,356.45001220703125,1452.8162841796875,1932.3104248046875,237.83999633789062,422.1000061035156,1221.4000244140625,11248.0,1591.199951171875,2636.63623046875,42800.0,413.95001220703125,4666.49267578125,275.95001220703125,2047.5999755859375,1586.57568359375,9548.5,460.95001220703125,421.8541564941406,287.8500061035156,1665.90283203125,105.3499984741211,359.3956298828125,235.77000427246094,1304.0,603.7999877929688,1788.699951171875,72.55000305175781,2789.200439453125,146.04611206054688,26695.609375,1063.5999755859375,3519.007568359375,18503.068359375,660.0999755859375,1040.0,169.8800048828125,1899.8209228515625,4551.39990234375,3228.699951171875,56.869998931884766,3627.39990234375,693.0999755859375,1906.699951171875,2082.083984375,1116.699951171875,3678.89990234375,,375.20001220703125,189.8000030517578,715.4000244140625,1410.0999755859375,4446.509765625,4768.2998046875,1366.5,3340.60009765625,2974.178955078125,601.576904296875,11488.5009765625,163.08999633789062,1382.65234375,515.2285766601562,280.3999938964844,14.25,1280.199951171875,174.09173583984375,24.389999389648438,,1139.575927734375
6990.70263671875,1397.0999755859375,1804.5,1060.3702392578125,1622.800048828125,3206.60009765625,1549.199951171875,1864.4000244140625,219.85000610351562,724.25,409.75,62.43000030517578,5588.498046875,441.3999938964844,8878.1650390625,452.7607421875,166.1199951171875,2754.89990234375,1386.81884765625,1594.5999755859375,4064.699951171875,1338.567626953125,3792.7080078125,10036.5,1029.0999755859375,1870.699951171875,10819.0,2203.03564453125,205.6077880859375,249.9499969482422,139.8000030517578,86.51000213623047,1409.5999755859375,424.9730529785156,2138.699951171875,386.2540283203125,308.1499938964844,1901.7657470703125,1450.9361572265625,424.29998779296875,41849.60546875,5365.14697265625,925.0499877929688,126.45999908447266,1849.7734375,1472.300048828125,426.6502990722656,1506.4000244140625,1475.0704345703125,2079.60009765625,479.8331604003906,5532.61083984375,664.9515991210938,443.9900207519531,519.6500244140625,6829.337890625,13304.0,1359.2799072265625,7394.0703125,2982.60009765625,415.75,313.5,329.1754150390625,878.0499877929688,175.02999877929688,,1094.552734375,2036.555908203125,3203.021728515625,1122.7376708984375,2773.39990234375,829.8499755859375,564.2000122070312,1181.5,4872.7255859375,975.3120727539062,4431.6201171875,380.7349853515625,2202.0,540.3499755859375,211.545654296875,1414.9710693359375,1785.4000244140625,485.1000061035156,83.97000122070312,80.90233612060547,20.638608932495117,288.25,786.9000244140625,738.1500244140625,140.42840576171875,34.20000076293945,508.95001220703125,90.23999786376953,126.73999786376953,152.22000122070312,372.530029296875,1009.7999877929688,1021.99560546875,1042.199951171875,5408.5,547.4000244140625,324.0,1236.0999755859375,1059.5,239.4392547607422,437.0071716308594,553.3277587890625,381.25,380.642822265625,335.6000061035156,548.8499755859375,,4041.0,429.1000061035156,2473.6640625,135403.671875,1092.0634765625,324.4991149902344,3201.199951171875,150.63999938964844,2541.5,834.2847900390625,14312.26171875,1581.800048828125,1132.5,2573.89990234375,2246.959716796875,3137.60009765625,79.632080078125,307.95001220703125,85.06999969482422,356.25,1466.649658203125,1951.2899169921875,243.89999389648438,425.54998779296875,1218.199951171875,11071.0,1580.699951171875,2666.927490234375,42510.0,415.5,4699.4775390625,275.5,2105.800048828125,1605.3406982421875,9584.0,476.3500061035156,417.1977233886719,285.3999938964844,1701.358154296875,104.29000091552734,359.0019226074219,233.83999633789062,1321.300048828125,603.5,1787.699951171875,71.75,2825.331787109375,145.0778045654297,26560.9609375,1062.300048828125,3554.135009765625,18528.052734375,667.5,1037.699951171875,169.22999572753906,1907.800048828125,4601.2001953125,3234.0,55.470001220703125,3705.0,696.1500244140625,1892.0,2046.3798828125,1117.9000244140625,3658.60009765625,,377.54998779296875,190.8699951171875,711.5499877929688,1406.5,4469.7333984375,4822.7001953125,1357.300048828125,3343.800048828125,3004.262451171875,602.8148803710938,11427.7412109375,161.0800018310547,1416.3924560546875,494.30181884765625,282.0,14.09000015258789,1284.5,172.35162353515625,24.260000228881836,,1146.869384765625
6896.80810546875,1384.4000244140625,1819.800048828125,1065.864990234375,1651.0,3107.199951171875,1519.0,1833.9000244140625,218.07000732421875,711.2000122070312,405.3999938964844,59.630001068115234,5657.375,435.8999938964844,8826.724609375,451.76641845703125,164.16000366210938,2731.39990234375,1357.3651123046875,1583.0999755859375,4070.89990234375,1339.966552734375,3673.721435546875,10109.5,1042.5,1885.300048828125,10759.0,2247.182373046875,203.3374786376953,247.85000610351562,142.41000366210938,83.19000244140625,1395.699951171875,418.5817565917969,2111.60009765625,375.23956298828125,313.95001220703125,1901.8646240234375,1483.97265625,406.8999938964844,41660.84765625,5357.76953125,910.5,125.02999877929688,1852.67236328125,1451.800048828125,423.29510498046875,1445.699951171875,1509.2122802734375,2077.199951171875,471.3092346191406,5426.4912109375,643.0267944335938,447.6919860839844,517.9000244140625,6743.69091796875,13242.0,1346.063720703125,7457.90185546875,2978.89990234375,414.5,315.20001220703125,330.421142578125,864.0,174.00999450683594,,1091.17138671875,2033.271728515625,3180.990234375,1156.39404296875,2783.39990234375,829.2999877929688,572.4500122070312,1225.0,4922.986328125,964.4686279296875,4391.4013671875,386.0606384277344,2208.800048828125,531.0999755859375,207.7010040283203,1402.873046875,1794.300048828125,487.8500061035156,83.36000061035156,80.19441223144531,20.42913055419922,288.75,785.9500122070312,745.9500122070312,140.92398071289062,34.029998779296875,500.70001220703125,89.91999816894531,125.16000366210938,152.27999877929688,368.9160461425781,1022.25,1155.88232421875,1071.800048828125,5395.0,544.2000122070312,322.45001220703125,1246.4000244140625,1035.4000244140625,242.50209045410156,453.6598205566406,557.69091796875,354.75,381.04217529296875,334.20001220703125,543.5499877929688,,3991.89990234375,435.3999938964844,2472.274169921875,138408.421875,1098.690185546875,324.8903503417969,3196.39990234375,146.49000549316406,2527.39990234375,843.7913818359375,14393.4462890625,1608.9000244140625,1118.4000244140625,2523.199951171875,2312.60009765625,3124.5,78.6747055053711,302.25,84.3499984741211,354.20001220703125,1464.7589111328125,1904.3406982421875,244.17999267578125,423.1499938964844,1246.0,11097.0,1608.0,2642.81396484375,41780.0,414.5,4867.892578125,279.6000061035156,2075.10009765625,1610.7020263671875,9401.0,471.75,409.3213806152344,284.3500061035156,1671.1961669921875,103.79000091552734,350.6358642578125,232.66000366210938,1308.4000244140625,604.9500122070312,1832.300048828125,71.80000305175781,2805.27001953125,143.12118530273438,26640.751953125,1066.800048828125,3477.90966796875,18257.212890625,671.2000122070312,1038.0999755859375,165.66000366210938,1903.4000244140625,4784.0,3181.39990234375,54.380001068115234,3712.699951171875,718.5999755859375,1906.9000244140625,2084.669921875,1125.0,3707.199951171875,,377.20001220703125,189.7899932861328,726.5499877929688,1447.5,4589.14208984375,4856.7001953125,1399.699951171875,2927.800048828125,2977.177490234375,595.0896606445312,11415.9814453125,161.0800018310547,1428.4000244140625,483.7135314941406,275.04998779296875,13.850000381469727,1288.0,171.04652404785156,24.010000228881836,,1151.96484375
6692.7109375,1335.0999755859375,1809.5999755859375,1037.792236328125,1655.5,3046.89990234375,1504.5999755859375,1791.699951171875,216.47999572753906,698.6500244140625,385.75,58.310001373291016,5595.98486328125,421.1000061035156,8743.3212890625,437.0505676269531,156.22000122070312,2665.89990234375,1333.9019775390625,1557.4000244140625,4038.60009765625,1308.4908447265625,3729.275146484375,10164.0,1010.4000244140625,1854.9000244140625,10336.0,2159.786376953125,194.35531616210938,240.4499969482422,135.1199951171875,80.5999984741211,1337.4000244140625,407.04742431640625,2100.5,376.585205078125,303.54998779296875,1864.6331787109375,1503.359375,397.04998779296875,41337.97265625,5228.423828125,908.0999755859375,121.1500015258789,1768.705322265625,1431.800048828125,423.3937683105469,1404.0999755859375,1439.236328125,2020.0999755859375,450.0242919921875,5453.26904296875,626.1388549804688,430.9590759277344,501.79998779296875,6727.2587890625,12934.0,1340.4990234375,7341.61962890625,2919.800048828125,421.3500061035156,317.95001220703125,325.43817138671875,845.9500122070312,169.24000549316406,,1069.292236328125,1969.9776611328125,3125.064697265625,1134.0224609375,2659.199951171875,810.2999877929688,555.7000122070312,1207.800048828125,4821.87353515625,966.6074829101562,4355.87353515625,367.89642333984375,2135.800048828125,530.2999877929688,200.9481658935547,1369.05810546875,1804.199951171875,480.04998779296875,80.52999877929688,77.59205627441406,19.92039680480957,280.6499938964844,772.4000244140625,722.9000244140625,136.4141845703125,33.470001220703125,498.5,87.5,121.16999816894531,150.1199951171875,374.4574890136719,994.6500244140625,1175.3721923828125,1069.300048828125,5124.0,536.9500122070312,314.25,1219.5,1021.5,229.45265197753906,427.98284912109375,549.9561767578125,374.1499938964844,369.462158203125,314.29998779296875,530.5999755859375,,3892.10009765625,427.8999938964844,2441.298828125,132708.375,1111.1961669921875,324.3524169921875,3102.5,147.94000244140625,2491.199951171875,836.2756958007812,13812.2822265625,1559.0999755859375,1084.800048828125,2450.699951171875,2241.89990234375,3083.300048828125,78.59491729736328,294.25,83.73999786376953,348.70001220703125,1443.560791015625,1868.079833984375,247.0,430.3500061035156,1223.4000244140625,11002.0,1562.5,2563.10009765625,41415.0,409.29998779296875,4752.99169921875,271.6000061035156,2022.5,1559.173095703125,9234.0,457.95001220703125,399.8598937988281,279.70001220703125,1633.2440185546875,100.94999694824219,343.25408935546875,224.72999572753906,1275.9000244140625,585.0999755859375,1789.0,70.13999938964844,2704.361572265625,140.40591430664062,25842.826171875,1014.4000244140625,3429.248779296875,17960.388671875,662.0499877929688,1016.9000244140625,162.02000427246094,1888.199951171875,4653.5,3179.39990234375,53.130001068115234,3639.699951171875,710.4000244140625,1886.199951171875,2046.2803955078125,1089.800048828125,3623.60009765625,,372.1000061035156,188.1999969482422,703.0,1428.800048828125,4571.39990234375,4866.39990234375,1401.0,2924.0,2897.820556640625,576.1232299804688,11125.90234375,154.38999938964844,1408.800048828125,474.0242614746094,272.29998779296875,13.930000305175781,1253.5999755859375,170.76968383789062,23.420000076293945,,1146.96923828125
6740.646484375,1362.199951171875,1785.9000244140625,1046.3839111328125,1618.5,3083.60009765625,1486.5999755859375,1800.0999755859375,216.32000732421875,700.6500244140625,397.3500061035156,58.54999923706055,5638.40869140625,428.1499938964844,8835.21484375,437.1499938964844,155.19000244140625,2673.800048828125,1315.0316162109375,1587.4000244140625,4079.39990234375,1296.5999755859375,3795.699951171875,10155.0,1003.7999877929688,1895.0,10581.0,2194.166748046875,198.1425018310547,244.60000610351562,138.52999877929688,82.01000213623047,1326.300048828125,405.6493225097656,2130.60009765625,380.37298583984375,308.20001220703125,1907.0986328125,1554.3978271484375,403.54998779296875,41948.953125,5273.67041015625,910.9000244140625,124.80000305175781,1791.196533203125,1441.300048828125,424.2325744628906,1406.699951171875,1461.8316650390625,2063.0,455.7069396972656,5496.9072265625,651.4214477539062,437.47454833984375,515.6500244140625,6785.0205078125,13477.0,1261.5,7284.71533203125,2908.60009765625,425.20001220703125,324.04998779296875,326.63409423828125,850.0999755859375,170.1999969482422,,1081.42529296875,2020.13525390625,3181.9873046875,1138.77392578125,2737.10009765625,817.5499877929688,551.8499755859375,1190.800048828125,4827.49072265625,958.4500122070312,4370.04443359375,372.8891906738281,2144.5,528.5,201.9044189453125,1369.1572265625,1794.699951171875,490.70001220703125,82.31999969482422,79.22725677490234,20.159801483154297,282.04998779296875,793.1500244140625,731.4500122070312,137.0386199951172,33.7599983215332,496.5,88.12000274658203,121.80999755859375,151.77000427246094,383.7093200683594,1015.1500244140625,1198.15185546875,1050.800048828125,5229.5,533.4500122070312,323.8999938964844,1225.800048828125,1029.800048828125,232.82473754882812,428.1324157714844,543.5602416992188,443.0,376.5,321.1000061035156,539.7999877929688,,3886.0,438.45001220703125,2485.27978515625,133636.75,1187.9765625,329.3402099609375,3085.39990234375,149.67999267578125,2532.0,856.1348876953125,13591.5,1576.800048828125,1101.300048828125,2372.800048828125,2261.300048828125,3057.39990234375,78.39546966552734,303.25,84.41999816894531,343.70001220703125,1456.199951171875,1871.176513671875,243.64999389648438,423.04998779296875,1262.9000244140625,11134.0,1572.5,2588.2099609375,40615.0,412.25,4813.1826171875,277.1499938964844,2088.0,1579.0301513671875,9074.0,463.8500061035156,400.35528564453125,281.3500061035156,1671.79541015625,103.44000244140625,346.4528503417969,226.22999572753906,1279.800048828125,588.2000122070312,1821.699951171875,70.06999969482422,2751.671630859375,142.55218505859375,26226.828125,1031.699951171875,3459.400390625,17369.736328125,670.75,1022.0999755859375,165.89999389648438,1938.699951171875,4621.2001953125,3228.39990234375,53.70000076293945,3626.10009765625,713.7000122070312,1870.4000244140625,2038.323974609375,1106.699951171875,3621.39990234375,,375.5,187.91000366210938,711.5999755859375,1426.300048828125,4555.7998046875,4898.2001953125,1414.9000244140625,2904.10009765625,2914.611328125,576.2717895507812,11293.4814453125,157.25999450683594,1381.199951171875,480.86669921875,271.3500061035156,14.039999961853027,1269.4000244140625,170.80921936035156,23.639999389648438,,1157.95947265625
6756.46044921875,1384.5,1835.9000244140625,1071.059814453125,1654.0,3157.300048828125,1536.5999755859375,1828.0999755859375,218.4499969482422,723.9000244140625,408.29998779296875,60.02000045776367,5659.37109375,436.45001220703125,8830.7197265625,440.1000061035156,157.49000549316406,2677.800048828125,1331.70556640625,1564.699951171875,4081.10009765625,1323.699951171875,3811.60009765625,10156.0,1020.5,1916.0,10654.0,2245.089599609375,208.1953582763672,250.9499969482422,144.89999389648438,84.25,1344.5,414.28759765625,2117.0,393.9790954589844,309.75,1896.53173828125,1587.2364501953125,418.5,41541.6328125,5265.3095703125,916.5999755859375,128.77999877929688,1807.09033203125,1439.4000244140625,423.6404724121094,1418.0,1496.8695068359375,2052.39990234375,462.3366394042969,5575.25732421875,677.2471923828125,437.820068359375,520.2999877929688,6807.92626953125,13421.0,1244.300048828125,7289.1689453125,2941.800048828125,424.3999938964844,330.1000061035156,328.7269592285156,855.5499877929688,173.72999572753906,,1082.4197998046875,2122.7392578125,3203.6201171875,1152.33544921875,2761.199951171875,824.9500122070312,567.7000122070312,1188.4000244140625,4877.357421875,967.4500122070312,4497.68603515625,375.9324035644531,2150.60009765625,536.9500122070312,204.02391052246094,1389.48583984375,1826.199951171875,510.3500061035156,82.88999938964844,80.59324645996094,20.23960304260254,281.75,870.7000122070312,752.2999877929688,137.73243713378906,34.58000183105469,503.25,89.9000015258789,126.4000015258789,154.05999755859375,391.4191589355469,1015.7999877929688,1200.3450927734375,1068.0,5312.0,553.4500122070312,330.04998779296875,1245.4000244140625,1051.300048828125,241.39468383789062,436.8077392578125,557.0463256835938,476.1499938964844,376.94921875,321.25,549.1500244140625,,3945.800048828125,443.04998779296875,2478.330322265625,134190.78125,1216.476318359375,333.3500061035156,3129.39990234375,162.49000549316406,2525.10009765625,848.6192626953125,13716.2470703125,1633.0999755859375,1108.0999755859375,2420.10009765625,2321.89990234375,3129.39990234375,79.60216522216797,314.8999938964844,84.91999816894531,344.54998779296875,1455.199951171875,1922.7208251953125,244.9600067138672,424.95001220703125,1341.800048828125,11651.0,1580.4000244140625,2598.074462890625,39395.0,413.79998779296875,5036.4072265625,278.95001220703125,2138.89990234375,1587.0721435546875,9210.5,477.0,402.7330322265625,283.1000061035156,1731.020751953125,105.41000366210938,346.40362548828125,232.6699981689453,1307.800048828125,611.6500244140625,1862.9000244140625,70.87999725341797,2769.338134765625,142.94151306152344,26545.998046875,1044.0999755859375,3479.40234375,18225.232421875,668.5499877929688,1036.0,167.9499969482422,1935.5,4574.89990234375,3319.60009765625,53.91999816894531,3623.10009765625,721.0499877929688,1856.199951171875,2057.717529296875,1111.9000244140625,3690.300048828125,,381.29998779296875,191.19000244140625,718.5499877929688,1454.800048828125,4584.39990234375,4901.5,1419.4000244140625,2902.800048828125,2956.788330078125,589.0481567382812,11476.7412109375,164.50999450683594,1385.699951171875,477.57037353515625,272.54998779296875,14.1899995803833,1286.699951171875,173.47874450683594,23.940000534057617,,1149.766845703125
6727.7978515625,1378.800048828125,1828.699951171875,1059.4710693359375,1644.5999755859375,3177.5,1546.5,1810.300048828125,215.4600067138672,720.9500122070312,407.45001220703125,60.5099983215332,5557.05419921875,432.1499938964844,8772.2880859375,440.6000061035156,159.22000122070312,2652.10009765625,1328.81005859375,1549.300048828125,3994.10009765625,1319.4000244140625,3804.199951171875,10381.0,1022.5999755859375,1908.0999755859375,10752.0,2208.417236328125,211.3182830810547,250.64999389648438,145.58999633789062,82.55999755859375,1302.800048828125,410.2430725097656,2145.60009765625,407.7845764160156,307.54998779296875,1878.1629638671875,1570.124755859375,410.95001220703125,41422.41796875,5260.88330078125,905.5,129.3300018310547,1810.1890869140625,1426.699951171875,424.52862548828125,1411.800048828125,1533.7984619140625,2025.0,462.53607177734375,5509.30419921875,673.8893432617188,433.2789611816406,512.2999877929688,6910.00537109375,13490.0,1234.5,7220.8837890625,2969.699951171875,423.3999938964844,328.3999938964844,331.367919921875,855.8499755859375,173.1199951171875,,1062.8280029296875,2152.197021484375,3134.53515625,1208.8583984375,2749.0,817.9500122070312,573.4000244140625,1178.800048828125,4880.31396484375,966.8499755859375,4502.1767578125,372.4136962890625,2130.60009765625,532.5999755859375,207.25738525390625,1397.716552734375,1787.300048828125,519.7000122070312,84.06999969482422,80.34397888183594,20.269527435302734,279.6499938964844,842.5499877929688,738.5499877929688,138.71368408203125,34.150001525878906,502.04998779296875,89.75,124.80999755859375,153.07000732421875,394.6958312988281,1012.9000244140625,1187.3851318359375,1102.5999755859375,5229.5,553.6500244140625,351.20001220703125,1237.4000244140625,1028.800048828125,240.84596252441406,430.1766052246094,568.6483764648438,510.6499938964844,383.987060546875,324.70001220703125,551.9000244140625,,3928.5,441.29998779296875,2474.656982421875,131056.25,1194.4537353515625,332.70001220703125,3160.39990234375,164.74000549316406,2507.5,842.8954467773438,13558.828125,1631.800048828125,1106.199951171875,2402.60009765625,2390.39990234375,3058.5,79.24314880371094,304.6499938964844,84.12999725341797,351.75,1427.0,1923.120361328125,248.4499969482422,431.04998779296875,1386.5,11746.0,1594.5999755859375,2559.81201171875,39955.0,408.8500061035156,5174.42822265625,278.95001220703125,2154.0,1569.3994140625,9306.5,485.1000061035156,401.34600830078125,286.0,1722.132080078125,106.33999633789062,345.5177917480469,231.5399932861328,1296.9000244140625,618.7000122070312,1855.9000244140625,70.56999969482422,2736.40087890625,143.80999755859375,26351.50390625,1048.0999755859375,3460.793701171875,18145.279296875,670.8499755859375,1037.0,167.00999450683594,1921.4000244140625,4529.10009765625,3334.60009765625,53.16999816894531,3676.89990234375,714.4000244140625,1835.4000244140625,2169.604248046875,1098.5999755859375,3823.60009765625,,377.8500061035156,187.11000061035156,760.7999877929688,1504.5,4601.5,4951.10009765625,1441.9000244140625,2900.10009765625,2919.5087890625,586.076904296875,11339.5419921875,170.38999938964844,1373.4000244140625,468.580322265625,269.6499938964844,13.960000038146973,1349.5,176.41519165039062,23.780000686645508,,1130.2843017578125
6811.80859375,1361.9000244140625,1799.0,1037.292724609375,1690.300048828125,3188.89990234375,1604.5,1821.9000244140625,226.1699981689453,721.5999755859375,399.25,58.93000030517578,5591.49267578125,429.79998779296875,8890.150390625,425.8500061035156,155.19000244140625,2641.0,1356.36669921875,1552.800048828125,3915.89990234375,1317.5999755859375,3792.699951171875,10166.0,1006.5999755859375,1869.199951171875,10486.0,2157.494384765625,206.0836639404297,246.60000610351562,141.8699951171875,79.47000122070312,1277.800048828125,409.5440368652344,2119.699951171875,402.6012878417969,305.3500061035156,1912.431640625,1604.150390625,437.29998779296875,41188.953125,5196.9482421875,913.8499755859375,125.73999786376953,1770.804443359375,1438.0999755859375,424.9233703613281,1390.800048828125,1527.427978515625,2008.699951171875,491.64703369140625,5448.31005859375,663.12451171875,428.885986328125,512.0999755859375,7158.978515625,13365.0,1246.199951171875,7204.06005859375,2928.39990234375,419.45001220703125,324.45001220703125,326.38494873046875,844.3499755859375,171.50999450683594,,1055.7669677734375,2097.262451171875,3103.63134765625,1154.9091796875,2659.800048828125,809.4000244140625,555.2000122070312,1187.300048828125,4807.58349609375,974.2999877929688,4433.416015625,367.08807373046875,2120.199951171875,527.9000244140625,204.9012908935547,1395.9315185546875,1788.0999755859375,503.95001220703125,86.54000091552734,79.03781127929688,20.13985252380371,275.54998779296875,833.4500122070312,733.2999877929688,135.8393096923828,33.68000030517578,496.95001220703125,88.70999908447266,122.08000183105469,151.7899932861328,390.55181884765625,997.3499755859375,1184.2945556640625,1092.9000244140625,5108.0,557.25,347.25,1247.699951171875,1040.0999755859375,235.41867065429688,420.3046875,550.9478149414062,529.75,377.9974060058594,315.29998779296875,549.5999755859375,,3848.699951171875,435.3999938964844,2451.42529296875,130796.703125,1143.233642578125,325.1000061035156,3093.300048828125,156.9600067138672,2531.10009765625,844.3886108398438,13354.8759765625,1611.5999755859375,1092.9000244140625,2359.89990234375,2372.300048828125,3016.39990234375,78.5550308227539,303.6000061035156,84.98999786376953,348.1499938964844,1427.0999755859375,1914.4298095703125,248.89999389648438,441.1000061035156,1381.4000244140625,11646.0,1566.9000244140625,2528.125732421875,40530.0,407.54998779296875,5111.34716796875,276.04998779296875,2132.5,1544.2802734375,9532.5,469.25,405.35845947265625,286.1499938964844,1691.4705810546875,105.0,346.8957824707031,227.30999755859375,1293.0,638.8499755859375,1840.300048828125,70.37999725341797,2739.6943359375,142.05999755859375,26211.8671875,1013.9000244140625,3493.134765625,18276.201171875,666.7999877929688,1015.4000244140625,166.4499969482422,1942.5999755859375,4461.10009765625,3427.5,52.470001220703125,3608.39990234375,702.25,1848.5999755859375,2188.60009765625,1097.5999755859375,3697.300048828125,,377.70001220703125,188.27000427246094,756.5499877929688,1484.300048828125,4573.7001953125,4973.5,1465.300048828125,2869.10009765625,2914.51171875,587.4635009765625,11266.0419921875,170.6699981689453,1386.300048828125,469.72906494140625,267.70001220703125,13.829999923706055,1358.9000244140625,175.1397705078125,23.610000610351562,,1132.5821533203125
7120.67236328125,1383.199951171875,1817.199951171875,1039.5904541015625,1678.0,3150.60009765625,1555.4000244140625,1829.0999755859375,218.97000122070312,715.4000244140625,404.29998779296875,59.2599983215332,5648.89013671875,435.25,8923.6123046875,427.0,156.52000427246094,2670.0,1357.6646728515625,1550.199951171875,3929.300048828125,1312.300048828125,3754.39990234375,10323.0,1021.2999877929688,1849.5999755859375,10531.0,2123.512451171875,214.65933227539062,248.14999389648438,145.2100067138672,80.0999984741211,1271.199951171875,410.39288330078125,2100.39990234375,416.6061096191406,309.6000061035156,1894.4578857421875,1621.95458984375,434.6000061035156,41174.05078125,5228.423828125,929.1500244140625,126.47000122070312,1803.1917724609375,1438.0,421.9135437011719,1411.199951171875,1526.134033203125,2011.800048828125,491.3977966308594,5503.849609375,649.5943603515625,425.77630615234375,498.3500061035156,7243.13134765625,13651.0,1229.5,7327.7646484375,2918.89990234375,419.20001220703125,329.1000061035156,326.43475341796875,848.5999755859375,173.14999389648438,,1046.9158935546875,2094.27685546875,3076.515869140625,1156.196044921875,2729.199951171875,815.4500122070312,568.75,1177.4000244140625,4805.51416015625,955.7999877929688,4411.560546875,375.0765075683594,2102.60009765625,527.75,202.01284790039062,1404.3604736328125,1814.5999755859375,525.1500244140625,86.2300033569336,79.23722839355469,20.04010009765625,276.6499938964844,830.5499877929688,743.2000122070312,139.00112915039062,33.779998779296875,503.29998779296875,88.87000274658203,121.36000061035156,151.55999755859375,392.1419677734375,1009.7000122070312,1182.30078125,1076.300048828125,5171.0,549.9000244140625,337.3500061035156,1226.9000244140625,1042.199951171875,236.03721618652344,427.833251953125,546.9813232421875,548.0999755859375,377.7478332519531,312.3999938964844,550.1500244140625,,3783.89990234375,439.75,2475.053955078125,131445.578125,1158.3306884765625,324.95001220703125,3082.89990234375,157.47000122070312,2543.10009765625,840.6058959960938,13447.94140625,1611.0999755859375,1102.699951171875,2369.39990234375,2339.199951171875,3016.199951171875,78.87415313720703,302.29998779296875,84.88999938964844,344.3500061035156,1424.4000244140625,1885.660888671875,247.17999267578125,437.20001220703125,1368.0,11625.0,1610.800048828125,2609.93212890625,40395.0,347.8999938964844,5058.2314453125,278.3999938964844,2132.39990234375,1557.5845947265625,9324.5,475.54998779296875,401.8908996582031,280.70001220703125,1683.8802490234375,105.70999908447266,346.1575927734375,226.97000122070312,1295.5,640.3499755859375,1866.4000244140625,70.02999877929688,2770.33642578125,142.11000061035156,26855.1953125,1033.800048828125,3554.333984375,18274.203125,669.2000122070312,1030.0999755859375,164.63999938964844,1951.5,4505.89990234375,3457.800048828125,52.41999816894531,3612.300048828125,698.4000244140625,1855.699951171875,2189.199951171875,1085.5,3520.39990234375,,380.8999938964844,185.25999450683594,758.9500122070312,1498.699951171875,4579.39990234375,5017.7998046875,1441.0999755859375,2867.699951171875,2938.0986328125,591.5736694335938,11575.720703125,172.3800048828125,1373.4000244140625,463.6857604980469,260.54998779296875,13.670000076293945,1377.4000244140625,172.67788696289062,23.600000381469727,,1155.861328125
7578.28515625,1373.300048828125,1792.5,1034.095703125,1689.5,3151.39990234375,1543.699951171875,1826.4000244140625,216.57000732421875,707.7000122070312,399.70001220703125,58.68000030517578,5698.80078125,433.6000061035156,8877.6650390625,432.04998779296875,154.8699951171875,2674.699951171875,1374.837646484375,1548.4000244140625,3950.89990234375,1307.5999755859375,3685.0,10331.5,1037.5999755859375,1838.5999755859375,10417.0,2137.5634765625,212.57737731933594,248.3000030517578,143.3300018310547,79.48999786376953,1262.800048828125,406.548095703125,2104.699951171875,434.0,312.0,1897.914306640625,1610.0850830078125,440.70001220703125,40841.2421875,5223.505859375,921.9500122070312,125.9000015258789,1788.3975830078125,1429.5,421.7161865234375,1406.9000244140625,1523.6453857421875,2001.0999755859375,488.80572509765625,5546.0,640.0640258789062,423.95001220703125,496.6499938964844,7285.955078125,14507.0,1224.4000244140625,7341.61962890625,2944.800048828125,421.29998779296875,324.8500061035156,325.4880065917969,845.7000122070312,171.7100067138672,,1051.888427734375,2080.244873046875,3063.356689453125,1175.4000244140625,2602.199951171875,808.2999877929688,567.5999755859375,1170.5999755859375,4826.998046875,959.2999877929688,4424.83349609375,379.8315124511719,2098.39990234375,521.9500122070312,199.784912109375,1406.34375,1623.800048828125,508.8500061035156,85.54000091552734,79.04778289794922,20.05007553100586,279.3500061035156,819.9000244140625,731.4500122070312,140.54734802246094,33.790000915527344,499.8999938964844,88.41000366210938,120.83000183105469,154.0,390.9372863769531,1013.5,1203.2860107421875,1082.4000244140625,5265.5,543.4000244140625,339.29998779296875,1221.0,1028.0,235.0994110107422,421.9499816894531,546.7333984375,546.5999755859375,376.5,309.54998779296875,546.75,,3775.60009765625,438.29998779296875,2482.5,131201.0,1173.9757080078125,321.8500061035156,3117.800048828125,173.3300018310547,2546.0,835.5291137695312,13645.953125,1578.4000244140625,1098.199951171875,2361.300048828125,2352.0,2996.10009765625,78.69465637207031,300.70001220703125,84.08000183105469,342.45001220703125,1423.5,1859.189453125,246.75,429.45001220703125,1361.0999755859375,11681.0,1561.0999755859375,2622.387451171875,40460.0,347.25,5041.78857421875,275.8999938964844,2086.199951171875,1548.4501953125,9215.0,472.1499938964844,397.6307678222656,280.75,1639.6358642578125,105.22000122070312,344.0906677246094,226.39999389648438,1296.5999755859375,644.5999755859375,1822.0999755859375,70.05000305175781,2883.820556640625,143.64999389648438,26930.0,1024.4000244140625,3639.714599609375,18389.134765625,683.4000244140625,1031.199951171875,163.6300048828125,1950.0999755859375,4444.89990234375,3522.699951171875,51.970001220703125,3563.5,694.7999877929688,1839.9000244140625,2201.0,1088.5,3537.800048828125,,377.1000061035156,185.49000549316406,765.5499877929688,1510.300048828125,4625.7998046875,4987.60009765625,1420.699951171875,2860.199951171875,2931.1025390625,619.8499755859375,11535.541015625,168.77000427246094,1381.5999755859375,466.03314208984375,257.8999938964844,13.890000343322754,1373.9000244140625,175.73300170898438,23.75,,1152.864013671875
7418.66455078125,1377.699951171875,1795.4000244140625,1029.200439453125,1722.5999755859375,3160.699951171875,1513.9000244140625,1837.4000244140625,214.4499969482422,706.5999755859375,401.54998779296875,57.849998474121094,5553.0615234375,438.5,8815.7373046875,430.6499938964844,155.22999572753906,2689.0,1375.636474609375,1533.4000244140625,3951.89990234375,1328.5,3581.800048828125,10443.0,1056.300048828125,1854.0,10398.0,2061.985107421875,211.4174346923828,246.8000030517578,143.1699981689453,79.9000015258789,1254.800048828125,408.8949279785156,2190.5,422.0,315.54998779296875,1885.075927734375,1588.0277099609375,437.20001220703125,40587.90625,5323.8349609375,905.0,125.01000213623047,1804.19140625,1418.699951171875,422.0122375488281,1402.199951171875,1501.4483642578125,2042.4000244140625,485.4161071777344,5448.0,659.519775390625,427.20001220703125,492.1499938964844,7217.736328125,14329.0,1211.199951171875,7485.11669921875,2937.0,435.20001220703125,323.04998779296875,347.8117370605469,833.5999755859375,171.1999969482422,,1066.0103759765625,2091.988037109375,3100.04248046875,1203.9000244140625,2651.199951171875,819.5999755859375,563.6500244140625,1187.300048828125,4838.7255859375,944.1500244140625,4491.5986328125,380.78253173828125,2143.800048828125,518.3499755859375,200.0510711669922,1432.2257080078125,1612.199951171875,497.1499938964844,87.0199966430664,80.1146469116211,19.960298538208008,280.70001220703125,832.4000244140625,727.9000244140625,140.43832397460938,33.849998474121094,507.0,88.41000366210938,121.63999938964844,153.11000061035156,388.86529541015625,1027.199951171875,1183.5968017578125,1096.5,5248.5,541.2000122070312,342.1499938964844,1237.300048828125,1025.0,242.41229248046875,417.1499938964844,549.4108276367188,574.4000244140625,389.95001220703125,310.04998779296875,549.9000244140625,,3814.5,433.1000061035156,2443.199951171875,130695.0,1184.58837890625,324.20001220703125,3179.199951171875,174.49000549316406,2484.199951171875,840.157958984375,13665.75390625,1538.0,1089.9000244140625,2342.800048828125,2394.199951171875,2989.5,78.98385620117188,295.6000061035156,83.22000122070312,341.8500061035156,1427.199951171875,1892.7532958984375,247.2899932861328,435.3500061035156,1348.0,11771.0,1574.0,2614.416015625,39900.0,337.70001220703125,5165.95751953125,273.79998779296875,2075.800048828125,1554.90380859375,8862.0,477.29998779296875,401.09832763671875,283.54998779296875,1690.871337890625,105.7699966430664,349.5040283203125,225.44000244140625,1327.199951171875,654.7000122070312,1829.4000244140625,69.12999725341797,2869.248291015625,144.1699981689453,26515.0,1034.9000244140625,3640.90869140625,18456.095703125,704.8499755859375,1044.300048828125,163.0399932861328,1932.5999755859375,4430.7998046875,3433.699951171875,51.9900016784668,3618.199951171875,698.4500122070312,1817.0999755859375,2269.0,1088.5999755859375,3503.199951171875,,377.25,185.88999938964844,758.0499877929688,1572.9000244140625,4638.10009765625,4763.0,1390.5,2842.39990234375,2887.026611328125,616.5999755859375,11492.4208984375,168.4600067138672,1375.800048828125,462.8367004394531,253.0500030517578,13.739999771118164,1342.4000244140625,174.0126495361328,23.610000610351562,,1142.673095703125
7429.53662109375,1381.4000244140625,1814.300048828125,992.3363037109375,1729.5,3183.300048828125,1530.0,1844.0,219.97000122070312,712.9000244140625,401.1499938964844,57.279998779296875,5643.39990234375,437.79998779296875,8894.6455078125,428.70001220703125,154.8000030517578,2691.39990234375,1393.9075927734375,1559.5999755859375,3975.5,1256.0,3647.89990234375,10522.5,1064.0,1861.5,10299.0,2051.9013671875,209.5238494873047,254.85000610351562,146.9499969482422,80.5199966430664,1257.5999755859375,407.5966491699219,2209.0,417.5,317.6000061035156,1915.98681640625,1599.600341796875,436.5,40692.22265625,5380.39306640625,912.4500122070312,128.82000732421875,1782.10009765625,1441.5999755859375,423.7391662597656,1407.5999755859375,1500.452880859375,2113.10009765625,497.4792175292969,5506.0,660.309814453125,426.5,486.8500061035156,7287.94677734375,14589.0,1223.0999755859375,7485.11669921875,2981.39990234375,436.6499938964844,323.5,349.5557861328125,831.2000122070312,173.00999450683594,,1058.949462890625,2108.508056640625,3134.03662109375,1221.300048828125,2644.89990234375,777.5999755859375,564.6500244140625,1200.300048828125,4905.54296875,947.7999877929688,4481.91796875,385.5375671386719,2139.699951171875,522.6500244140625,199.055419921875,1447.99267578125,1621.5999755859375,498.3999938964844,85.02999877929688,81.54045867919922,19.860546112060547,282.70001220703125,858.5,725.0499877929688,141.15196228027344,35.0,504.75,88.72000122070312,121.83000183105469,154.66000366210938,387.419677734375,1032.8499755859375,1187.833740234375,1087.0999755859375,5229.0,567.7000122070312,348.45001220703125,1257.0,1033.300048828125,238.3617706298828,424.8500061035156,556.5009765625,570.0,382.04998779296875,305.8500061035156,552.4500122070312,,3838.800048828125,433.0,2478.5,132800.0,1184.2396240234375,322.54998779296875,3165.5,170.9199981689453,2565.800048828125,851.406494140625,13379.6279296875,1543.0999755859375,1102.4000244140625,2346.5,2413.39990234375,2982.800048828125,80.77894592285156,296.3999938964844,83.8499984741211,347.25,1446.300048828125,1880.666259765625,249.5800018310547,453.54998779296875,1347.5,11620.0,1584.5999755859375,2647.895751953125,40325.0,339.20001220703125,5170.7412109375,275.04998779296875,2074.0,1554.60595703125,8885.0,467.25,410.0149230957031,288.70001220703125,1667.00146484375,111.76000213623047,357.7716064453125,226.8699951171875,1323.0999755859375,644.9500122070312,1824.5,69.0999984741211,2866.25390625,143.25,26850.0,1035.4000244140625,3660.41259765625,19016.763671875,714.5499877929688,1060.0,162.63999938964844,1956.4000244140625,4425.2001953125,3436.699951171875,53.09000015258789,3590.199951171875,693.5999755859375,1822.5999755859375,2251.10009765625,1091.9000244140625,3536.699951171875,,384.29998779296875,186.41000366210938,748.7000122070312,1576.4000244140625,4643.39990234375,5005.39990234375,1433.300048828125,2925.89990234375,2885.327392578125,606.0499877929688,11664.900390625,175.92999267578125,1395.300048828125,467.4815368652344,261.8500061035156,13.510000228881836,1357.4000244140625,174.3883514404297,22.93000030517578,,1147.9683837890625
7444.36181640625,1387.800048828125,1819.5999755859375,1002.3265991210938,1741.5999755859375,3182.699951171875,1541.9000244140625,1846.5,220.3699951171875,700.4000244140625,409.04998779296875,57.40999984741211,5671.349609375,440.8500061035156,8916.1201171875,428.5,153.94000244140625,2692.39990234375,1412.8778076171875,1579.699951171875,3975.60009765625,1258.199951171875,3664.0,10403.5,1069.199951171875,1900.5999755859375,10446.0,2034.32958984375,207.03541564941406,247.6999969482422,147.10000610351562,81.75,1273.199951171875,409.49407958984375,2201.800048828125,413.29998779296875,319.3500061035156,1924.1837158203125,1633.1314697265625,440.29998779296875,40602.80859375,5392.1962890625,914.8499755859375,127.5199966430664,1758.800048828125,1432.5,425.5647888183594,1405.300048828125,1487.1146240234375,2092.89990234375,490.151611328125,5583.0,665.2972412109375,426.1000061035156,484.75,7299.8974609375,14118.0,1206.0,7609.81103515625,2956.199951171875,443.45001220703125,327.95001220703125,354.8377380371094,833.4000244140625,173.99000549316406,,1048.4075927734375,2153.888671875,3169.9248046875,1239.5,2581.10009765625,761.4500122070312,561.0,1217.5999755859375,4961.12548828125,951.4000244140625,4572.4345703125,387.0116271972656,2142.5,534.4000244140625,197.45838928222656,1450.868408203125,1624.0,500.5,86.62999725341797,81.42081451416016,19.91042137145996,281.0,855.3499755859375,731.5999755859375,142.0341033935547,35.25,499.79998779296875,88.30999755859375,121.1500015258789,153.6699981689453,389.7808532714844,1063.449951171875,1203.9837646484375,1073.5,5305.0,566.2000122070312,344.54998779296875,1267.4000244140625,1044.699951171875,239.46917724609375,425.5,559.7237548828125,577.0,385.95001220703125,306.75,548.5999755859375,,3846.60009765625,429.70001220703125,2514.800048828125,134000.0,1194.752685546875,349.8500061035156,3201.699951171875,176.30999755859375,2579.5,849.6644897460938,13461.802734375,1539.4000244140625,1100.4000244140625,2354.10009765625,2380.10009765625,3079.0,80.09082794189453,295.1499938964844,83.93000030517578,348.54998779296875,1451.9000244140625,1882.7640380859375,249.88999938964844,445.1499938964844,1300.5,11632.0,1562.5,2672.20849609375,40095.0,340.25,5200.93603515625,276.6499938964844,2091.199951171875,1579.9237060546875,8903.5,463.20001220703125,411.0056457519531,286.70001220703125,1704.75390625,112.08000183105469,356.3444519042969,225.25999450683594,1303.699951171875,645.0499877929688,1827.9000244140625,68.6500015258789,2933.42626953125,145.22000122070312,27245.0,1061.5,3649.86474609375,19033.75390625,732.75,1044.4000244140625,164.07000732421875,1961.9000244140625,4472.60009765625,3399.10009765625,53.16999816894531,3792.0,690.6500244140625,1818.800048828125,2221.10009765625,1081.5,3461.60009765625,,381.45001220703125,187.24000549316406,729.0,1576.300048828125,4688.7001953125,5040.7001953125,1435.9000244140625,2894.699951171875,2907.71533203125,618.1500244140625,11852.080078125,176.11000061035156,1390.800048828125,462.93658447265625,264.8500061035156,13.489999771118164,1359.199951171875,172.99427795410156,23.139999389648438,,1142.07373046875
7418.66455078125,1359.0,1822.9000244140625,979.2490234375,1724.4000244140625,3147.699951171875,1472.300048828125,1819.4000244140625,216.9499969482422,681.5999755859375,400.6000061035156,57.04999923706055,5575.0224609375,430.79998779296875,8927.607421875,426.6000061035156,152.49000549316406,2692.800048828125,1428.55322265625,1533.5999755859375,4000.5,1238.4000244140625,3632.199951171875,10998.5,1060.300048828125,1876.4000244140625,10425.0,2011.46630859375,172.009033203125,245.75,143.99000549316406,79.16999816894531,1249.5,406.1985778808594,2185.5,416.45001220703125,314.0,1924.7762451171875,1617.404541015625,437.95001220703125,41288.30078125,5395.63916015625,912.8499755859375,126.45999908447266,1728.0,1415.0999755859375,422.7523498535156,1367.699951171875,1464.618896484375,2107.10009765625,479.932861328125,5586.0,643.421875,426.5,467.6000061035156,7356.16552734375,13882.0,1182.800048828125,7552.9072265625,2948.39990234375,447.8500061035156,326.6000061035156,352.0472717285156,814.0499877929688,173.00999450683594,,1062.927490234375,2071.089111328125,3156.466796875,1237.300048828125,2546.0,753.1500244140625,553.0999755859375,1207.0999755859375,4914.806640625,950.0,4565.54833984375,375.8373107910156,2154.60009765625,535.4000244140625,195.50648498535156,1428.6556396484375,1583.5,499.5,85.93000030517578,80.48356628417969,19.800695419311523,280.79998779296875,827.5499877929688,724.8499755859375,140.7753143310547,34.59000015258789,494.04998779296875,87.38999938964844,119.68000030517578,151.3800048828125,380.5290222167969,1069.300048828125,1185.6405029296875,1052.0999755859375,5117.0,561.7000122070312,330.0,1266.9000244140625,1045.0,234.25140380859375,417.20001220703125,550.2537231445312,596.0999755859375,381.1499938964844,305.8999938964844,538.5999755859375,,3817.39990234375,423.29998779296875,2406.89990234375,132945.0,1156.935546875,378.1499938964844,3175.300048828125,174.66000366210938,2544.699951171875,858.7230834960938,13410.3193359375,1523.300048828125,1081.0,2307.39990234375,2273.800048828125,3035.60009765625,80.0609130859375,287.6000061035156,83.33999633789062,350.5,1493.5999755859375,1849.5,251.89999389648438,451.1499938964844,1267.0,10851.0,1548.199951171875,2687.9521484375,39820.0,336.1499938964844,5081.15185546875,279.6499938964844,2055.60009765625,1597.0999755859375,9090.5,473.0,408.4792785644531,289.29998779296875,1661.0089111328125,110.7300033569336,354.9665222167969,223.11000061035156,1288.5999755859375,626.8499755859375,1806.699951171875,68.66000366210938,2861.762451171875,143.60000610351562,26720.0,1058.800048828125,3631.554443359375,18844.865234375,726.5,1025.0,161.97999572753906,1943.0,4420.0,3452.800048828125,53.0099983215332,3907.60009765625,691.6500244140625,1761.4000244140625,2208.300048828125,1094.9000244140625,3406.60009765625,,378.54998779296875,186.52999877929688,712.4500122070312,1560.5999755859375,4711.60009765625,5033.39990234375,1433.0999755859375,2887.300048828125,2902.1181640625,608.8499755859375,11655.1005859375,170.63999938964844,1404.199951171875,457.7423400878906,262.29998779296875,13.539999961853027,1308.0,172.4702606201172,23.239999771118164,,1125.288818359375
7440.40869140625,1333.9000244140625,1830.9000244140625,977.75048828125,1683.800048828125,3010.0,1379.9000244140625,1778.5,212.22999572753906,662.5999755859375,392.25,56.029998779296875,5591.99169921875,423.54998779296875,8851.6953125,424.3500061035156,150.64999389648438,2668.800048828125,1411.1805419921875,1523.4000244140625,4035.0,1223.0,3579.0,11283.5,1039.800048828125,1889.4000244140625,10636.0,2008.171630859375,164.41485595703125,243.14999389648438,142.1999969482422,78.4800033569336,1239.800048828125,404.80047607421875,2175.300048828125,409.6000061035156,309.8500061035156,1907.0,1590.5006103515625,435.20001220703125,41963.85546875,5299.736328125,883.7999877929688,125.22000122070312,1717.300048828125,1393.0,421.4201354980469,1395.699951171875,1433.2640380859375,2085.800048828125,479.0356140136719,5599.0,634.2371826171875,423.1499938964844,465.45001220703125,7275.0,13829.0,1166.300048828125,7641.4794921875,2907.10009765625,439.75,324.79998779296875,353.193359375,805.75,171.99000549316406,,1052.783447265625,2031.181884765625,3103.332275390625,1244.699951171875,2508.699951171875,747.25,550.9500122070312,1209.9000244140625,5098.7998046875,955.6500244140625,4583.212890625,366.2796936035156,2161.800048828125,531.1500244140625,194.03761291503906,1422.606689453125,1619.0,501.5,85.05999755859375,79.66596984863281,19.43161392211914,281.29998779296875,827.2999877929688,724.0499877929688,138.6839599609375,33.81999969482422,494.04998779296875,87.02999877929688,119.58000183105469,149.89999389648438,376.0958557128906,1005.5,1166.3499755859375,1047.4000244140625,5023.5,557.3499755859375,324.5,1246.800048828125,1041.9000244140625,232.615234375,412.29998779296875,546.2872314453125,585.5999755859375,383.3500061035156,305.04998779296875,533.7000122070312,,3792.39990234375,421.3999938964844,2396.300048828125,132030.0,1142.38671875,370.3500061035156,3229.699951171875,175.9499969482422,2557.39990234375,849.3161010742188,13269.7314453125,1503.9000244140625,1084.199951171875,2298.89990234375,2232.39990234375,3010.39990234375,80.03099060058594,290.70001220703125,82.63999938964844,348.6000061035156,1447.9000244140625,1818.0999755859375,252.3699951171875,458.79998779296875,1256.800048828125,10843.0,1526.699951171875,2732.791259765625,40270.0,337.6499938964844,4984.58740234375,269.45001220703125,2035.5999755859375,1564.199951171875,8935.0,464.95001220703125,406.2501220703125,289.79998779296875,1621.9581298828125,110.1500015258789,352.8012390136719,224.1300048828125,1272.199951171875,622.0499877929688,1853.5,67.68000030517578,2617.72607421875,145.57000732421875,26825.0,1025.800048828125,3668.274169921875,18610.00390625,719.75,1012.5999755859375,160.91000366210938,1954.0,4415.5,3417.0,52.38999938964844,3919.800048828125,679.4000244140625,1800.699951171875,2242.89990234375,1107.699951171875,3387.60009765625,,376.1499938964844,184.22999572753906,696.25,1555.800048828125,4697.2998046875,5065.2001953125,1430.0,2874.800048828125,2822.96142578125,607.0,11669.80078125,168.39999389648438,1418.0,458.54144287109375,264.6000061035156,13.199999809265137,1310.199951171875,172.84597778320312,22.93000030517578,,1112.800048828125
7289.68310546875,1340.9000244140625,1822.800048828125,1003.0259399414062,1702.199951171875,3026.39990234375,1395.0999755859375,1768.300048828125,213.66000366210938,652.8499755859375,393.8500061035156,56.25,5623.435546875,425.1499938964844,8795.26171875,419.6499938964844,151.07000732421875,2637.89990234375,1465.7945556640625,1532.0,4018.800048828125,1227.300048828125,3549.699951171875,11130.0,1012.7999877929688,1876.699951171875,10679.0,2010.268310546875,164.5040740966797,246.4499969482422,142.6199951171875,81.02999877929688,1243.0,404.450927734375,2151.60009765625,417.29998779296875,310.1499938964844,1898.199951171875,1590.1048583984375,433.6499938964844,41482.0234375,5291.37548828125,867.7000122070312,125.6500015258789,1724.4000244140625,1410.5999755859375,421.7655334472656,1392.4000244140625,1477.857421875,2086.10009765625,476.0945739746094,5600.5,637.2000122070312,423.20001220703125,462.54998779296875,7248.5,13846.0,1151.699951171875,7548.9482421875,2905.10009765625,443.0,322.79998779296875,353.09368896484375,809.2999877929688,170.02000427246094,,1053.6785888671875,2018.9410400390625,3079.805419921875,1271.0,2505.699951171875,742.7999877929688,555.0499877929688,1226.9000244140625,5011.10009765625,942.7999877929688,4564.1513671875,362.4281311035156,2145.0,531.9500122070312,192.76593017578125,1420.9208984375,1661.800048828125,500.54998779296875,84.93000030517578,80.55335998535156,19.56129264831543,283.45001220703125,826.0999755859375,727.4500122070312,137.24676513671875,33.880001068115234,495.04998779296875,87.62000274658203,120.4800033569336,149.3300018310547,380.2880859375,996.0499877929688,1165.5,1040.9000244140625,4985.0,551.6500244140625,322.70001220703125,1240.800048828125,1035.800048828125,234.16162109375,418.25,578.3167724609375,573.5499877929688,384.75,302.3999938964844,538.9500122070312,,3785.60009765625,421.29998779296875,2370.5,130755.0,1140.0947265625,356.5,3161.39990234375,169.75,2507.199951171875,851.7051391601562,13308.34375,1515.5,1080.4000244140625,2293.800048828125,2288.10009765625,2986.699951171875,79.17333984375,292.79998779296875,83.55999755859375,347.20001220703125,1443.5,1821.199951171875,248.75999450683594,449.75,1283.199951171875,10652.0,1537.199951171875,2721.431884765625,40275.0,340.95001220703125,5182.5,274.70001220703125,2010.699951171875,1570.9000244140625,8907.5,459.70001220703125,408.0829772949219,288.20001220703125,1590.79736328125,110.37999725341797,355.9015808105469,224.52999877929688,1278.0,618.75,1858.5999755859375,67.58000183105469,2659.646484375,145.5500030517578,26740.0,1005.0999755859375,3671.757080078125,18483.080078125,717.9500122070312,1015.0,161.4499969482422,1941.0999755859375,4447.7998046875,3458.89990234375,52.279998779296875,3870.199951171875,685.3499755859375,1775.300048828125,2254.300048828125,1088.0,3538.0,,374.3999938964844,182.6699981689453,711.0,1559.5,4677.0,4961.5,1434.0999755859375,2890.5,2765.49267578125,602.4500122070312,11609.041015625,170.5,1467.199951171875,456.6935119628906,264.6499938964844,13.130000114440918,1327.300048828125,175.1199951171875,22.950000762939453,,1108.699951171875
7242.2412109375,1358.0999755859375,1849.9000244140625,1051.1790771484375,1703.300048828125,3036.60009765625,1399.699951171875,1770.4000244140625,213.9600067138672,660.5,400.45001220703125,57.04999923706055,5602.97216796875,430.95001220703125,8833.216796875,419.95001220703125,155.05999755859375,2710.199951171875,1463.498291015625,1549.4000244140625,4027.699951171875,1227.5,3536.800048828125,11183.5,1048.300048828125,1913.0,10810.0,2021.949462890625,167.9739990234375,244.0,137.8699951171875,80.62999725341797,1256.4000244140625,406.5980224609375,2181.300048828125,415.95001220703125,316.25,1905.300048828125,1596.7320556640625,436.25,40980.32421875,5296.29345703125,877.2999877929688,127.26000213623047,1785.199951171875,1409.4000244140625,421.8642272949219,1402.300048828125,1521.356201171875,2136.60009765625,508.9441833496094,5629.5,650.9000244140625,427.3500061035156,470.0,7414.0,13810.0,1150.800048828125,7688.98193359375,2954.10009765625,427.0,326.75,355.2862243652344,819.5499877929688,174.22999572753906,,1067.8004150390625,2068.800048828125,3102.734130859375,1295.9000244140625,2552.39990234375,739.5499877929688,552.8499755859375,1237.4000244140625,5113.7998046875,945.25,4609.6591796875,374.6485595703125,2174.60009765625,529.6500244140625,199.29200744628906,1433.6138916015625,1681.0,509.79998779296875,84.4800033569336,84.63137817382812,19.57126808166504,285.8500061035156,831.25,733.75,140.2698211669922,34.119998931884766,494.0,88.12999725341797,120.29000091552734,150.27000427246094,373.3492126464844,1006.6500244140625,1194.300048828125,1079.199951171875,5230.0,549.7000122070312,321.79998779296875,1244.5999755859375,1065.699951171875,235.61819458007812,427.45001220703125,580.2999877929688,564.5999755859375,384.6499938964844,312.25,551.75,,3806.0,424.3500061035156,2410.0,132020.0,1194.5035400390625,363.0,3238.60009765625,162.2899932861328,2551.60009765625,854.7412719726562,13593.48046875,1511.0999755859375,1114.5999755859375,2330.300048828125,2332.699951171875,3025.89990234375,79.50244140625,298.45001220703125,83.5199966430664,350.79998779296875,1446.0999755859375,1832.5999755859375,238.55999755859375,442.0,1289.4000244140625,11089.0,1553.199951171875,2732.791259765625,39970.0,346.8500061035156,5268.2001953125,272.8999938964844,2036.5999755859375,1611.300048828125,9010.0,465.1000061035156,416.2070007324219,288.8500061035156,1642.5322265625,111.62000274658203,362.3483581542969,223.9499969482422,1280.0,645.0,1866.800048828125,68.04000091552734,2631.5,148.97000122070312,26860.0,1038.199951171875,3699.819091796875,18617.0,720.9000244140625,1020.5999755859375,162.6199951171875,1973.699951171875,4416.7998046875,3338.199951171875,53.150001525878906,3876.39990234375,698.9000244140625,1735.199951171875,2295.60009765625,1107.4000244140625,3554.39990234375,,377.3500061035156,184.25,713.2999877929688,1575.0,4740.10009765625,5019.5,1440.0,2938.300048828125,2847.748046875,608.5,11643.3408203125,170.11000061035156,1482.0,463.98541259765625,264.6499938964844,13.0600004196167,1319.300048828125,178.52999877929688,22.940000534057617,,1108.199951171875
7159.21875,1341.800048828125,1846.699951171875,1046.6834716796875,1649.5,3002.300048828125,1377.800048828125,1774.699951171875,208.25,645.5499877929688,391.3500061035156,56.70000076293945,5641.4033203125,426.0,8892.6474609375,423.8500061035156,157.5,2736.199951171875,1469.0894775390625,1549.199951171875,3846.60009765625,1223.5,3457.800048828125,11374.0,1048.4000244140625,1927.9000244140625,10831.0,2009.96875,167.38906860351562,239.1999969482422,136.32000732421875,80.19999694824219,1271.0,388.4726257324219,2162.699951171875,405.75,320.04998779296875,1901.800048828125,1587.1375732421875,432.45001220703125,41039.93359375,5388.75341796875,844.0999755859375,124.23999786376953,1753.0,1444.5999755859375,404.7429504394531,1382.5999755859375,1678.229736328125,2138.10009765625,520.8079223632812,5455.5,663.0499877929688,424.6000061035156,472.20001220703125,7425.0,13903.0,1135.5999755859375,7754.79296875,3009.89990234375,423.3999938964844,329.6000061035156,356.0336608886719,817.0,175.14999389648438,,1061.0379638671875,2136.60009765625,3106.5224609375,1318.5999755859375,2531.199951171875,735.4000244140625,558.75,1227.0999755859375,5154.2998046875,936.4000244140625,4590.79736328125,380.4496765136719,2022.699951171875,526.9000244140625,191.69139099121094,1418.8385009765625,1683.800048828125,510.1000061035156,85.37000274658203,85.49883270263672,19.401689529418945,284.6499938964844,834.25,734.7000122070312,140.0319366455078,33.84000015258789,485.95001220703125,87.1500015258789,120.48999786376953,150.6999969482422,367.75958251953125,991.9500122070312,1236.1500244140625,1105.699951171875,5270.5,544.25,318.20001220703125,1246.9000244140625,1054.4000244140625,236.5260772705078,432.20001220703125,597.4055786132812,608.3499755859375,385.29998779296875,311.0,545.7000122070312,,3832.0,427.1499938964844,2395.800048828125,133140.0,1296.8441162109375,373.5,3271.199951171875,160.02999877929688,2617.89990234375,879.2293090820312,13664.763671875,1506.699951171875,1104.800048828125,2295.800048828125,2413.5,3014.39990234375,78.06636810302734,299.04998779296875,83.91999816894531,343.75,1491.800048828125,1829.5,238.91000366210938,444.6000061035156,1307.9000244140625,11334.0,1583.300048828125,2696.919921875,40370.0,342.95001220703125,5428.39990234375,277.79998779296875,2023.199951171875,1619.5999755859375,9121.5,465.8500061035156,416.00885009765625,285.29998779296875,1680.1849365234375,111.6500015258789,362.6436462402344,221.33999633789062,1267.699951171875,654.9000244140625,1889.0999755859375,67.6500015258789,2633.39990234375,147.86000061035156,26875.0,1040.9000244140625,3663.0,18244.0,713.0,1013.2000122070312,165.85000610351562,1976.699951171875,4422.10009765625,3395.39990234375,48.02000045776367,3993.5,674.2999877929688,1764.5,2398.0,1082.0999755859375,3581.800048828125,,371.3500061035156,182.6300048828125,738.5999755859375,1635.199951171875,4849.7001953125,4898.2998046875,1431.800048828125,2930.699951171875,2823.760986328125,599.6500244140625,11716.83984375,168.24000549316406,1508.800048828125,429.5236511230469,259.3500061035156,12.949999809265137,1311.0999755859375,181.1199951171875,22.809999465942383,,1099.199951171875
7225.439453125,1370.800048828125,1869.800048828125,1041.288818359375,1667.800048828125,3024.5,1373.0999755859375,1719.699951171875,209.52000427246094,655.9000244140625,397.6000061035156,58.060001373291016,5662.36572265625,435.29998779296875,8924.6103515625,424.1000061035156,157.9600067138672,2758.39990234375,1473.981689453125,1590.699951171875,3848.10009765625,1235.4000244140625,3541.39990234375,11338.0,1054.4000244140625,1924.4000244140625,10949.0,2078.358642578125,172.08834838867188,243.35000610351562,137.64999389648438,80.7300033569336,1261.800048828125,387.02459716796875,2171.5,405.1499938964844,317.3999938964844,1950.199951171875,1636.4945068359375,431.1000061035156,40796.53515625,5427.11474609375,829.5,124.72000122070312,1802.9000244140625,1474.300048828125,404.6442565917969,1403.5999755859375,1706.99658203125,2166.39990234375,524.2473754882812,5383.0,670.25,433.70001220703125,470.0,7784.5,14275.0,1142.300048828125,7698.3837890625,3016.800048828125,435.6499938964844,327.5,357.92718505859375,826.5,175.1199951171875,,1070.5850830078125,2156.0,3103.332275390625,1344.300048828125,2541.89990234375,748.2000122070312,556.7000122070312,1237.0,5149.10009765625,962.4500122070312,4582.7138671875,373.5073547363281,2117.800048828125,536.7000122070312,192.44061279296875,1425.879150390625,1648.800048828125,511.6499938964844,84.13999938964844,84.77096557617188,19.93037223815918,286.25,827.7000122070312,738.2000122070312,138.87228393554688,33.790000915527344,496.0,89.12999725341797,120.81999969482422,152.91000366210938,372.1445617675781,1012.2999877929688,1247.8499755859375,1155.5999755859375,5276.5,545.7000122070312,316.54998779296875,1276.5999755859375,1088.699951171875,248.8970947265625,440.1000061035156,633.401611328125,628.5999755859375,390.20001220703125,309.1499938964844,553.4500122070312,,3931.39990234375,423.8999938964844,2447.0,134200.0,1311.74169921875,393.75,3221.800048828125,163.41000366210938,2592.699951171875,874.7000122070312,13809.3125,1515.0999755859375,1111.4000244140625,2307.800048828125,2361.300048828125,3017.89990234375,77.68740844726562,296.8999938964844,85.8499984741211,343.5,1503.300048828125,1836.5,238.30999755859375,447.8999938964844,1330.0,11427.0,1611.199951171875,2744.050537109375,40270.0,357.1499938964844,5483.2998046875,277.1000061035156,1910.5,1629.9000244140625,9047.0,481.6000061035156,423.1421203613281,282.8500061035156,1670.896484375,111.08000183105469,368.35223388671875,224.8300018310547,1275.9000244140625,660.5,1894.9000244140625,69.0199966430664,2643.800048828125,146.0,26825.0,1044.699951171875,3650.800048828125,18080.0,720.5,1013.7000122070312,170.9600067138672,1989.9000244140625,4480.10009765625,3479.300048828125,47.45000076293945,4075.60009765625,679.0499877929688,1780.699951171875,2446.60009765625,1096.0999755859375,3673.39990234375,,377.25,187.27000427246094,742.4000244140625,1644.199951171875,4850.2001953125,4878.5,1431.0999755859375,3005.199951171875,2785.181884765625,609.1500244140625,11758.0,171.0800018310547,1504.4000244140625,446.70458984375,264.5,13.050000190734863,1313.300048828125,183.61000061035156,22.84000015258789,,1122.699951171875
7206.66015625,1356.5,1893.0999755859375,1029.699951171875,1659.0,3049.10009765625,1358.699951171875,1664.0999755859375,208.97000122070312,650.1500244140625,394.04998779296875,58.939998626708984,5806.10888671875,434.20001220703125,8977.548828125,423.20001220703125,158.08999633789062,2746.199951171875,1469.588623046875,1576.300048828125,3874.0,1228.9000244140625,3530.300048828125,11432.0,1053.5,1909.4000244140625,10970.0,2303.197265625,171.23573303222656,241.64999389648438,137.22000122070312,79.26000213623047,1245.9000244140625,384.378173828125,2164.699951171875,403.0,315.79998779296875,1956.800048828125,1636.0,425.3500061035156,41278.36328125,5434.0,832.5999755859375,124.27999877929688,1773.800048828125,1466.4000244140625,411.70001220703125,1402.0999755859375,1738.84912109375,2084.800048828125,523.549560546875,5396.0,654.8499755859375,426.1000061035156,468.29998779296875,7835.0,14338.0,1144.800048828125,7830.5,3013.60009765625,452.70001220703125,333.75,352.9442138671875,815.4500122070312,173.63999938964844,,1066.209228515625,2110.89990234375,3095.157958984375,1352.699951171875,2546.300048828125,753.9500122070312,545.4000244140625,1261.699951171875,5325.0,970.4000244140625,4572.13525390625,369.41802978515625,2107.89990234375,535.9000244140625,194.31365966796875,1421.91259765625,1637.9000244140625,510.6000061035156,84.04000091552734,84.51173400878906,20.1997013092041,285.04998779296875,827.25,749.25,138.7037811279297,33.72999954223633,493.1499938964844,88.91999816894531,119.87999725341797,151.74000549316406,378.6497497558594,1011.4500122070312,1244.050048828125,1155.0999755859375,5230.5,543.7000122070312,319.04998779296875,1270.800048828125,1093.699951171875,246.37301635742188,439.79998779296875,584.8118896484375,634.5999755859375,389.3999938964844,306.25,540.9000244140625,,3937.699951171875,422.8500061035156,2421.199951171875,134860.0,1282.6439208984375,392.54998779296875,3283.699951171875,166.83999633789062,2575.89990234375,885.3499755859375,14046.92578125,1510.800048828125,1124.800048828125,2319.10009765625,2346.699951171875,3008.699951171875,77.85694122314453,291.8999938964844,85.01000213623047,344.8500061035156,1520.699951171875,1814.4000244140625,241.58999633789062,456.8999938964844,1332.5,11136.0,1593.5,2767.366943359375,41085.0,356.3500061035156,5514.7001953125,278.8999938964844,1887.9000244140625,1629.9000244140625,8896.0,476.8999938964844,422.3000183105469,285.70001220703125,1592.794921875,111.63999938964844,368.991943359375,222.8800048828125,1292.9000244140625,657.7999877929688,1877.5,68.44999694824219,2604.800048828125,146.72000122070312,26455.0,1027.199951171875,3658.800048828125,18053.0,763.75,1025.300048828125,169.0500030517578,2001.0999755859375,4490.89990234375,3459.89990234375,47.400001525878906,4208.39990234375,670.2999877929688,1773.699951171875,2431.800048828125,1094.199951171875,3658.300048828125,,375.95001220703125,186.9199981689453,751.3499755859375,1669.0,4850.0,4872.10009765625,1423.5,2999.199951171875,2687.33544921875,602.5499877929688,11847.0,170.39999389648438,1531.9000244140625,450.8500061035156,267.5,12.869999885559082,1333.199951171875,186.3300018310547,22.540000915527344,,1115.0999755859375
7512.55908203125,1398.0,1941.5,1060.0,1647.0,3068.0,1395.0,1701.0,213.64999389648438,667.5999755859375,424.3500061035156,62.40999984741211,5696.80419921875,444.0,8809.744140625,436.6000061035156,174.5500030517578,2810.0,1433.3455810546875,1554.699951171875,4015.0,1272.0,3575.0,11856.0,1153.0,2096.0,11599.0,2488.199951171875,172.15773010253906,247.25,140.5,79.56999969482422,1265.0,391.61834716796875,2211.0,411.1499938964844,329.95001220703125,1970.5,1645.800048828125,427.0,41030.0,5531.0,826.0999755859375,127.0999984741211,1888.199951171875,1474.4000244140625,416.0,1441.9000244140625,1768.0,2077.0,523.3999633789062,5550.0,668.5499877929688,425.79998779296875,470.0,8585.0,13892.0,1180.0,8050.0,3135.5,444.70001220703125,344.8999938964844,370.4344787597656,843.25,174.3000030517578,,1079.9334716796875,2089.699951171875,3249.875732421875,1377.0,2600.60009765625,753.0,553.0999755859375,1285.0,5460.0,994.9000244140625,4680.515625,375.6470947265625,2138.0,547.0,197.8058624267578,1460.0,1675.0,522.3499755859375,84.70999908447266,85.74810028076172,20.1298770904541,287.0,845.0,752.0,142.43055725097656,34.099998474121094,513.5,90.25,123.0,156.1699981689453,380.9626770019531,1028.9000244140625,1268.800048828125,1180.0,5400.0,569.0,329.0,1292.300048828125,1105.0999755859375,262.3855285644531,470.0,614.0648803710938,608.0,397.5,318.0,519.0,,4025.0,428.5,2393.0,133730.0,1235.459716796875,405.5,3428.60009765625,174.05999755859375,2483.0,880.9500122070312,14009.3037109375,1542.5,1100.4000244140625,2390.0,2429.0,2890.89990234375,79.03372192382812,298.04998779296875,83.80000305175781,350.8999938964844,1530.0,1861.0999755859375,242.0,452.0,1410.0,11332.0,1650.0,2783.0107421875,40200.0,364.0,5575.0,284.8500061035156,1955.0,1642.5,9034.0,471.8999938964844,421.5,287.0,1667.9002685546875,113.0,366.453369140625,232.89999389648438,1319.0,665.0499877929688,1915.0,69.41999816894531,2645.0,155.00999450683594,27000.0,1090.199951171875,3900.0,18659.0,785.0,1045.0,165.0,1963.5,4828.7001953125,3530.0,48.099998474121094,4389.0,674.6500244140625,1780.0999755859375,2473.699951171875,1110.0,3761.89990234375,,382.0,191.0,763.7999877929688,1649.0,5000.0,5050.0,1391.699951171875,3050.0,2764.4931640625,620.0,12054.0,174.0,1530.0,445.0,267.25,12.859999656677246,1324.800048828125,188.66000366210938,23.0,,1121.0
7610.4072265625,1384.699951171875,1920.0,1059.0,1646.0,3050.0,1384.0,1706.699951171875,209.9499969482422,666.9500122070312,420.0,61.0,5597.98095703125,436.04998779296875,9039.4765625,438.3500061035156,172.0800018310547,2775.0,1445.7261962890625,1585.9000244140625,4023.0,1261.800048828125,3618.0,11600.0,1149.0,2105.0,11475.0,2491.89990234375,172.10816955566406,245.0,140.44000244140625,78.41999816894531,1265.0,390.96923828125,2195.0,411.95001220703125,324.0,1970.0999755859375,1616.800048828125,422.0,41200.0,5478.0,880.0499877929688,128.0,1875.0,1460.0,417.6000061035156,1430.0,1749.9000244140625,2010.0,515.0,5550.0,643.4000244140625,409.6499938964844,482.0,8378.0,13988.0,1172.5999755859375,7935.0,3101.199951171875,458.3500061035156,342.5,361.2159729003906,842.2999877929688,175.0,,1052.3856201171875,2033.5999755859375,3128.254638671875,1369.9000244140625,2556.0,742.0,535.9500122070312,1295.0,5548.0,1020.0,4625.626953125,372.318603515625,2096.5,562.9000244140625,201.80404663085938,1454.5999755859375,1644.800048828125,513.5499877929688,84.55000305175781,85.74810028076172,20.079999923706055,289.0,845.0,750.0,140.34912109375,34.290000915527344,510.25,89.5999984741211,120.3499984741211,153.92999267578125,375.85491943359375,1026.0,1260.0,1167.5,5358.0,568.0,329.25,1300.0,1124.0,264.3808288574219,465.0,620.3616943359375,591.4000244140625,398.0,317.8999938964844,512.0,,3990.0,391.29998779296875,2410.0,132745.0,1225.4947509765625,398.6000061035156,3433.0,169.63999938964844,2438.0,875.0,14027.125,1519.300048828125,1077.0,2389.0,2380.0,2870.0,80.28031158447266,300.70001220703125,84.19999694824219,343.6499938964844,1520.0,1778.800048828125,242.0,450.0,1400.0,11600.0,1597.0,2775.53759765625,39750.0,359.8999938964844,5499.0,285.0,1932.300048828125,1620.0,9176.0,469.6499938964844,420.0,283.3999938964844,1592.99462890625,113.98999786376953,366.35382080078125,231.39999389648438,1290.9000244140625,658.0,1899.0,69.0,2642.300048828125,151.0,26900.0,1087.300048828125,4000.5,18700.0,787.0,1042.699951171875,173.5500030517578,1964.0,4779.2998046875,3501.0,48.0099983215332,4360.0,668.2999877929688,1778.5,2460.0,1092.0,3737.0,,380.0,190.9499969482422,762.5499877929688,1648.5,4935.0,5030.0,1341.0,3107.699951171875,2742.80517578125,581.9000244140625,12050.0,174.0,1525.0,439.0,269.0,12.899999618530273,1327.699951171875,186.3000030517578,23.0,,1130.0
7601.017578125,1394.0,1948.5,1051.300048828125,1642.0,3050.0,1380.0,1700.0,208.99000549316406,660.3499755859375,424.70001220703125,62.099998474121094,5686.3232421875,445.0,8899.6396484375,444.8999938964844,177.0,2760.0,1432.447021484375,1613.4000244140625,3946.0,1253.9000244140625,3534.60009765625,11800.0,1158.800048828125,2086.0,11496.0,2501.60009765625,168.9951629638672,245.60000610351562,141.0,79.19999694824219,1240.0,389.4712829589844,2197.10009765625,412.3999938964844,326.25,1978.0,1552.699951171875,425.20001220703125,42920.0,5440.0,889.5,128.91000366210938,1880.0,1458.800048828125,415.5,1425.0,1777.0,2040.0,516.3499755859375,5440.0,649.0999755859375,414.0,470.25,8388.0,14310.0,1176.0,7986.5,3089.199951171875,467.0,335.3500061035156,355.23638916015625,840.5999755859375,176.9600067138672,,1063.1263427734375,2099.0,3213.987548828125,1350.0,2562.0,735.0,545.0,1290.0,5690.0,1040.0,4635.6064453125,375.5995788574219,2085.300048828125,596.9500122070312,201.23854064941406,1450.0999755859375,1684.0,516.5499877929688,84.31999969482422,85.0501480102539,20.09000015258789,286.95001220703125,854.0,741.0499877929688,142.7279052734375,34.20000076293945,510.25,88.9000015258789,120.69999694824219,154.0800018310547,371.8554382324219,1019.0,1242.0,1174.0,5400.0,566.0,334.3999938964844,1330.0,1113.4000244140625,261.3379821777344,485.0,617.7835083007812,569.5,400.0,318.3999938964844,512.0499877929688,,4057.0,393.0,2388.0,134405.0,1245.6240234375,398.3999938964844,3455.39990234375,170.97000122070312,2435.60009765625,852.0,14048.90625,1523.0,1080.0,2380.5,2460.0,2892.0,78.385498046875,303.29998779296875,85.80000305175781,349.8999938964844,1520.0,1806.5,240.1999969482422,444.0,1429.0,11759.0,1620.0,2799.949951171875,40355.0,357.0,5520.0,280.79998779296875,1930.5,1665.0,9200.0,480.75,418.0,281.75,1590.9970703125,113.55000305175781,364.3627624511719,229.0,1280.0,665.7000122070312,1879.9000244140625,69.11000061035156,2639.699951171875,154.35000610351562,26900.0,1122.4000244140625,3980.0,18400.0,814.5999755859375,1055.0,175.5,1940.0,4736.0,3460.60009765625,48.150001525878906,4455.2001953125,666.1500244140625,1747.800048828125,2413.0,1096.300048828125,3749.800048828125,,383.0,192.99000549316406,754.0,1650.0,4912.39990234375,5000.0,1323.5,3129.0,2786.38134765625,577.25,12190.0,175.8000030517578,1520.0,437.0,277.0,12.800000190734863,1300.5,186.99000549316406,22.969999313354492,,1121.0999755859375
7645.0,1378.4000244140625,1945.0,1087.5999755859375,1620.0,3026.0,1371.5,1695.0,208.1199951171875,660.25,421.5,63.2599983215332,5587.5,436.5,8964.064453125,449.70001220703125,177.5,2755.0,1439.735595703125,1588.9000244140625,3931.199951171875,1256.0,3435.0,11620.0,1144.800048828125,2086.0,11387.0,2465.699951171875,173.1590576171875,251.0,142.66000366210938,78.16999816894531,1299.0,398.6588134765625,2210.0,408.1499938964844,323.70001220703125,1948.0,1514.5,436.6000061035156,42000.0,5404.0,876.0,131.6999969482422,1940.0,1477.0,415.6000061035156,1490.0,1772.800048828125,2028.4000244140625,512.0,5402.0,642.0,411.29998779296875,463.6000061035156,8349.0,14200.0,1171.0,7967.5,3081.0,474.25,331.95001220703125,352.34625244140625,843.0999755859375,176.39999389648438,,1071.3807373046875,2081.89990234375,3210.0,1335.0,2538.10009765625,734.2999877929688,542.5,1285.5,5550.5,1027.0,4910.05029296875,375.6470947265625,2079.5,590.0,200.51431274414062,1457.5,1658.0,507.0,84.54000091552734,85.0999984741211,19.93000030517578,285.8999938964844,877.9000244140625,736.0,141.39974975585938,34.79999923706055,520.4500122070312,89.29000091552734,121.0199966430664,154.3300018310547,369.3979187011719,1016.2000122070312,1240.0,1165.0,5318.5,561.5,327.5,1307.9000244140625,1101.0,262.48529052734375,473.0,617.7835083007812,598.0,394.0,316.6499938964844,505.0,,4061.800048828125,387.54998779296875,2385.0,133930.0,1209.75,388.79998779296875,3406.0,167.77999877929688,2420.300048828125,860.0,13940.0,1518.800048828125,1072.4000244140625,2530.0,2421.89990234375,2894.199951171875,77.28849792480469,304.0,86.19999694824219,345.0,1535.0,1777.0,237.8000030517578,444.0,1442.0,11735.0,1599.0,2786.0,40050.0,355.0,5459.5,276.95001220703125,1913.0,1686.0,9315.0,490.8500061035156,418.0,270.75,1576.0159912109375,114.30000305175781,359.8829040527344,235.0,1325.0,660.0,1861.5,68.43000030517578,2624.89990234375,155.0,26245.0,1141.0,3952.0,18496.0,792.0,1085.0,176.74000549316406,1951.0,4647.39990234375,3477.0,48.099998474121094,4375.0,663.2999877929688,1735.5,2373.0,1090.0,3715.0,,378.6000061035156,189.3000030517578,801.5499877929688,1632.199951171875,4998.0,4956.0,1325.199951171875,3107.10009765625,2752.300048828125,572.75,12075.0,182.5,1525.0,444.0,275.0,12.630000114440918,1275.0,186.1199951171875,22.68000030517578,,1108.0
7600.0,1362.800048828125,1970.0,1067.0,1630.0999755859375,3020.0,1372.4000244140625,1693.5,209.0,657.5499877929688,408.04998779296875,63.33000183105469,5620.0,434.0,8934.5986328125,445.0,177.5,2735.0,1441.732421875,1658.0,3900.0,1238.0,3457.10009765625,11662.0,1078.0,2008.9000244140625,11263.0,2466.300048828125,174.5073699951172,250.6999969482422,145.0,78.27999877929688,1294.0,400.45635986328125,2265.199951171875,405.20001220703125,321.0,1959.9000244140625,1538.800048828125,426.3500061035156,42950.0,5510.0,879.0,131.9499969482422,1866.199951171875,1463.800048828125,415.25,1519.699951171875,1776.0,2030.0,505.20001220703125,5426.0,642.0,410.0,473.29998779296875,8275.0,14200.0,1172.0,8020.0,3080.0,490.0,332.0,355.03704833984375,839.4000244140625,173.6300048828125,,1044.230712890625,2070.0,3323.0,1356.5999755859375,2545.0,731.0,540.0,1288.0,5725.0,1059.5999755859375,4900.07080078125,373.7926330566406,2096.0,603.0,199.45274353027344,1421.0,1639.0,501.04998779296875,84.22000122070312,84.62000274658203,19.68000030517578,286.1000061035156,889.5,731.0,142.11338806152344,34.2599983215332,519.9500122070312,88.75,119.80000305175781,151.94000244140625,372.0,1022.0,1225.300048828125,1175.0999755859375,5333.0,564.4000244140625,335.75,1299.5,1103.0,256.1999816894531,486.5,624.625732421875,606.2999877929688,390.75,308.0,504.25,,4056.0,394.0,2363.5,134190.0,1218.699951171875,408.45001220703125,3502.0,167.00999450683594,2456.0,862.0,14037.0,1497.4000244140625,1070.0,2514.89990234375,2475.0,2890.0,76.71007537841797,304.3999938964844,84.91999816894531,342.5,1540.0,1775.0,238.85000610351562,442.79998779296875,1441.5999755859375,11805.0,1604.5,2774.60009765625,39900.0,357.5,5475.0,280.6000061035156,1895.5,1660.0,9218.0,480.04998779296875,420.0,271.6000061035156,1582.8074951171875,114.80999755859375,365.3582763671875,233.3800048828125,1334.800048828125,659.0,1855.5,67.95999908447266,2615.0,168.5,26010.0,1115.0,3940.10009765625,18650.0,818.0499877929688,1097.199951171875,176.5800018310547,1945.0,4604.2001953125,3442.0,48.150001525878906,4440.89990234375,673.5499877929688,1755.199951171875,2452.699951171875,1082.300048828125,3781.0,,380.54998779296875,187.5500030517578,872.7999877929688,1635.0,4941.0,4924.0,1350.800048828125,2997.0,2772.0,573.0,12105.0,183.60000610351562,1512.4000244140625,442.0,278.8500061035156,12.729999542236328,1285.0,187.52999877929688,22.690000534057617,,1114.199951171875
7649.5,1357.5999755859375,2020.0,1068.0,1632.0,3010.0,1369.0,1681.0,210.64999389648438,660.0999755859375,407.75,61.040000915527344,5598.5,430.8500061035156,8901.6376953125,445.95001220703125,174.0,2750.0,1434.743408203125,1648.0,4054.0,1247.300048828125,3596.10009765625,11677.0,1102.199951171875,2021.300048828125,11471.0,2524.60009765625,171.13658142089844,247.80999755859375,141.0,78.87999725341797,1310.0,403.80181884765625,2093.10009765625,409.0,318.5,1943.0,1507.0,426.1000061035156,43505.0,5623.5,879.0,129.0,1920.0,1467.699951171875,411.0,1502.0,1810.0,2019.5,501.8999938964844,5448.0,660.0,414.20001220703125,478.3500061035156,8300.0,14115.0,1158.800048828125,7975.0,3082.10009765625,485.3999938964844,323.70001220703125,357.1299133300781,834.7000122070312,172.5,,1027.3240966796875,2108.39990234375,3380.5,1357.199951171875,2560.0,731.0,540.0,1285.0,5860.0,1054.050048828125,4918.0341796875,373.88775634765625,2087.199951171875,595.1500244140625,198.03404235839844,1431.800048828125,1648.800048828125,499.75,83.0,85.0999984741211,19.520000457763672,282.6499938964844,884.1500244140625,728.7000122070312,140.74557495117188,33.880001068115234,522.25,88.5,120.0,152.14999389648438,368.0,1027.300048828125,1282.0,1183.0,5333.5,578.0,342.0,1302.0,1125.0,254.0,495.0,622.6425170898438,600.25,393.5,312.8500061035156,500.0,,4080.0,393.0,2300.0,133850.0,1213.0,412.29998779296875,3517.0,162.9600067138672,2438.0,863.5,14097.0,1514.5,1069.0,2575.0,2508.0,2906.0,76.98931121826172,285.3500061035156,85.4800033569336,340.45001220703125,1528.5999755859375,1793.0,239.83999633789062,453.0,1584.0999755859375,11890.0,1630.0,2751.60009765625,38660.0,355.0,5474.0,280.0,1935.0,1685.0,9275.0,476.70001220703125,385.1499938964844,270.1000061035156,1587.002197265625,113.5,342.2122802734375,230.67999267578125,1327.300048828125,655.0,1855.0,67.9000015258789,2610.0,167.99000549316406,26100.0,1137.800048828125,3914.300048828125,18820.0,812.5,1071.0,172.4499969482422,1944.4000244140625,4568.5,3495.0,47.5,4466.2001953125,668.9000244140625,1739.4000244140625,2425.699951171875,1108.699951171875,3808.0,,382.0,190.24000549316406,879.1500244140625,1640.0,5090.0,4924.0,1342.9000244140625,3025.0,2815.0,567.0,12038.0,181.13999938964844,1522.0,445.5,283.6499938964844,12.920000076293945,1267.9000244140625,185.5,22.75,,1119.0
7611.5,1339.800048828125,2012.699951171875,1070.9000244140625,1622.0,2995.5,1366.0,1668.199951171875,209.0,666.1500244140625,407.1499938964844,58.630001068115234,5527.5,424.0,8740.3251953125,443.0,174.8300018310547,2735.5,1422.6624755859375,1658.0,4054.89990234375,1229.800048828125,3605.0,11717.0,1093.300048828125,2032.0,11550.0,2498.89990234375,172.50473022460938,246.1999969482422,142.89999389648438,78.94999694824219,1307.5999755859375,405.2998046875,2051.0,403.0,317.79998779296875,1915.199951171875,1515.0,426.0,45185.0,5598.0,881.0,130.3000030517578,1914.4000244140625,1463.0,412.6000061035156,1496.0,1819.0,2008.0,512.0,5378.5,650.0999755859375,412.6499938964844,473.45001220703125,8578.5,14023.0,1205.0,8000.0,3107.0,483.3500061035156,325.0,353.34283447265625,828.4000244140625,175.33999633789062,,1019.3681030273438,2037.9000244140625,3322.199951171875,1365.4000244140625,2515.0,729.0,536.0,1274.4000244140625,5865.5,1049.0999755859375,4899.07275390625,371.700439453125,2064.89990234375,586.6500244140625,194.224365234375,1429.5999755859375,1643.5,501.5,82.44000244140625,84.2699966430664,19.559999465942383,279.0,875.5999755859375,724.0,138.76324462890625,34.209999084472656,515.0499877929688,87.91000366210938,118.69999694824219,153.07000732421875,369.3500061035156,1008.9000244140625,1360.0,1190.699951171875,5284.0,563.0,341.8500061035156,1283.4000244140625,1095.0,252.75,488.20001220703125,621.75,602.2000122070312,392.8999938964844,315.3999938964844,502.0,,4037.39990234375,406.0,2278.89990234375,131125.0,1212.0,398.79998779296875,3460.10009765625,181.13999938964844,2425.0,855.0,13990.0,1499.0,1040.0,2554.0,2530.0,2915.89990234375,76.73999786376953,286.04998779296875,85.44999694824219,338.45001220703125,1493.199951171875,1793.5999755859375,239.4499969482422,470.3500061035156,1593.699951171875,11896.0,1733.0,2730.0,38440.0,353.0,5536.0,277.0,1908.699951171875,1685.800048828125,9125.0,487.20001220703125,381.0,267.95001220703125,1583.9061279296875,114.02999877929688,343.1580505371094,230.0,1323.9000244140625,650.0499877929688,1837.5999755859375,67.23999786376953,2570.0,169.25999450683594,25510.0,1129.9000244140625,4011.0,18770.0,800.0,1066.0,173.0,1942.0,4447.39990234375,3435.0,47.5,4400.0,668.75,1746.0999755859375,2445.699951171875,1078.0,3795.0,,380.0,188.25,865.2000122070312,1643.0,5128.0,4886.0,1330.4000244140625,3000.0,2780.0,568.0,11780.0,182.5,1548.699951171875,437.0,275.0,12.890000343322754,1280.0,184.60000610351562,22.75,,1191.0
7710.0,1332.800048828125,1997.0999755859375,1091.4000244140625,1599.0,2985.699951171875,1332.300048828125,1665.0,206.99000549316406,660.3499755859375,410.95001220703125,57.15999984741211,5480.0,421.0,8587.00390625,445.1499938964844,176.6999969482422,2740.0,1461.7010498046875,1667.0,4040.0,1230.0,3527.0,11700.0,1094.199951171875,2020.5,11579.0,2496.89990234375,174.487548828125,251.0,145.5,81.87000274658203,1340.0,405.1499938964844,2081.5,420.0,317.0,1945.0,1486.0,427.3999938964844,46480.0,5645.5,888.0,132.0,1917.5999755859375,1463.0,409.29998779296875,1506.0,1801.5,2005.0,512.0499877929688,5365.0,661.75,411.25,470.25,8600.0,13800.0,1200.0,8049.0,3126.0,490.6499938964844,328.04998779296875,355.6350402832031,819.5499877929688,177.9499969482422,,905.0,2015.0,3307.800048828125,1365.4000244140625,2490.0,729.0,537.0,1265.0,5895.0,1078.5,4984.89892578125,370.89208984375,2063.0,584.5999755859375,191.20835876464844,1431.699951171875,1635.0,506.3999938964844,82.45999908447266,85.80000305175781,19.329999923706055,276.1499938964844,897.0,724.0,139.3579559326172,33.84000015258789,513.5499877929688,88.26000213623047,117.80000305175781,154.5399932861328,383.3999938964844,1017.5,1339.0,1176.0999755859375,5333.0,558.75,346.6000061035156,1269.0999755859375,1112.0,256.04998779296875,484.70001220703125,609.2000122070312,596.7000122070312,390.5,317.20001220703125,508.0,,4020.0,417.0,2281.0,130785.0,1209.0,395.8500061035156,3403.60009765625,175.3800048828125,2433.10009765625,855.0,13875.0,1516.0,1007.5,2552.0,2537.60009765625,2876.300048828125,76.8499984741211,276.75,85.9000015258789,339.45001220703125,1507.0,1799.9000244140625,239.0500030517578,472.0,1610.0,11679.0,1739.0,2483.0,38295.0,352.6000061035156,5474.0,279.8500061035156,1905.0,1701.5,9289.0,484.1000061035156,376.5,269.45001220703125,1588.699951171875,118.9800033569336,344.4522399902344,230.0,1329.0,656.5999755859375,1830.0,67.11000061035156,2585.0,169.5,25570.0,1117.199951171875,4019.0,18730.0,804.5,1082.0,174.0,1944.0,4473.39990234375,3459.89990234375,47.349998474121094,4375.0,673.1500244140625,1736.199951171875,2349.699951171875,1061.9000244140625,3711.89990234375,,379.45001220703125,186.1999969482422,842.0999755859375,1625.0,5099.0,4893.0,1319.0,2987.0,2839.0,570.5,11891.0,187.0,1535.0,440.5,275.79998779296875,13.5,1290.0,183.94000244140625,22.979999542236328,,1205.0
7710.0,1324.699951171875,2064.300048828125,1098.0,1583.0,2964.89990234375,1319.0,1658.0,206.10000610351562,655.0499877929688,407.70001220703125,56.72999954223633,5449.5,419.3999938964844,8590.0,443.04998779296875,176.22999572753906,2755.5,1589.5,1663.4000244140625,4070.0,1221.800048828125,3502.800048828125,11661.0,1090.800048828125,2025.0,11500.0,2410.0,174.38839721679688,248.0,144.8699951171875,81.6500015258789,1375.5,410.5,2088.0,420.0,315.0,1939.0999755859375,1565.5,420.0,46750.0,5615.0,886.5499877929688,131.8000030517578,1927.9000244140625,1458.800048828125,410.5,1507.0,1829.0,1995.5,533.6500244140625,5315.0,664.0,410.0,467.0,8500.0,14035.0,1206.0,8100.0,3093.39990234375,485.5,331.1499938964844,351.25,818.9500122070312,175.89999389648438,,936.9000244140625,2028.0,3257.0,1370.0,2499.5,725.0,538.0499877929688,1270.0,5850.0,1046.25,4935.0,373.6499938964844,2092.0,578.3499755859375,192.37904357910156,1406.800048828125,1628.0,507.0,82.87999725341797,86.55000305175781,19.209999084472656,278.5,897.0,721.75,140.25,33.72999954223633,504.45001220703125,88.3499984741211,117.4000015258789,151.77000427246094,383.20001220703125,1024.699951171875,1357.300048828125,1175.0,5370.0,558.5999755859375,341.3500061035156,1275.0,1099.9000244140625,255.60000610351562,491.54998779296875,620.5,613.4000244140625,392.3999938964844,315.3500061035156,502.0,,4070.699951171875,412.1499938964844,2250.300048828125,130985.0,1232.300048828125,396.3999938964844,3428.199951171875,174.3800048828125,2404.39990234375,864.4500122070312,13905.0,1512.4000244140625,1013.2999877929688,2571.0,2541.0,2875.699951171875,77.5,274.3500061035156,85.0,344.25,1506.9000244140625,1846.0,239.89999389648438,479.79998779296875,1649.5,11420.0,1744.0,2494.300048828125,36520.0,353.8500061035156,5523.0,279.29998779296875,1898.5,1696.0999755859375,9297.0,502.70001220703125,378.95001220703125,266.6000061035156,1618.9000244140625,117.58999633789062,344.9499816894531,228.14999389648438,1317.0,641.0,1812.0,67.12999725341797,2608.699951171875,167.39999389648438,25245.0,1132.300048828125,3987.0,20324.0,799.9000244140625,1083.0,168.67999267578125,1932.0,4546.0,3497.0,47.61000061035156,4342.2001953125,672.0499877929688,1758.199951171875,2375.0,1090.5,3778.0,,382.79998779296875,184.85000610351562,868.4000244140625,1639.0,5063.7001953125,4914.5,1318.0,2990.0,2780.0,568.1500244140625,11706.0,186.5,1515.0,440.5,271.1000061035156,13.510000228881836,1289.5,183.10000610351562,22.979999542236328,,1167.300048828125
7649.0,1321.4000244140625,2083.300048828125,1081.9000244140625,1616.0,3035.10009765625,1348.0,1700.0,205.25,654.0499877929688,401.0,55.97999954223633,5368.0,417.5,8920.5,444.1000061035156,171.63999938964844,2696.300048828125,1556.300048828125,1622.0999755859375,4060.0,1217.4000244140625,3447.0,11700.0,1087.0,2008.300048828125,11475.0,2363.60009765625,173.0500030517578,248.22000122070312,144.10000610351562,80.12000274658203,1398.0,410.79998779296875,2065.0,421.70001220703125,319.45001220703125,1992.0999755859375,1621.0999755859375,417.0,47100.0,5558.0,890.1500244140625,131.25,1894.4000244140625,1450.0,407.1000061035156,1496.5,1812.0,1981.0,527.0,5400.0,665.0,405.25,459.70001220703125,8477.0,14130.0,1200.0,8066.5,3113.699951171875,476.1000061035156,331.0,351.29998779296875,807.7000122070312,174.89999389648438,,934.2999877929688,1990.0,3248.699951171875,1360.0,2485.0,727.0,535.8499755859375,1298.0,5790.0,1029.5,5029.89990234375,373.5,2077.0,561.9000244140625,188.49000549316406,1417.0,1630.0,509.1499938964844,82.44999694824219,85.69000244140625,19.260000228881836,278.20001220703125,894.9500122070312,720.0,139.39999389648438,33.59000015258789,497.5,87.56999969482422,116.25,151.6999969482422,384.3500061035156,1020.7999877929688,1343.0,1169.199951171875,5310.0,560.0,339.1499938964844,1270.0,1091.5,249.0500030517578,504.1000061035156,614.0,608.25,391.1499938964844,306.29998779296875,500.0,,4057.0,413.5,2235.0,133490.0,1243.9000244140625,390.1000061035156,3428.300048828125,170.5399932861328,2425.199951171875,865.2000122070312,13834.0,1538.0999755859375,1008.5999755859375,2580.0,2545.0,2842.0,76.9000015258789,275.3999938964844,84.4000015258789,340.0,1499.0999755859375,1846.0,236.39999389648438,468.5,1603.0,11828.0,1741.0,2490.10009765625,36750.0,352.0,5580.0,282.6000061035156,1890.0,1693.0,9240.0,497.8999938964844,376.0,266.04998779296875,1592.5,118.0,335.0,227.35000610351562,1310.0,633.0,1795.0,67.20999908447266,2606.0,168.3000030517578,24795.0,1122.0,3940.0,19969.0,792.0,1067.699951171875,169.50999450683594,1930.0,4470.5,3558.89990234375,47.099998474121094,4307.0,670.6500244140625,1718.0999755859375,2361.0,1079.5,3772.699951171875,,382.04998779296875,183.5,867.9000244140625,1632.800048828125,5056.2001953125,4833.0,1309.0999755859375,2978.0,2733.5,563.0,11619.0,187.3800048828125,1536.0,435.0,267.5,14.109999656677246,1320.5,184.0,22.670000076293945,,1135.199951171875
